event_id,image_id,fold,threshold,iou,dice,precision,recall,auprc,auroc,true_burn_fraction,pred_burn_fraction,n_valid
AR3497109415320180202,subsetted_512x512_HLS.S30.T15SUU.2018062.v1.4,3,0.5700000000000001,0.260222268819459,0.4129783693843594,0.9810276679841897,0.26153846153846155,0.6231028420029135,0.941594824689665,0.018100738525390625,0.004825592041015625,262144
AZ3146411144720180705,subsetted_512x512_HLS.S30.T12RVV.2018215.v1.4,5,0.73,0.0,0.0,,0.0,0.07005652524348711,0.5271972583158456,0.07423782348632812,0.0,262144
AZ3153510989320180607,subsetted_512x512_HLS.S30.T12RXV.2018182.v1.4,1,0.74,0.7750606930037519,0.873277962898493,0.8504795117698344,0.8973323793949305,0.9147236451898071,0.9937733302433615,0.07464599609375,0.07875823974609375,262144
AZ3154810940620180724,subsetted_512x512_HLS.S30.T12RXV.2018217.v1.4,4,0.6,0.6930039889536668,0.818667874943362,0.9414339308045019,0.7242263908930575,0.893241495944693,0.9880249997991651,0.07138061267310113,0.05491168504177316,262130
AZ3156211037620190714,subsetted_512x512_HLS.S30.T12RWV.2019225.v1.4,1,0.74,0.4927395934172314,0.6601815823605707,0.9914296844565641,0.49484736535096246,0.7838985663691921,0.9039361566162261,0.0196191377192514,0.009792402590962151,262142
AZ3160611150220201027,subsetted_512x512_HLS.S30.T12RVV.2020320.v1.4,4,0.6,0.6528051874823795,0.7899360341151386,0.8344144144144144,0.7499595141700405,0.8594299753690411,0.9904482733810298,0.023555755615234375,0.02117156982421875,262144
AZ3168311135220201006,subsetted_512x512_HLS.S30.T12SVA.2020310.v1.4,4,0.6,0.7467749110320284,0.8550327879289489,0.8663398271190814,0.844017094017094,0.92886259680085,0.9975229169103965,0.0303497314453125,0.029567718505859375,262144
AZ3195511118320200712,subsetted_512x512_HLS.S30.T12SVA.2020230.v1.4,2,0.5,0.0,0.0,0.0,0.0,0.08025600714916624,0.5279274726034016,0.039363861083984375,0.000171661376953125,262144
AZ3198010937020180512,subsetted_512x512_HLS.S30.T12SXA.2018157.v1.4,4,0.6,0.7348777348777349,0.8471810089020771,0.9340239912758996,0.7751131221719457,0.9484440990157701,0.9982412515884495,0.02529144287109375,0.02098846435546875,262144
AZ3209510937320200606,subsetted_512x512_HLS.S30.T12SXA.2020187.v1.4,1,0.74,0.6869971936389149,0.814461572585117,0.9498189342990171,0.7128712871287128,0.9166046499699589,0.9549293151093016,0.0785980224609375,0.058990478515625,262144
AZ3213311040720190822,subsetted_512x512_HLS.S30.T12SWA.2019260.v1.4,5,0.73,0.5157861831822445,0.6805526912765518,0.9601396566773349,0.5270723526593196,0.8956440201343279,0.9961046264791262,0.023883819580078125,0.013111114501953125,262144
AZ3228010995520180726,subsetted_512x512_HLS.S30.T12SWA.2018225.v1.4,1,0.74,0.026646843549862763,0.05191043778545171,1.0,0.026646843549862763,0.23230828649340368,0.4039684761173024,0.033355712890625,0.000888824462890625,262144
AZ3237811092720200606,subsetted_512x512_HLS.S30.T12SWA.2020230.v1.4,3,0.5700000000000001,0.502048082165608,0.6684847018236195,0.9976479085832817,0.5026430341005053,0.9772571321915974,0.9001872765372789,0.8176307678222656,0.4119453430175781,262144
AZ3238810909020200813,subsetted_512x512_HLS.S30.T12SXA.2020247.v1.4,2,0.5,0.0,0.0,0.0,0.0,0.18749492679153354,0.902796158706015,0.03919219970703125,0.000179290771484375,262144
AZ3282711447820190216,subsetted_512x512_HLS.S30.T11SQS.2019078.v1.4,3,0.5700000000000001,0.12384921019478631,0.22040182805898076,0.14269763287181778,0.48390761075350247,0.3203229594631781,0.8717912575830642,0.02014923095703125,0.068328857421875,262144
AZ3304411105620200630,subsetted_512x512_HLS.S30.T12SVB.2020185.v1.4,4,0.6,0.0,0.0,,0.0,0.6301354931793314,0.9923692520809687,0.01787567138671875,0.0,262144
AZ3321510968220180730,subsetted_512x512_HLS.S30.T12SXB.2018217.v1.4,4,0.6,0.7834637768412603,0.8785866996736806,0.897677627040699,0.8602908770383428,0.9361579123876218,0.9975745995209225,0.025077088007426973,0.02403266984228733,180962
AZ3324911096720201021,subsetted_512x512_HLS.S30.T12SVB.2020310.v1.4,5,0.73,0.649361591807635,0.7874096196164728,0.8100088932007438,0.7660371588041899,0.8840056766206662,0.9918781178266118,0.049911655720626,0.0472021767419851,262043
AZ3336011011920200828,subsetted_512x512_HLS.S30.T12SWB.2020250.v1.4,5,0.73,0.25892138449154817,0.4113384484228474,0.28821743242570563,0.7180950018603497,0.24387604558572293,0.9536020163370564,0.030757904052734375,0.07663345336914062,262144
AZ3340211129720200531,subsetted_512x512_HLS.S30.T12SVB.2020155.v1.4,1,0.74,0.5613239558270097,0.7190358589350982,0.9987376509330406,0.5617224880382775,0.9707647015863635,0.9648639556512635,0.3707313537597656,0.2085113525390625,262144
AZ3340811121020190608,subsetted_512x512_HLS.S30.T12SVC.2019190.v1.4,5,0.73,0.8010335405694373,0.8895265107791079,0.9989974714550985,0.8016779813495979,0.9984060688163299,0.9610718869326599,0.9625511169433594,0.772430419921875,262144
AZ3343511035820200606,subsetted_512x512_HLS.S30.T12SWC.2020190.v1.4,5,0.73,0.8830009525858096,0.9378656461891202,0.9753990546583956,0.903113779041902,0.985731553979928,0.9900052965637374,0.4855079650878906,0.4495277404785156,262144
AZ3344911322120200711,subsetted_512x512_HLS.S30.T12STC.2020218.v1.4,1,0.74,0.34887541066464495,0.5172833723653396,0.9745852453229792,0.35207855138995153,0.7924165037986121,0.9112411984877916,0.02991485595703125,0.010807037353515625,262144
AZ3354411042020200801,subsetted_512x512_HLS.S30.T12SWC.2020250.v1.4,2,0.5,0.31264347344257104,0.47635703032541593,0.852636407793189,0.330502180893905,0.6735491084001085,0.7439518219996563,0.3646965026855469,0.14136505126953125,262144
AZ3372911159520190804,subsetted_512x512_HLS.S30.T12SVC.2019245.v1.4,5,0.73,0.4290713762513225,0.600489777322171,0.9671619886259402,0.43541460191608855,0.8664994144215223,0.9773718889402293,0.0461883544921875,0.020793914794921875,262144
AZ3376811242920190530,subsetted_512x512_HLS.S30.T12SUC.2019158.v1.4,5,0.73,0.0,0.0,,0.0,0.6144580967336901,0.9693228221458896,0.030826568603515625,0.0,262144
AZ3384711201720200517,subsetted_512x512_HLS.S30.T12SVC.2020155.v1.4,1,0.74,0.5809483488569009,0.7349365325906486,0.9092234296315929,0.6167191011235955,0.8708315149324749,0.9594724643532271,0.04894132759674986,0.03319651757708534,227313
AZ3388511181620200925,subsetted_512x512_HLS.S30.T12SVC.2020285.v1.4,3,0.5700000000000001,0.7578625822828379,0.8622546380145871,0.8458312659058533,0.8793284190558597,0.9186638435436527,0.9764689347009686,0.22925186157226562,0.23833084106445312,262144
AZ3394811199720180727,subsetted_512x512_HLS.S30.T12SVC.2018215.v1.4,3,0.5700000000000001,0.06439575160271745,0.12099964041711614,0.8540609137055838,0.06511222910216719,0.5352540368359734,0.8679904487494394,0.06394456817619401,0.004875030932937392,161640
AZ3395311201220190903,subsetted_512x512_HLS.S30.T12SVC.2019280.v1.4,5,0.73,0.23412779646147097,0.37942228857136084,0.9977567298105683,0.23425110454399156,0.9025943354261752,0.9655313223798011,0.1851960226503021,0.04347991004903953,184545
AZ3395611183620200829,subsetted_512x512_HLS.S30.T12SVC.2020250.v1.4,2,0.5,0.7307813982916799,0.8444525680862731,0.8813429988553987,0.8105263157894737,0.9006012653323496,0.9951889229535288,0.0217437744140625,0.01999664306640625,262144
AZ3415011213920200531,subsetted_512x512_HLS.S30.T12SUC.2020153.v1.4,3,0.5700000000000001,0.8277940949142062,0.9057848443843031,0.9237005519779209,0.8885508849557522,0.9555550395597272,0.9852730825849925,0.06897025276376925,0.06634572102143113,262142
AZ3417411217520200807,subsetted_512x512_HLS.S30.T12SUC.2020248.v1.4,4,0.6,0.5637804134827247,0.721048055880325,0.6126961483594865,0.8759560055357273,0.885331661522026,0.9878272244867041,0.052371978759765625,0.0748748779296875,262144
AZ3423611014020190726,subsetted_512x512_HLS.S30.T12SWC.2019225.v1.4,4,0.6,0.013416988416988417,0.026478712258310316,0.2559852670349908,0.013961430293290477,0.47508983964260465,0.9771973759091823,0.03797927085598318,0.0020713885169544866,262143
AZ3424311248720190714,subsetted_512x512_HLS.S30.T12SUC.2019223.v1.4,5,0.73,0.85436528572254,0.921463847819652,0.9741739961129229,0.8741649423588531,0.9858782609097863,0.9978302511548296,0.12905120849609375,0.11580276489257812,262144
AZ3427511241920201015,subsetted_512x512_HLS.S30.T12SUC.2020318.v1.4,5,0.73,0.7737292124254785,0.8724321694712868,0.8015847216578627,0.9570174161936642,0.9668887941649296,0.9929186215836279,0.15799518648536784,0.18863152085600846,260932
AZ3440011201020190603,subsetted_512x512_HLS.S30.T12SVD.2019183.v1.4,2,0.5,0.4039707243206865,0.5754688717119061,0.9342412451361868,0.41579357520131616,0.6994546429665506,0.9667720645627109,0.044055938720703125,0.0196075439453125,262144
AZ3455711116020180427,subsetted_512x512_HLS.S30.T12SVD.2018168.v1.4,4,0.6,0.8477893625445427,0.9176255472940639,0.9482595730861209,0.8889088770497474,0.9771406281767205,0.9874645145118324,0.3644464841366302,0.3416361133105045,198287
AZ3461611082220180724,subsetted_512x512_HLS.S30.T12SWD.2018220.v1.4,4,0.6,0.6348992665490669,0.7766830404043272,0.8047187573546717,0.750535038138616,0.8050541441561094,0.9845231191315593,0.06951549345204716,0.06483484205185719,262143
AZ3468811236620180511,subsetted_512x512_HLS.S30.T12SUD.2018168.v1.4,1,0.74,0.8170505273969897,0.8993151429503207,0.9386828847637635,0.8631166012853685,0.9624472744739199,0.990748456680294,0.09140917067215991,0.08405050736247807,262140
AZ3477911297320180708,subsetted_512x512_HLS.S30.T12SUD.2018218.v1.4,4,0.6,0.15630276251032799,0.2703491984590531,0.9504150283966798,0.15758783049619704,0.6606850015336082,0.9085556069205729,0.10532379150390625,0.01746368408203125,262144
AZ3479711322320200824,subsetted_512x512_HLS.S30.T12STD.2020248.v1.4,4,0.6,0.7147970474224354,0.8336812201733949,0.7328876638901156,0.966619803173328,0.799759920645995,0.9720901126888011,0.18993377685546875,0.2505073547363281,262144
AZ3495111328920180515,subsetted_512x512_HLS.S30.T12STD.2018168.v1.4,4,0.6,0.8074877916440586,0.8934918347742555,0.927227414330218,0.862124898621249,0.9420258747000737,0.9978203400861494,0.032924652099609375,0.030612945556640625,262144
AZ3525811164320190721,subsetted_512x512_HLS.S30.T12SVE.2019228.v1.4,3,0.5700000000000001,0.5109673347009626,0.6763446475195822,0.6401107047543738,0.7169268238680394,0.7792822781268098,0.9829231558457772,0.03445894910314415,0.03859417558690461,262138
AZ3530911140720190516,subsetted_512x512_HLS.S30.T12SVE.2019183.v1.4,4,0.6,0.4100593713389329,0.5816200078859911,0.6386973061577954,0.5339072881925593,0.5717411829222045,0.8995463019460934,0.14754867553710938,0.12334060668945312,262144
AZ3563211274720200705,subsetted_512x512_HLS.S30.T12SUE.2020218.v1.4,5,0.73,0.6233444913404163,0.7679756141294602,0.8689389328464191,0.6880321285140563,0.8516379470420539,0.9921025187578569,0.023746490478515625,0.018802642822265625,262144
AZ3574111380520200818,subsetted_512x512_HLS.S30.T12STE.2020246.v1.4,4,0.6,0.09574381840291853,0.1747558449245339,0.29758105157063663,0.12369946232804972,0.22224575187958173,0.681762839080843,0.10930475732527344,0.04543615811447195,262038
AZ3636511203320180806,subsetted_512x512_HLS.S30.T12SVF.2018253.v1.4,5,0.73,0.765226970211594,0.8670012220806573,0.9322299261910088,0.8103037667071689,0.9491826468270144,0.9927433247771956,0.0784927859121186,0.06822673065624929,262126
AZ3636911230720180726,subsetted_512x512_HLS.S30.T12SUF.2018253.v1.4,4,0.6,0.48841893252769386,0.6562922868741543,0.783911475817481,0.5644078417330588,0.7596409135718372,0.9578129477695342,0.04261658426417628,0.030683482878593665,262128
AZ3652211386520200510,subsetted_512x512_HLS.S30.T12STF.2020156.v1.4,4,0.6,0.8606641186065195,0.9251149737343076,0.9784201531830101,0.8773179311243323,0.9874730056553302,0.9823060624813377,0.6148872375488281,0.5513496398925781,262144
AZ3662811235020200608,subsetted_512x512_HLS.S30.T12SUF.2020183.v1.4,2,0.5,0.8339294079157713,0.9094454828155217,0.963142346798571,0.8614198265731687,0.9829303442132301,0.9814363654944929,0.4966697692871094,0.4442138671875,262144
AZ3689811361420180708,subsetted_512x512_HLS.S30.T12STF.2018231.v1.4,5,0.73,0.0,0.0,,0.0,0.5388940040083596,0.9777102603007162,0.029254913330078125,0.0,262144
AZ3697411369720210713,subsetted_512x512_HLS.S30.T12STF.2021215.v1.4,2,0.5,0.0,0.0,0.0,0.0,0.026304845895983527,0.2324035113718983,0.040431976318359375,0.00016021728515625,262144
AZ3697611367020210624,subsetted_512x512_HLS.S30.T12STF.2021190.v1.4,5,0.73,0.37996941896024466,0.5506925207756233,0.9754661432777233,0.38363566190659976,0.8276569226101946,0.964315917890939,0.01976776123046875,0.00777435302734375,262144
AZ3698311211020200729,subsetted_512x512_HLS.S30.T12SUF.2020223.v1.4,2,0.5,0.7190113863256166,0.8365405744781039,0.9153404016579266,0.7702327732387853,0.9209291278591644,0.9703174825084308,0.197967529296875,0.16658401489257812,262144
CA3257311670020190814,subsetted_512x512_HLS.S30.T11SNS.2019246.v1.4,5,0.73,0.3137603795966785,0.47765237020316026,0.3465959854666746,0.7680834213305174,0.6226078379600655,0.973032073190617,0.028905659801445282,0.06405717032820286,262094
CA3276011669320200905,subsetted_512x512_HLS.S30.T11SNS.2020276.v1.4,3,0.5700000000000001,0.8751226751561865,0.9334031173008923,0.8812399064767277,0.9921302578018996,0.9910295707594454,0.9966393132791581,0.2811549862092907,0.3165339732120717,262133
CA3298011643520210501,subsetted_512x512_HLS.S30.T11SNS.2021155.v1.4,5,0.73,0.662964125912552,0.7973282352663504,0.9627244229125107,0.6804302288108283,0.9577715465187272,0.99541696015276,0.09469676740087433,0.06692937415599179,262142
CA3337911735120200609,subsetted_512x512_HLS.S30.T11SMT.2020194.v1.4,4,0.6,0.6690540268073952,0.8017164406441379,0.9032284787805629,0.7207165520888419,0.9027398146507087,0.9322310650190864,0.4039796743625349,0.32234904551905147,262132
CA3338011743020180706,subsetted_512x512_HLS.S30.T11SMS.2018259.v1.4,1,0.74,0.11256517911559559,0.2023525115266978,0.11257375536498852,0.9993236642368678,0.4818825128838518,0.9113400572006676,0.050762370156746506,0.4506204628771319,262143
CA3350411735320210828,subsetted_512x512_HLS.S30.T11SMT.2021248.v1.4,2,0.5,0.19928714000570288,0.3323426614993224,0.20047041275851188,0.9712340188993885,0.7273716365164984,0.9810867755640224,0.027450980392156862,0.13299382009613184,262140
CA3352811727320190904,subsetted_512x512_HLS.S30.T11SMT.2019294.v1.4,2,0.5,0.589579129432113,0.7418053225733328,0.589579129432113,1.0,0.9208192040443983,0.9978325167052555,0.03121411102166025,0.05294303930284289,262093
CA3363011706020180517,subsetted_512x512_HLS.S30.T11SMT.2018154.v1.4,1,0.74,0.07161758220218553,0.1336625740219951,0.07161758220218553,1.0,0.7406974937953549,0.9660418102164336,0.022408426733720736,0.3128900200855553,260884
CA3367611751620180806,subsetted_512x512_HLS.S30.T11SMT.2018249.v1.4,5,0.73,0.9240376835585481,0.9605193198186441,0.953147933194555,0.9680056116832126,0.9947378947646466,0.9960104481501696,0.3915594398391693,0.3976630718817116,262139
CA3372011680020180725,subsetted_512x512_HLS.S30.T11SNT.2018216.v1.4,4,0.6,0.8677716110393067,0.9292052688994904,0.8916891923563695,0.9700168272908062,0.9845617451233083,0.9952905109735266,0.22443008422851562,0.24414443969726562,262144
CA3375311768720201026,subsetted_512x512_HLS.S30.T11SMT.2020309.v1.4,5,0.73,0.8945524431518614,0.944341706016482,0.9528614648816102,0.9359729513301895,0.9860969421667722,0.995363508026232,0.21443317064980558,0.21063255782006618,262063
CA3388811668420200917,subsetted_512x512_HLS.S30.T11SNT.2020281.v1.4,2,0.5,0.808158864228592,0.8939024996272922,0.8615767793849985,0.9287484510532837,0.9448060628838217,0.9933700832203527,0.11102661015718451,0.11968265008579607,261667
CA3399211696420200731,subsetted_512x512_HLS.S30.T11SNT.2020221.v1.4,5,0.73,0.9229918183929083,0.9599539733500014,0.9530021506892783,0.9670079635949943,0.9944927012095164,0.9937634703267983,0.5332435443501617,0.5410803674989317,262096
CA3399211705920191010,subsetted_512x512_HLS.S30.T11SMT.2019309.v1.4,4,0.6,0.622716894977169,0.7674991206472036,0.6559446866075455,0.9247721974994703,0.9356865912819067,0.994982450267286,0.018003135956294995,0.025381407823104597,262121
CA3405311699120200905,subsetted_512x512_HLS.S30.T11SMT.2020289.v1.4,4,0.6,0.7986465577035944,0.8880528020171558,0.8373517565450884,0.9452893936363923,0.9098951267736979,0.9612836695197616,0.3624969476832916,0.4092241010927294,262096
CA3408411857020210515,subsetted_512x512_HLS.S30.T11SLT.2021163.v1.4,5,0.73,0.6877251316154059,0.8149729108520768,0.821582257530619,0.8084690553745928,0.9001967911640255,0.993848457910394,0.0234222412109375,0.02304840087890625,262144
CA3415711791120200813,subsetted_512x512_HLS.S30.T11SMT.2020249.v1.4,1,0.74,0.8714849995297658,0.9313299329128872,0.9436354378818738,0.9193412371645419,0.9866354890131412,0.9988238701442418,0.07690605627086314,0.07492608488316643,262125
CA3424011870020181108,subsetted_512x512_HLS.S30.T11SLT.2018349.v1.4,3,0.5700000000000001,0.840500070567132,0.9133388083034849,0.8542205523757525,0.9812483058099425,0.9885824022445517,0.9674205903932385,0.7253566196314288,0.8332215282596962,259380
CA3424811795920200906,subsetted_512x512_HLS.S30.T11SMU.2020299.v1.4,1,0.74,0.777360596681719,0.8747359406223237,0.9838497351099695,0.7874084543235257,0.9801923544114346,0.9310754086335764,0.7629285162545042,0.6105976779839788,255037
CA3428211880320191030,subsetted_512x512_HLS.S30.T11SLT.2019309.v1.4,5,0.73,0.597008516424533,0.7476585256553887,0.6490818549642079,0.8815386241149741,0.8795757738163511,0.9885999851460103,0.03610247410487763,0.04903191347309387,262115
CA3444111874620200817,subsetted_512x512_HLS.S30.T11SLU.2020249.v1.4,2,0.5,0.6468058585229043,0.7855277599061424,0.6552595024624321,0.9804440245630609,0.6871751337221133,0.9922104886661779,0.040378570556640625,0.06041717529296875,262144
CA3446611833020200705,subsetted_512x512_HLS.S30.T11SLU.2020229.v1.4,3,0.5700000000000001,0.8259215219976219,0.904662672570982,0.8760247193845377,0.9352362999865356,0.9680626364413549,0.9988647507037036,0.028331756591796875,0.030246734619140625,262144
CA3449011860020180922,subsetted_512x512_HLS.S30.T11SLU.2018274.v1.4,2,0.5,0.7172168131085253,0.8353247040601837,0.7184110371075166,0.9976876321353065,0.9858179688434062,0.9991310297357592,0.0577392578125,0.0801849365234375,262144
CA3451712013120211011,subsetted_512x512_HLS.S30.T10SGD.2021306.v1.4,4,0.6,0.8859267935578331,0.9395134493916565,0.9059614071651874,0.9756462514834116,0.9839904174554841,0.9933875144237749,0.29573397522707245,0.318481275344185,262141
CA3490011851020180604,subsetted_512x512_HLS.S30.T11SLU.2018184.v1.4,3,0.5700000000000001,0.874453305891433,0.9330222344221796,0.9567909922589726,0.9104057854560065,0.9781849461376493,0.9989128244828953,0.028484344482421875,0.027103424072265625,262144
CA3494811892720210627,subsetted_512x512_HLS.S30.T11SLU.2021188.v1.4,4,0.6,0.86247759410476,0.9261615783564134,0.9123564731907722,0.9403908794788274,0.9845059458138367,0.9992708974317055,0.0351340319448842,0.03621361186240887,262139
CA3511712010020180819,subsetted_512x512_HLS.S30.T10SGD.2018257.v1.4,4,0.6,0.813826891671203,0.897358943577431,0.91102985984156,0.8840922531046718,0.9483825175954965,0.9974166053315905,0.01935210687337397,0.018779897917922346,262142
CA3517211519520200622,subsetted_512x512_HLS.S30.T11SPV.2020186.v1.4,5,0.73,0.5474531998258598,0.7075538050358701,1.0,0.5474531998258598,0.9740453492671923,0.9995120482879807,0.01752471923828125,0.009593963623046875,262144
CA3530111559820200815,subsetted_512x512_HLS.S30.T11SPV.2020246.v1.4,5,0.73,0.7950216673825693,0.8858073212473685,0.9992482641736373,0.7954974511308057,0.9931720869513694,0.9820041731179517,0.7011680603027344,0.558197021484375,262144
CA3531811870820200701,subsetted_512x512_HLS.S30.T11SLV.2020222.v1.4,1,0.74,0.8909739036857681,0.9423439445136048,0.9397701475595914,0.9449318781653471,0.9896840096027166,0.9993709403736527,0.053478240966796875,0.05377197265625,262144
CA3533311990620190605,subsetted_512x512_HLS.S30.T11SKV.2019187.v1.4,2,0.5,0.3623373997438835,0.531934893385445,0.36250842886041806,0.9986996098829649,0.5474537833432332,0.9917045668474381,0.020534515380859375,0.05657196044921875,262144
CA3535111995620200610,subsetted_512x512_HLS.S30.T10SGE.2020187.v1.4,5,0.73,0.6855713094245204,0.8134586838198912,0.7221788363920344,0.9311516677155444,0.9489606484989436,0.9978060384503094,0.030307769775390625,0.0390777587890625,262144
CA3535112000520200728,subsetted_512x512_HLS.S30.T10SGE.2020217.v1.4,1,0.74,0.52616165560328,0.6895228348471281,0.5573940020682523,0.903755868544601,0.6194692390501841,0.967743969581258,0.05687713623046875,0.09222030639648438,262144
CA3540011877020180803,subsetted_512x512_HLS.S30.T11SLV.2018249.v1.4,1,0.74,0.8484887349835407,0.9180350617512374,0.9499808539153743,0.8881679047704287,0.9834659745187023,0.9984026345439987,0.08524322509765625,0.0796966552734375,262144
CA3540811843620210720,subsetted_512x512_HLS.S30.T11SLV.2021216.v1.4,3,0.5700000000000001,0.2956736789381417,0.4564014593249414,0.30487411233053585,0.907387837448362,0.7624090846937746,0.9682645362723212,0.050163130171611975,0.149299046278849,207503
CA3546511854420200803,subsetted_512x512_HLS.S30.T11SLV.2020247.v1.4,1,0.74,0.9149483822756082,0.9555854254288977,0.9575090514120203,0.9536695130394646,0.9917190119387294,0.9983985569792244,0.132232666015625,0.13170242309570312,262144
CA3566212040420190612,subsetted_512x512_HLS.S30.T10SGE.2019187.v1.4,1,0.74,0.6411069026822293,0.7813103480759267,0.6681166425004028,0.9406827719178859,0.9357295983425816,0.997117383522776,0.033634185791015625,0.04735565185546875,262144
CA3568711855020210818,subsetted_512x512_HLS.S30.T11SLV.2021251.v1.4,5,0.73,0.734471485652016,0.8469109947643979,0.9606990507865354,0.7572232217726507,0.9751245436982132,0.9780429324883745,0.4685760716560935,0.369331771832716,262141
CA3572011963220190507,subsetted_512x512_HLS.S30.T11SKV.2019152.v1.4,2,0.5,0.6876371616678859,0.8149111400086693,0.6984628245019273,0.9779569542883152,0.8682698178916824,0.9931311025459966,0.05867854049578578,0.0821591138887935,262089
CA3580012036020180806,subsetted_512x512_HLS.S30.T10SGE.2018247.v1.4,2,0.5,0.6934282293468139,0.81896382418791,0.693566628966802,0.9997123130034522,0.985967024783132,0.9993836495020847,0.0397796630859375,0.057338714599609375,262144
CA3595912083320210530,subsetted_512x512_HLS.S30.T10SFE.2021166.v1.4,1,0.74,0.809177888022679,0.8945255117030653,0.9781537802527308,0.8240707325875135,0.9815353327779212,0.9995557751181079,0.02114105224609375,0.017810821533203125,262144
CA3602211875920210618,subsetted_512x512_HLS.S30.T11SLV.2021186.v1.4,3,0.5700000000000001,0.5867199201198202,0.7395381033289283,0.604713388906041,0.9517330741820538,0.8365166450819834,0.9958485694230366,0.023552120606388904,0.037067696134156294,262142
CA3604711863120210910,subsetted_512x512_HLS.S30.T11SLV.2021331.v1.4,3,0.5700000000000001,0.8757085124235834,0.9337362459288406,0.9814839694070456,0.890418710741787,0.9941881826199929,0.9612223007056163,0.8763499311444517,0.7950393487523985,262143
CA3605412006420200503,subsetted_512x512_HLS.S30.T10SGE.2020162.v1.4,3,0.5700000000000001,0.1934493563685637,0.32418527914279127,0.1935723062582094,0.9967273917312097,0.9638827486559071,0.9971661189613049,0.03496973003078496,0.1800634009941215,262141
CA3606211763420200821,subsetted_512x512_HLS.S30.T11SMV.2020249.v1.4,4,0.6,0.8573060015838948,0.9231715192357011,0.9713641062987262,0.8795348837209302,0.9873842253515952,0.9779728909150374,0.6479263305664062,0.5866737365722656,262144
CA3606611745820200728,subsetted_512x512_HLS.S30.T11SMV.2020234.v1.4,3,0.5700000000000001,0.6019673084377827,0.7515350722416592,0.6510096422582449,0.8887749505162998,0.5796671849341011,0.9410044107467176,0.16032253377887548,0.21887640793105823,261554
CA3607512023120200815,subsetted_512x512_HLS.S30.T10SGE.2020247.v1.4,2,0.5,0.4252326336290846,0.5967203158214394,0.936606291706387,0.43783422459893045,0.7001323504691862,0.9706662465131337,0.03424072265625,0.0160064697265625,262144
CA3609512052220200713,subsetted_512x512_HLS.S30.T10SGF.2020217.v1.4,3,0.5700000000000001,0.9173785279846921,0.9569091492319207,0.9604693592816513,0.9533752352544299,0.9926399713040537,0.9942407337348744,0.4297125941298095,0.42653869335998595,262138
CA3612312160220200819,subsetted_512x512_HLS.S30.T10SFE.2020267.v1.4,5,0.73,0.8877323717948717,0.9405277835552593,0.995824850454143,0.8910488155032151,0.9986384217966155,0.9761398689909713,0.9486371526122036,0.8488259866099529,262135
CA3620712156020210618,subsetted_512x512_HLS.S30.T10SFF.2021189.v1.4,4,0.6,0.3241643202656848,0.48961343438198573,0.327545958564342,0.969134470105763,0.8672613157958312,0.9841993161617674,0.053025129615711826,0.15688937551741372,262121
CA3641012100020180604,subsetted_512x512_HLS.S30.T10SFF.2018190.v1.4,5,0.73,0.6127668798092555,0.7598951683354613,0.6859153220914715,0.8517625790900873,0.8423308434082124,0.9911941594761681,0.02532196044921875,0.031444549560546875,262144
CA3656312164020200816,subsetted_512x512_HLS.S30.T10SFF.2020250.v1.4,1,0.74,0.8336181735453728,0.9092603744579378,0.8816335393156224,0.9386746476057183,0.9600021287395625,0.9410471881624471,0.61053466796875,0.6500358581542969,262144
CA3667512102020200715,subsetted_512x512_HLS.S30.T10SFF.2020215.v1.4,5,0.73,0.8362460437594605,0.9108213429256595,0.9594253236501421,0.866904422253923,0.981456794701034,0.999394850181215,0.02674102783203125,0.02416229248046875,262144
CA3686012078020180502,subsetted_512x512_HLS.S30.T10SFF.2018155.v1.4,3,0.5700000000000001,0.7138433515482696,0.8330322032096928,0.7437843993167584,0.9466183574879227,0.9637444411338053,0.9981905271162725,0.031585693359375,0.04019927978515625,262144
CA3702412151420200705,subsetted_512x512_HLS.S30.T10SFG.2020215.v1.4,2,0.5,0.645324115984967,0.784434033046001,0.6936163939259915,0.902616836773847,0.8457762579258868,0.979111380171127,0.09942319136923382,0.12938138037324706,262132
CA3706812121320200628,subsetted_512x512_HLS.S30.T10SFG.2020185.v1.4,1,0.74,0.5919648844723526,0.7436908819362004,0.6066475071848056,0.9607202928663303,0.939629440951185,0.9966621802996397,0.03881709073451752,0.06147287566010562,260375
CA3735012030020180615,subsetted_512x512_HLS.S30.T10SGG.2018187.v1.4,2,0.5,0.6413657577990666,0.7815025441484585,0.6421939371579659,0.9979933110367893,0.9762274069843919,0.9979209001017075,0.07984161376953125,0.12407684326171875,262144
CA3756511912720180611,subsetted_512x512_HLS.S30.T11SLB.2018197.v1.4,2,0.5,0.17402435849220355,0.2964578328097086,0.7048863370049215,0.18769989235065604,0.4082117520909675,0.6689562797403662,0.24456662749347538,0.06512415866668701,262084
CA3761912020720170716,subsetted_512x512_HLS.S30.T10SGG.2019307.v1.4,5,0.73,0.477010633518047,0.6459136077874671,0.6482800732749847,0.6435643564356436,0.6029805946853041,0.9897722048040933,0.018878936767578125,0.018741607666015625,262144
CA3765211988120180713,subsetted_512x512_HLS.S30.T11SKB.2018222.v1.4,3,0.5700000000000001,0.6459295867243998,0.7848811904643846,0.9954998707261,0.647821164016352,0.9919649760289619,0.9616017199458442,0.8388938903808594,0.5459098815917969,262144
CA3780512029420200820,subsetted_512x512_HLS.S30.T10SGG.2020247.v1.4,3,0.5700000000000001,0.7997969414302938,0.8887635299509925,0.888231148696265,0.8892965497777464,0.9661343628692649,0.997284784022572,0.054065704345703125,0.05413055419921875,262144
CA3781211964620200725,subsetted_512x512_HLS.S30.T11SKB.2020222.v1.4,2,0.5,0.0,0.0,0.0,0.0,0.10301311337852855,0.4664998790222044,0.12044345593480923,0.0001945651468966859,262123
CA3782611887220190726,subsetted_512x512_HLS.S30.T11SLB.2019237.v1.4,3,0.5700000000000001,0.03632198952879581,0.07009788443321756,0.6903939184519696,0.036923418095801304,0.2280580245716721,0.5647908139501133,0.1032226558774269,0.005520519775821879,262113
CA3792911898320200817,subsetted_512x512_HLS.S30.T11SLC.2020247.v1.4,3,0.5700000000000001,0.8308644832773985,0.9076198603078285,0.9379449996733947,0.8791942199363213,0.9760344477947077,0.9982304072131938,0.06230282407425068,0.05840031433705019,262139
CA3802612076120200818,subsetted_512x512_HLS.S30.T10SFH.2020245.v1.4,1,0.74,0.44904269235343086,0.6197784160853509,1.0,0.44904269235343086,0.8200018957837417,0.9001675050849243,0.032077789306640625,0.014404296875,262144
CA3805012095020180629,subsetted_512x512_HLS.S30.T10SFH.2018185.v1.4,1,0.74,0.9148413014493255,0.9555270201837517,0.9292259528290272,0.9833603216259981,0.9928202250530771,0.9981563903126855,0.20495223999023438,0.21689224243164062,262144
CA3831012199020180810,subsetted_512x512_HLS.S30.T10SEH.2018245.v1.4,5,0.73,0.8536074624024367,0.9210229023313136,0.9375849451123889,0.9050358260167525,0.9769317555889245,0.9988441281788549,0.037802575107296135,0.036490224129709106,262125
CA3847012204820200606,subsetted_512x512_HLS.S30.T10SEH.2020190.v1.4,2,0.5,0.5242109591857715,0.6878456765142318,0.7813361936867913,0.6143373493975903,0.7283764147353449,0.9840794591922497,0.031665611146295125,0.024897563655508673,262114
CA3852112120220200612,subsetted_512x512_HLS.S30.T10SFH.2020185.v1.4,1,0.74,0.9213803631688896,0.9590816902586405,0.9352826033765598,0.984123578631195,0.9952680845061979,0.9995279972056573,0.08890355461627082,0.09354614744905355,262138
CA3855412253120200927,subsetted_512x512_HLS.S30.T10SEH.2020285.v1.4,3,0.5700000000000001,0.8278423398269995,0.9058137256032187,0.9660119870908253,0.852678014292148,0.9833958965853875,0.9597392824961508,0.7031821130146133,0.6206837345949865,262090
CA3867312307820200817,subsetted_512x512_HLS.S30.T10SDH.2020248.v1.4,1,0.74,0.40511480198519273,0.5766287586079559,0.9980115754713631,0.40544205257413224,0.9560684143888778,0.8229726483255603,0.7933661402304112,0.322304875257496,262140
CA3873012240020180908,subsetted_512x512_HLS.S30.T10SEH.2018280.v1.4,2,0.5,0.70244702320888,0.8252204193524487,0.7052938196555217,0.9942867345116944,0.9433800712077822,0.9983104234570687,0.04273223876953125,0.06024169921875,262144
CA3879612276720191023,subsetted_512x512_HLS.S30.T10SEH.2019305.v1.4,1,0.74,0.8323796418211878,0.9085231278752827,0.9938298966330384,0.8367035197882355,0.9905695283913821,0.9668901224628792,0.7667053240352188,0.6454877695206995,262132
CA3881012220020180630,subsetted_512x512_HLS.S30.T10SEH.2018190.v1.4,3,0.5700000000000001,0.9122180307879897,0.9540941630093107,0.986713102972164,0.9235628553379659,0.9966531343702552,0.9879799618796155,0.7910652160644531,0.7404365539550781,262144
CA3892812226620190608,subsetted_512x512_HLS.S30.T10SEJ.2019185.v1.4,5,0.73,0.5991872615690828,0.7493647254057979,0.8841164953499755,0.6502565025650257,0.8885841854199934,0.9941375239042292,0.042385101318359375,0.0311737060546875,262144
CA3919012180020180731,subsetted_512x512_HLS.S30.T10SEJ.2018220.v1.4,2,0.5,0.07264496658762665,0.1354501607717042,0.8986666666666666,0.07324494675070636,0.27919282630749914,0.9573961126060765,0.017551422119140625,0.001430511474609375,262144
CA3966012253020180609,subsetted_512x512_HLS.S30.T10SEJ.2018185.v1.4,4,0.6,0.8389026972291264,0.9123948738486184,0.970293867120954,0.8610166288737717,0.9769172487115124,0.9987623686998871,0.040374755859375,0.03582763671875,262144
CA3968112017120200814,subsetted_512x512_HLS.S30.T10TGK.2020285.v1.4,1,0.74,0.9519251279863481,0.9753705347995355,0.9588382536203859,0.9924829169840484,0.9972636889600426,0.994177903330875,0.6861000061035156,0.710174560546875,262144
CA3988012002520190824,subsetted_512x512_HLS.S30.T10TGK.2019245.v1.4,2,0.5,0.6905120481927711,0.8169265033407572,0.6917709184635695,0.9973715217982416,0.9178243833955351,0.997591862101989,0.042087554931640625,0.060680389404296875,262144
CA4004012260920191103,subsetted_512x512_HLS.S30.T10TEK.2019350.v1.4,4,0.6,0.6855982644490182,0.8134776582403802,0.7187846270484632,0.9369061193462562,0.8862111192491287,0.990208567019357,0.050186745815863666,0.06541635351612424,262121
CA4005312066920190904,subsetted_512x512_HLS.S30.T10TGK.2019280.v1.4,3,0.5700000000000001,0.8807214572898183,0.9365783049649117,0.9656308642522571,0.9092228709762692,0.9876101265586783,0.9475202904593407,0.8226647030994857,0.7746081767820898,262108
CA4010912278920190905,subsetted_512x512_HLS.S30.T10TEK.2019275.v1.4,2,0.5,0.5429922613929493,0.7038172192811368,0.65229180116204,0.7641809106035395,0.7550732476071838,0.9446523624811145,0.10466570618874975,0.12261925494355873,189489
CA4022012217020181007,subsetted_512x512_HLS.S30.T10TEK.2018340.v1.4,5,0.73,0.4394567470273808,0.6105869425182827,0.9169227267554342,0.45768007271074757,0.8429853200148145,0.9840327900018098,0.06717007337426216,0.03352780247328116,262081
CA4042112086320200718,subsetted_512x512_HLS.S30.T10TFK.2020220.v1.4,2,0.5,0.8487832295938548,0.9182074090755545,0.9035567867036011,0.9333409637175232,0.9666287139767406,0.9911095367238866,0.16664505004882812,0.17213821411132812,262144
CA4051012242020180624,subsetted_512x512_HLS.S30.T10TEK.2018183.v1.4,1,0.74,0.7105984836263913,0.8308185590343267,0.9719770520741394,0.7254611330698287,0.9497441103005313,0.9910544633204985,0.02316293015644133,0.01728827395734389,262143
CA4054112256820200927,subsetted_512x512_HLS.S30.T10TEK.2020275.v1.4,4,0.6,0.9349511093404888,0.9663821528381239,0.9814453785647075,0.9517743186020159,0.9950057675343246,0.9910863611663876,0.6396102905273438,0.6202735900878906,262144
CA4058912057520190828,subsetted_512x512_HLS.S30.T10TGL.2019245.v1.4,4,0.6,0.8499189627228525,0.9188715612405818,0.9106801736613603,0.9272116461366181,0.9706973371025005,0.9969845720467214,0.06472396850585938,0.06589889526367188,262144
CA4063012088020180727,subsetted_512x512_HLS.S30.T10TFL.2018215.v1.4,4,0.6,0.9323130719102655,0.964971034417927,0.9506720227827878,0.9797067560635163,0.9959568134342561,0.9977941411350607,0.3197517395019531,0.3295173645019531,262144
CA4102912028120200818,subsetted_512x512_HLS.S30.T10TGL.2020265.v1.4,5,0.73,0.961035446919816,0.9801306227577959,0.9872642449119523,0.973099351114886,0.9985850012492009,0.9930506397199964,0.8353843688964844,0.8233985900878906,262144
CA4106412076220200720,subsetted_512x512_HLS.S30.T10TFL.2020215.v1.4,2,0.5,0.8658983864148123,0.9281302698145025,0.9059214451782812,0.9514553665967975,0.9728710494069348,0.9873160719023635,0.35306549072265625,0.37081146240234375,262144
CA4129012012020180713,subsetted_512x512_HLS.S30.T10TGL.2018215.v1.4,5,0.73,0.8412844036697248,0.9138016940707524,0.9662802950474183,0.8667296786389413,0.9849819938834155,0.9994199404176825,0.03632354736328125,0.032581329345703125,262144
CA4139512105720180815,subsetted_512x512_HLS.S30.T10TFL.2018245.v1.4,4,0.6,0.94157626603859,0.9699091223026679,0.9633890354734682,0.976518064627326,0.9943043670121784,0.9912046348969633,0.6418495178222656,0.6505966186523438,262144
CA4172612124320190728,subsetted_512x512_HLS.S30.T10TFM.2019215.v1.4,2,0.5,0.7850446456215091,0.879579844176027,0.7851613302780702,0.9998107315226649,0.984776970930513,0.9959416559914869,0.24185943603515625,0.3079795837402344,262144
CA4173712105820200723,subsetted_512x512_HLS.S30.T10TFM.2020215.v1.4,5,0.73,0.764427383237364,0.866487780114584,0.9298054474708172,0.8112438891906573,0.9610460285010611,0.9986490088433646,0.0280914306640625,0.024509429931640625,262144
CA4174812105620190905,subsetted_512x512_HLS.S30.T10TFM.2019280.v1.4,1,0.74,0.7885506892765646,0.8817761710690107,0.7895138634420422,0.9984553002510137,0.9926401697596033,0.9991281903273205,0.09878912270528452,0.12493323770429263,262124
CO3699510252520190213,subsetted_512x512_HLS.S30.T13SGB.2019076.v1.4,3,0.5700000000000001,0.40735125389280447,0.578890668219537,0.5887822790807865,0.5693259263501518,0.63872122128272,0.9382388471702674,0.06660842895507812,0.0644073486328125,262144
CO3701810400020200822,subsetted_512x512_HLS.S30.T13SEB.2020249.v1.4,3,0.5700000000000001,0.3585004525317963,0.5277884918826046,0.36368029380496764,0.9617891373801917,0.4017791291221906,0.9793459620517218,0.02985649803309588,0.07895851377595989,262087
CO3702010334020200607,subsetted_512x512_HLS.S30.T13SFB.2020189.v1.4,1,0.74,0.8030059044551798,0.8907412920512057,0.904777904710705,0.8771335504885993,0.9509487273472916,0.9888426279586616,0.05855560302734375,0.056766510009765625,262144
CO3711310286620190718,subsetted_512x512_HLS.S30.T13SFB.2019219.v1.4,2,0.5,0.5206952743074416,0.6848121160165738,0.963610776035384,0.5311391843971631,0.7570127132204734,0.9778349907691024,0.034423828125,0.01897430419921875,262144
CO3727110823720200614,subsetted_512x512_HLS.S30.T12SYG.2020220.v1.4,4,0.6,0.8636926082709215,0.9268616556592235,0.8862603581929965,0.9713616055079469,0.9881190911796931,0.9993069389497499,0.05208245912520695,0.05708356539585416,262142
CO3735610351820200518,subsetted_512x512_HLS.S30.T13SFB.2020164.v1.4,1,0.74,0.021136217668009577,0.041397449825604664,0.03625075105147206,0.04824736771957883,0.0668061492734476,0.6425143678075416,0.028621673583984375,0.03809356689453125,262144
CO3765810847420180722,subsetted_512x512_HLS.S30.T12SYG.2018225.v1.4,3,0.5700000000000001,0.629008029008029,0.7722589671839226,0.8694562586816743,0.6946081067166997,0.8816954260141198,0.9411426413723124,0.3338094274268387,0.26668016024257885,261853
CO3773310232920180304,subsetted_512x512_HLS.S30.T13SGB.2018136.v1.4,1,0.74,0.0017744901013383503,0.0035426937277247797,1.0,0.0017744901013383503,0.24264315379423312,0.2711274009979622,0.17842864990234375,0.000316619873046875,262144
CO3805510340720200411,subsetted_512x512_HLS.S30.T13SFC.2020124.v1.4,1,0.74,0.7751531058617673,0.8733366190241498,0.8023285899094438,0.9581337864977599,0.9441430265262589,0.9985547775553943,0.024692535400390625,0.02948760986328125,262144
CO3806310318920190404,subsetted_512x512_HLS.S30.T13SFC.2019154.v1.4,3,0.5700000000000001,0.0,0.0,0.0,0.0,0.03283149231705876,0.4244224601808968,0.02896670165060586,0.0018204369812040836,262025
CO3844710247720200615,subsetted_512x512_HLS.S30.T13SFC.2020184.v1.4,4,0.6,0.0,0.0,,0.0,0.362841582932241,0.8175335302067309,0.023464202880859375,0.0,262144
CO3846910432320180527,subsetted_512x512_HLS.S30.T13SEC.2018164.v1.4,3,0.5700000000000001,0.0,0.0,,0.0,0.5551503272303961,0.7802093960327903,0.03920745849609375,0.0,262144
CO3905010893820200605,subsetted_512x512_HLS.S30.T12SXJ.2020200.v1.4,5,0.73,0.564963503649635,0.7220149253731343,0.944560669456067,0.5843399482312338,0.9139423021365877,0.9983633741836185,0.0176849365234375,0.0109405517578125,262144
CO3968910875820180729,subsetted_512x512_HLS.S30.T12TXK.2018215.v1.4,3,0.5700000000000001,0.8347049141782271,0.9099064462386262,0.8572512763902305,0.9694534389263839,0.9852320164199588,0.9981812763244584,0.09783737156292463,0.11064291057878746,261996
CO3976210841920200713,subsetted_512x512_HLS.S30.T12TYK.2020215.v1.4,2,0.5,0.5602665276950566,0.7181677203864965,0.5637923284387174,0.9889611669623497,0.6209671380878194,0.9837984439487141,0.058093329516175206,0.10190285332569901,261975
CO3985110606520200814,subsetted_512x512_HLS.S30.T13TDE.2020247.v1.4,4,0.6,0.6726736115453397,0.8043094682696333,0.7581254404510218,0.8564854622464253,0.8831448496526337,0.9164132532169655,0.23958341281043757,0.2706672261854805,262130
CO3991410379420200820,subsetted_512x512_HLS.S30.T13TEE.2020249.v1.4,3,0.5700000000000001,0.6890273119310014,0.8158865248226951,0.8212450028555112,0.8105975197294251,0.8890356373103201,0.9964769303809363,0.027069091796875,0.0267181396484375,262144
CO3991610764020180729,subsetted_512x512_HLS.S30.T13TBE.2018220.v1.4,3,0.5700000000000001,0.18066862982851203,0.3060446009389671,0.6403487229862476,0.201071869216533,0.29977495918034835,0.6456244063753296,0.09904983043597812,0.031102013381809294,261848
CO4014010460020200719,subsetted_512x512_HLS.S30.T13TEE.2020214.v1.4,1,0.74,0.6093525629019167,0.7572642277999767,0.6145708708519615,0.9862570735650767,0.9271735961422162,0.9969114941565892,0.037750244140625,0.060581207275390625,262144
CO4019210820120180720,subsetted_512x512_HLS.S30.T12TYK.2018220.v1.4,2,0.5,0.7679253402183852,0.8687305088613372,0.7709109563151358,0.9949820538732271,0.972302493529786,0.996850455046551,0.10947036743164062,0.14128875732421875,262144
CO4037010225020180404,subsetted_512x512_HLS.S30.T13TGE.2018136.v1.4,5,0.73,0.0,0.0,0.0,0.0,0.03700369612136072,0.5495534698171306,0.03200531005859375,0.000362396240234375,262144
CO4065310857420180913,subsetted_512x512_HLS.S30.T12TYL.2018290.v1.4,2,0.5,0.7520368978198589,0.8584715296300591,0.782532400262162,0.9507333487452159,0.8640782832572156,0.9842479885306985,0.14850997924804688,0.18043136596679688,262144
CO4069910400320190319,subsetted_512x512_HLS.S30.T13TEF.2019109.v1.4,1,0.74,0.2879398542861572,0.44713245471505086,0.32386016912213406,0.7219199378157792,0.3932801904659141,0.9577724309265624,0.01963043212890625,0.043758392333984375,262144
CO4078210783620180629,subsetted_512x512_HLS.S30.T13TBF.2018190.v1.4,5,0.73,0.914612502464997,0.9554022041404882,0.9457224055972574,0.9652822040402201,0.9927638759251841,0.9969465099512942,0.2932624816894531,0.2993278503417969,262144
FL2616308144920180212,subsetted_512x512_HLS.S30.T17RMJ.2018064.v1.4,5,0.73,0.2939044787214272,0.4542908438061041,0.5188648293963255,0.40401072933963467,0.4355756412915006,0.9690288264685099,0.02986629027028058,0.023255192934938104,262135
FL2623908094820200410,subsetted_512x512_HLS.S30.T17RNK.2020126.v1.4,4,0.6,0.0543226233852269,0.10304743952246309,0.311787072243346,0.061723748588633796,0.40249990163222266,0.9874922515927111,0.01013866735860432,0.002007127975395511,262066
FL2634008064020190119,subsetted_512x512_HLS.S30.T17RNK.2019081.v1.4,1,0.74,0.2833422603106588,0.44156928213689484,1.0,0.2833422603106588,0.4993467697020552,0.7342457226319378,0.014245003376226029,0.004036211454752849,262127
FL2751908119020180204,subsetted_512x512_HLS.S30.T17RML.2018064.v1.4,3,0.5700000000000001,0.3679136135750096,0.537919368480406,0.38418685817840126,0.896757010809964,0.7570537453230236,0.9874394119666661,0.024356738646813935,0.05685274151635294,262063
FL2783908058120190308,subsetted_512x512_HLS.S30.T17RNL.2019111.v1.4,5,0.73,0.0,0.0,,0.0,0.39759371275214067,0.9076897201044579,0.01736976492994462,0.0,262007
FL2861908074420191120,subsetted_512x512_HLS.S30.T17RNM.2019349.v1.4,4,0.6,0.8111349577073602,0.8957200613411404,0.9161557108227577,0.8761761898268103,0.9517468703037661,0.9987266503318435,0.027973922033135347,0.026753186310974796,262137
FL3005608509020190916,subsetted_512x512_HLS.S30.T16RFU.2019305.v1.4,1,0.74,0.0,0.0,,0.0,0.018690235360157594,0.66056311162717,0.014190673828125,0.0,262144
FL3011008549020190330,subsetted_512x512_HLS.S30.T16RFU.2019105.v1.4,4,0.6,0.5126546146527117,0.6778211095735313,0.5756410256410256,0.8241052309574793,0.827583267818966,0.9912662919045534,0.012470768655606123,0.01785353236715713,262133
FL3037408463920190911,subsetted_512x512_HLS.S30.T16RGU.2019277.v1.4,1,0.74,0.0,0.0,,0.0,0.24526558423134948,0.9174295946810219,0.04020100502512563,0.0,262083
GA3239508464820180322,subsetted_512x512_HLS.S30.T16SGA.2018107.v1.4,4,0.6,0.14339327599687254,0.2508205689277899,0.22947947947947947,0.2765379975874548,0.1624595142746273,0.9594434752305331,0.012773448484404913,0.015392852878070578,259601
ID4209111416920200912,subsetted_512x512_HLS.S30.T12TTM.2020306.v1.4,2,0.5,0.823174525000648,0.903012315839983,0.8766666666666667,0.9309905089962989,0.9582023771107362,0.9589289565482425,0.5204963684082031,0.5527496337890625,262144
ID4218811351720180726,subsetted_512x512_HLS.S30.T11TQG.2018221.v1.4,4,0.6,0.8974134151687856,0.9459334565619224,0.936199405442488,0.9558720522997899,0.9875936166190866,0.9994715111984567,0.03267669677734375,0.03336334228515625,262144
ID4223511346220180922,subsetted_512x512_HLS.S30.T11TQG.2018291.v1.4,5,0.73,0.730136324802199,0.8440217274620521,0.7407481848101902,0.9807567567567568,0.9465970451640999,0.9852748169597971,0.22935867309570312,0.30367279052734375,262144
ID4229111562520190723,subsetted_512x512_HLS.S30.T11TPG.2019214.v1.4,1,0.74,0.8218275565740476,0.9022012578616352,0.8454865268082442,0.9670718604504182,0.9633733846059004,0.9922856371319994,0.18107223510742188,0.20711135864257812,262144
ID4229611529420200814,subsetted_512x512_HLS.S30.T11TPG.2020249.v1.4,5,0.73,0.8728828668211802,0.9321275583055688,0.8961124533274764,0.9711588050938231,0.990927834538081,0.9989441986334822,0.09615707397460938,0.10420989990234375,262144
ID4235511352920201010,subsetted_512x512_HLS.S30.T11TQG.2020306.v1.4,5,0.73,0.7984314745006282,0.8879198188213753,0.8505423494114932,0.9287334307746585,0.9579362534769272,0.9962686179316768,0.07568740844726562,0.08264541625976562,262144
ID4247711313220180717,subsetted_512x512_HLS.S30.T12TUN.2018216.v1.4,3,0.5700000000000001,0.8110800815155861,0.8956866013752866,0.8262975778546713,0.9777979981801638,0.9773088783671053,0.9988866140030468,0.04192352294921875,0.049610137939453125,262144
ID4253711500720210703,subsetted_512x512_HLS.S30.T11TPH.2021238.v1.4,2,0.5,0.0,0.0,0.0,0.0,0.09490258396360549,0.42144221284840444,0.09539413452148438,0.00016021728515625,262144
ID4254611249720210721,subsetted_512x512_HLS.S30.T12TUN.2021215.v1.4,4,0.6,0.8284810126582278,0.90619591554171,0.8960843373493976,0.9165382999579891,0.9611723097847977,0.9984277091873144,0.027240753173828125,0.027862548828125,262144
ID4254811347120200723,subsetted_512x512_HLS.S30.T11TQH.2020216.v1.4,4,0.6,0.8901601830663616,0.9418886198547215,0.9140395535539456,0.9714880332986472,0.9863910548799855,0.9994894554209561,0.03665924072265625,0.03896331787109375,262144
ID4257811155220180922,subsetted_512x512_HLS.S30.T12TVN.2018291.v1.4,2,0.5,0.5499433177982114,0.7096302316131654,0.5594566888774987,0.9700066651855144,0.9472827948418052,0.9983874555770866,0.017192185023204295,0.029808445216859877,261805
ID4261911561220210806,subsetted_512x512_HLS.S30.T11TPH.2021263.v1.4,5,0.73,0.5586542151720609,0.7168417596848325,0.6239462780397199,0.8422372227579557,0.8556157688927385,0.9866118973697128,0.03956142894202744,0.05340220658924784,262124
ID4262311348620200808,subsetted_512x512_HLS.S30.T11TQH.2020251.v1.4,1,0.74,0.40624324129478767,0.577770942274172,0.4164511122607346,0.9430962343096234,0.4014575047721557,0.9847509506464507,0.022792816162109375,0.051616668701171875,262144
ID4268511284420210614,subsetted_512x512_HLS.S30.T12TUN.2021205.v1.4,3,0.5700000000000001,0.8362197887018187,0.9108057693823398,0.872809667673716,0.9522606163819151,0.9796201756519457,0.9981638499997594,0.06943893432617188,0.0757598876953125,262144
ID4268911299220180609,subsetted_512x512_HLS.S30.T12TUN.2018186.v1.4,1,0.74,0.34462551176045597,0.5125970149253731,0.35162584978294703,0.9453864787491741,0.6132391415765077,0.9905246757820925,0.017322540283203125,0.046573638916015625,262144
ID4274811621820200722,subsetted_512x512_HLS.S30.T11TNH.2020217.v1.4,3,0.5700000000000001,0.605865060586506,0.7545653435727999,0.609932149559694,0.9891138944164813,0.9218404101794372,0.9972926774169422,0.032588958740234375,0.05284881591796875,262144
ID4275711555220180822,subsetted_512x512_HLS.S30.T11TPH.2018244.v1.4,2,0.5,0.6348067399536973,0.7766138032580866,0.6368866328257191,0.9948818992238748,0.9512060723761422,0.9909377782776387,0.15875625610351562,0.24799346923828125,262144
ID4284111556820200530,subsetted_512x512_HLS.S30.T11TPH.2020174.v1.4,5,0.73,0.17012241648143847,0.29077712568398967,0.17157387580299785,0.9526286457365781,0.8789079002569691,0.9762463385046591,0.04106903076171875,0.22802734375,262144
ID4284311240020200719,subsetted_512x512_HLS.S30.T12TUN.2020216.v1.4,3,0.5700000000000001,0.806727613689639,0.8930262731106066,0.8082433067167685,0.9976808233077258,0.9813943363507247,0.9995516776720018,0.026317696829593007,0.03248608583864532,262143
ID4286811517820190809,subsetted_512x512_HLS.S30.T11TPH.2019244.v1.4,2,0.5,0.6263726207906296,0.7702695099307939,0.6275786192353534,0.9969414506262744,0.8262510965591564,0.9971843741654989,0.02619171142578125,0.041606903076171875,262144
ID4291611449620170710,subsetted_512x512_HLS.S30.T11TQH.2019221.v1.4,1,0.74,0.7581891108965312,0.8624659386155763,0.8280267694179679,0.8998942078815129,0.9223127449381341,0.9919623246920823,0.0993074828621707,0.1079267385156845,228442
ID4292211511120200819,subsetted_512x512_HLS.S30.T11TPH.2020249.v1.4,1,0.74,0.5798779393286663,0.7340794182809748,0.5832806716620024,0.9900398406374502,0.957348666967461,0.9985104609689153,0.02489471435546875,0.042255401611328125,262144
ID4292911199020180813,subsetted_512x512_HLS.S30.T12TVN.2018246.v1.4,3,0.5700000000000001,0.6849146845915202,0.8129962791054509,0.6923881084612872,0.9844853214418432,0.9814263099703338,0.9990318397850777,0.0410614013671875,0.058383941650390625,262144
ID4295011487620200703,subsetted_512x512_HLS.S30.T11TPH.2020219.v1.4,4,0.6,0.7696,0.8698010849909584,0.8055452177149237,0.9451965065502184,0.9702759756103406,0.9990802341135172,0.0174713134765625,0.02050018310546875,262144
ID4298011230820180816,subsetted_512x512_HLS.S30.T12TUN.2018246.v1.4,4,0.6,0.6120655213743508,0.7593556381660471,0.6165344371622399,0.9882960095843701,0.6868379997539149,0.9910410908004702,0.041393280029296875,0.06635284423828125,262144
ID4298311481320200606,subsetted_512x512_HLS.S30.T11TPH.2020184.v1.4,5,0.73,0.5389830508474577,0.7004405286343612,0.5941046221976197,0.8531399046104928,0.8697259156258641,0.992084375652812,0.019195556640625,0.02756500244140625,262144
ID4299311311120190906,subsetted_512x512_HLS.S30.T12TUN.2019276.v1.4,3,0.5700000000000001,0.8993473684210527,0.9470067280728006,0.9137558554897222,0.9827689334682985,0.9909368996096856,0.9979555227668678,0.1658172607421875,0.17834091186523438,262144
ID4302611590820180704,subsetted_512x512_HLS.S30.T11TNH.2018217.v1.4,4,0.6,0.22041112747372454,0.3612079937848158,0.22067377605428987,0.9946290395994538,0.9627893835003838,0.9958610146447099,0.041904449462890625,0.188873291015625,262144
ID4304311477420180717,subsetted_512x512_HLS.S30.T11TPH.2018219.v1.4,5,0.73,0.9400892203209268,0.9691195749909054,0.9605290011837218,0.9778651965537303,0.9959384156922645,0.9984895971380322,0.27539825439453125,0.2803688049316406,262144
ID4316911383020180716,subsetted_512x512_HLS.S30.T11TQH.2018219.v1.4,3,0.5700000000000001,0.6609968501019085,0.7959037972424255,0.6742137889325672,0.97119677665251,0.8221815149161962,0.9930029760020544,0.07006072998046875,0.100921630859375,262144
ID4319611377420190801,subsetted_512x512_HLS.S30.T11TQH.2019244.v1.4,5,0.73,0.17847780345624503,0.3028954859103914,0.1787691643273591,0.9909508761850043,0.7928761155839472,0.9630510602534548,0.07967376708984375,0.4416465759277344,262144
ID4328311224320210421,subsetted_512x512_HLS.S30.T12TUN.2021150.v1.4,2,0.5,0.48656822629425367,0.654619435136429,0.7448257080610022,0.5839026473099914,0.6764939947022197,0.9763418540371042,0.0178680419921875,0.014007568359375,262144
ID4345211594520190815,subsetted_512x512_HLS.S30.T11TNJ.2019244.v1.4,3,0.5700000000000001,0.6254677127338564,0.7695849112645726,0.646779830254618,0.9499541704857929,0.8263606521539999,0.9966323440493614,0.020809173583984375,0.0305633544921875,262144
ID4345611483420200806,subsetted_512x512_HLS.S30.T11TPJ.2020249.v1.4,3,0.5700000000000001,0.7823971693940734,0.8779156327543425,0.7922077922077922,0.9844184752365053,0.9672326573617502,0.9989111883849479,0.034275054931640625,0.042591094970703125,262144
ID4346711414520180729,subsetted_512x512_HLS.S30.T11TQJ.2018219.v1.4,3,0.5700000000000001,0.9476186605981795,0.9731049304150061,0.9607014684879335,0.9858328596861246,0.9975874126325643,0.9897320513202796,0.8121056526615346,0.8333498638142686,262142
ID4369611305520200702,subsetted_512x512_HLS.S30.T12TUP.2020241.v1.4,1,0.74,0.3502111141378371,0.5187501576173303,0.9086491739552964,0.36299145902449353,0.5732666338373587,0.7505083509629449,0.10808563232421875,0.043178558349609375,262144
ID4371511252320190722,subsetted_512x512_HLS.S30.T12TUP.2019226.v1.4,4,0.6,0.7082486991284362,0.8292102894499976,0.9895749708845445,0.7135728787026392,0.9884036725260833,0.8460604420612958,0.9357376098632812,0.6747512817382812,262144
ID4401511615420180725,subsetted_512x512_HLS.S30.T11TNJ.2018217.v1.4,1,0.74,0.8937291245236864,0.9438827474847845,0.9565961732124875,0.9315028193184605,0.9785224313161922,0.9899344101715201,0.07780104751986511,0.07576017669745139,262143
ID4409311186520180726,subsetted_512x512_HLS.S30.T12TVP.2018221.v1.4,2,0.5,0.9047542353699093,0.9499957722306397,0.9457057838605176,0.954324859159133,0.9911969340806184,0.9584340815114465,0.8308372497558594,0.838409423828125,262144
ID4414411669220190714,subsetted_512x512_HLS.S30.T11TNJ.2019217.v1.4,4,0.6,0.8142090148582845,0.8975911906400551,0.8622239851910617,0.9359839242141524,0.9779775760160624,0.9992498692887971,0.026576995849609375,0.028850555419921875,262144
ID4447411719020180725,subsetted_512x512_HLS.S30.T11TMK.2018217.v1.4,5,0.73,0.833086663377734,0.9089441105230107,0.9863707165109035,0.8427882215937448,0.9777944595590805,0.999292613625822,0.022930145263671875,0.01959228515625,262144
ID4453211532920210810,subsetted_512x512_HLS.S30.T11TPK.2021268.v1.4,2,0.5,0.8184083001335001,0.9001370045147902,0.9030028184042961,0.8972893232528121,0.9413913901603627,0.91194520394053,0.6619873046875,0.6577987670898438,262144
ID4458311709720180915,subsetted_512x512_HLS.S30.T11TMK.2018292.v1.4,4,0.6,0.8316939890710382,0.9081145584725537,0.9055211803902904,0.9107228338918143,0.9623240761853649,0.9973021593285967,0.031880231661999346,0.03206336367729087,262106
ID4467611644820180726,subsetted_512x512_HLS.S30.T11TNK.2018222.v1.4,1,0.74,0.876764436904399,0.9343361581920904,0.9826059831852886,0.8905867147742266,0.984088353775636,0.9717284544288542,0.5667069760699476,0.5136358954600422,262139
ID4532811445320190804,subsetted_512x512_HLS.S30.T11TPL.2019244.v1.4,4,0.6,0.49255177164506825,0.6600129804572006,0.501589319771138,0.9647103465722237,0.6715295910434677,0.967519680935321,0.09048285754615129,0.1740263307480725,262127
ID4558511544420210705,subsetted_512x512_HLS.S30.T11TPL.2021223.v1.4,1,0.74,0.7670687492589657,0.8681821231693924,0.9880316049223943,0.7742630385487528,0.9777520242141073,0.9581750203854537,0.6058894469293358,0.4748004030103653,262028
ID4645911452820210707,subsetted_512x512_HLS.S30.T11TPM.2021223.v1.4,5,0.73,0.8125102943226019,0.8965579912761437,0.9239291734501289,0.8707618776053335,0.9586943316542286,0.9842252762355805,0.2809410095214844,0.2647743225097656,262144
KS3702809890220200325,subsetted_512x512_HLS.S30.T14SNG.2020118.v1.4,5,0.73,0.5229483804509557,0.6867578535998797,0.959941172351005,0.5346152346035337,0.9261385346052419,0.9822637985673655,0.09780502319335938,0.054470062255859375,262144
KS3786109647720200108,subsetted_512x512_HLS.S30.T14SQG.2020085.v1.4,4,0.6,0.6494947672320462,0.7875075206475961,0.6910818853796679,0.9152046783625731,0.8861162441727455,0.9951964541354283,0.03000675209143171,0.039738156183122826,262141
KS3919209595820201118,subsetted_512x512_HLS.S30.T14SQJ.2020340.v1.4,2,0.5,0.3904895979978101,0.5616577046819808,0.39225668583639733,0.9885949627752257,0.7773867386734794,0.9858757822893405,0.04816436767578125,0.12138748168945312,262144
KS3921209676120191113,subsetted_512x512_HLS.S30.T14SPJ.2019345.v1.4,3,0.5700000000000001,0.5745712929448763,0.7298129916623487,0.5752795972018001,0.9978617065127783,0.9353034136860745,0.988424341818885,0.1480712890625,0.2568397521972656,262144
KY3760808261720190917,subsetted_512x512_HLS.S30.T17SLB.2019287.v1.4,3,0.5700000000000001,0.4962825278810409,0.6633540372670808,0.5819230769230769,0.7712829226847918,0.7584543813168583,0.9583403485933213,0.022454461512633257,0.029761223415214852,262086
LA2991209334620210223,subsetted_512x512_HLS.S30.T15RVP.2021063.v1.4,1,0.74,0.15734389087060482,0.2719051651143099,0.1579009480350891,0.9780701754385965,0.760261502278896,0.9873425074553622,0.015655517578125,0.09697341918945312,262144
LA3111809256120210309,subsetted_512x512_HLS.S30.T15RWQ.2021098.v1.4,1,0.74,0.0,0.0,,0.0,0.2763160639322379,0.9370290923301314,0.04427040615856473,0.0,262139
MN4771209630220210329,subsetted_512x512_HLS.S30.T14TQT.2021112.v1.4,4,0.6,0.308148639436983,0.4711217519892965,0.308797193759808,0.9932304038004751,0.5928654277378717,0.844608264007119,0.1927207113728871,0.619876326099313,262141
MN4796109539420210307,subsetted_512x512_HLS.S30.T14UQU.2021112.v1.4,1,0.74,0.04703298235827348,0.0898404981519097,0.968413496051687,0.04710524477966339,0.2521092836328608,0.5913280929596723,0.10925446929292466,0.005314319286439139,262122
MN4823209549720190530,subsetted_512x512_HLS.S30.T14UQU.2019163.v1.4,2,0.5,0.18114734587003095,0.3067311567916163,0.3571093383388081,0.26880960791239844,0.16826127758753717,0.7974416833377693,0.010799407958984375,0.008129119873046875,262144
MN4866009654320210321,subsetted_512x512_HLS.S30.T14UPU.2021112.v1.4,5,0.73,0.04243766021906316,0.08142004426460396,0.04356146688036744,0.6219262295081968,0.03932563158479803,0.8514913430741536,0.011169689247648185,0.15946943976073671,262138
MN4884009637020180429,subsetted_512x512_HLS.S30.T14UPV.2018136.v1.4,5,0.73,0.34419129533046633,0.5121165365765111,0.35517577817643914,0.9175542727050979,0.4583215634952115,0.9549575760957484,0.046916961669921875,0.12120437622070312,262144
MO3686909295920190323,subsetted_512x512_HLS.S30.T15SVA.2019092.v1.4,5,0.73,0.7071421920104293,0.8284514263895707,0.9854658707500649,0.7145948997835702,0.9812130339042459,0.9991909103090444,0.040538787841796875,0.02939605712890625,262144
MO3691709150920180412,subsetted_512x512_HLS.S30.T15SXA.2018154.v1.4,5,0.73,0.0,0.0,,0.0,0.06532242920671258,0.8101353549459471,0.01449231133101141,0.0,262139
MO3743109121220190409,subsetted_512x512_HLS.S30.T15SXB.2019134.v1.4,5,0.73,0.0,0.0,,0.0,0.07252531359666317,0.845769075266489,0.015628814697265625,0.0,262144
MS3041208915720200426,subsetted_512x512_HLS.S30.T16RBU.2020123.v1.4,3,0.5700000000000001,0.6433366661905442,0.7829639287266406,0.8603629417382999,0.7183413078149921,0.8978400508910794,0.9965525757986521,0.02391815185546875,0.019969940185546875,262144
MT4485811343720200811,subsetted_512x512_HLS.S30.T11TQK.2020249.v1.4,3,0.5700000000000001,0.8404123215787858,0.9132869974026728,0.894073695275434,0.933344207841509,0.9696567179882456,0.9898592800558229,0.2572479248046875,0.26854705810546875,262144
MT4504710573520200722,subsetted_512x512_HLS.S30.T13TDK.2020217.v1.4,3,0.5700000000000001,0.8106775482444954,0.8954411005211512,0.8389934893542144,0.9600322158461694,0.9685232087894888,0.9928682860219404,0.18945693969726562,0.21678924560546875,262144
MT4515311193120180811,subsetted_512x512_HLS.S30.T12TVR.2018246.v1.4,5,0.73,0.6070902023857392,0.7555147825361744,0.6440581564821727,0.913620089758459,0.8141757952042753,0.98480944677181,0.07565128158176831,0.10731411437530756,262137
MT4529310571720200614,subsetted_512x512_HLS.S30.T13TDL.2020187.v1.4,1,0.74,0.6526847177604406,0.7898478285016106,0.9649884651920206,0.6685155588981856,0.8837971841325505,0.9372770939596456,0.040576934814453125,0.028110504150390625,262144
MT4541710565520201006,subsetted_512x512_HLS.S30.T13TDL.2020307.v1.4,1,0.74,0.710971615720524,0.8310735364491945,0.7175320203828673,0.9873033920788327,0.9729285266257286,0.9977750129390214,0.060390472412109375,0.08309555053710938,262144
MT4555711165420200823,subsetted_512x512_HLS.S30.T12TVR.2020256.v1.4,4,0.6,0.9247555449558789,0.9609070070008054,0.9640726006961711,0.9577621341237496,0.9936545718062397,0.9997686827515999,0.030887721587072703,0.03068554186074013,262143
MT4564010610720200825,subsetted_512x512_HLS.S30.T13TDL.2020245.v1.4,2,0.5,0.7277921120530778,0.8424533333333334,0.7577472896478941,0.9484808454425363,0.9505948887566098,0.9975702297130463,0.031764984130859375,0.039760589599609375,262144
MT4568311385420210708,subsetted_512x512_HLS.S30.T11TQL.2021223.v1.4,1,0.74,0.6220445177246496,0.7669882187909776,0.9544313244325261,0.6410841351770429,0.9655025182236456,0.7390992833576289,0.897998344351913,0.6031785391385289,262133
MT4569810891520200802,subsetted_512x512_HLS.S30.T12TXR.2020283.v1.4,4,0.6,0.8405568445475639,0.913372327551432,0.9459007832898172,0.883006727113191,0.9604377357646199,0.9966088685619372,0.039127349853515625,0.036525726318359375,262144
MT4571210446620201012,subsetted_512x512_HLS.S30.T13TEL.2020307.v1.4,1,0.74,0.6940343130490778,0.8193863698072223,0.7072084739407574,0.973860849361043,0.9309526138181315,0.995484424422671,0.05910491943359375,0.081390380859375,262144
MT4572011097420200904,subsetted_512x512_HLS.S30.T12TWR.2020283.v1.4,2,0.5,0.7530877297228471,0.8591557820576451,0.7818758675391632,0.9533877814195906,0.9528434023171866,0.9898166805249486,0.16182211826900503,0.19731934022554756,230018
MT4577311182220200929,subsetted_512x512_HLS.S30.T12TVR.2020281.v1.4,3,0.5700000000000001,0.7063588850174216,0.8279136249936189,0.7099457187883033,0.9928982490510592,0.9592113470119237,0.9986730766637769,0.031156890796375774,0.04357463042441583,262125
MT4589610704320200803,subsetted_512x512_HLS.S30.T13TCL.2020245.v1.4,1,0.74,0.8339931740614335,0.9094834003275272,0.9723062231418113,0.8542861138302336,0.98053587260716,0.9993287157998496,0.027306295607546938,0.02399181307540448,261881
MT4590510631720200902,subsetted_512x512_HLS.S30.T13TDL.2020280.v1.4,4,0.6,0.929363301293633,0.9633885963006525,0.9470560076591671,0.9802944023905901,0.9913639746774582,0.9922260597894094,0.5004158020019531,0.5179786682128906,262144
MT4599210727920200923,subsetted_512x512_HLS.S30.T13TCL.2020280.v1.4,2,0.5,0.7109477124183007,0.8310572056155096,0.711412688031393,0.9990815154994259,0.9656507903268665,0.9938693999466606,0.16613006591796875,0.233306884765625,262144
MT4609911223320200829,subsetted_512x512_HLS.S30.T12TVS.2020256.v1.4,2,0.5,0.4600908761912421,0.6302222467021013,0.6891525627898573,0.580576415668764,0.6516225254925824,0.9159845414176782,0.07541797892980556,0.06353585874627368,261317
MT4620510572420200806,subsetted_512x512_HLS.S30.T13TDM.2020250.v1.4,3,0.5700000000000001,0.7789416405931165,0.8757360250822054,0.8118531121508578,0.950531208499336,0.9761756845783598,0.9993364262249249,0.022979736328125,0.026905059814453125,262144
MT4630410839320200902,subsetted_512x512_HLS.S30.T12TXS.2020278.v1.4,3,0.5700000000000001,0.8540740325137111,0.9212944224840656,0.908012466819768,0.9349707099478691,0.9638739985584737,0.9708895100118201,0.4968605041503906,0.5116119384765625,262144
MT4635510649020200715,subsetted_512x512_HLS.S30.T13TCM.2020215.v1.4,3,0.5700000000000001,0.7406994047619048,0.8510365462705707,0.7703120969822027,0.9506605124940315,0.9545676082290585,0.9987013648273705,0.023967742919921875,0.02957916259765625,262144
MT4637510768820200827,subsetted_512x512_HLS.S30.T12TYS.2020248.v1.4,1,0.74,0.6058248110271232,0.7545341270940052,0.6151241534988713,0.9756534192624419,0.9269853610055301,0.9979082771626215,0.02130889892578125,0.0337982177734375,262144
MT4649511207120200613,subsetted_512x512_HLS.S30.T12TVS.2020191.v1.4,2,0.5,0.6569767441860465,0.7929824561403509,0.705327333430106,0.9055162131941856,0.9077210314317512,0.9964241475427563,0.02046966552734375,0.026279449462890625,262144
MT4674110768520200902,subsetted_512x512_HLS.S30.T12TYS.2020278.v1.4,1,0.74,0.7234732272069464,0.839552614785208,0.8320905459387483,0.8471497322578458,0.8971322925885596,0.9918291092524977,0.056278228759765625,0.0572967529296875,262144
MT4675110703320200807,subsetted_512x512_HLS.S30.T13TCM.2020250.v1.4,3,0.5700000000000001,0.9078479411997155,0.9516984258492129,0.9492211709292236,0.9541886447647132,0.9924263682709169,0.999169983601007,0.09184646606445312,0.09232711791992188,262144
MT4675311196320190726,subsetted_512x512_HLS.S30.T12TVS.2019216.v1.4,3,0.5700000000000001,0.7267220014948271,0.8417359608155827,0.7313249673409604,0.9914135451325534,0.8899496650604684,0.9934722791231476,0.07108306884765625,0.09636306762695312,262144
MT4712810977820200902,subsetted_512x512_HLS.S30.T12TWT.2020276.v1.4,3,0.5700000000000001,0.8407018311811483,0.9134579179960762,0.8551762523191094,0.9802645570158649,0.9791665895922232,0.997894120929511,0.08968734741210938,0.10280609130859375,262144
MT4715410847520180825,subsetted_512x512_HLS.S30.T12TXT.2018248.v1.4,2,0.5,0.6511227738105481,0.7887030378823406,0.6525825644563249,0.9965762444034765,0.9861440513057548,0.9995015632527763,0.02896881103515625,0.044239044189453125,262144
MT4730311448320200727,subsetted_512x512_HLS.S30.T11TPN.2020217.v1.4,4,0.6,0.6678420617300074,0.8008456880350804,0.6899172513041913,0.9542796715600895,0.9182394129739284,0.9932544657041236,0.0613250732421875,0.0848236083984375,262144
MT4736310474020180809,subsetted_512x512_HLS.S30.T13TEN.2018245.v1.4,3,0.5700000000000001,0.7466566679165104,0.8549552772808586,0.7694487377640391,0.961841893414909,0.9479577299776435,0.9986912407654126,0.023693084716796875,0.0296173095703125,262144
MT4738010691520200902,subsetted_512x512_HLS.S30.T13TCN.2020278.v1.4,5,0.73,0.7930693250746761,0.8845941581669153,0.9680428282768031,0.8143908268044988,0.9783863629572324,0.970108870899335,0.6081428527832031,0.5116157531738281,262144
MT4743511435720190723,subsetted_512x512_HLS.S30.T11TPN.2019214.v1.4,2,0.5,0.7635180240320427,0.8659032838080818,0.8043814614248541,0.9376152805672828,0.9392436460990099,0.9938421901442587,0.09306716918945312,0.10848236083984375,262144
MT4747210794120190812,subsetted_512x512_HLS.S30.T12TYT.2019248.v1.4,4,0.6,0.8349589891376635,0.9100573844759892,0.8832219486457967,0.9385746324445552,0.960107214117339,0.9979087755796267,0.03061676025390625,0.032535552978515625,262144
MT4758010779320180720,subsetted_512x512_HLS.S30.T12TYT.2018213.v1.4,2,0.5,0.6674839547126271,0.8005881589759114,0.7471746851792057,0.8622263623660922,0.8751874930038781,0.9932815345771318,0.040950775146484375,0.0472564697265625,262144
MT4758110954820200807,subsetted_512x512_HLS.S30.T12TXT.2020248.v1.4,5,0.73,0.4520091609410785,0.6225982219673072,0.9492785308264101,0.46319607424791975,0.8776539599142141,0.9966217931049144,0.017879486083984375,0.008724212646484375,262144
MT4762510936620180903,subsetted_512x512_HLS.S30.T12TXT.2018293.v1.4,5,0.73,0.3303121116877421,0.4965934065934066,0.34409502779258355,0.8918492204460233,0.8526472018675637,0.9853333753869745,0.01933165209893594,0.05010510894322591,262109
MT4783310693320200821,subsetted_512x512_HLS.S30.T13UCP.2020248.v1.4,3,0.5700000000000001,0.8078728147365951,0.8937274880747639,0.8316323449483665,0.965843736849488,0.9791878654489221,0.9985991526109403,0.05438995361328125,0.06316757202148438,262144
MT4801910865120210816,subsetted_512x512_HLS.S30.T12UXU.2021250.v1.4,3,0.5700000000000001,0.855522048645442,0.922136224972358,0.8863933208697211,0.960882842865075,0.9811047169545325,0.9903100171437138,0.19545175836041911,0.21187686864795352,184291
MT4818110588720200824,subsetted_512x512_HLS.S30.T13UDP.2020255.v1.4,2,0.5,0.5729485570890841,0.728502600427555,0.5741588291505306,0.9963344388200384,0.9669389849134777,0.9983514283759457,0.04370880126953125,0.07584762573242188,262144
MT4831111365120180811,subsetted_512x512_HLS.S30.T11UQP.2018249.v1.4,4,0.6,0.5718216840946615,0.7275910364145658,0.6443410852713178,0.8355448331322879,0.7894620968453048,0.9939398161098899,0.0189980749839582,0.024635621963516364,261816
MT4835010534020180831,subsetted_512x512_HLS.S30.T13UDP.2018290.v1.4,4,0.6,0.20131073824700718,0.3351518168242907,0.2020246875056258,0.9827480514931255,0.902545679168083,0.9682631848436816,0.13068008422851562,0.6356925964355469,262144
NC3634008046020211127,subsetted_512x512_HLS.S30.T17SNA.2021348.v1.4,3,0.5700000000000001,0.740081835972247,0.8506287700644106,0.8639667705088265,0.837696335078534,0.9346216841527542,0.9978289744352525,0.018947255967279166,0.018371131188572126,262096
NE4165010345220200827,subsetted_512x512_HLS.S30.T13TFG.2020274.v1.4,4,0.6,0.8596837944664032,0.924548352816153,0.9199564214304025,0.9291863551038902,0.9812932816181872,0.9987334538126429,0.058933258056640625,0.0595245361328125,262144
NE4166810220320190321,subsetted_512x512_HLS.S30.T14TKM.2019144.v1.4,1,0.74,0.0,0.0,0.0,0.0,0.09226451059943744,0.4425149927643328,0.1049661571802483,0.005601043900280052,262094
NE4230710373320190405,subsetted_512x512_HLS.S30.T13TEG.2019157.v1.4,1,0.74,0.0,0.0,,0.0,0.017810577674903415,0.3607538533087837,0.02524566650390625,0.0,262144
NE4280510153220200928,subsetted_512x512_HLS.S30.T13TGH.2020304.v1.4,5,0.73,0.884682790045566,0.9388134647572997,0.9374436249801029,0.9401873137505321,0.9880729079727559,0.99897884929104,0.07169946660358498,0.07190931497859547,262094
NJ3931607511120200409,subsetted_512x512_HLS.S30.T18SVJ.2020131.v1.4,3,0.5700000000000001,0.5257050330589664,0.6891306270451932,0.867706013363029,0.5715123954818835,0.8349651162224847,0.9911639683487244,0.026004791259765625,0.01712799072265625,262144
NJ3974007449020180422,subsetted_512x512_HLS.S30.T18TWK.2018121.v1.4,4,0.6,0.18112519678515204,0.3066994037179937,0.20753821323459604,0.5873186458893068,0.16511207793890176,0.9582603838816675,0.014198357385091342,0.040180359574735924,262143
NJ3977007445020190330,subsetted_512x512_HLS.S30.T18TWK.2019093.v1.4,1,0.74,0.747173639965214,0.8552940851146199,0.8699932493249325,0.8410833741230217,0.891527300098566,0.9353031663317305,0.14028167724609375,0.1356201171875,262144
NM3134910867820180516,subsetted_512x512_HLS.S30.T12RYV.2018152.v1.4,3,0.5700000000000001,0.9001438548172921,0.9474481129786305,0.950002270854555,0.9449076523961332,0.9898089094476821,0.9859601742550624,0.5911178588867188,0.5879478454589844,262144
NM3145210885920190207,subsetted_512x512_HLS.S30.T12RXV.2019062.v1.4,3,0.5700000000000001,0.296971655433478,0.4579462537818117,0.3010013101253977,0.9568644950171055,0.9098403587831034,0.9891892331042914,0.025646209716796875,0.0815277099609375,262144
NM3212110384520200729,subsetted_512x512_HLS.S30.T13SFR.2020216.v1.4,5,0.73,0.0,0.0,,0.0,0.904394803559132,0.9922576790705238,0.0399322509765625,0.0,262144
NM3221210467920180522,subsetted_512x512_HLS.S30.T13SER.2018156.v1.4,1,0.74,0.5798632153060341,0.7340676201435695,0.9703730532415792,0.5903141938042569,0.7194289943475367,0.8196626261553606,0.08656692504882812,0.052661895751953125,262144
NM3242610655220180624,subsetted_512x512_HLS.S30.T13SCR.2018214.v1.4,4,0.6,0.0,0.0,,0.0,0.144457888182494,0.6549822729194296,0.08370590209960938,0.0,262144
NM3250010718420200606,subsetted_512x512_HLS.S30.T13SBS.2020217.v1.4,3,0.5700000000000001,0.5360169491525424,0.6979310344827586,0.8390306122448979,0.5974568574023615,0.8166884549043812,0.9928709704612025,0.020999908447265625,0.01495361328125,262144
NM3250810502620180615,subsetted_512x512_HLS.S30.T13SDS.2018214.v1.4,2,0.5,0.0,0.0,0.0,0.0,0.08472605792704425,0.35806460404724383,0.11356735229492188,0.000171661376953125,262144
NM3316110373620180331,subsetted_512x512_HLS.S30.T13SFS.2018136.v1.4,4,0.6,0.5425311702690994,0.7034297662515994,0.964236824093087,0.5536723163841808,0.9235101166876741,0.9906123482620699,0.07764816284179688,0.044586181640625,262144
NM3317010361120180518,subsetted_512x512_HLS.S30.T13SFS.2018196.v1.4,5,0.73,0.0,0.0,,0.0,0.028700988012398357,0.14318530336468477,0.05079670256310487,0.0,262143
NM3349810333820180412,subsetted_512x512_HLS.S30.T13SFT.2018136.v1.4,4,0.6,0.00857007955385698,0.016994514764205524,0.8801463860933212,0.008580092757759544,0.5535963069705617,0.6087169696860871,0.427703857421875,0.004169464111328125,262144
NM3349910789720190605,subsetted_512x512_HLS.S30.T13SBT.2019202.v1.4,5,0.73,0.12351006987258528,0.21986464239985368,0.34046169097861495,0.16235564260147228,0.39474157733525445,0.9481553908532738,0.056484222412109375,0.026935577392578125,262144
NM3358510552620180412,subsetted_512x512_HLS.S30.T13SDT.2018134.v1.4,1,0.74,0.8434259148885446,0.9150635326069385,0.9524803123106953,0.8804753608760577,0.9802116292640369,0.9987383150319644,0.061309814453125,0.056674957275390625,262144
NM3361010740620190713,subsetted_512x512_HLS.S30.T13SBT.2019237.v1.4,3,0.5700000000000001,0.03503118503118503,0.06769107160791403,0.8033373063170441,0.035334207077326346,0.3523872018571416,0.6924721286444737,0.07276535034179688,0.003200531005859375,262144
NM3366710562920200804,subsetted_512x512_HLS.S30.T13SDT.2020249.v1.4,1,0.74,0.09849217088729945,0.17932248130224374,0.47461574289706565,0.11054458667823823,0.137510518231476,0.6714554397960251,0.03516387939453125,0.008190155029296875,262144
NM3380810573920190526,subsetted_512x512_HLS.S30.T13SDT.2019184.v1.4,2,0.5,0.19080515987039187,0.32046411335866104,0.7798600699650174,0.2016670974411993,0.2673814149949242,0.437446481850973,0.0590362548828125,0.01526641845703125,262144
NM3418210345020190410,subsetted_512x512_HLS.S30.T13SFT.2019171.v1.4,4,0.6,0.0,0.0,0.0,0.0,0.03448016393410585,0.5294538622551554,0.03240966796875,0.00022125244140625,262144
NM3436210506320180807,subsetted_512x512_HLS.S30.T13SDU.2018254.v1.4,4,0.6,0.1729895104895105,0.29495491467322454,1.0,0.1729895104895105,0.7358935885597351,0.9689042354282785,0.04364013671875,0.007549285888671875,262144
NM3470710514020180721,subsetted_512x512_HLS.S30.T13SDU.2018219.v1.4,4,0.6,0.0,0.0,,0.0,0.19939411452871464,0.7384838356703619,0.04686737060546875,0.0,262144
NM3534510752720190804,subsetted_512x512_HLS.S30.T13SBV.2019247.v1.4,5,0.73,0.24600085239380595,0.3948646614826808,0.9974654377880184,0.24615472095072924,0.9241179002121982,0.9815841581564867,0.13417434692382812,0.033111572265625,262144
NM3583110586320200818,subsetted_512x512_HLS.S30.T13SDV.2020269.v1.4,5,0.73,0.41665846698809406,0.5882271227643688,0.8657738703741567,0.4454320727923,0.7624691098221694,0.9703328492723559,0.07252883911132812,0.03731536865234375,262144
NM3592510438120200501,subsetted_512x512_HLS.S30.T13SEV.2020154.v1.4,2,0.5,0.0,0.0,0.0,0.0,0.0865234046968634,0.3234949009317156,0.11471176147460938,0.00017547607421875,262144
NM3613910422420200606,subsetted_512x512_HLS.S30.T13SEA.2020214.v1.4,2,0.5,0.0,0.0,0.0,0.0,0.01739556108410123,0.41765548125892227,0.022472381591796875,0.0006561279296875,262144
NM3623610471320180404,subsetted_512x512_HLS.S30.T13SEA.2018144.v1.4,1,0.74,0.0,0.0,,0.0,0.019157166536799195,0.17596727293550132,0.019832611083984375,0.0,262144
NM3636510508520180629,subsetted_512x512_HLS.S30.T13SDA.2018199.v1.4,5,0.73,0.5950066018485176,0.7460866947621915,0.9429332318813011,0.6172332212675881,0.8957338693973407,0.994026655002801,0.030654660798601435,0.020066187500715694,261983
NM3644910620720190713,subsetted_512x512_HLS.S30.T13SCA.2019227.v1.4,1,0.74,0.0560586954029577,0.10616587060356057,0.9918864097363083,0.056084413350154835,0.15517938945879947,0.30793841005559475,0.033290697008457264,0.0018823619251255226,261905
NM3655410312720190805,subsetted_512x512_HLS.S30.T13SFA.2019244.v1.4,3,0.5700000000000001,0.5422311307713574,0.7031775198314884,0.5973047053449063,0.8546682645168319,0.8485030845770236,0.9888132946544106,0.035015106201171875,0.05010223388671875,262144
NM3690210301720180609,subsetted_512x512_HLS.S30.T13SFA.2018184.v1.4,3,0.5700000000000001,0.6330640699347129,0.7753083073587207,0.9141168011504354,0.6730984175539738,0.9202619992215355,0.9940228610760447,0.06484603881835938,0.047748565673828125,262144
NM3692110306120180308,subsetted_512x512_HLS.S30.T13SFA.2018134.v1.4,1,0.74,0.05906158457083834,0.11153569430010392,0.9989975655162537,0.05906508504999704,0.7307669463350246,0.6219081609222877,0.4505424499511719,0.026638031005859375,262144
NM3694510319920200523,subsetted_512x512_HLS.S30.T13SFA.2020154.v1.4,4,0.6,0.5509396636993076,0.7104591836734694,0.583517634734024,0.9079876833906901,0.7848122701932788,0.9888694984800996,0.021060943603515625,0.032772064208984375,262144
NM3698710394020180607,subsetted_512x512_HLS.S30.T13SEB.2018189.v1.4,2,0.5,0.6448906203176505,0.7841136819092731,0.8798037612428454,0.7071968452185343,0.8075988825824116,0.9815944209242593,0.02321970202781328,0.018664275767345147,262105
NV3594511544620200720,subsetted_512x512_HLS.S30.T11SPV.2020236.v1.4,4,0.6,0.0,0.0,,0.0,0.267801725901656,0.7166115821379293,0.04767608642578125,0.0,262144
NV3599911559820210610,subsetted_512x512_HLS.S30.T11SPV.2021215.v1.4,4,0.6,0.28940076203671633,0.4488918737407656,0.6489320388349514,0.3431211498973306,0.48882123178002473,0.9541242788331725,0.01857757568359375,0.009822845458984375,262144
NV3616411427620190725,subsetted_512x512_HLS.S30.T11SQA.2019226.v1.4,4,0.6,0.19964590710268695,0.3328413924819863,0.8342036553524804,0.20789502223186204,0.6894733279933021,0.9710039378835662,0.07035064697265625,0.0175323486328125,262144
NV3630611561820200628,subsetted_512x512_HLS.S30.T11SPA.2020196.v1.4,3,0.5700000000000001,0.8884957084776389,0.9409560259937009,0.9162267080745342,0.9670572809964763,0.9889775594195384,0.9993200163342519,0.04655110588917457,0.04913367564144624,262142
NV3660711406220200922,subsetted_512x512_HLS.S30.T11SQA.2020286.v1.4,4,0.6,0.8287144426809914,0.9063355364176514,0.8659267763745375,0.9507002801120448,0.9721891735575887,0.9984995193754398,0.02723714627949737,0.029903640011901947,262142
NV3700011641620210517,subsetted_512x512_HLS.S30.T11SNB.2021153.v1.4,1,0.74,0.7581577353177137,0.8624456385088888,0.92144825733531,0.8105444647686396,0.9446227166556864,0.9409334721532018,0.4358634948730469,0.3834037780761719,262144
NV3701011608020200727,subsetted_512x512_HLS.S30.T11SNB.2020234.v1.4,4,0.6,0.76372470810066,0.8660361842105263,0.9741905642923219,0.7794966691339749,0.9482135634015296,0.9944654118601448,0.05153656005859375,0.04123687744140625,262144
NV3716311461020200708,subsetted_512x512_HLS.S30.T11SQB.2020241.v1.4,4,0.6,0.2619371776026383,0.41513505149321733,0.9986145001861119,0.2620324047445929,0.94033384719253,0.8558969855201695,0.7030258178710938,0.18447113037109375,262144
NV3721011487220190823,subsetted_512x512_HLS.S30.T11SPB.2019281.v1.4,5,0.73,0.7629975629569455,0.8655684828936758,0.96896492434663,0.7821108875164805,0.9665445415300101,0.9973839725689263,0.0549740217134225,0.044372897132088716,262142
NV3722911623920180728,subsetted_512x512_HLS.S30.T11SNB.2018224.v1.4,1,0.74,0.845420857596612,0.9162363740676994,0.9410724808485563,0.8926774734488541,0.9765897732700246,0.9989639967755165,0.034122467041015625,0.032367706298828125,262144
NV3727011619820210825,subsetted_512x512_HLS.S30.T11SNB.2021268.v1.4,2,0.5,0.8313788340760431,0.9079266600735676,0.8404573415703992,0.9871739332239997,0.9845761768302322,0.9951583791420644,0.2465657270816405,0.2896081056851951,262137
NV3731011483320200719,subsetted_512x512_HLS.S30.T11SPB.2020241.v1.4,1,0.74,0.7476562764409246,0.8556102095356133,0.9426699950927052,0.7832715797684685,0.9489046806962593,0.9778881636687865,0.21517562866210938,0.17879104614257812,262144
NV3746711499420200626,subsetted_512x512_HLS.S30.T11SPB.2020196.v1.4,1,0.74,0.6848992883849958,0.8129854325494829,0.9861788500224322,0.6915371890761846,0.9459807496289266,0.9389980288862361,0.3758888244628906,0.2635841369628906,262144
NV3788911411120200713,subsetted_512x512_HLS.S30.T11SQC.2020241.v1.4,4,0.6,0.8138920840740353,0.8973985731786409,0.8252180136241949,0.9834165139933034,0.9784038582342781,0.9970489789358109,0.12076568603515625,0.14391708374023438,262144
NV3833511422820200626,subsetted_512x512_HLS.S30.T11SQC.2020196.v1.4,4,0.6,0.8335432938607542,0.9092158299743496,0.9271801578775282,0.8919343967647719,0.9746021050585167,0.9970480451529959,0.08489608764648438,0.08166885375976562,262144
NV3881811941120180617,subsetted_512x512_HLS.S30.T11SKD.2018192.v1.4,5,0.73,0.6938353987925008,0.8192477253540944,0.8706140350877193,0.7736049601417183,0.9296373426080753,0.997983670358332,0.021533966064453125,0.019134521484375,262144
NV3883311498820200624,subsetted_512x512_HLS.S30.T11SPD.2020184.v1.4,4,0.6,0.8406053214525724,0.9134009465855307,0.939051855971083,0.8891141239963143,0.9652495081672221,0.9935560970605,0.14490127563476562,0.13719558715820312,262144
NV3884311963920200707,subsetted_512x512_HLS.S30.T11SKD.2020217.v1.4,1,0.74,0.7884065531667286,0.8816860481423515,0.8379467713042736,0.93024301897513,0.8891955531130655,0.9581373396130833,0.3222618103027344,0.357757568359375,262144
NV3887811956320200624,subsetted_512x512_HLS.S30.T11SKD.2020197.v1.4,2,0.5,0.11885236768802228,0.2124540665425177,0.11886958556671161,0.9987827715355805,0.11189658432496262,0.8461979557821755,0.040740966796875,0.3423194885253906,262144
NV3934011453020200511,subsetted_512x512_HLS.S30.T11SQD.2020196.v1.4,3,0.5700000000000001,0.47708002119766824,0.645977217687685,0.5910060725422616,0.7122231012658228,0.6094523396071514,0.9897181552684631,0.019287256525089454,0.023243127770445026,262142
NV3974911820520190813,subsetted_512x512_HLS.S30.T11TLE.2019257.v1.4,2,0.5,0.7781612368856985,0.8752426053877804,0.7913800365014741,0.9789857589440778,0.976837132325081,0.9994740933631606,0.02196502685546875,0.027172088623046875,262144
NV3986111961620180727,subsetted_512x512_HLS.S30.T11TKE.2018215.v1.4,3,0.5700000000000001,0.9282901509251039,0.9628116914664046,0.9478721747641929,0.9782296760566613,0.9940934651198933,0.9893464905161738,0.6646270751953125,0.6859130859375,262144
NV4006311484620180813,subsetted_512x512_HLS.S30.T11TPE.2018244.v1.4,1,0.74,0.7456629734685243,0.8543034764459008,0.8271950488078371,0.8832488723060645,0.9349942356997168,0.9396805528049352,0.41100311279296875,0.4388542175292969,262144
NV4013411644020190722,subsetted_512x512_HLS.S30.T11TNE.2019224.v1.4,5,0.73,0.7192687033918691,0.8367147054708269,0.8215414205247974,0.8524590163934426,0.9450997265823976,0.9979572317428999,0.026760101318359375,0.027767181396484375,262144
NV4031211561920190804,subsetted_512x512_HLS.S30.T11TPE.2019269.v1.4,2,0.5,0.900391474554154,0.9475852597848478,0.9093238642603507,0.9892079168491896,0.988437167534515,0.9962014494620238,0.2873747816069153,0.3126206407214411,262142
NV4040711826020180623,subsetted_512x512_HLS.S30.T11TLE.2018182.v1.4,3,0.5700000000000001,0.298712055327784,0.4600127551020408,0.30086760657378825,0.9765773084213377,0.86819358525847,0.991966502514132,0.02817535400390625,0.09145355224609375,262144
NV4048111917220180723,subsetted_512x512_HLS.S30.T11TLE.2018247.v1.4,1,0.74,0.8326045578476259,0.9086570851111611,0.9101900798560342,0.907129245600269,0.9670254022468407,0.997498112961932,0.06806182861328125,0.06783294677734375,262144
NV4056511665220180623,subsetted_512x512_HLS.S30.T11TNE.2018199.v1.4,4,0.6,0.660734149054505,0.7957133288680509,0.6864076267514083,0.9464250149372635,0.9598916520048479,0.996998916936324,0.019153594970703125,0.026409149169921875,262144
NV4057511751220190723,subsetted_512x512_HLS.S30.T11TME.2019222.v1.4,1,0.74,0.7271323354716085,0.8420111424444597,0.8674886621315193,0.817987438193238,0.9022209872538716,0.9850707087799729,0.02859960175350759,0.026967631962147475,261647
NV4061211588320180724,subsetted_512x512_HLS.S30.T11TNF.2018219.v1.4,3,0.5700000000000001,0.8125234345706787,0.8965659908978072,0.8291245791245792,0.9759502792289677,0.9791926455276261,0.9989194981273735,0.04235076904296875,0.0498504638671875,262144
NV4061811574920200719,subsetted_512x512_HLS.S30.T11TPE.2020219.v1.4,3,0.5700000000000001,0.8442299676147113,0.9155365463523194,0.8713307078796704,0.9644675629143925,0.9765481883651783,0.9972870399788909,0.10413742065429688,0.11526870727539062,262144
NV4064611615820180823,subsetted_512x512_HLS.S30.T11TNF.2018244.v1.4,2,0.5,0.7626600621805343,0.8653512705530643,0.7686343238004195,0.9899114257378339,0.9117589306966005,0.9820399961856239,0.22309112548828125,0.28731536865234375,262144
NV4064811732520190722,subsetted_512x512_HLS.S30.T11TMF.2019227.v1.4,4,0.6,0.473432483784315,0.6426252834719196,0.4791856628922893,0.9752674022336943,0.4069040970592087,0.9216976221648256,0.11305618286132812,0.23009872436523438,262144
NV4067411551020180930,subsetted_512x512_HLS.S30.T11TPF.2018289.v1.4,4,0.6,0.7712122990259359,0.8708298823919165,0.8115634776881278,0.9394343713516475,0.8645294540307205,0.9809546245545387,0.1613847147669071,0.18681267976067797,260068
NV4067711610520180627,subsetted_512x512_HLS.S30.T11TNF.2018199.v1.4,2,0.5,0.7166857977668788,0.8349644398516808,0.7311049606131573,0.973218081337679,0.959723185847673,0.9987363754045867,0.026920318603515625,0.03583526611328125,262144
NV4076011752020180724,subsetted_512x512_HLS.S30.T11TMF.2018222.v1.4,1,0.74,0.8871659648156165,0.9402097975016163,0.9060653563246112,0.9770284327323162,0.9872477085037861,0.9968744104104863,0.176025390625,0.18981170654296875,262144
NV4076611721820190808,subsetted_512x512_HLS.S30.T11TMF.2019257.v1.4,1,0.74,0.8241375435442184,0.9035914495164171,0.8626205598682662,0.9486482990557495,0.9514161735094263,0.9982457506429453,0.029491424560546875,0.03243255615234375,262144
NV4083911966720200812,subsetted_512x512_HLS.S30.T11TKF.2020265.v1.4,1,0.74,0.838541372891872,0.9121811292969888,0.8603796516002084,0.9706199196944472,0.9718840245475867,0.9904493308911794,0.23371124267578125,0.2636566162109375,262144
NV4089711609720191014,subsetted_512x512_HLS.S30.T11TNF.2019314.v1.4,5,0.73,0.8164741895088354,0.8989659134431253,0.9656080302780977,0.8409286328460877,0.9720727995013794,0.9989476710912655,0.02661895751953125,0.023181915283203125,262144
NV4099311562120210622,subsetted_512x512_HLS.S30.T11TPF.2021183.v1.4,3,0.5700000000000001,0.6361028779041974,0.7775829827021973,0.6566324516383735,0.9531518624641834,0.9442319038485939,0.9973644931835288,0.0266265869140625,0.0386505126953125,262144
NV4116511680820190722,subsetted_512x512_HLS.S30.T11TNF.2019224.v1.4,3,0.5700000000000001,0.4696313878804803,0.6391145313761817,0.4800542353528866,0.9558113100312589,0.6409143407239601,0.9907805172438033,0.02684783935546875,0.053455352783203125,262144
NV4124711727320200723,subsetted_512x512_HLS.S30.T11TMF.2020217.v1.4,4,0.6,0.3891514916698954,0.5602722150945502,0.3974358974358974,0.9491589491589492,0.9148646840453506,0.9930640772406296,0.020183563232421875,0.0482025146484375,262144
NV4125011713520190916,subsetted_512x512_HLS.S30.T11TMF.2019312.v1.4,2,0.5,0.45672291780076213,0.6270553064275037,0.45868926399234605,0.9907011070110701,0.6938290866556365,0.9924804372700591,0.025844968337529563,0.05582131685358969,262140
NV4127811541520180716,subsetted_512x512_HLS.S30.T11TPF.2018219.v1.4,2,0.5,0.7929964539007093,0.884548825710754,0.8181651879630476,0.962656048213517,0.9597215266075799,0.9969710223961588,0.070892333984375,0.08341217041015625,262144
NV4130311596620180903,subsetted_512x512_HLS.S30.T11TNF.2018289.v1.4,5,0.73,0.8754812904190498,0.9336070638416615,0.8942344406261932,0.976606480130103,0.9865934113376159,0.9986120655570205,0.0915043403605838,0.09993322522178766,262075
NV4160011549220180725,subsetted_512x512_HLS.S30.T11TPG.2018219.v1.4,3,0.5700000000000001,0.7391575663026521,0.8500179404377467,0.7446173188747446,0.9901776384535005,0.9750994915374759,0.9995344520410874,0.018253326416015625,0.024272918701171875,262144
NV4164111779920190723,subsetted_512x512_HLS.S30.T11TMG.2019217.v1.4,5,0.73,0.6460233842991134,0.7849504332214503,0.6727321380786727,0.9421023046655425,0.9329659613313577,0.997709092949821,0.020359039306640625,0.02851104736328125,262144
NV4180711406520180726,subsetted_512x512_HLS.S30.T12TTM.2018219.v1.4,5,0.73,0.9106467590118789,0.9532340341998478,0.9821840226980538,0.925941792003845,0.9936355408283184,0.9809402603737161,0.7301979064941406,0.688385009765625,262144
NV4180711966720200727,subsetted_512x512_HLS.S30.T10TGM.2020215.v1.4,1,0.74,0.46847414880201765,0.6380420781451267,0.47997416020671835,0.9513444302176697,0.8624990944232822,0.9920049826536432,0.032772064208984375,0.0649566650390625,262144
NV4181211632420180817,subsetted_512x512_HLS.S30.T11TNG.2018289.v1.4,4,0.6,0.8235600923925191,0.9032442592138596,0.9800158612094911,0.8376269887715192,0.9841756401136997,0.8704044710978719,0.9070533873061941,0.7752654089971741,261860
NV4186711864020180724,subsetted_512x512_HLS.S30.T11TLG.2018247.v1.4,5,0.73,0.32508579833306095,0.49066377247724524,0.33037701378508555,0.9530471444998083,0.9055781125680156,0.9892937032956651,0.0398101806640625,0.11484146118164062,262144
NV4193711416620190804,subsetted_512x512_HLS.S30.T12TTM.2019244.v1.4,4,0.6,0.8945735976132101,0.9443534933033975,0.9100579980166481,0.9813350615683732,0.9903304292858215,0.9986531150206648,0.1177215576171875,0.12694168090820312,262144
NV4194911609820180721,subsetted_512x512_HLS.S30.T11TNG.2018219.v1.4,1,0.74,0.8833021340321977,0.9380355048406656,0.8983360621406542,0.981405990016639,0.9899074356864516,0.998971270831443,0.091705322265625,0.10018539428710938,262144
NY4487007364020180712,subsetted_512x512_HLS.S30.T18TXQ.2018266.v1.4,2,0.5,0.10823373173970784,0.19532654284002396,0.8578947368421053,0.11020960108181203,0.2886240307558853,0.8610842667136243,0.011347028022325796,0.0014576979879931719,260685
OK3434009530020180724,subsetted_512x512_HLS.S30.T15STU.2018237.v1.4,3,0.5700000000000001,0.640934065934066,0.7811819856018751,0.7955669224211424,0.7673080085512252,0.8645568882787964,0.9940274715476972,0.0231983245018712,0.022374309028691763,262131
OK3434009756220180322,subsetted_512x512_HLS.S30.T14SPD.2018100.v1.4,5,0.73,0.7091524331292298,0.8298293579711511,0.7626061341188702,0.9100496277915633,0.9411358641930175,0.9983593844457591,0.0184478759765625,0.022014617919921875,262144
OK3475809868420180702,subsetted_512x512_HLS.S30.T14SND.2018215.v1.4,3,0.5700000000000001,0.5983114057805864,0.7486793920342224,0.8835092550099434,0.6495529438227521,0.8102480293181131,0.973852701377301,0.06783986693726825,0.04987563517617078,262132
OK3525609595520200222,subsetted_512x512_HLS.S30.T14SQE.2020065.v1.4,2,0.5,0.4713602604537593,0.6407135942469921,0.5276164445962874,0.8155254356627354,0.6147824173758853,0.9823626520085867,0.021671377835761396,0.03349698447030819,262143
OK3529509619120180124,subsetted_512x512_HLS.S30.T14SQE.2018075.v1.4,2,0.5,0.22961990497624407,0.373481112410392,0.25154088481029996,0.7248865206236432,0.2465815728571109,0.96299308263961,0.019329071044921875,0.05570220947265625,262144
OK3535809587220180315,subsetted_512x512_HLS.S30.T15STV.2018102.v1.4,4,0.6,0.5226041389110934,0.6864609461587821,0.6627618833070511,0.7119177253478524,0.5775710922230197,0.9871224190719947,0.031528472900390625,0.03386688232421875,262144
OK3557109641620180320,subsetted_512x512_HLS.S30.T14SQE.2018100.v1.4,2,0.5,0.1211067432718476,0.21604855023600808,0.3640909090909091,0.1535953978906999,0.1792961309498022,0.9298348850134486,0.019893646240234375,0.008392333984375,262144
OK3566409983720180413,subsetted_512x512_HLS.S30.T14SME.2018138.v1.4,1,0.74,0.42873432155074115,0.6001596169193935,0.9995166747220879,0.4288232244686366,0.906536371844874,0.9627765891033478,0.036792755126953125,0.01578521728515625,262144
OK3632609837220200610,subsetted_512x512_HLS.S30.T14SNF.2020183.v1.4,2,0.5,0.3569003924896574,0.5260524567095337,0.9891224459797149,0.3583067092651757,0.6339696461589032,0.8463118132820578,0.07164028793444799,0.025951484495103816,262143
OK3642109646420180203,subsetted_512x512_HLS.S30.T14SQF.2018075.v1.4,4,0.6,0.8885449811975702,0.940983656777,0.9121332699845587,0.9717187055139034,0.9856623958332115,0.9980258915221406,0.12058639526367188,0.1284637451171875,262144
OK3648509869620180306,subsetted_512x512_HLS.S30.T14SNF.2018095.v1.4,2,0.5,0.14024896265560166,0.24599708879184862,0.2575658610929676,0.2354228855721393,0.2296022704292238,0.9069058390040459,0.023596423674374048,0.021567835609233834,212956
OK3650509633420180324,subsetted_512x512_HLS.S30.T14SQF.2018100.v1.4,4,0.6,0.8241792686983445,0.9036165280909515,0.8682809467328014,0.9419501531667873,0.9704155070927716,0.9631248066870743,0.5217923725742276,0.5660637920444965,262133
OK3661710061020200307,subsetted_512x512_HLS.S30.T14SLF.2020108.v1.4,3,0.5700000000000001,0.5117697806260784,0.6770472424897077,0.9728697607946958,0.5191793153459529,0.9384438319146933,0.9683974650958118,0.30510711669921875,0.16282272338867188,262144
OK3669509679920191116,subsetted_512x512_HLS.S30.T14SPF.2019345.v1.4,5,0.73,0.7186101998210558,0.8362689804772234,0.7500389105058366,0.9449019607843138,0.9242423693552946,0.9982938039752711,0.0194549560546875,0.024509429931640625,262144
OK3671910126720190819,subsetted_512x512_HLS.S30.T14SKF.2019246.v1.4,3,0.5700000000000001,0.6613491340018232,0.796159122085048,0.7787119856887299,0.8144059869036483,0.8423733019054764,0.9779303968815085,0.020389556884765625,0.02132415771484375,262144
OK3680809902720180218,subsetted_512x512_HLS.S30.T14SMF.2018098.v1.4,1,0.74,0.6651475694444444,0.7989052521829793,0.8061546554445029,0.7917850684577629,0.8307049272912952,0.9906952349475966,0.044300079345703125,0.04351043701171875,262144
OK3694010296020180524,subsetted_512x512_HLS.S30.T13SFA.2018159.v1.4,1,0.74,0.6391738476268636,0.7798731642189586,0.7541962556488057,0.8073600552868003,0.8589440973750135,0.9951935664244468,0.0220794677734375,0.0236358642578125,262144
OK3698609831720200617,subsetted_512x512_HLS.S30.T14SNG.2020183.v1.4,3,0.5700000000000001,0.028433734939759037,0.05529522024367385,0.09379968203497616,0.03920265780730897,0.13801872733492054,0.821968058614161,0.028705596923828125,0.011997222900390625,262144
OR4209412026920200816,subsetted_512x512_HLS.S30.T11TKG.2020265.v1.4,5,0.73,0.6718189964157706,0.8036982446737237,0.9924986210700496,0.6752476733713599,0.9334065502549893,0.9939451153521133,0.050829159243590084,0.034581681818008414,262133
OR4209912285420180715,subsetted_512x512_HLS.S30.T10TEM.2018213.v1.4,5,0.73,0.1927877947295423,0.32325581395348835,1.0,0.1927877947295423,0.8314631288828632,0.991526653891434,0.019252777099609375,0.003711700439453125,262144
OR4240411760120180724,subsetted_512x512_HLS.S30.T11TMG.2018222.v1.4,4,0.6,0.8604780876494024,0.9250074949676645,0.9354237948806791,0.9148206192553687,0.9736898087907286,0.9966963001969104,0.09006118774414062,0.08807754516601562,262144
OR4241211864020180705,subsetted_512x512_HLS.S30.T11TLH.2018217.v1.4,4,0.6,0.5232014948614139,0.6869760785115518,0.7911466917824347,0.6070460704607046,0.7868668398648897,0.9903230609138851,0.021134262706331116,0.01621629877394548,261897
OR4245011723920190723,subsetted_512x512_HLS.S30.T11TMH.2019227.v1.4,1,0.74,0.6840382678751259,0.8123785319180744,0.9099129269926323,0.7337294085876317,0.9140636830271875,0.9954529348506187,0.042377471923828125,0.03417205810546875,262144
OR4250212055220200721,subsetted_512x512_HLS.S30.T10TFN.2020235.v1.4,3,0.5700000000000001,0.7703940671804566,0.8703080082135524,0.8022410660205935,0.9509962304792676,0.9534652283590304,0.9983330507038617,0.021251759535825865,0.025192356843402264,262143
OR4261011964820190915,subsetted_512x512_HLS.S30.T10TGN.2019305.v1.4,5,0.73,0.6494871115485068,0.7875018931657862,0.6534395564221301,0.9907729262180546,0.9808195042042471,0.9890835730485382,0.3303260803222656,0.5008544921875,262144
OR4261111754220180615,subsetted_512x512_HLS.S30.T11TMH.2018182.v1.4,2,0.5,0.34126034738504235,0.5088651849737791,0.3940113805867079,0.7182275931520644,0.570964544636039,0.9518253640822336,0.03787994384765625,0.06904983520507812,262144
OR4265012082720180815,subsetted_512x512_HLS.S30.T10TFN.2018245.v1.4,5,0.73,0.8829399087856463,0.9378312124204491,0.9833057980397848,0.8963768005332275,0.991525922061528,0.9791052225215707,0.7497367858886719,0.6834564208984375,262144
OR4275611811920200817,subsetted_512x512_HLS.S30.T11TMH.2020247.v1.4,5,0.73,0.7576127320954907,0.8620929039268359,0.969057474384203,0.7763944764597152,0.9685595473943407,0.9975399880116984,0.07016754150390625,0.056217193603515625,262144
OR4292012329520190725,subsetted_512x512_HLS.S30.T10TDN.2019213.v1.4,2,0.5,0.29380147520920846,0.4541677851491097,0.9980897803247374,0.29396677257082343,0.7578078327482942,0.8620715304647455,0.2313204311611955,0.06813066511513964,261248
OR4302111828620200805,subsetted_512x512_HLS.S30.T11TLH.2020247.v1.4,5,0.73,0.7788519274648733,0.8756793248945147,0.9087151464200645,0.8449612403100775,0.9550758984241029,0.9961104048400262,0.058559417724609375,0.05445098876953125,262144
OR4316311929120190721,subsetted_512x512_HLS.S30.T11TLH.2019215.v1.4,1,0.74,0.6710332843202781,0.8031357491400688,0.7528494301139772,0.8606206068918224,0.8540513223410129,0.9965043207039092,0.022251129150390625,0.0254364013671875,262144
OR4327211882920180427,subsetted_512x512_HLS.S30.T11TLH.2018152.v1.4,1,0.74,0.12464745133108619,0.22166493363508472,0.1549380076955964,0.38934250107434465,0.10585921935330561,0.8173729223724927,0.01775360107421875,0.044612884521484375,262144
OR4380511789220200816,subsetted_512x512_HLS.S30.T11TMJ.2020247.v1.4,1,0.74,0.933352496178319,0.9655274948808229,0.9416013655566027,0.9907012543945414,0.9939816688629373,0.993067801828231,0.5501289367675781,0.5788154602050781,262144
OR4383912111420180907,subsetted_512x512_HLS.S30.T10TFP.2018285.v1.4,3,0.5700000000000001,0.2169962215164932,0.3566095238095238,0.21827127101452654,0.9737854988037034,0.4125514343085741,0.9711436508847262,0.036670684814453125,0.16360092163085938,262144
OR4393211800020180714,subsetted_512x512_HLS.S30.T11TMJ.2018217.v1.4,3,0.5700000000000001,0.7976116361989926,0.8874126314463825,0.813636626060851,0.9759019458486254,0.9779874790083339,0.998158576604641,0.055088043212890625,0.06607437133789062,262144
OR4403912052820200816,subsetted_512x512_HLS.S30.T10TFP.2020248.v1.4,2,0.5,0.7842432335267834,0.87907659537722,0.8998232174425457,0.8592650948173991,0.9441695893635778,0.9943535180668616,0.06779098510742188,0.06473541259765625,262144
OR4408012020420180716,subsetted_512x512_HLS.S30.T10TGP.2018215.v1.4,1,0.74,0.5692612137203166,0.7255149222362337,0.6148600508905853,0.8847393087287639,0.8745928664011785,0.9928487326795269,0.0260467529296875,0.037479400634765625,262144
OR4441811785820200817,subsetted_512x512_HLS.S30.T11TMK.2020247.v1.4,2,0.5,0.815193719929096,0.8981892246310091,0.8566714567033903,0.9439361951677223,0.9518416263086709,0.9963096865302117,0.0650482177734375,0.07167434692382812,262144
OR4453312109120180817,subsetted_512x512_HLS.S30.T10TFQ.2018245.v1.4,3,0.5700000000000001,0.7214258409785933,0.8381724310220396,0.7523420370739485,0.9461085349041233,0.9526863452558093,0.998111495570646,0.030437469482421875,0.03827667236328125,262144
OR4453912142620180621,subsetted_512x512_HLS.S30.T10TFQ.2018183.v1.4,1,0.74,0.19082110901454744,0.32048660805561235,0.19103040643470842,0.994291151284491,0.8631570064085251,0.9863162140597698,0.03608831507743021,0.18783550229486431,262107
OR4475511980220200819,subsetted_512x512_HLS.S30.T10TGQ.2020275.v1.4,2,0.5,0.6005372217958557,0.7504195636538,0.6007677543186181,0.9993614303959132,0.8994649976175113,0.9978306734684993,0.02389544597965988,0.039749448772039585,262142
OR4480012022420180817,subsetted_512x512_HLS.S30.T10TGQ.2018245.v1.4,4,0.6,0.9090773104634639,0.9523734900424421,0.977954191921901,0.9280969228028201,0.990464196562088,0.9688712217665317,0.7493782043457031,0.7111740112304688,262144
OR4494912090120190812,subsetted_512x512_HLS.S30.T10TFQ.2019245.v1.4,3,0.5700000000000001,0.4215450166728418,0.59308008079755,0.42564534231200896,0.9776584317937701,0.9591630226482257,0.9964319430892732,0.03551483154296875,0.081573486328125,262144
OR4504511946220190805,subsetted_512x512_HLS.S30.T10TGR.2019245.v1.4,5,0.73,0.6046222222222222,0.7536007090627077,0.7900116144018583,0.72039822071595,0.8018365927199504,0.9878169304932212,0.03601837158203125,0.03284454345703125,262144
OR4514511998420180817,subsetted_512x512_HLS.S30.T10TGR.2018245.v1.4,5,0.73,0.8849365397461589,0.9389563214317356,0.9216453604661274,0.9569300225733635,0.990287175069732,0.9990097557179336,0.08449554443359375,0.08773040771484375,262144
OR4527212061320180622,subsetted_512x512_HLS.S30.T10TFR.2018188.v1.4,2,0.5,0.7797088500010896,0.8762206807036019,0.7861851501900723,0.9895454482596491,0.937954766545769,0.9810797660877852,0.2758522033691406,0.34720611572265625,262144
OR4531411905220180816,subsetted_512x512_HLS.S30.T11TLL.2018245.v1.4,5,0.73,0.920693404203914,0.9587093933771502,0.9496604572923806,0.9679324358648718,0.9942188451484583,0.9996270014090964,0.060074540037613346,0.06123040653694004,262141
OR4538011911420200908,subsetted_512x512_HLS.S30.T11TLL.2020275.v1.4,3,0.5700000000000001,0.9268828527852422,0.9620541813898704,0.9378318299560928,0.9875609378627254,0.9968262682964285,0.9991690593413189,0.1971893310546875,0.20764541625976562,262144
OR4542812106020180726,subsetted_512x512_HLS.S30.T10TFR.2018213.v1.4,2,0.5,0.8194200664136623,0.9007486303356614,0.8194200664136623,1.0,0.9841494343902157,0.9843971032268602,0.5271415710449219,0.643310546875,262144
OR4556212040420200429,subsetted_512x512_HLS.S30.T10TFR.2020173.v1.4,5,0.73,0.02209451889963072,0.04323380761970488,0.02387036040882195,0.2289830144055042,0.01880421446743767,0.49592636587157884,0.017742156982421875,0.170196533203125,262144
OR4572112013020190713,subsetted_512x512_HLS.S30.T10TGR.2019215.v1.4,1,0.74,0.8657450076804916,0.9280421537954883,0.880212400437295,0.9813686226710778,0.9530294827404004,0.9992220030652771,0.021907806396484375,0.024425506591796875,262144
OR4576612011120180727,subsetted_512x512_HLS.S30.T10TGR.2018215.v1.4,5,0.73,0.7889541421966763,0.8820283578962073,0.8606870229007634,0.9044549491476865,0.9507014128694908,0.9986648141942325,0.026630401611328125,0.027984619140625,262144
OR4597411899820180729,subsetted_512x512_HLS.S30.T11TLL.2018215.v1.4,3,0.5700000000000001,0.7435664462740603,0.8529258496147771,0.7501410198555957,0.9883502721985842,0.9026200244207492,0.9829514374269276,0.2053116047348203,0.2705088444093491,262143
SC3269708070820210406,subsetted_512x512_HLS.S30.T17SNS.2021128.v1.4,4,0.6,0.06415362731152205,0.12057211602726908,0.2473944048272079,0.07971014492753623,0.1537857700775232,0.8309660475044238,0.02158553334350679,0.006954829848924157,262120
SD4311610262120200616,subsetted_512x512_HLS.S30.T13TFH.2020204.v1.4,2,0.5,0.09826589595375723,0.17894736842105263,0.9371794871794872,0.09891745602165088,0.2749564159523008,0.8552073786526295,0.02819061279296875,0.0029754638671875,262144
SD4327410271120200806,subsetted_512x512_HLS.S30.T13TFJ.2020264.v1.4,2,0.5,0.6427126710291493,0.7825016296081698,0.7392910907349117,0.831076923076923,0.792261724179229,0.9921864988331129,0.0247955322265625,0.027873992919921875,262144
SD4334810247820200914,subsetted_512x512_HLS.S30.T13TGJ.2020309.v1.4,4,0.6,0.7964994165694282,0.8867238243699662,0.8114598193057537,0.9773768613974799,0.9670530154784228,0.9984922418926763,0.0399627685546875,0.04813385009765625,262144
TN3638708498220210309,subsetted_512x512_HLS.S30.T16SFF.2021094.v1.4,1,0.74,0.3560078059659883,0.5250822368421053,0.8911374738311235,0.37219469542407463,0.6901177977632742,0.956663391664893,0.013088226318359375,0.005466461181640625,262144
TX2691709832320210126,subsetted_512x512_HLS.S30.T14RNQ.2021051.v1.4,3,0.5700000000000001,0.346884347857426,0.5150915123621963,0.3489341647331787,0.98334695545566,0.3099385876758708,0.9629482480439038,0.0373382568359375,0.105224609375,262144
TX2708809759120180311,subsetted_512x512_HLS.S30.T14RPQ.2018107.v1.4,3,0.5700000000000001,0.2976060395351147,0.458700145448978,0.964274219504345,0.3009240658899156,0.8194869680155237,0.9221501881580256,0.1139373779296875,0.035556793212890625,262144
TX2846709731320190825,subsetted_512x512_HLS.S30.T14RPS.2019257.v1.4,4,0.6,0.3893617021276596,0.5604900459418071,0.9032576505429417,0.40630550621669625,0.8572678682223653,0.9973517334244183,0.017181396484375,0.00772857666015625,262144
TX2932610087120200827,subsetted_512x512_HLS.S30.T14RLT.2020273.v1.4,2,0.5,0.0,0.0,0.0,0.0,0.10889687426037577,0.9300717508442757,0.018390655517578125,0.00016021728515625,262144
TX3009510451420190718,subsetted_512x512_HLS.S30.T13REP.2019241.v1.4,2,0.5,0.0,0.0,0.0,0.0,0.09806445701348464,0.867534563202164,0.0227203369140625,0.000164031982421875,262144
TX3022610256120200301,subsetted_512x512_HLS.S30.T13RGP.2020118.v1.4,5,0.73,0.0,0.0,,0.0,0.11329449902985282,0.40404231127834744,0.09933090209960938,0.0,262144
TX3029010150020200419,subsetted_512x512_HLS.S30.T14RKU.2020158.v1.4,2,0.5,0.0,0.0,0.0,0.0,0.33150582363338044,0.2943922969612235,0.44133886359907354,0.000160260690723577,262073
TX3034010088120200816,subsetted_512x512_HLS.S30.T14RLU.2020278.v1.4,5,0.73,0.04528161826111163,0.08664003550821127,1.0,0.04528161826111163,0.853712594885175,0.9864040239698012,0.041110992431640625,0.001861572265625,262144
TX3054610425020180430,subsetted_512x512_HLS.S30.T13REP.2018141.v1.4,5,0.73,0.8472237018098315,0.9172941003082168,0.9700616656501999,0.8699710722707052,0.9841181610034616,0.9925854483885415,0.3140552652372573,0.28165116252438227,261973
TX3064710027020190914,subsetted_512x512_HLS.S30.T14RLU.2019293.v1.4,4,0.6,0.04996168582375479,0.0951685885272223,0.8423772609819121,0.050433168316831686,0.7159095775793354,0.9708037624351957,0.02465839125359538,0.0014762991050651937,262142
TX3065009856720180718,subsetted_512x512_HLS.S30.T14RNU.2018215.v1.4,1,0.74,0.5712282107794029,0.7271104310124968,0.986846659743856,0.5756107409650717,0.8620381634325017,0.9303876504384555,0.018894195556640625,0.011020660400390625,262144
TX3065310092220200611,subsetted_512x512_HLS.S30.T14RLU.2020193.v1.4,2,0.5,0.02767612076852699,0.05386156243044736,0.9293394777265745,0.02773448244246814,0.21463057210072117,0.5974928354735306,0.08321380615234375,0.002483367919921875,262144
TX3068710057220191007,subsetted_512x512_HLS.S30.T14RLV.2019348.v1.4,4,0.6,0.32115032080659944,0.48616772179342643,0.8077809798270893,0.3477236074928669,0.5403802541846434,0.9131124793163014,0.030750274658203125,0.01323699951171875,262144
TX3076510415220180516,subsetted_512x512_HLS.S30.T13REQ.2018156.v1.4,3,0.5700000000000001,0.7546347646965615,0.8601616471756897,0.768951319932187,0.975922131147541,0.9329879538288296,0.9976947403332316,0.0372314453125,0.047252655029296875,262144
TX3086010191020200831,subsetted_512x512_HLS.S30.T14RKV.2020268.v1.4,2,0.5,0.0,0.0,0.0,0.0,0.08015928334713313,0.08084496784847571,0.14751434326171875,0.000179290771484375,262144
TX3086610127820180604,subsetted_512x512_HLS.S30.T14RKV.2018193.v1.4,2,0.5,0.10358927760109041,0.18773157678056812,0.8313582497721057,0.10581273929690219,0.3448991718634725,0.9177541012502802,0.032881258941344776,0.004185026227944683,262125
TX3095610045720180124,subsetted_512x512_HLS.S30.T14RLV.2018043.v1.4,2,0.5,0.6605748463199868,0.7955977988994497,0.7936127744510978,0.797592778335005,0.8870451971518859,0.995697456775227,0.019016265869140625,0.01911163330078125,262144
TX3095710045720190723,subsetted_512x512_HLS.S30.T14RLV.2019223.v1.4,3,0.5700000000000001,0.5498281786941581,0.7095343680709535,0.8110992529348986,0.630574569591371,0.8399690460969986,0.9960927115748559,0.018390655517578125,0.0142974853515625,262144
TX3096410129920180702,subsetted_512x512_HLS.S30.T14RKV.2018213.v1.4,3,0.5700000000000001,0.0,0.0,0.0,0.0,0.19178668387829192,0.9504396473912458,0.021488189697265625,0.019313812255859375,262144
TX3097610133020180413,subsetted_512x512_HLS.S30.T14RKV.2018143.v1.4,2,0.5,0.0,0.0,0.0,0.0,0.04459519425113396,0.26161330942889566,0.068142717087369,0.0001754780824060334,262141
TX3111910137620200901,subsetted_512x512_HLS.S30.T14RKV.2020278.v1.4,1,0.74,0.6706008583690987,0.8028259473346179,0.992378532867577,0.6740724762726489,0.9131564244793442,0.9838760791475547,0.0176849365234375,0.012012481689453125,262144
TX3112609904920200802,subsetted_512x512_HLS.S30.T14RMV.2020280.v1.4,4,0.6,0.5566210977351561,0.7151658146546074,0.9848375451263538,0.5614323934966042,0.9453592978079588,0.9871296018687457,0.16682052612304688,0.09510040283203125,262144
TX3146709888420200712,subsetted_512x512_HLS.S30.T14RNV.2020220.v1.4,3,0.5700000000000001,0.7752972037729531,0.8734280684104627,0.8963670387816997,0.8516338667157133,0.9534892887478968,0.9962378954110255,0.062221527099609375,0.059116363525390625,262144
TX3149009984920200712,subsetted_512x512_HLS.S30.T14RMV.2020220.v1.4,1,0.74,0.13150943396226414,0.23244955811238951,1.0,0.13150943396226414,0.5899171339092067,0.7743114475477809,0.0202178955078125,0.002658843994140625,262144
TX3157209838720180723,subsetted_512x512_HLS.S30.T14RNV.2018215.v1.4,4,0.6,0.8411537399944797,0.9137246083501986,0.903364458277753,0.924325144070367,0.9701856053244156,0.9988259559231708,0.02515641690828628,0.02574011902945216,262120
TX3159210116820200704,subsetted_512x512_HLS.S30.T14SKA.2020223.v1.4,3,0.5700000000000001,0.18374365641907478,0.3104450113378685,0.9486790818536163,0.18558840972634075,0.510255416268267,0.7190115129988658,0.09004974365234375,0.01761627197265625,262144
TX3165409878420180723,subsetted_512x512_HLS.S30.T14SNA.2018215.v1.4,5,0.73,0.5242279688676876,0.6878603195519684,0.883248730964467,0.5632586997572161,0.8109936470543255,0.986279368557838,0.02828216552734375,0.018035888671875,262144
TX3166310307120200827,subsetted_512x512_HLS.S30.T13SFR.2020251.v1.4,5,0.73,0.6665524918650454,0.7999177885109444,0.9805996472663139,0.6754599097535577,0.9707317141911906,0.9993284149621723,0.02198028564453125,0.015140533447265625,262144
TX3185709976920200614,subsetted_512x512_HLS.S30.T14SMA.2020185.v1.4,4,0.6,0.04182921543129606,0.08029956313709175,0.6069182389937107,0.04299398529739363,0.6014934435398933,0.9866474512212905,0.017124241349187275,0.0012130783579954452,262143
TX3206310086420200619,subsetted_512x512_HLS.S30.T14SLA.2020193.v1.4,2,0.5,0.0,0.0,0.0,0.0,0.1174505019018446,0.49785197553629434,0.08096694946289062,0.000202178955078125,262144
TX3217410111820190907,subsetted_512x512_HLS.S30.T14SKA.2019278.v1.4,3,0.5700000000000001,0.7946271421954608,0.8855623806328395,0.9281540792036356,0.8467081235810877,0.9648710472085105,0.9982107227279717,0.038646697998046875,0.03525543212890625,262144
TX3231910015220200713,subsetted_512x512_HLS.S30.T14SLA.2020223.v1.4,2,0.5,0.6302850281236175,0.7732206543650179,0.8204179006252057,0.731158357771261,0.8451175472370904,0.9799385927147581,0.052032470703125,0.0463714599609375,262144
TX3267009971820180413,subsetted_512x512_HLS.S30.T14SMB.2018138.v1.4,4,0.6,0.5413208852005532,0.7024116657319125,0.9353248693054518,0.5623709025594971,0.8816364562980026,0.9932137936192982,0.042476654052734375,0.025539398193359375,262144
TX3268709915020200830,subsetted_512x512_HLS.S30.T14SMB.2020268.v1.4,1,0.74,0.5939295337841273,0.7452393863034672,0.8567028454092109,0.6594411515664691,0.8344111800541044,0.9521083198364976,0.07583963011323501,0.05837703619667359,233585
TX3272009947720180226,subsetted_512x512_HLS.S30.T14SMB.2018073.v1.4,2,0.5,0.7254043392504931,0.8408514140698232,0.7296643123561622,0.9920159680638723,0.9796096469550726,0.9983284177003575,0.07071304321289062,0.09613800048828125,262144
TX3272509755820180122,subsetted_512x512_HLS.S30.T14SPB.2018035.v1.4,1,0.74,0.7815888470900642,0.8774065333498944,0.7895089784665822,0.9873276183376817,0.9824357477308524,0.9992518151889165,0.040939487226437477,0.05119724730395242,262143
TX3300809836120180710,subsetted_512x512_HLS.S30.T14SNB.2018215.v1.4,3,0.5700000000000001,0.5165947560570859,0.6812561549403655,0.9616929255483473,0.5274483226025076,0.8973687636217766,0.9968302239577188,0.02251434326171875,0.012348175048828125,262144
TX3312809957020190729,subsetted_512x512_HLS.S30.T14SMB.2019228.v1.4,4,0.6,0.8888612630532073,0.9411609845991838,0.9301014656144306,0.9524866785079928,0.9861384251346129,0.9993732965420471,0.04295447436083284,0.04398828098177296,262138
TX3332410108120190809,subsetted_512x512_HLS.S30.T14SKB.2019268.v1.4,2,0.5,0.0,0.0,0.0,0.0,0.025204024243085456,0.3816776000766345,0.0333251953125,0.000408172607421875,262144
TX3362710093720190817,subsetted_512x512_HLS.S30.T14SLC.2019258.v1.4,3,0.5700000000000001,0.7338181818181818,0.8464765100671141,0.7965490019172211,0.9030814473852449,0.9297276247637747,0.996714854601551,0.029837934349677242,0.03382853393154176,262116
TX3378209927320180716,subsetted_512x512_HLS.S30.T14SMC.2018213.v1.4,2,0.5,0.5669498510112218,0.7236349659120794,0.5912396694214876,0.9324331369584484,0.6866153311641847,0.9783411603918115,0.07316970825195312,0.11539459228515625,262144
TX3401610055920180125,subsetted_512x512_HLS.S30.T14SLC.2018038.v1.4,5,0.73,0.8959464667344007,0.9451178948924532,0.9413951776182587,0.9488701717932544,0.989251887644458,0.9987680924988123,0.10280990600585938,0.10362625122070312,262144
TX3402609987020190820,subsetted_512x512_HLS.S30.T14SMC.2019258.v1.4,5,0.73,0.8157980926692997,0.898555952848306,0.9759605411759282,0.8325272305453973,0.9852760762383711,0.9963537399232089,0.19402313232421875,0.16550827026367188,262144
TX3447710074220200711,subsetted_512x512_HLS.S30.T14SLD.2020218.v1.4,4,0.6,0.7896849287577764,0.8824848620766989,0.9113015284854099,0.8554347826086957,0.940665495986403,0.998621222089193,0.017547607421875,0.01647186279296875,262144
TX3455510115820180717,subsetted_512x512_HLS.S30.T14SLD.2018218.v1.4,2,0.5,0.7349889436979078,0.8472549019607843,0.9458246689285323,0.7672911302494895,0.8969603787821149,0.9872496423730359,0.042964935302734375,0.034854888916015625,262144
TX3464410105120180510,subsetted_512x512_HLS.S30.T14SLD.2018163.v1.4,3,0.5700000000000001,0.3627194847803633,0.532346515671675,0.9801346248563454,0.3654058024237973,0.7359869049550997,0.8755551913537318,0.06232452392578125,0.023235321044921875,262144
TX3481010130620180508,subsetted_512x512_HLS.S30.T14SKD.2018156.v1.4,2,0.5,0.9140815240166265,0.955112426035503,0.931833138977728,0.9795846532910947,0.9728694912280323,0.969736722116438,0.6285781860351562,0.6607894897460938,262144
TX3482010022020180413,subsetted_512x512_HLS.S30.T14SMD.2018138.v1.4,1,0.74,0.17493345832566082,0.2977759414136521,0.9937238493723849,0.1751269460877143,0.8237190161412264,0.8290237741306937,0.22762680053710938,0.0401153564453125,262144
TX3506710118520180402,subsetted_512x512_HLS.S30.T14SLD.2018138.v1.4,5,0.73,0.34579311393174733,0.5138874769859826,0.7866108786610879,0.3815882175327943,0.6951735961638359,0.8976424750872345,0.22740936279296875,0.11031723022460938,262144
TX3522410013020180413,subsetted_512x512_HLS.S30.T14SLE.2018138.v1.4,3,0.5700000000000001,0.3368971752602658,0.5039986342923928,0.8559703822650431,0.35714285714285715,0.7855424837677264,0.9333570579653239,0.2049713134765625,0.08552169799804688,262144
TX3540410187920200820,subsetted_512x512_HLS.S30.T14SKE.2020281.v1.4,1,0.74,0.6536065257884257,0.7905224315401048,0.7597998954677817,0.8238341968911918,0.8530221729151475,0.9919089139417882,0.047119140625,0.051090240478515625,262144
TX3546110085220180323,subsetted_512x512_HLS.S30.T14SLE.2018098.v1.4,1,0.74,0.8632952691680261,0.9266328138679741,0.8888142425260329,0.9678127286027798,0.9818792176037481,0.997227587431636,0.125152587890625,0.1362762451171875,262144
TX3565810161920180413,subsetted_512x512_HLS.S30.T14SKE.2018156.v1.4,1,0.74,0.3762418393414703,0.5467670413529958,0.8082317073170732,0.4131213962911018,0.5661826794505002,0.746446623897006,0.024478912353515625,0.01251220703125,262144
TX3568810093120201011,subsetted_512x512_HLS.S30.T14SLE.2020323.v1.4,5,0.73,0.7550222689944187,0.8604133204839919,0.7911505818876395,0.9429671180791889,0.9341801759072201,0.9862412563663494,0.16253280639648438,0.19372177124023438,262144
TX3570310164720200711,subsetted_512x512_HLS.S30.T14SKE.2020216.v1.4,3,0.5700000000000001,0.7602124183006536,0.8637734973311674,0.8424626527840652,0.8861904761904762,0.9478850114313921,0.9948095930340487,0.0721707353396034,0.0759167401738971,261879
TX3573210066420190313,subsetted_512x512_HLS.S30.T14SLE.2019098.v1.4,1,0.74,0.433861522562866,0.6051651651651652,0.5117838277123121,0.7402292095210109,0.5457009979566392,0.9665888067692139,0.038944244384765625,0.05632781982421875,262144
TX3575010162220190313,subsetted_512x512_HLS.S30.T14SKE.2019111.v1.4,2,0.5,0.0,0.0,0.0,0.0,0.02811045177368935,0.2729609812306937,0.044994354248046875,0.0001678466796875,262144
TX3582410101520190807,subsetted_512x512_HLS.S30.T14SLE.2019248.v1.4,2,0.5,0.0,0.0,0.0,0.0,0.10346574951903326,0.8105042934540037,0.028133392333984375,0.000762939453125,262144
UT3715711356620200714,subsetted_512x512_HLS.S30.T12STG.2020241.v1.4,1,0.74,0.7912731118485832,0.8834756761708928,0.9751685393258427,0.8075441502130748,0.9554520659841573,0.9659544191192194,0.20499038696289062,0.1697540283203125,262144
UT3732811369420200927,subsetted_512x512_HLS.S30.T12STG.2020291.v1.4,4,0.6,0.463134616289465,0.6330717777206072,0.49311156755673563,0.8839694656488549,0.709511788412923,0.9780292188663456,0.042483298550569815,0.07615708328405245,262103
UT3739711342320180627,subsetted_512x512_HLS.S30.T12STG.2018186.v1.4,5,0.73,0.8202353111800004,0.9012409616955162,0.9661954386264628,0.8444697450446078,0.9783229249750919,0.9931205730108799,0.20438385009765625,0.1786346435546875,262144
UT3783510979920190726,subsetted_512x512_HLS.S30.T12SXG.2019235.v1.4,4,0.6,0.054041279344572236,0.10254110612855008,0.9884726224783862,0.054075358663093175,0.38087683876459855,0.8230646275469731,0.02420179481700803,0.0013239827844082903,262088
UT3800311315120190905,subsetted_512x512_HLS.S30.T12SUH.2019298.v1.4,4,0.6,0.7059891736837235,0.827659617744571,0.9245368757478908,0.7491592409848541,0.9293548531735172,0.9571318198113308,0.31079864501953125,0.2518424987792969,262144
UT3806611313920180720,subsetted_512x512_HLS.S30.T12SUH.2018228.v1.4,5,0.73,0.6834828101644245,0.8119866814650388,0.9983624454148472,0.6842499064721287,0.9501564673175429,0.9986229767509432,0.02039337158203125,0.01397705078125,262144
UT3821211280820200822,subsetted_512x512_HLS.S30.T12SUH.2020268.v1.4,5,0.73,0.7856494096276113,0.8799593082400814,0.9251336898395722,0.8389912706110573,0.9594013698425977,0.9991772970585995,0.019664764404296875,0.017833709716796875,262144
UT3867511318120200625,subsetted_512x512_HLS.S30.T12SUH.2020188.v1.4,4,0.6,0.7763256722247258,0.8740803382663848,0.9682953921922887,0.7965737815015028,0.9748595670463343,0.9803054249792692,0.42352617516634883,0.3484162473946069,214459
UT3869911350520200824,subsetted_512x512_HLS.S30.T12STH.2020246.v1.4,4,0.6,0.13396403553116198,0.23627563367723856,0.9989229940764675,0.13398338750451427,0.689246282315976,0.8660651560078901,0.10562896728515625,0.01416778564453125,262144
UT3887311238420190908,subsetted_512x512_HLS.S30.T12SUJ.2019298.v1.4,1,0.74,0.8889110192700294,0.9411888757084487,0.9344150745878043,0.9480616038236857,0.9877678103272096,0.9990607912461857,0.0720291329727414,0.07308107198323018,261422
UT3930510987820180721,subsetted_512x512_HLS.S30.T12SWJ.2018238.v1.4,1,0.74,0.7762967974740641,0.8740620357791292,0.9212343432180709,0.8314853733362321,0.9374588186967613,0.9767764053064344,0.15792184209723198,0.1425366985076449,262136
UT3932711339120200719,subsetted_512x512_HLS.S30.T12STJ.2020241.v1.4,3,0.5700000000000001,0.44269996291259733,0.6137103684661526,0.7722665516497735,0.5091710507606996,0.683025030817749,0.9406816002876492,0.026828765869140625,0.017688751220703125,262144
UT3942511234720200626,subsetted_512x512_HLS.S30.T12SUJ.2020186.v1.4,2,0.5,0.6820340768337998,0.8109634474441043,0.9793709035908352,0.6919750643182268,0.9696079382648022,0.9005899095767722,0.771026611328125,0.544769287109375,262144
UT3952611225620191026,subsetted_512x512_HLS.S30.T12SUJ.2019308.v1.4,1,0.74,0.8167524461286126,0.8991345495299172,0.840570430733411,0.966470352027841,0.9667277635773682,0.9980865615072504,0.05700159842522689,0.06553924915977767,262133
UT3979911153620200731,subsetted_512x512_HLS.S30.T12TVK.2020228.v1.4,2,0.5,0.7415010318236125,0.8515654234751154,0.7419845668949028,0.999121908385775,0.95783342890854,0.9993743262060012,0.026065826416015625,0.035099029541015625,262144
UT4009411287320200914,subsetted_512x512_HLS.S30.T12TUK.2020286.v1.4,5,0.73,0.7332471553278754,0.8460964762860589,0.9961408377417397,0.7353360113950995,0.9915821606010029,0.9971862613934068,0.23835372924804688,0.1759490966796875,262144
UT4020111189120200628,subsetted_512x512_HLS.S30.T12TVK.2020188.v1.4,1,0.74,0.9108629703737172,0.9533524742442155,0.9368651663015336,0.9704304772383441,0.9870866626870747,0.9960629509211909,0.221893310546875,0.2298431396484375,262144
UT4032611166920201017,subsetted_512x512_HLS.S30.T12TVK.2020308.v1.4,2,0.5,0.8055773762765122,0.892321078964542,0.8399836180669319,0.951613972294028,0.9640026346627839,0.99746775793218,0.057554313617029396,0.06520304423293341,262135
UT4050711296920180727,subsetted_512x512_HLS.S30.T12TUK.2018231.v1.4,1,0.74,0.8308684878991414,0.9076222496488914,0.915437578338284,0.8999392343528458,0.9593491088106035,0.9874771933325568,0.2259979248046875,0.22217178344726562,262144
UT4060611070920200821,subsetted_512x512_HLS.S30.T12TWK.2020268.v1.4,2,0.5,0.5511173884320113,0.7106069373500133,0.9845595357279483,0.5559222015919996,0.9448477387078951,0.7377680331340861,0.8300671796378174,0.46868955835396536,262133
UT4154311335720200603,subsetted_512x512_HLS.S30.T11TQG.2020186.v1.4,5,0.73,0.5713486485541452,0.7272079930572554,0.9679521355369942,0.5823651008624992,0.9472355547581564,0.993597865924355,0.10703277587890625,0.06439590454101562,262144
UT4177211363120200720,subsetted_512x512_HLS.S30.T11TQG.2020216.v1.4,3,0.5700000000000001,0.7678615422517862,0.8686896840051562,0.8105981794538362,0.9357502064099678,0.9308687758540357,0.9963457710848683,0.050823211669921875,0.0586700439453125,262144
UT4177911224220190715,subsetted_512x512_HLS.S30.T12TUM.2019231.v1.4,3,0.5700000000000001,0.6826343697276452,0.8113876454789615,0.689028098771439,0.9865888705042236,0.981114964231073,0.9989098031002608,0.04380533842990497,0.06272292732426174,262137
UT4180611268420200603,subsetted_512x512_HLS.S30.T12TUM.2020191.v1.4,2,0.5,0.16038157698613803,0.27642903018625564,0.886326194398682,0.1637498097702024,0.48191135718043915,0.9681936558474672,0.025066375732421875,0.00463104248046875,262144
UT4185411239220180803,subsetted_512x512_HLS.S30.T12TUM.2018246.v1.4,1,0.74,0.8006505285544505,0.8892903046514051,0.8144255118791596,0.9793120332966091,0.9707430267848637,0.9902286564283369,0.249298095703125,0.2997703552246094,262144
UT4192311225720180627,subsetted_512x512_HLS.S30.T12TUM.2018196.v1.4,3,0.5700000000000001,0.7806602731250276,0.876821126306123,0.7889941039842773,0.9866502820756298,0.9762675883944417,0.9980684164012765,0.06829452514648438,0.0854034423828125,262144
UT4194311112320180816,subsetted_512x512_HLS.S30.T12TVM.2018246.v1.4,5,0.73,0.904212025638417,0.9496967916009937,0.9460826059186714,0.9533386967015286,0.9904676298677915,0.9987116012813635,0.11672019080887186,0.11761538991242074,159741
WA4592711962520200907,subsetted_512x512_HLS.S30.T10TGR.2020275.v1.4,1,0.74,0.5936515628786043,0.7450205260757184,0.7103508263264714,0.7832480818414322,0.6729825615513909,0.9172249270850674,0.02386474609375,0.02631378173828125,262144
WA4597011911020180622,subsetted_512x512_HLS.S30.T11TLL.2018190.v1.4,3,0.5700000000000001,0.4391158633897223,0.6102578319933463,0.4471439018444788,0.9607192737430168,0.8134359246964,0.9937770497205527,0.0218505859375,0.046947479248046875,262144
WA4619311979920180628,subsetted_512x512_HLS.S30.T10TGS.2018190.v1.4,1,0.74,0.696480253944543,0.8210885476858731,0.7665433621043979,0.8839909941936248,0.8818036068317214,0.9961889782170968,0.032192230224609375,0.0371246337890625,262144
WA4643911718420200817,subsetted_512x512_HLS.S30.T11TMM.2020245.v1.4,1,0.74,0.6538461538461539,0.7906976744186046,0.6761255725617249,0.9520213937391852,0.9398705240824986,0.9981761505113793,0.024250030517578125,0.034145355224609375,262144
WA4646011897220180817,subsetted_512x512_HLS.S30.T11TLM.2018245.v1.4,2,0.5,0.607747421462877,0.7560235063663076,0.607747421462877,1.0,0.982163231466148,0.999467425306485,0.029447108506815294,0.048452872800241104,262131
WA4649011720020210722,subsetted_512x512_HLS.S30.T11TMM.2021224.v1.4,4,0.6,0.6762227007074746,0.8068411201233163,0.7399030694668821,0.8870954725203777,0.9170779755661229,0.9917527875946731,0.047267913818359375,0.056671142578125,262144
WA4656911899620191007,subsetted_512x512_HLS.S30.T11TLM.2019305.v1.4,1,0.74,0.7303720947696467,0.8441792340240859,0.7340515858789789,0.9931837328635981,0.9853923324729957,0.996964377268986,0.14943006683553575,0.2021813104647969,262136
WA4661012135020180730,subsetted_512x512_HLS.S30.T10TFS.2018213.v1.4,4,0.6,0.08256039988891975,0.15252802503655438,0.22381992019875027,0.11568093385214008,0.19249970062884458,0.5499897635506859,0.09804968868270053,0.0506768099133195,262112
WA4662511872120190802,subsetted_512x512_HLS.S30.T11TLM.2019245.v1.4,4,0.6,0.8294510506597166,0.9067758881666815,0.864516129032258,0.9533795169443925,0.9748344444856398,0.999260770472961,0.020374298095703125,0.02246856689453125,262144
WA4663311856920200908,subsetted_512x512_HLS.S30.T11TLM.2020275.v1.4,4,0.6,0.7573638903464609,0.8619317769151932,0.9291368721401604,0.803792895845876,0.957082241050739,0.9837077995164552,0.253448486328125,0.21925735473632812,262144
WA4667012011520200817,subsetted_512x512_HLS.S30.T10TGS.2020245.v1.4,5,0.73,0.8233747165743598,0.9031327560812774,0.843262843329463,0.9721536486619927,0.9715074171290581,0.9863760402234419,0.3476829528808594,0.40082550048828125,262144
WA4671912050220180602,subsetted_512x512_HLS.S30.T10TFS.2018193.v1.4,1,0.74,0.35518285990253323,0.5241844040561117,0.36013176638176636,0.9627513983101273,0.8300541495192367,0.9888910264956673,0.03205563481830181,0.08569532078523526,262138
WA4673711934020180802,subsetted_512x512_HLS.S30.T10TGS.2018245.v1.4,1,0.74,0.2681288415678635,0.42287318571882615,0.2701614267826322,0.9727062263921044,0.8653081201829886,0.9895124911137453,0.031315343640775956,0.11274973671759338,262076
WA4675811948720180908,subsetted_512x512_HLS.S30.T10TGS.2018285.v1.4,2,0.5,0.391030611295475,0.5622171189048182,0.39103970721646286,0.9999405174977694,0.9274603236997249,0.9745919420829626,0.19239425659179688,0.4919776916503906,262144
WA4676511950920200706,subsetted_512x512_HLS.S30.T10TGS.2020215.v1.4,5,0.73,0.6543823563021369,0.7910896218269728,0.6648670614187856,0.9764685821468155,0.9788157854700049,0.9940890491862708,0.13442363673871685,0.19742361381713158,261762
WA4682812052320190723,subsetted_512x512_HLS.S30.T10TFS.2019213.v1.4,2,0.5,0.7752818733738075,0.8734183399286727,0.7770565906522559,0.997062760261749,0.9305417490556062,0.9954260223591347,0.10260009765625,0.13164901733398438,262144
WA4686911989820190604,subsetted_512x512_HLS.S30.T10TGS.2019195.v1.4,4,0.6,0.8885773858161224,0.9410018276080713,0.8979002064203858,0.9884500861933866,0.9835625629019951,0.9956266836583563,0.24341583251953125,0.2679634094238281,262144
WA4696612008020180620,subsetted_512x512_HLS.S30.T10TGT.2018188.v1.4,2,0.5,0.866619581992728,0.9285444022477893,0.870604929836548,0.9947455337036482,0.98300694249674,0.9980559094989611,0.12704849243164062,0.14516448974609375,262144
WA4725411999320180703,subsetted_512x512_HLS.S30.T10TGT.2018213.v1.4,3,0.5700000000000001,0.604851619258712,0.7537788690247832,0.6224024328433857,0.9554561369383389,0.9639682327745062,0.9989397867460569,0.019622212298520222,0.030122252375009064,261999
WA4729212017020200724,subsetted_512x512_HLS.S30.T10TGT.2020218.v1.4,3,0.5700000000000001,0.6671738517892364,0.8003650621957815,0.6838214058799745,0.9647950452285877,0.9278872079645926,0.9956559833047235,0.04683409030189688,0.06607763062478532,262010
WA4742412023220180901,subsetted_512x512_HLS.S30.T10TGT.2018285.v1.4,3,0.5700000000000001,0.6473919691906892,0.7859598459845984,0.658543611015094,0.9745098039215686,0.9545283719134059,0.9971276142790533,0.04479424434057373,0.06628631656126845,261864
WA4754012029720180713,subsetted_512x512_HLS.S30.T10TFT.2018213.v1.4,2,0.5,0.6307372529057436,0.7735608563327524,0.6356990166737922,0.9877765229522354,0.9213306923495894,0.9949640389785913,0.057423514152742806,0.08922713054093233,262140
WA4770711826020200907,subsetted_512x512_HLS.S30.T11TLN.2020280.v1.4,3,0.5700000000000001,0.9710985750906256,0.9853374025659546,0.9901866178864518,0.9805354516523054,0.9990325325509954,0.9904070271700541,0.9181747436523438,0.9092254638671875,262144
WA4770712016520190723,subsetted_512x512_HLS.S30.T10TGT.2019213.v1.4,2,0.5,0.6862364713089647,0.8139267332727823,0.6901827890737318,0.9917367566769957,0.9385838992863402,0.9986594624096566,0.02589477786735852,0.03720869807766523,261713
WA4774811807520180802,subsetted_512x512_HLS.S30.T11TMN.2018245.v1.4,1,0.74,0.8165249088699879,0.8989966555183947,0.8790257104194857,0.9198961529383998,0.9578512109239479,0.9949643222247441,0.08081436157226562,0.08457183837890625,262144
WA4777911979820200712,subsetted_512x512_HLS.S30.T10UGU.2020215.v1.4,5,0.73,0.8353899525733357,0.9103133112416408,0.8731583054114839,0.9507709223579979,0.9690463292718867,0.9947183864087545,0.15265274047851562,0.16622161865234375,262144
WA4779011998320180727,subsetted_512x512_HLS.S30.T10UGU.2018213.v1.4,2,0.5,0.6192038169077083,0.7648250460405156,0.6204063340304751,0.9968795007201152,0.9530834855177525,0.9985587361018984,0.031805532757942796,0.05110567361537904,261967
WA4784011934020180811,subsetted_512x512_HLS.S30.T11ULP.2018245.v1.4,4,0.6,0.9797563100012443,0.9897746556500466,0.9839472470009228,0.995671500967833,0.9991142801280074,0.9969970753337565,0.7843970548964254,0.7937435623545569,262130
WA4792111992220200907,subsetted_512x512_HLS.S30.T10UGU.2020280.v1.4,3,0.5700000000000001,0.5731287407852471,0.7286482357434556,0.575389184047514,0.9931921028392936,0.6809788635688444,0.9751621308426586,0.09526443692464988,0.16443806915074222,262123
WA4793911861820190802,subsetted_512x512_HLS.S30.T11ULP.2019245.v1.4,3,0.5700000000000001,0.8434899895093833,0.9151012420022582,0.9715684958219051,0.8648371785970383,0.9855072821312395,0.9683815270963275,0.6702957153320312,0.5966606140136719,262144
WA4798411942320180806,subsetted_512x512_HLS.S30.T10UGU.2018245.v1.4,2,0.5,0.626608119559356,0.7704475491356856,0.626608119559356,1.0,0.9714724199938646,0.9991513038352379,0.031041773205003932,0.04953937275315417,262034
WA4813711903820200723,subsetted_512x512_HLS.S30.T11ULP.2020215.v1.4,1,0.74,0.7852380269572699,0.8797012108190598,0.8487349374249293,0.9130126708902968,0.9639592465878992,0.9957153920073977,0.091522216796875,0.09845352172851562,262144
WA4817811826620200907,subsetted_512x512_HLS.S30.T11ULP.2020280.v1.4,3,0.5700000000000001,0.6358913728862138,0.7774249359409562,0.9287321437915337,0.6685122410546139,0.9196718687176885,0.9745703355519937,0.20256274295131246,0.14580702751572627,262141
WA4828511853120210713,subsetted_512x512_HLS.S30.T11ULP.2021249.v1.4,2,0.5,0.5283917831758181,0.6914349959116926,0.9967095570179747,0.529315111366126,0.9676865545122189,0.9121426320966598,0.7342313186750057,0.3899227507918331,261103
WA4855212019420210716,subsetted_512x512_HLS.S30.T10UGU.2021249.v1.4,2,0.5,0.04561023976924464,0.08724137931034483,0.05454937473048728,0.21772805507745266,0.04360112370643173,0.8880005323204828,0.008382386888273315,0.03345740997229917,138624
WA4866711925320200728,subsetted_512x512_HLS.S30.T10UGV.2020218.v1.4,4,0.6,0.8683397683397683,0.9295308948129779,0.8881429558692862,0.9749647772840576,0.983344939247754,0.9992414903684134,0.035198211669921875,0.038639068603515625,262144
WY4100410927220200803,subsetted_512x512_HLS.S30.T12TXL.2020250.v1.4,4,0.6,0.8734925994567011,0.9324750999390202,0.8881947492061854,0.9814022477038051,0.9736293959222617,0.9963759035822085,0.13373565673828125,0.14776992797851562,262144
WY4102310619920180610,subsetted_512x512_HLS.S30.T13TDF.2018222.v1.4,2,0.5,0.8757786189014395,0.933776097111443,0.8961118170266836,0.9747454085073918,0.9782557955476241,0.9904532558236616,0.3449974060058594,0.3752708435058594,262144
WY4121410901620180728,subsetted_512x512_HLS.S30.T12TXL.2018220.v1.4,5,0.73,0.8200341928055546,0.9011195460470823,0.8996880203648057,0.9025556344924253,0.9600293912401566,0.9892054445454733,0.19867324829101562,0.19930648803710938,262144
WY4152710878820180728,subsetted_512x512_HLS.S30.T12TXM.2018220.v1.4,2,0.5,0.5993746335743599,0.7495112414467253,0.6561129532570328,0.8739136629149451,0.7842934251698341,0.9832918570632356,0.05355072021484375,0.07132720947265625,262144
WY4183110664420200905,subsetted_512x512_HLS.S30.T13TCG.2020277.v1.4,5,0.73,0.8413265003850939,0.9138265269186528,0.9441046438187681,0.8854301435630446,0.975023007120464,0.9916860100776632,0.24472427368164062,0.22951507568359375,262144
WY4217810703820200807,subsetted_512x512_HLS.S30.T13TCG.2020247.v1.4,5,0.73,0.821348194191405,0.9019123271550457,0.9094576955025513,0.8944911297852475,0.9635843920265409,0.9983927901828198,0.032684326171875,0.032146453857421875,262144
WY4301310696720200814,subsetted_512x512_HLS.S30.T13TCH.2020280.v1.4,3,0.5700000000000001,0.7414296438401868,0.8515183446690296,0.8185082872928177,0.8873028548612497,0.9400255725083326,0.9968661216533861,0.03821563720703125,0.0414276123046875,262144
WY4326210530420180917,subsetted_512x512_HLS.S30.T13TDH.2018292.v1.4,5,0.73,0.48543334652500836,0.6535915565119377,0.5120251741964487,0.9033537276229322,0.910277908383952,0.9844543002243465,0.0673370361328125,0.11880111694335938,262144
WY4377310790720180728,subsetted_512x512_HLS.S30.T12TYP.2018220.v1.4,3,0.5700000000000001,0.46877174669450244,0.6383180337577732,0.4727745935197099,0.9822589464730542,0.596999775713321,0.9735401351032287,0.06278610229492188,0.1304473876953125,262144
WY4381010781320180813,subsetted_512x512_HLS.S30.T12TYP.2018245.v1.4,4,0.6,0.6401198710975184,0.7805769351104437,0.6426657874129332,0.993849389719239,0.9836527507049944,0.9972929917898745,0.11970138549804688,0.18511199951171875,262144
WY4385610791920200714,subsetted_512x512_HLS.S30.T12TYP.2020215.v1.4,4,0.6,0.9169280859356433,0.9566640424991166,0.9286694266596062,0.9863989057766301,0.988091773381499,0.9959888657855831,0.2984199523925781,0.3169708251953125,262144
WY4389210640120200614,subsetted_512x512_HLS.S30.T13TCJ.2020200.v1.4,1,0.74,0.7658582089552238,0.8674062334918119,0.8526973855034254,0.882631437490955,0.9245885718866841,0.9819892534759858,0.18451309204101562,0.19099044799804688,262144
WY4391910664520200716,subsetted_512x512_HLS.S30.T13TCJ.2020230.v1.4,5,0.73,0.5374305003971406,0.6991281885695835,0.93391994478951,0.5586747858396119,0.9218467652038769,0.996918037193881,0.036960601806640625,0.0221099853515625,262144
WY4421310768820180614,subsetted_512x512_HLS.S30.T12TYQ.2018185.v1.4,5,0.73,0.7355187505363425,0.8476068037974683,0.7660886664283161,0.9485391766268261,0.9619897572673977,0.9965827191381097,0.0344696044921875,0.0426788330078125,262144
WY4438911082120200822,subsetted_512x512_HLS.S30.T12TWQ.2020283.v1.4,4,0.6,0.717877638362027,0.8357727259859016,0.7278240717913318,0.9813189735407526,0.9730692011867905,0.9979550540450026,0.05738198963904508,0.07736764604902761,262138
WY4446210893620180812,subsetted_512x512_HLS.S30.T12TXQ.2018248.v1.4,1,0.74,0.8125641317979706,0.8965907661341049,0.9316339869281046,0.8640882638215325,0.9495259539686633,0.9980382623117916,0.031463623046875,0.02918243408203125,262144
WY4446910642920200723,subsetted_512x512_HLS.S30.T13TCK.2020215.v1.4,5,0.73,0.7133196118788592,0.8326754762313369,0.7411027951733619,0.9500685333855492,0.9094838799388357,0.9982698127270626,0.019481658935546875,0.024974822998046875,262144
WY4466210575120200903,subsetted_512x512_HLS.S30.T13TDK.2020280.v1.4,5,0.73,0.7869965477560414,0.8808036576727413,0.8654223347042075,0.8967416245984396,0.9485651673408217,0.9967713689700408,0.058185577392578125,0.060291290283203125,262144
WY4498410652920200817,subsetted_512x512_HLS.S30.T13TCK.2020245.v1.4,2,0.5,0.8900254739665585,0.9418132043465847,0.8906898989016574,0.9991625611374915,0.9928688523403214,0.9955600224482016,0.4281883239746094,0.4803352355957031,262144
