event_id,image_id,fold,threshold,iou,dice,precision,recall,auprc,auroc,true_burn_fraction,pred_burn_fraction,n_valid
AR3497109415320180202,subsetted_512x512_HLS.S30.T15SUU.2018062.v1.4,3,0.49,0.01815107663235367,0.035654977044055874,0.01815107663235367,1.0,0.018697007206309988,0.5082771410097031,0.018100738525390625,0.9972267150878906,262144
AZ3146411144720180705,subsetted_512x512_HLS.S30.T12RVV.2018215.v1.4,5,0.48000000000000004,0.39478469595577537,0.5660869338478788,0.5746426680783483,0.5577822311289246,0.5174991745405193,0.831082578533724,0.07423782348632812,0.07205963134765625,262144
AZ3153510989320180607,subsetted_512x512_HLS.S30.T12RXV.2018182.v1.4,1,0.48000000000000004,0.07728033869388012,0.1434730328181365,0.07728033869388012,1.0,0.08356607818518803,0.5314375700811292,0.07464599609375,0.965911865234375,262144
AZ3154810940620180724,subsetted_512x512_HLS.S30.T12RXV.2018217.v1.4,4,0.49,0.07211321670963938,0.1345253758384919,0.07211321670963938,1.0,0.08074838908008519,0.5820692547244524,0.07138061267310113,0.9898409186281616,262130
AZ3156211037620190714,subsetted_512x512_HLS.S30.T12RWV.2019225.v1.4,1,0.48000000000000004,0.020458333499079117,0.040096362247205024,0.020458333499079117,1.0,0.022704898130366642,0.5120817590729925,0.0196191377192514,0.9589802473468578,262142
AZ3160611150220201027,subsetted_512x512_HLS.S30.T12RVV.2020320.v1.4,4,0.49,0.023746164081186884,0.04639072636232847,0.023746164081186884,1.0,0.021650912827697526,0.4939578731565466,0.023555755615234375,0.9919815063476562,262144
AZ3168311135220201006,subsetted_512x512_HLS.S30.T12SVA.2020310.v1.4,4,0.49,0.030593410650013843,0.05937047594883811,0.030593410650013843,1.0,0.033007661011867535,0.5675857662898692,0.0303497314453125,0.992034912109375,262144
AZ3195511118320200712,subsetted_512x512_HLS.S30.T12SVA.2020230.v1.4,2,0.5,0.03936431157277954,0.07574689862732144,0.03936431157277954,1.0,0.03936956803735893,0.5000178695522685,0.039363861083984375,0.9999885559082031,262144
AZ3198010937020180512,subsetted_512x512_HLS.S30.T12SXA.2018157.v1.4,4,0.49,0.025504512336798048,0.049740419530054314,0.025504512336798048,1.0,0.026524217988240548,0.5676097212549688,0.02529144287109375,0.9916458129882812,262144
AZ3209510937320200606,subsetted_512x512_HLS.S30.T12SXA.2020187.v1.4,1,0.48000000000000004,0.08164009256030684,0.1509561140010257,0.08164009256030684,1.0,0.08729103732177246,0.5282261442814034,0.0785980224609375,0.962738037109375,262144
AZ3213311040720190822,subsetted_512x512_HLS.S30.T12SWA.2019260.v1.4,5,0.48000000000000004,0.24964649666000294,0.39954738772484294,0.26435357290375877,0.8177607410956717,0.3990162612570782,0.9197101206206009,0.023883819580078125,0.073883056640625,262144
AZ3228010995520180726,subsetted_512x512_HLS.S30.T12SWA.2018225.v1.4,1,0.48000000000000004,0.034201138994930845,0.0661402075580164,0.034201138994930845,1.0,0.03674644365531298,0.5234175217048145,0.033355712890625,0.97528076171875,262144
AZ3237811092720200606,subsetted_512x512_HLS.S30.T12SWA.2020230.v1.4,3,0.49,0.4690248508903943,0.6385526434166345,0.8447280321877207,0.5132758226531117,0.8433623629277537,0.5405655401269984,0.8176307678222656,0.4968109130859375,262144
AZ3238810909020200813,subsetted_512x512_HLS.S30.T12SXA.2020247.v1.4,2,0.5,0.03919264823129537,0.07542903290934787,0.03919264823129537,1.0,0.03919758267584354,0.50001389605749,0.03919219970703125,0.9999885559082031,262144
AZ3282711447820190216,subsetted_512x512_HLS.S30.T11SQS.2019078.v1.4,3,0.49,0.018412263779119215,0.036158762878198414,0.01847696208434121,0.8402120408936009,0.029276787335352814,0.5917805094475654,0.02014923095703125,0.9162559509277344,262144
AZ3304411105620200630,subsetted_512x512_HLS.S30.T12SVB.2020185.v1.4,4,0.49,0.01798648135140426,0.03533736779593914,0.01798648135140426,1.0,0.02343160122592977,0.6539053353860232,0.01787567138671875,0.9938392639160156,262144
AZ3321510968220180730,subsetted_512x512_HLS.S30.T12SXB.2018217.v1.4,4,0.49,0.02507736516357206,0.048927751242601,0.02507736516357206,1.0,0.025082493657522815,0.5000510134675554,0.025077088007426973,0.9999889479559244,180962
AZ3324911096720201021,subsetted_512x512_HLS.S30.T12SVB.2020310.v1.4,5,0.48000000000000004,0.2167624629024381,0.3562938034517892,0.2988089073019161,0.4411652266992889,0.20280891059512282,0.7755614225208581,0.049911655720626,0.07369019588388165,262043
AZ3336011011920200828,subsetted_512x512_HLS.S30.T12SWB.2020250.v1.4,5,0.48000000000000004,0.21293490753317312,0.35110689981910587,0.268954140547674,0.5055190375790649,0.36747294539480235,0.8355587292333023,0.030757904052734375,0.057811737060546875,262144
AZ3340211129720200531,subsetted_512x512_HLS.S30.T12SVB.2020155.v1.4,1,0.48000000000000004,0.3751283837227148,0.5455903436552973,0.37788982970221674,0.9808921129803982,0.403757185388517,0.5331048473672204,0.3707313537597656,0.962310791015625,262144
AZ3340811121020190608,subsetted_512x512_HLS.S30.T12SVC.2019190.v1.4,5,0.48000000000000004,0.07159324074880968,0.133620179796546,0.9930223614087138,0.0716292747109901,0.9672843261861153,0.48312458113547235,0.9625511169433594,0.06943130493164062,262144
AZ3343511035820200606,subsetted_512x512_HLS.S30.T12SWC.2020190.v1.4,5,0.48000000000000004,0.1468240349751563,0.256053292392563,0.7441860465116279,0.1546282400823427,0.6277951575045049,0.659135920252569,0.4855079650878906,0.10087966918945312,262144
AZ3344911322120200711,subsetted_512x512_HLS.S30.T12STC.2020218.v1.4,1,0.48000000000000004,0.03059027290174601,0.0593645674834783,0.03059027290174601,1.0,0.03271234659569675,0.5167419052937059,0.02991485595703125,0.9779205322265625,262144
AZ3354411042020200801,subsetted_512x512_HLS.S30.T12SWC.2020250.v1.4,2,0.5,0.364702067597467,0.5344786620562806,0.364702067597467,1.0,0.36527616456779555,0.5008166157282591,0.3646965026855469,0.9999847412109375,262144
AZ3372911159520190804,subsetted_512x512_HLS.S30.T12SVC.2019245.v1.4,5,0.48000000000000004,0.3886488725809315,0.5597511080804637,0.5782846072560761,0.542368681863231,0.537074246506142,0.8805577987850028,0.0461883544921875,0.0433197021484375,262144
AZ3376811242920190530,subsetted_512x512_HLS.S30.T12SUC.2019158.v1.4,5,0.48000000000000004,0.24316813339509033,0.39120715350223545,0.39262121400972205,0.3898032421729984,0.2162262998512135,0.7777251946922287,0.030826568603515625,0.030605316162109375,262144
AZ3384711201720200517,subsetted_512x512_HLS.S30.T12SVC.2020155.v1.4,1,0.48000000000000004,0.049470388915075464,0.09427686466926828,0.049470388915075464,1.0,0.05147118631651646,0.5151683281072675,0.04894132759674986,0.9893054950662743,227313
AZ3388511181620200925,subsetted_512x512_HLS.S30.T12SVC.2020285.v1.4,3,0.49,0.2080343596354137,0.34441795132085273,0.24043164708829384,0.6069021748173786,0.30917614165406404,0.5414469955927337,0.22925186157226562,0.5786819458007812,262144
AZ3394811199720180727,subsetted_512x512_HLS.S30.T12SVC.2018215.v1.4,3,0.49,0.06479194614044105,0.12169879078310629,0.06479194614044105,1.0,0.06714056887600132,0.5180770625310305,0.06394456817619401,0.9869215540707745,161640
AZ3395311201220190903,subsetted_512x512_HLS.S30.T12SVC.2019280.v1.4,5,0.48000000000000004,0.12507734940407328,0.2223444449758477,0.6084282162020678,0.13602715276355443,0.30463586162692263,0.6237507322099455,0.1851960226503021,0.041404535479151426,184545
AZ3395611183620200829,subsetted_512x512_HLS.S30.T12SVC.2020250.v1.4,2,0.5,0.02174402325466066,0.042562565103923596,0.02174402325466066,1.0,0.021765527985886775,0.5003451045842366,0.0217437744140625,0.9999885559082031,262144
AZ3415011213920200531,subsetted_512x512_HLS.S30.T12SUC.2020153.v1.4,3,0.49,0.08045236308014786,0.148923480255612,0.08447154169299974,0.6283738938053097,0.113273616628327,0.5742914144775559,0.06897025276376925,0.5130616230897758,262142
AZ3417411217520200807,subsetted_512x512_HLS.S30.T12SUC.2020248.v1.4,4,0.49,0.05292047473855844,0.10052131382799573,0.05292047473855844,1.0,0.04144349633081508,0.39949529034400044,0.052371978759765625,0.9896354675292969,262144
AZ3423611014020190726,subsetted_512x512_HLS.S30.T12SWC.2019225.v1.4,4,0.49,0.03851629476029835,0.07417561949605876,0.03851629476029835,1.0,0.02322198494236707,0.22965425476811938,0.03797927085598318,0.9860572283066875,262143
AZ3424311248720190714,subsetted_512x512_HLS.S30.T12SUC.2019223.v1.4,5,0.48000000000000004,0.028024324483891916,0.054520742002794956,0.07736187320041289,0.04209281702630801,0.14793175717190618,0.6025317408480784,0.12905120849609375,0.07021713256835938,262144
AZ3427511241920201015,subsetted_512x512_HLS.S30.T12SUC.2020318.v1.4,5,0.48000000000000004,0.3063330194538497,0.4689968252994494,0.6376944571881387,0.37088245282103527,0.4798433925390635,0.7808998428634,0.15799518648536784,0.09188984103137983,260932
AZ3440011201020190603,subsetted_512x512_HLS.S30.T12SVD.2019183.v1.4,2,0.5,0.044056442906679996,0.08439475318791333,0.044056442906679996,1.0,0.04408318128726401,0.5001795726171712,0.044055938720703125,0.9999885559082031,262144
AZ3455711116020180427,subsetted_512x512_HLS.S30.T12SVD.2018168.v1.4,4,0.49,0.364474055842479,0.53423376469762,0.364474055842479,1.0,0.3645071473967738,0.49964291949024775,0.3644464841366302,0.9999243520755269,198287
AZ3461611082220180724,subsetted_512x512_HLS.S30.T12SWD.2018220.v1.4,4,0.49,0.07052954244622137,0.13176570967870221,0.07052954244622137,1.0,0.05009369038380913,0.36406887748421685,0.06951549345204716,0.9856223511594816,262143
AZ3468811236620180511,subsetted_512x512_HLS.S30.T12SUD.2018168.v1.4,1,0.48000000000000004,0.09366412720997229,0.1712849948711717,0.09366412720997229,1.0,0.1001024027570749,0.5206495893757569,0.09140917067215991,0.9759250782024872,262140
AZ3477911297320180708,subsetted_512x512_HLS.S30.T12SUD.2018218.v1.4,4,0.49,0.10753274471391461,0.19418431685591608,0.10753274471391461,1.0,0.0854924646956857,0.4088603372047074,0.10532379150390625,0.9794578552246094,262144
AZ3479711322320200824,subsetted_512x512_HLS.S30.T12STD.2020248.v1.4,4,0.49,0.1920740057788082,0.32225181464857466,0.1920740057788082,1.0,0.20382218375820593,0.5475546049257962,0.18993377685546875,0.9888572692871094,262144
AZ3495111328920180515,subsetted_512x512_HLS.S30.T12STD.2018168.v1.4,4,0.49,0.03314261577451809,0.06415883977387186,0.03314261577451809,1.0,0.0373815401987432,0.5897227245585949,0.032924652099609375,0.9934234619140625,262144
AZ3525811164320190721,subsetted_512x512_HLS.S30.T12SVE.2019228.v1.4,3,0.49,0.03611726415622426,0.06971655700696548,0.03611726415622426,1.0,0.0321770134402723,0.47454347328334195,0.03445894910314415,0.954085252805774,262138
AZ3530911140720190516,subsetted_512x512_HLS.S30.T12SVE.2019183.v1.4,4,0.49,0.14769403480903906,0.257375276562474,0.14769403480903906,1.0,0.1494816239502384,0.503419824680887,0.14754867553710938,0.9990158081054688,262144
AZ3563211274720200705,subsetted_512x512_HLS.S30.T12SUE.2020218.v1.4,5,0.48000000000000004,0.31328117061274263,0.4770968740328072,0.46021794297656365,0.49526104417670685,0.43085821797505686,0.8287116733455652,0.023746490478515625,0.025554656982421875,262144
AZ3574111380520200818,subsetted_512x512_HLS.S30.T12STE.2020246.v1.4,4,0.49,0.11036869200653535,0.1987964768838885,0.11036869200653535,1.0,0.09720845215381957,0.48349216189461103,0.10930475732527344,0.9903601767682549,262038
AZ3636511203320180806,subsetted_512x512_HLS.S30.T12SVF.2018253.v1.4,5,0.48000000000000004,0.3847007375497683,0.555644591091209,0.5393731411576298,0.5729283110571082,0.5370667818128619,0.8595967159839903,0.0784927859121186,0.08337593371126863,262126
AZ3636911230720180726,subsetted_512x512_HLS.S30.T12SUF.2018253.v1.4,4,0.49,0.042619023093093435,0.08175377995052766,0.042619023093093435,1.0,0.04262552800173997,0.49981470929282706,0.04261658426417628,0.9999427760483428,262128
AZ3652211386520200510,subsetted_512x512_HLS.S30.T12STF.2020156.v1.4,4,0.49,0.6160310178698247,0.7623999923984721,0.6177289157322186,0.995558009541594,0.5891377252854035,0.4712300017324056,0.6148872375488281,0.9909782409667969,262144
AZ3662811235020200608,subsetted_512x512_HLS.S30.T12SUF.2020183.v1.4,2,0.5,0.49666774753466725,0.6636980697322911,0.4966772212261092,0.9999615972472907,0.49649633789878495,0.4996708253530352,0.4966697692871094,0.9999465942382812,262144
AZ3689811361420180708,subsetted_512x512_HLS.S30.T12STF.2018231.v1.4,5,0.48000000000000004,0.4604775627830383,0.630584918957012,0.68609109032357,0.5833876646238102,0.6481039677705762,0.9186731979250897,0.029254913330078125,0.024875640869140625,262144
AZ3697411369720210713,subsetted_512x512_HLS.S30.T12STF.2021215.v1.4,2,0.5,0.04043243903090322,0.07772237295592872,0.04043243903090322,1.0,0.040437375290432606,0.5000139140114095,0.040431976318359375,0.9999885559082031,262144
AZ3697611367020210624,subsetted_512x512_HLS.S30.T12STF.2021190.v1.4,5,0.48000000000000004,0.0,0.0,0.0,0.0,0.020823771959733086,0.48619520963459295,0.01976776123046875,0.0234527587890625,262144
AZ3698311211020200729,subsetted_512x512_HLS.S30.T12SUF.2020223.v1.4,2,0.5,0.19796979488138064,0.33050882539318616,0.19796979488138064,1.0,0.1980287182852978,0.5000927476123436,0.197967529296875,0.9999885559082031,262144
CA3257311670020190814,subsetted_512x512_HLS.S30.T11SNS.2019246.v1.4,5,0.48000000000000004,0.2509742790335152,0.4012461059190031,0.27193394013324573,0.7650475184794087,0.4195946494129275,0.9314863100800517,0.028905659801445282,0.0813219684540661,262094
CA3276011669320200905,subsetted_512x512_HLS.S30.T11SNS.2020276.v1.4,3,0.49,0.2953301833937175,0.45599212799930794,0.3104707493410687,0.8582767978290367,0.32049829043397726,0.5673723885360287,0.2811549862092907,0.7772352202889373,262133
CA3298011643520210501,subsetted_512x512_HLS.S30.T11SNS.2021155.v1.4,5,0.48000000000000004,0.19308665042874779,0.3236758207953465,0.5292665081397476,0.23312117305833066,0.309739651113794,0.7133154373220697,0.09469676740087433,0.04171021812605382,262142
CA3337911735120200609,subsetted_512x512_HLS.S30.T11SMT.2020194.v1.4,4,0.49,0.40412245209557984,0.5756228048236791,0.4041594771641039,0.9997733625443832,0.4067175976151936,0.4997993959111952,0.4039796743625349,0.999328582546198,262132
CA3338011743020180706,subsetted_512x512_HLS.S30.T11SMS.2018259.v1.4,1,0.48000000000000004,0.05272249670162482,0.10016409237346822,0.05272249670162482,1.0,0.06719121420419545,0.6234959187682819,0.050762370156746506,0.9628218186257119,262143
CA3350411735320210828,subsetted_512x512_HLS.S30.T11SMT.2021248.v1.4,2,0.5,0.027510484644821906,0.05354784219906314,0.027510484644821906,1.0,0.028082060808042177,0.5041028618049455,0.027450980392156862,0.9978370336461433,262140
CA3352811727320190904,subsetted_512x512_HLS.S30.T11SMT.2019294.v1.4,2,0.5,0.03121601666685745,0.06054214861354706,0.03121601666685745,1.0,0.031413793500673894,0.5021345978134157,0.03121411102166025,0.9999389529670766,262093
CA3363011706020180517,subsetted_512x512_HLS.S30.T11SMT.2018154.v1.4,1,0.48000000000000004,0.02326432829524924,0.045470808767481295,0.02326432829524924,1.0,0.024278308093825262,0.5236464416697026,0.022408426733720736,0.9632097023964674,260884
CA3367611751620180806,subsetted_512x512_HLS.S30.T11SMT.2018249.v1.4,5,0.48000000000000004,0.15611095597133018,0.2700622378241721,0.7779478615827071,0.1633915610416687,0.5256886064831062,0.6270648005960648,0.3915594398391693,0.08223881223320452,262139
CA3372011680020180725,subsetted_512x512_HLS.S30.T11SNT.2018216.v1.4,4,0.49,0.22607729966107426,0.36878147849824644,0.22607729966107426,1.0,0.21949876590404296,0.48670395327080973,0.22443008422851562,0.9927139282226562,262144
CA3375311768720201026,subsetted_512x512_HLS.S30.T11SMT.2020309.v1.4,5,0.48000000000000004,0.24195632835971198,0.38963741773315136,0.8097966520615661,0.2565352789394074,0.45757433259700053,0.6147329910062401,0.21443317064980558,0.06793023051708941,262063
CA3388811668420200917,subsetted_512x512_HLS.S30.T11SNT.2020281.v1.4,2,0.5,0.11102788308670662,0.19986516050028205,0.11102788308670662,1.0,0.11110388741227986,0.5002127979708961,0.11102661015718451,0.9999885350464521,261667
CA3399211696420200731,subsetted_512x512_HLS.S30.T11SNT.2020221.v1.4,5,0.48000000000000004,0.08608115048793015,0.15851697720609098,0.667410003185728,0.0899392534398008,0.6280670265860687,0.6196418243194138,0.5332435443501617,0.07185916610707527,262096
CA3399211705920191010,subsetted_512x512_HLS.S30.T11SMT.2019309.v1.4,4,0.49,0.018136327998893143,0.0356265217145122,0.018136327998893143,1.0,0.015500182997012045,0.46357722682851893,0.018003135956294995,0.9926560634210918,262121
CA3405311699120200905,subsetted_512x512_HLS.S30.T11SMT.2020289.v1.4,4,0.49,0.36283195979438926,0.5324676416439922,0.36283195979438926,1.0,0.36765745461425076,0.504239604930314,0.3624969476832916,0.9990766741957146,262096
CA3408411857020210515,subsetted_512x512_HLS.S30.T11SLT.2021163.v1.4,5,0.48000000000000004,0.239442906883314,0.3863718216523806,0.2480347729584759,0.8736156351791531,0.4161756677927063,0.9505201675900115,0.0234222412109375,0.08249664306640625,262144
CA3415711791120200813,subsetted_512x512_HLS.S30.T11SMT.2020249.v1.4,1,0.48000000000000004,0.0775521535654795,0.14394134577870693,0.07773868447730932,0.969988590703904,0.16588383491554723,0.6281813031101583,0.07690605627086314,0.9595994277539341,262125
CA3424011870020181108,subsetted_512x512_HLS.S30.T11SLT.2018349.v1.4,3,0.49,0.6607378897441879,0.7957160414350091,0.7110135881388266,0.9033288509272203,0.6992620243261979,0.4373150208630679,0.7253566196314288,0.9215513917803995,259380
CA3424811795920200906,subsetted_512x512_HLS.S30.T11SMU.2020299.v1.4,1,0.48000000000000004,0.7591427636253323,0.8630826096920657,0.7726825819871941,0.9774380059103174,0.7861298725940684,0.5355232868716526,0.7629285162545042,0.965099181687363,255037
CA3428211880320191030,subsetted_512x512_HLS.S30.T11SLT.2019309.v1.4,5,0.48000000000000004,0.17429067747539084,0.2968441814595661,0.23152476184841134,0.413505230899292,0.18227938367289365,0.744876703629055,0.03610247410487763,0.0644793315910955,262115
CA3444111874620200817,subsetted_512x512_HLS.S30.T11SLU.2020249.v1.4,2,0.5,0.04037887862303637,0.07762341095674428,0.04037887862303637,1.0,0.04040708660515577,0.5001967729240457,0.040378570556640625,0.9999923706054688,262144
CA3446611833020200705,subsetted_512x512_HLS.S30.T11SLU.2020229.v1.4,3,0.49,0.03363739697154901,0.06508548756092439,0.033935517330797825,0.7929177325972802,0.05015313740122518,0.5891141890115537,0.028331756591796875,0.6619834899902344,262144
CA3449011860020180922,subsetted_512x512_HLS.S30.T11SLU.2018274.v1.4,2,0.5,0.05774057938948188,0.10917720377676955,0.05774057938948188,1.0,0.057807618567489324,0.5004169905428164,0.0577392578125,0.9999771118164062,262144
CA3451712013120211011,subsetted_512x512_HLS.S30.T10SGD.2021306.v1.4,4,0.49,0.29575089842289587,0.4564934491388194,0.29575089842289587,1.0,0.29587054423326464,0.49994312549765185,0.29573397522707245,0.9999427788861719,262141
CA3490011851020180604,subsetted_512x512_HLS.S30.T11SLU.2018184.v1.4,3,0.49,0.013193256779868068,0.026042922594646734,0.013749616193992406,0.2458818802732021,0.021994928477036397,0.416617220867027,0.028484344482421875,0.5093803405761719,262144
CA3494811892720210627,subsetted_512x512_HLS.S30.T11SLU.2021188.v1.4,4,0.49,0.035424166897442995,0.06842445449885216,0.035424166897442995,1.0,0.03789574387454876,0.5524644393323651,0.0351340319448842,0.9918096887529135,262139
CA3511712010020180819,subsetted_512x512_HLS.S30.T10SGD.2018257.v1.4,4,0.49,0.019391979449776952,0.03804616838410656,0.019391979449776952,1.0,0.018048324765723926,0.4645308151011378,0.01935210687337397,0.9979438624867438,262142
CA3517211519520200622,subsetted_512x512_HLS.S30.T11SPV.2020186.v1.4,5,0.48000000000000004,0.03077660594439118,0.059715375313924283,0.05213578041253857,0.06987374836743579,0.03786741636143861,0.7138352748307174,0.01752471923828125,0.023487091064453125,262144
CA3530111559820200815,subsetted_512x512_HLS.S30.T11SPV.2020246.v1.4,5,0.48000000000000004,0.03571157824057528,0.06896046928671139,0.8838113106405789,0.03588002633196777,0.735073175080664,0.5350121779836973,0.7011680603027344,0.02846527099609375,262144
CA3531811870820200701,subsetted_512x512_HLS.S30.T11SLV.2020222.v1.4,1,0.48000000000000004,0.055814564579509576,0.10572796862626796,0.055814564579509576,1.0,0.05975878025985266,0.5498343383206274,0.053478240966796875,0.9581413269042969,262144
CA3533311990620190605,subsetted_512x512_HLS.S30.T11SKV.2019187.v1.4,2,0.5,0.020534750382427778,0.04024311837442622,0.020534750382427778,1.0,0.020539608286051152,0.5000467360697303,0.020534515380859375,0.9999885559082031,262144
CA3535111995620200610,subsetted_512x512_HLS.S30.T10SGE.2020187.v1.4,5,0.48000000000000004,0.3995575597719731,0.5709769590856587,0.5522107243650047,0.5910635619886722,0.569231298095261,0.8949358216896867,0.030307769775390625,0.032440185546875,262144
CA3535112000520200728,subsetted_512x512_HLS.S30.T10SGE.2020217.v1.4,1,0.48000000000000004,0.05900977559662801,0.11144330667463936,0.05900977559662801,1.0,0.06073007137156664,0.5326765198703051,0.05687713623046875,0.9638595581054688,262144
CA3540011877020180803,subsetted_512x512_HLS.S30.T11SLV.2018249.v1.4,1,0.48000000000000004,0.08819478156537251,0.1620937410460726,0.08819478156537251,1.0,0.09404137046094677,0.5344481985866252,0.08524322509765625,0.9665336608886719,262144
CA3540811843620210720,subsetted_512x512_HLS.S30.T11SLV.2021216.v1.4,3,0.49,0.030030288058771722,0.05830952430606244,0.03142891400137886,0.40292054952445,0.03575894888995776,0.3372964825469943,0.050163130171611975,0.6430943167086741,207503
CA3546511854420200803,subsetted_512x512_HLS.S30.T11SLV.2020247.v1.4,1,0.48000000000000004,0.13599005103942316,0.23942120076666723,0.13599005103942316,1.0,0.13365217129991103,0.5099602614930762,0.132232666015625,0.9723701477050781,262144
CA3566212040420190612,subsetted_512x512_HLS.S30.T10SGE.2019187.v1.4,1,0.48000000000000004,0.03468419561933535,0.06704305674365554,0.03468419561933535,1.0,0.03729947881413294,0.5220091028591505,0.033634185791015625,0.9697265625,262144
CA3568711855020210818,subsetted_512x512_HLS.S30.T11SLV.2021251.v1.4,5,0.48000000000000004,0.22079077715392673,0.36171763628271203,0.8709076225383612,0.22826113503700146,0.7019606502260552,0.71478353622542,0.4685760716560935,0.12281176923869215,262141
CA3572011963220190507,subsetted_512x512_HLS.S30.T11SKV.2019152.v1.4,2,0.5,0.05867921216699862,0.11085362117744581,0.05867921216699862,1.0,0.0586886171787944,0.5000182400389122,0.05867854049578578,0.9999885535066333,262089
CA3580012036020180806,subsetted_512x512_HLS.S30.T10SGE.2018247.v1.4,2,0.5,0.0397801183332634,0.07651640502038017,0.0397801183332634,1.0,0.03978801094284766,0.5000337682149725,0.0397796630859375,0.9999885559082031,262144
CA3595912083320210530,subsetted_512x512_HLS.S30.T10SFE.2021166.v1.4,1,0.48000000000000004,0.022037537776363924,0.043124713059582445,0.022037537776363924,1.0,0.022980358399913706,0.49901590286922015,0.02114105224609375,0.959320068359375,262144
CA3602211875920210618,subsetted_512x512_HLS.S30.T11SLV.2021186.v1.4,3,0.49,0.01997876401347117,0.03917486268999872,0.020391473744398494,0.49676060900550695,0.05957795925626957,0.4922620959857997,0.023552120606388904,0.5737577343577145,262142
CA3604711863120210910,subsetted_512x512_HLS.S30.T11SLV.2021331.v1.4,3,0.49,0.8720199264618669,0.9316353038078946,0.8781247110316556,0.992090680758633,0.8917480394329953,0.5579834057861748,0.8763499311444517,0.9900855639860686,262143
CA3605412006420200503,subsetted_512x512_HLS.S30.T10SGE.2020162.v1.4,3,0.49,0.04153451140311131,0.07975638051044083,0.04186580107763659,0.839969455656158,0.21959865710115167,0.6490790804040536,0.03496973003078496,0.7016109650913058,262141
CA3606211763420200821,subsetted_512x512_HLS.S30.T11SMV.2020249.v1.4,4,0.49,0.6516100281975828,0.789060392069296,0.6521912993994017,0.9986340889019724,0.6893997626826137,0.6045090221819268,0.6479263305664062,0.9921035766601562,262144
CA3606611745820200728,subsetted_512x512_HLS.S30.T11SMV.2020234.v1.4,3,0.49,0.1769335505903886,0.3006687174507565,0.17876827871144668,0.945174444947893,0.3210264615800582,0.6746382696408081,0.16032253377887548,0.8476490514387086,261554
CA3607512023120200815,subsetted_512x512_HLS.S30.T10SGE.2020247.v1.4,2,0.5,0.03424111451470773,0.06621495516695744,0.03424111451470773,1.0,0.034260849650750026,0.5001520729318081,0.03424072265625,0.9999885559082031,262144
CA3609512052220200713,subsetted_512x512_HLS.S30.T10SGF.2020217.v1.4,3,0.49,0.31298251841334634,0.47675047310083807,0.43170756292840273,0.5322875608110508,0.4399091054489402,0.5033225657618351,0.4297125941298095,0.5298278006240987,262138
CA3612312160220200819,subsetted_512x512_HLS.S30.T10SFE.2020267.v1.4,5,0.48000000000000004,0.10017683465959328,0.18211042353130275,0.9940578265204387,0.10023685914320528,0.9723571420558086,0.6876778257435182,0.9486371526122036,0.09565681805176722,262135
CA3620712156020210618,subsetted_512x512_HLS.S30.T10SFF.2021189.v1.4,4,0.49,0.05302816417785171,0.10071556674697922,0.05302816417785171,1.0,0.05304982080084275,0.4998146820185157,0.053025129615711826,0.9999427745201643,262121
CA3641012100020180604,subsetted_512x512_HLS.S30.T10SFF.2018190.v1.4,5,0.48000000000000004,0.19828905898244034,0.33095363342601636,0.22046455746896276,0.6634528472431456,0.3370284798864308,0.9019039376972465,0.02532196044921875,0.076202392578125,262144
CA3656312164020200816,subsetted_512x512_HLS.S30.T10SFF.2020250.v1.4,1,0.48000000000000004,0.6202067709828504,0.7655896544693741,0.6259545317436378,0.9854106268119565,0.6376594986069873,0.5517409819391785,0.61053466796875,0.9611358642578125,262144
CA3667512102020200715,subsetted_512x512_HLS.S30.T10SFF.2020215.v1.4,5,0.48000000000000004,0.26432706547592333,0.4181308344869201,0.27831592874356187,0.8402282453637661,0.5162637275248595,0.955915963413011,0.02674102783203125,0.08073043823242188,262144
CA3686012078020180502,subsetted_512x512_HLS.S30.T10SFF.2018155.v1.4,3,0.49,0.03738565889531214,0.07207668348745684,0.03753929730137572,0.9013285024154589,0.051933612130745946,0.6638298618389915,0.031585693359375,0.7583808898925781,262144
CA3702412151420200705,subsetted_512x512_HLS.S30.T10SFG.2020215.v1.4,2,0.5,0.09943001899936668,0.18087557603686635,0.09943001899936668,1.0,0.09988617069796142,0.501762189181175,0.09942319136923382,0.9999313323058612,262132
CA3706812121320200628,subsetted_512x512_HLS.S30.T10SFG.2020185.v1.4,1,0.48000000000000004,0.04038519169680139,0.07763507596823008,0.04038519169680139,1.0,0.08910528799328044,0.5993370090937196,0.03881709073451752,0.9611713874219875,260375
CA3735012030020180615,subsetted_512x512_HLS.S30.T10SGG.2018187.v1.4,2,0.5,0.0798425274947452,0.14787809418838382,0.0798425274947452,1.0,0.07986415843095356,0.5000642582934655,0.07984161376953125,0.9999885559082031,262144
CA3756511912720180611,subsetted_512x512_HLS.S30.T11SLB.2018197.v1.4,2,0.5,0.2448188408564859,0.3933405132075935,0.2448188408564859,1.0,0.24929214829104374,0.5058362417734498,0.24456662749347538,0.9989697959432854,262084
CA3761912020720170716,subsetted_512x512_HLS.S30.T10SGG.2019307.v1.4,5,0.48000000000000004,0.21029166890476447,0.34750576957216406,0.22265824944548712,0.7910689028086482,0.20843788589284343,0.9560719580786248,0.018878936767578125,0.06707382202148438,262144
CA3765211988120180713,subsetted_512x512_HLS.S30.T11SKB.2018222.v1.4,3,0.49,0.6364848734627543,0.7778683247049767,0.814486437001214,0.7444011440992038,0.7990929473815167,0.3829952816448946,0.8388938903808594,0.7667083740234375,262144
CA3780512029420200820,subsetted_512x512_HLS.S30.T10SGG.2020247.v1.4,3,0.49,0.05502884512870732,0.10431723337762225,0.05508039144388408,0.9832780639243632,0.052108049600912414,0.48061231496844903,0.054065704345703125,0.9651641845703125,262144
CA3781211964620200725,subsetted_512x512_HLS.S30.T11SKB.2020222.v1.4,2,0.5,0.12052392077816972,0.2151206565844119,0.12052392077816972,1.0,0.12225212492013399,0.5049207987785835,0.12044345593480923,0.9993323744959427,262123
CA3782611887220190726,subsetted_512x512_HLS.S30.T11SLB.2019237.v1.4,3,0.49,0.11066390980212658,0.19927524217806306,0.11428478285673924,0.7774246008279124,0.10719538428109035,0.5297727613312117,0.1032226558774269,0.7021742530893165,262113
CA3792911898320200817,subsetted_512x512_HLS.S30.T11SLC.2020247.v1.4,3,0.49,0.05844973698758171,0.11044404839465224,0.06054631001647077,0.6279696301738917,0.07587835441154556,0.4837549737615898,0.06230282407425068,0.6461877095739283,262139
CA3802612076120200818,subsetted_512x512_HLS.S30.T10SFH.2020245.v1.4,1,0.48000000000000004,0.033291235960394155,0.06443727538142055,0.033291235960394155,1.0,0.06245052365254378,0.6378779458015338,0.032077789306640625,0.9635505676269531,262144
CA3805012095020180629,subsetted_512x512_HLS.S30.T10SFH.2018185.v1.4,1,0.48000000000000004,0.2119274518265717,0.34973620163015956,0.21209455657783166,0.9962960894894559,0.23094906655535527,0.5486906086077391,0.20495223999023438,0.9627456665039062,262144
CA3831012199020180810,subsetted_512x512_HLS.S30.T10SEH.2018245.v1.4,5,0.48000000000000004,0.2518166804293972,0.40232197631848016,0.29882410583047525,0.615501059642749,0.3376062649576589,0.8281494187825105,0.037802575107296135,0.07786361468764902,262125
CA3847012204820200606,subsetted_512x512_HLS.S30.T10SEH.2020190.v1.4,2,0.5,0.03166621520054634,0.06138848928844824,0.03166621520054634,1.0,0.03169620523865715,0.500295491974438,0.031665611146295125,0.9999809243306348,262114
CA3852112120220200612,subsetted_512x512_HLS.S30.T10SFH.2020185.v1.4,1,0.48000000000000004,0.09259332835370214,0.16949275810281567,0.09259332835370214,1.0,0.15625200066945016,0.5716950759530348,0.08890355461627082,0.9601507602865667,262138
CA3855412253120200927,subsetted_512x512_HLS.S30.T10SEH.2020285.v1.4,3,0.49,0.7008944625955483,0.8241480915000338,0.7038375983987276,0.9940693554425737,0.7109516584843811,0.5197175747189753,0.7031821130146133,0.9931435766339807,262090
CA3867312307820200817,subsetted_512x512_HLS.S30.T10SDH.2020248.v1.4,1,0.48000000000000004,0.7836802969629147,0.8787228275126353,0.8056318268363564,0.966399484548475,0.7981344747625151,0.5582299236697689,0.7933661402304112,0.9516861219195849,262140
CA3873012240020180908,subsetted_512x512_HLS.S30.T10SEH.2018280.v1.4,2,0.5,0.04279067635396851,0.0820695415183085,0.04279067635396851,1.0,0.04371682797377459,0.5067665038136302,0.04273223876953125,0.9986343383789062,262144
CA3879612276720191023,subsetted_512x512_HLS.S30.T10SEH.2019305.v1.4,1,0.48000000000000004,0.7640806823977357,0.8662650070621469,0.77837488399394,0.9765297694274995,0.8011585517258055,0.5529265804514254,0.7667053240352188,0.9618894297529489,262132
CA3881012220020180630,subsetted_512x512_HLS.S30.T10SEH.2018190.v1.4,3,0.49,0.744389574541074,0.8534671215710666,0.811594581077261,0.89989535764058,0.8096649065403078,0.5580877024876391,0.7910652160644531,0.8771324157714844,262144
CA3892812226620190608,subsetted_512x512_HLS.S30.T10SEJ.2019185.v1.4,5,0.48000000000000004,0.2162202029738022,0.3555609460278957,0.24337517433751743,0.6596165961659617,0.3364819327993602,0.8717521587623808,0.042385101318359375,0.11487579345703125,262144
CA3919012180020180731,subsetted_512x512_HLS.S30.T10SEJ.2018220.v1.4,2,0.5,0.017554301586029813,0.034502928361992036,0.017554301586029813,1.0,0.01762666411263289,0.5014677160707144,0.017551422119140625,0.9998359680175781,262144
CA3966012253020180609,subsetted_512x512_HLS.S30.T10SEJ.2018185.v1.4,4,0.49,0.04058546761100225,0.07800506325382231,0.04058546761100225,1.0,0.0366054065282125,0.4604526725267588,0.040374755859375,0.9948081970214844,262144
CA3968112017120200814,subsetted_512x512_HLS.S30.T10TGK.2020285.v1.4,1,0.48000000000000004,0.6813377744015271,0.810471024650653,0.694765109202571,0.9724169757084795,0.6974114801405834,0.5151588562580496,0.6861000061035156,0.9602890014648438,262144
CA3988012002520190824,subsetted_512x512_HLS.S30.T10TGK.2019245.v1.4,2,0.5,0.04208803659099492,0.08077635499718129,0.04208803659099492,1.0,0.04209911779968863,0.5000557522370586,0.042087554931640625,0.9999885559082031,262144
CA4004012260920191103,subsetted_512x512_HLS.S30.T10TEK.2019350.v1.4,4,0.49,0.0501896179408331,0.09558201125477274,0.0501896179408331,1.0,0.05019268190316303,0.49987950161869493,0.050186745815863666,0.9999427745201643,262121
CA4005312066920190904,subsetted_512x512_HLS.S30.T10TGK.2019280.v1.4,3,0.49,0.8379608574968244,0.911837544394791,0.8442163221132958,0.9912348639085087,0.8683243917158465,0.6426771535019813,0.8226647030994857,0.9659300746257268,262108
CA4010912278920190905,subsetted_512x512_HLS.S30.T10TEK.2019275.v1.4,2,0.5,0.10505935511894861,0.19014246543822982,0.10505935511894861,1.0,0.10631808045286903,0.5046446927901165,0.10466570618874975,0.9962530806537583,189489
CA4022012217020181007,subsetted_512x512_HLS.S30.T10TEK.2018340.v1.4,5,0.48000000000000004,0.3386525444534072,0.5059603343027064,0.4695356187697544,0.548511701885935,0.43773158102864473,0.8602121783832661,0.06717007337426216,0.0784681071882357,262081
CA4042112086320200718,subsetted_512x512_HLS.S30.T10TFK.2020220.v1.4,2,0.5,0.16712958712086431,0.28639422556864186,0.16712958712086431,1.0,0.17060654463654576,0.5104367409903002,0.16664505004882812,0.997100830078125,262144
CA4051012242020180624,subsetted_512x512_HLS.S30.T10TEK.2018183.v1.4,1,0.48000000000000004,0.023507350497681705,0.04593489335714341,0.023519446489498975,0.9785902503293807,0.02160316565569231,0.4457917688383619,0.02316293015644133,0.9637564230210228,262143
CA4054112256820200927,subsetted_512x512_HLS.S30.T10TEK.2020275.v1.4,4,0.49,0.6406955814230174,0.7810048234143786,0.6424981141370445,0.995640245720761,0.6707028750249657,0.5586648672323097,0.6396102905273438,0.9911651611328125,262144
CA4058912057520190828,subsetted_512x512_HLS.S30.T10TGL.2019245.v1.4,4,0.49,0.0653164771371157,0.12262361192918807,0.0653164771371157,1.0,0.05875280437998412,0.4680367782687429,0.06472396850585938,0.9909286499023438,262144
CA4063012088020180727,subsetted_512x512_HLS.S30.T10TFL.2018215.v1.4,4,0.49,0.3197700368902334,0.484584477525654,0.3197700368902334,1.0,0.3198969563972903,0.49960745388985156,0.3197517395019531,0.9999427795410156,262144
CA4102912028120200818,subsetted_512x512_HLS.S30.T10TGL.2020265.v1.4,5,0.48000000000000004,0.12646001898990084,0.22452642234617046,0.961121469511774,0.12711024653981215,0.8875202934577131,0.6072499519776663,0.8353843688964844,0.11048126220703125,262144
CA4106412076220200720,subsetted_512x512_HLS.S30.T10TFL.2020215.v1.4,2,0.5,0.35315440441395307,0.5219720724582102,0.35315440441395307,1.0,0.3565010408878197,0.5057691609386585,0.35306549072265625,0.9997482299804688,262144
CA4129012012020180713,subsetted_512x512_HLS.S30.T10TGL.2018215.v1.4,5,0.48000000000000004,0.3179289258683775,0.4824674830759869,0.3781898402098736,0.6661415668977105,0.44640200964464316,0.8803919931987718,0.03632354736328125,0.0639801025390625,262144
CA4139512105720180815,subsetted_512x512_HLS.S30.T10TFL.2018245.v1.4,4,0.49,0.6428997316903508,0.7826402540450628,0.6430226157163172,0.9997028355432463,0.6508076184710363,0.512205656338562,0.6418495178222656,0.9978790283203125,262144
CA4172612124320190728,subsetted_512x512_HLS.S30.T10TFM.2019215.v1.4,2,0.5,0.24186312657358663,0.3895165600751977,0.24186312657358663,1.0,0.24207182510289638,0.5003647945577683,0.24185943603515625,0.9999847412109375,262144
CA4173712105820200723,subsetted_512x512_HLS.S30.T10TFM.2020215.v1.4,5,0.48000000000000004,0.38899977822133514,0.5601149608813668,0.46056892778993436,0.7145573058120587,0.5672959249214721,0.9474418912138105,0.0280914306640625,0.043582916259765625,262144
CA4174812105620190905,subsetted_512x512_HLS.S30.T10TFM.2019280.v1.4,1,0.48000000000000004,0.10279138449813034,0.18642036189811131,0.10279138449813034,1.0,0.1144295318324128,0.5454277975109735,0.09878912270528452,0.9610642291434588,262124
CO3699510252520190213,subsetted_512x512_HLS.S30.T13SGB.2019076.v1.4,3,0.49,0.06704583387912566,0.12566626802784664,0.06750047859102801,0.9087108413034763,0.0830574266152477,0.5956515416601547,0.06660842895507812,0.8967018127441406,262144
CO3701810400020200822,subsetted_512x512_HLS.S30.T13SEB.2020249.v1.4,3,0.49,0.033320771846281655,0.06449260046664097,0.03332705140615229,0.9943769968051118,0.0386033969238163,0.5984707286536947,0.02985649803309588,0.8908263286618565,262087
CO3702010334020200607,subsetted_512x512_HLS.S30.T13SFB.2020189.v1.4,1,0.48000000000000004,0.060361065343310934,0.11385002206539516,0.060361065343310934,1.0,0.06490074625288036,0.5247007625793172,0.05855560302734375,0.9700889587402344,262144
CO3711310286620190718,subsetted_512x512_HLS.S30.T13SFB.2019219.v1.4,2,0.5,0.034424222078957505,0.06655726218354138,0.034424222078957505,1.0,0.03443446804775951,0.5000750632111252,0.034423828125,0.9999885559082031,262144
CO3727110823720200614,subsetted_512x512_HLS.S30.T12SYG.2020220.v1.4,4,0.49,0.052429868858124846,0.09963584350757869,0.052429868858124846,1.0,0.04044123422328223,0.39506362052479554,0.05208245912520695,0.9933738202958702,262142
CO3735610351820200518,subsetted_512x512_HLS.S30.T13SFB.2020164.v1.4,1,0.48000000000000004,0.029239492605366225,0.05681766550047708,0.029239492605366225,1.0,0.03146030667823943,0.5171182174119643,0.028621673583984375,0.9788703918457031,262144
CO3765810847420180722,subsetted_512x512_HLS.S30.T12SYG.2018225.v1.4,3,0.49,0.3454501226409357,0.5135086270799308,0.3485618912428974,0.9748080861238545,0.3500675822904592,0.5377576266354355,0.3338094274268387,0.9335505035267879,261853
CO3773310232920180304,subsetted_512x512_HLS.S30.T13SGB.2018136.v1.4,1,0.48000000000000004,0.1832714905355051,0.30977082098473135,0.1832714905355051,1.0,0.19631148169990528,0.5283991570943949,0.17842864990234375,0.9735755920410156,262144
CO3805510340720200411,subsetted_512x512_HLS.S30.T13SFC.2020124.v1.4,1,0.48000000000000004,0.025193828621247975,0.04914939578817089,0.025193828621247975,1.0,0.02700537771232368,0.5175635875793501,0.024692535400390625,0.9801025390625,262144
CO3806310318920190404,subsetted_512x512_HLS.S30.T13SFC.2019154.v1.4,3,0.49,0.02333754250933702,0.04561064466004205,0.023994339726328515,0.4602108036890646,0.04957914267645217,0.46469663971423625,0.02896670165060586,0.5555805743726744,262025
CO3844710247720200615,subsetted_512x512_HLS.S30.T13SFC.2020184.v1.4,4,0.49,0.023601502576558117,0.04611463058065,0.023601502576558117,1.0,0.03030829003016338,0.6222569647072944,0.023464202880859375,0.9941825866699219,262144
CO3846910432320180527,subsetted_512x512_HLS.S30.T13SEC.2018164.v1.4,3,0.49,0.03663978238045242,0.07068951626825647,0.03679562909622459,0.8963806187974314,0.09357270416696523,0.6193260744457582,0.03920745849609375,0.9551353454589844,262144
CO3905010893820200605,subsetted_512x512_HLS.S30.T12SXJ.2020200.v1.4,5,0.48000000000000004,0.18228027661209292,0.3083537469379593,0.2006897898093317,0.6652286453839517,0.2644786663673482,0.9118237514602529,0.0176849365234375,0.058620452880859375,262144
CO3968910875820180729,subsetted_512x512_HLS.S30.T12TXK.2018215.v1.4,3,0.49,0.11878505951566562,0.21234652448270802,0.1213946542727227,0.8467600358912339,0.14156204158029187,0.6346443858034082,0.09783737156292463,0.68244171666743,261996
CO3976210841920200713,subsetted_512x512_HLS.S30.T12TYK.2020215.v1.4,2,0.5,0.05809377302241071,0.1098083638777454,0.05809377302241071,1.0,0.05812217151368176,0.5001398142294412,0.058093329516175206,0.9999923656837485,261975
CO3985110606520200814,subsetted_512x512_HLS.S30.T13TDE.2020247.v1.4,4,0.49,0.23959712340003433,0.3865725708411687,0.23959712340003433,1.0,0.2396455800535751,0.49993227243538285,0.23958341281043757,0.9999427764849502,262130
CO3991410379420200820,subsetted_512x512_HLS.S30.T13TEE.2020249.v1.4,3,0.49,0.025407017290719765,0.04955499009134722,0.025484339131868088,0.8933201803833145,0.058905000127258224,0.6302208105368198,0.027069091796875,0.9488716125488281,262144
CO3991610764020180729,subsetted_512x512_HLS.S30.T13TBE.2018220.v1.4,3,0.49,0.09911986027829689,0.18036224048066926,0.09911986027829689,1.0,0.10111619239211375,0.5049340432025502,0.09904983043597812,0.9992934832421863,261848
CO4014010460020200719,subsetted_512x512_HLS.S30.T13TEE.2020214.v1.4,1,0.48000000000000004,0.038877059549158106,0.07484438931788445,0.038877059549158106,1.0,0.04161917779413311,0.5220180140179506,0.037750244140625,0.9710159301757812,262144
CO4019210820120180720,subsetted_512x512_HLS.S30.T12TYK.2018220.v1.4,2,0.5,0.10947162023491175,0.1973400999869343,0.10947162023491175,1.0,0.10950545676562619,0.500085672550943,0.10947036743164062,0.9999885559082031,262144
CO4037010225020180404,subsetted_512x512_HLS.S30.T13TGE.2018136.v1.4,5,0.48000000000000004,0.3510024954823165,0.5196178343949045,0.5580027359781122,0.4861740166865316,0.5174203451058544,0.8378012165038954,0.03200531005859375,0.02788543701171875,262144
CO4065310857420180913,subsetted_512x512_HLS.S30.T12TYL.2018290.v1.4,2,0.5,0.1485116788293323,0.2586158792581177,0.1485116788293323,1.0,0.14855191361086734,0.5000739204257816,0.14850997924804688,0.9999885559082031,262144
CO4069910400320190319,subsetted_512x512_HLS.S30.T13TEF.2019109.v1.4,1,0.48000000000000004,0.02008179448355525,0.03937291027475344,0.02008179448355525,1.0,0.02159888857642926,0.516716083393645,0.01963043212890625,0.9775238037109375,262144
CO4078210783620180629,subsetted_512x512_HLS.S30.T13TBF.2018190.v1.4,5,0.48000000000000004,0.11777678718063017,0.2107340007975988,0.5453854093106633,0.13059822833877494,0.4019901873828898,0.5887508085602599,0.2932624816894531,0.07022476196289062,262144
FL2616308144920180212,subsetted_512x512_HLS.S30.T17RMJ.2018064.v1.4,5,0.48000000000000004,0.02384434412157436,0.04657806483666625,0.03076923076923077,0.09579767530974581,0.02791844761952061,0.4967991669135465,0.02986629027028058,0.09298643828561619,262135
FL2623908094820200410,subsetted_512x512_HLS.S30.T17RNK.2020126.v1.4,4,0.49,0.010139712027598944,0.020075860609907216,0.010139712027598944,1.0,0.010156960786562383,0.4983443134201203,0.01013866735860432,0.9998969725183733,262066
FL2634008064020190119,subsetted_512x512_HLS.S30.T17RNK.2019081.v1.4,1,0.48000000000000004,0.014880169603647115,0.029323993214801784,0.014880169603647115,1.0,0.022185775926394723,0.7123901970958149,0.014245003376226029,0.9573145841519569,262127
FL2751908119020180204,subsetted_512x512_HLS.S30.T17RML.2018064.v1.4,3,0.49,0.025716645514796237,0.050143761685546843,0.025716645514796237,1.0,0.022374937396924664,0.46564503210234404,0.024356738646813935,0.9471195857484651,262063
FL2783908058120190308,subsetted_512x512_HLS.S30.T17RNL.2019111.v1.4,5,0.48000000000000004,0.14645234025530057,0.25548788224844565,0.1492974455937419,0.8848604702263239,0.35664887482209573,0.9652510620592687,0.01736976492994462,0.10294763117015958,262007
FL2861908074420191120,subsetted_512x512_HLS.S30.T17RNM.2019349.v1.4,4,0.49,0.02797573630398291,0.05442878720964324,0.02797573630398291,1.0,0.02797797778701941,0.4999450558076011,0.027973922033135347,0.9999351484147602,262137
FL3005608509020190916,subsetted_512x512_HLS.S30.T16RFU.2019305.v1.4,1,0.48000000000000004,0.014881726280248508,0.02932701593671041,0.014881726280248508,1.0,0.02351909450569392,0.7125776584883923,0.014190673828125,0.9535636901855469,262144
FL3011008549020190330,subsetted_512x512_HLS.S30.T16RFU.2019105.v1.4,4,0.49,0.012471244415789534,0.024635256526195214,0.012471244415789534,1.0,0.012488682251095482,0.49908059830644663,0.012470768655606123,0.9999618514265659,262133
FL3037408463920190911,subsetted_512x512_HLS.S30.T16RGU.2019277.v1.4,1,0.48000000000000004,0.04212832826188658,0.08085055768928247,0.04212832826188658,1.0,0.04446172727747835,0.5558766396816681,0.04020100502512563,0.9542511341826826,262083
GA3239508464820180322,subsetted_512x512_HLS.S30.T16SGA.2018107.v1.4,4,0.49,0.01277659832702081,0.025230832442467842,0.01277659832702081,1.0,0.012830533264202193,0.4983436408685643,0.012773448484404913,0.9997534678217727,259601
ID4209111416920200912,subsetted_512x512_HLS.S30.T12TTM.2020306.v1.4,2,0.5,0.520472275735785,0.6846192252784336,0.5204941172880011,0.9999193814357433,0.5220284126343104,0.5028604926734693,0.5204963684082031,0.9999237060546875,262144
ID4218811351720180726,subsetted_512x512_HLS.S30.T11TQG.2018221.v1.4,4,0.49,0.032980910651994794,0.06385579890566995,0.032980910651994794,1.0,0.025360004095665273,0.3938394551717035,0.03267669677734375,0.9907760620117188,262144
ID4223511346220180922,subsetted_512x512_HLS.S30.T11TQG.2018291.v1.4,5,0.48000000000000004,0.2006764196948246,0.3342722758656832,0.7873719293914332,0.21217463617463617,0.453406990018624,0.6694304903845987,0.22935867309570312,0.06180572509765625,262144
ID4229111562520190723,subsetted_512x512_HLS.S30.T11TPG.2019214.v1.4,1,0.48000000000000004,0.1879879737132943,0.31648127400768244,0.18799542063960514,0.9997893273221395,0.18919041351170596,0.5240615195960047,0.18107223510742188,0.9629707336425781,262144
ID4229611529420200814,subsetted_512x512_HLS.S30.T11TPG.2020249.v1.4,5,0.48000000000000004,0.20640063477369658,0.34217593861331874,0.5533102898165382,0.24766929821081446,0.32988984842572044,0.6835595353290022,0.09615707397460938,0.043041229248046875,262144
ID4235511352920201010,subsetted_512x512_HLS.S30.T11TQG.2020306.v1.4,5,0.48000000000000004,0.231455978725425,0.37590621625790527,0.38363855801018,0.36847941131999395,0.2448110954656796,0.7453989794842054,0.07568740844726562,0.07269668579101562,262144
ID4247711313220180717,subsetted_512x512_HLS.S30.T12TUN.2018216.v1.4,3,0.49,0.047061556329849014,0.08989262578755879,0.048311713086608164,0.6452229299363057,0.0660639941312925,0.523741193181845,0.04192352294921875,0.559906005859375,262144
ID4253711500720210703,subsetted_512x512_HLS.S30.T11TPH.2021238.v1.4,2,0.5,0.09539522623321037,0.1741749899006784,0.09539522623321037,1.0,0.09541233297977061,0.50003162728718,0.09539413452148438,0.9999885559082031,262144
ID4254611249720210721,subsetted_512x512_HLS.S30.T12TUN.2021215.v1.4,4,0.49,0.027515865645819447,0.0535580355803558,0.027515865645819447,1.0,0.023417072364492322,0.4542624707008631,0.027240753173828125,0.9900016784667969,262144
ID4254811347120200723,subsetted_512x512_HLS.S30.T11TQH.2020216.v1.4,4,0.49,0.036962391439802456,0.07128974347561609,0.036962391439802456,1.0,0.028590387964012833,0.40687354700126843,0.03665924072265625,0.9917984008789062,262144
ID4257811155220180922,subsetted_512x512_HLS.S30.T12TVN.2018291.v1.4,2,0.5,0.017193104422993915,0.033804996019407264,0.017193104422993915,1.0,0.01730834307512459,0.5019101918353388,0.017192185023204295,0.9999465250854643,261805
ID4261911561220210806,subsetted_512x512_HLS.S30.T11TPH.2021263.v1.4,5,0.48000000000000004,0.3014928025590901,0.4633030654741585,0.35859226379201015,0.654387656702025,0.43561937517748084,0.9017227592158451,0.03956142894202744,0.0721948390837924,262124
ID4262311348620200808,subsetted_512x512_HLS.S30.T11TQH.2020251.v1.4,1,0.48000000000000004,0.023661492159036908,0.046229134025803205,0.023661492159036908,1.0,0.02554554160823614,0.5163563897270942,0.022792816162109375,0.963287353515625,262144
ID4268511284420210614,subsetted_512x512_HLS.S30.T12TUN.2021205.v1.4,3,0.49,0.07553384302576983,0.14045832869986227,0.07615849501166495,0.9020491127836071,0.1065581754467228,0.6376325489024897,0.06943893432617188,0.8224601745605469,262144
ID4268911299220180609,subsetted_512x512_HLS.S30.T12TUN.2018186.v1.4,1,0.48000000000000004,0.01791137792573543,0.0351924112730415,0.01791137792573543,1.0,0.019607928684729683,0.4798526340474557,0.017322540283203125,0.9671249389648438,262144
ID4274811621820200722,subsetted_512x512_HLS.S30.T11TNH.2020217.v1.4,3,0.49,0.033027370964755866,0.06394287681634463,0.03331367634773207,0.7935151586093878,0.0466265336582706,0.5858926974076799,0.032588958740234375,0.7762527465820312,262144
ID4275711555220180822,subsetted_512x512_HLS.S30.T11TPH.2018244.v1.4,2,0.5,0.15875807294547592,0.27401418234252267,0.15875807294547592,1.0,0.1588022955874048,0.5000861572505861,0.15875625610351562,0.9999885559082031,262144
ID4284111556820200530,subsetted_512x512_HLS.S30.T11TPH.2020174.v1.4,5,0.48000000000000004,0.39059857964152855,0.5617704280155642,0.4983460376815763,0.6436931079323797,0.6254963518150288,0.9201028763193114,0.04106903076171875,0.05304718017578125,262144
ID4284311240020200719,subsetted_512x512_HLS.S30.T12TUN.2020216.v1.4,3,0.49,0.030448488322109186,0.059097545713689775,0.031037529850800768,0.6160313088853457,0.06417510353134681,0.5442838425165322,0.026317696829593007,0.5223523038952023,262143
ID4286811517820190809,subsetted_512x512_HLS.S30.T11TPH.2019244.v1.4,2,0.5,0.026192011169561418,0.0510469987769835,0.026192011169561418,1.0,0.026196708051309834,0.5000274210860316,0.02619171142578125,0.9999885559082031,262144
ID4291611449620170710,subsetted_512x512_HLS.S30.T11TQH.2019221.v1.4,1,0.48000000000000004,0.10100233371185365,0.18347342347829618,0.10104479748103622,0.9958564753592524,0.10133169452964659,0.49972333093471155,0.0993074828621707,0.978734208245419,228442
ID4292211511120200819,subsetted_512x512_HLS.S30.T11TPH.2020249.v1.4,1,0.48000000000000004,0.025852916475192927,0.050402774237895534,0.025852916475192927,1.0,0.027793867120954004,0.5129392296317161,0.02489471435546875,0.9629364013671875,262144
ID4292911199020180813,subsetted_512x512_HLS.S30.T12TVN.2018246.v1.4,3,0.49,0.03497875594220462,0.06759318631687529,0.03653776598951112,0.4504830917874396,0.07112334706727845,0.4982293139491708,0.0410614013671875,0.506256103515625,262144
ID4295011487620200703,subsetted_512x512_HLS.S30.T11TPH.2020219.v1.4,4,0.49,0.017712942050060333,0.03480930883001201,0.017712942050060333,1.0,0.011545279410074785,0.2666576794853006,0.0174713134765625,0.986358642578125,262144
ID4298011230820180816,subsetted_512x512_HLS.S30.T12TUN.2018246.v1.4,4,0.49,0.04183260020586682,0.08030579998667861,0.04183260020586682,1.0,0.03302322875398971,0.3879454449697857,0.041393280029296875,0.9894981384277344,262144
ID4298311481320200606,subsetted_512x512_HLS.S30.T11TPH.2020184.v1.4,5,0.48000000000000004,0.3067645869828864,0.4695024490848157,0.31699505674302025,0.9048092209856916,0.5165364095713293,0.9834389375311859,0.019195556640625,0.054790496826171875,262144
ID4299311311120190906,subsetted_512x512_HLS.S30.T12TUN.2019276.v1.4,3,0.49,0.18346552684255676,0.3100479442473262,0.190042144976641,0.8413085488175209,0.26210409635905635,0.6095525812973677,0.1658172607421875,0.7340660095214844,262144
ID4302611590820180704,subsetted_512x512_HLS.S30.T11TNH.2018217.v1.4,4,0.49,0.04226072772319127,0.08109434923353474,0.04226072772319127,1.0,0.04117876319312998,0.5181826829607199,0.041904449462890625,0.9915695190429688,262144
ID4304311477420180717,subsetted_512x512_HLS.S30.T11TPH.2018219.v1.4,5,0.48000000000000004,0.12065401003454101,0.2153278513335658,0.5730108363766988,0.1325733440452115,0.3864025647465311,0.5813578251758447,0.27539825439453125,0.06371688842773438,262144
ID4316911383020180716,subsetted_512x512_HLS.S30.T11TQH.2018219.v1.4,3,0.49,0.0659068646140671,0.12366345841656624,0.06878355463321763,0.6117826418381792,0.14057510827686776,0.5132483938917092,0.07006072998046875,0.6231422424316406,262144
ID4319611377420190801,subsetted_512x512_HLS.S30.T11TQH.2019244.v1.4,5,0.48000000000000004,0.11069040276038963,0.19931819431462033,0.2340521694214876,0.17356123719237768,0.14379358375557263,0.6570409836643177,0.07967376708984375,0.05908203125,262144
ID4328311224320210421,subsetted_512x512_HLS.S30.T12TUN.2021150.v1.4,2,0.5,0.017870427951730005,0.03511336504331073,0.017870427951730005,1.0,0.017956404732149017,0.5015963644838033,0.0178680419921875,0.9998664855957031,262144
ID4345211594520190815,subsetted_512x512_HLS.S30.T11TNJ.2019244.v1.4,3,0.49,0.02182379600577718,0.04271538026631314,0.02194104658091199,0.8032997250229148,0.028062371140498463,0.564007998151772,0.020809173583984375,0.7618598937988281,262144
ID4345611483420200806,subsetted_512x512_HLS.S30.T11TPJ.2020249.v1.4,3,0.49,0.03144870252620725,0.06097967344218594,0.03243185765427285,0.5091819699499165,0.035916871535478484,0.4907758230329327,0.034275054931640625,0.5381202697753906,262144
ID4346711414520180729,subsetted_512x512_HLS.S30.T11TQJ.2018219.v1.4,3,0.49,0.7837761855802596,0.8787831028535662,0.8438763464340847,0.9167022880683179,0.8563058663663177,0.6278924581677375,0.8121056526615346,0.8821898055252497,262142
ID4369611305520200702,subsetted_512x512_HLS.S30.T12TUP.2020241.v1.4,1,0.48000000000000004,0.11114728761233784,0.20005860402390763,0.11114728761233784,1.0,0.11935331682083944,0.5262927163081135,0.10808563232421875,0.9724540710449219,262144
ID4371511252320190722,subsetted_512x512_HLS.S30.T12TUP.2019226.v1.4,4,0.49,0.9308246028289127,0.9641731325208224,0.9368272902414545,0.99316341755742,0.9424611542585317,0.5860331930257594,0.9357376098632812,0.9920082092285156,262144
ID4401511615420180725,subsetted_512x512_HLS.S30.T11TNJ.2018217.v1.4,1,0.48000000000000004,0.07865405906585346,0.14583741358924698,0.0787433956204494,0.9857808286344693,0.08410558678026764,0.4512562585407257,0.07780104751986511,0.9739836654039971,262143
ID4409311186520180726,subsetted_512x512_HLS.S30.T12TVP.2018221.v1.4,2,0.5,0.8308435885893904,0.9076073934087732,0.8308435885893904,1.0,0.8310351823658699,0.5005814674885859,0.8308372497558594,0.9999923706054688,262144
ID4414411669220190714,subsetted_512x512_HLS.S30.T11TNJ.2019217.v1.4,4,0.49,0.026810177631376414,0.05222031922827557,0.026810177631376414,1.0,0.028156988979853317,0.5528869398279107,0.026576995849609375,0.991302490234375,262144
ID4447411719020180725,subsetted_512x512_HLS.S30.T11TMK.2018217.v1.4,5,0.48000000000000004,0.26109547521108467,0.4140772532188841,0.27902134305049453,0.8025286973881218,0.674233133331977,0.9513074694288127,0.022930145263671875,0.06595230102539062,262144
ID4453211532920210810,subsetted_512x512_HLS.S30.T11TPK.2021268.v1.4,2,0.5,0.6620364718449565,0.7966569724069386,0.6620440490315394,0.999982712520745,0.6642100589355234,0.5043474230251105,0.6619873046875,0.9998970031738281,262144
ID4458311709720180915,subsetted_512x512_HLS.S30.T11TMK.2018292.v1.4,4,0.49,0.03201937409710806,0.062051885654028804,0.03201937409710806,1.0,0.03449252155222196,0.5377257593729293,0.031880231661999346,0.9956544298871449,262106
ID4467611644820180726,subsetted_512x512_HLS.S30.T11TNK.2018222.v1.4,1,0.48000000000000004,0.568691893750806,0.7250523777375308,0.5755156117142236,0.979576725275317,0.5667611426874422,0.5144183909765668,0.5667069760699476,0.9645836750731482,262139
ID4532811445320190804,subsetted_512x512_HLS.S30.T11TPL.2019244.v1.4,4,0.49,0.09083562803273729,0.16654319990731214,0.09083562803273729,1.0,0.06905718554375272,0.3687443716268476,0.09048285754615129,0.9961163863318162,262127
ID4558511544420210705,subsetted_512x512_HLS.S30.T11TPL.2021223.v1.4,1,0.48000000000000004,0.6140199793317258,0.7608579660655213,0.6186209398810557,0.9880322499370119,0.6012566931075828,0.558964206386828,0.6058894469293358,0.967698108599081,262028
ID4645911452820210707,subsetted_512x512_HLS.S30.T11TPM.2021223.v1.4,5,0.48000000000000004,0.06982755391281545,0.13053983075576306,0.4649151978716329,0.07592977310684752,0.35170741864419663,0.6038309464553556,0.2809410095214844,0.0458831787109375,262144
KS3702809890220200325,subsetted_512x512_HLS.S30.T14SNG.2020118.v1.4,5,0.48000000000000004,0.26769128369588235,0.42232882270112887,0.5440905177714919,0.3450992628417645,0.35228511623081016,0.6595703594357025,0.09780502319335938,0.06203460693359375,262144
KS3786109647720200108,subsetted_512x512_HLS.S30.T14SQG.2020085.v1.4,4,0.49,0.03033528472591804,0.058884297520661155,0.03033528472591804,1.0,0.01895904248988475,0.24981230843249141,0.03000675209143171,0.9891699505228102,262141
KS3919209595820201118,subsetted_512x512_HLS.S30.T14SQJ.2020340.v1.4,2,0.5,0.048164918879534294,0.09190332172349663,0.048164918879534294,1.0,0.04817686472626261,0.5000541043131157,0.04816436767578125,0.9999885559082031,262144
KS3921209676120191113,subsetted_512x512_HLS.S30.T14SPJ.2019345.v1.4,3,0.49,0.15558481333099775,0.26927458986332853,0.16617880486936368,0.7093466611706513,0.20453014946907874,0.5661376478342142,0.1480712890625,0.6320533752441406,262144
KY3760808261720190917,subsetted_512x512_HLS.S30.T17SLB.2019287.v1.4,3,0.49,0.02247221044833683,0.04395661851481155,0.02247221044833683,1.0,0.022748475444384023,0.502261188584551,0.022454461512633257,0.9992101829170578,262086
LA2991209334620210223,subsetted_512x512_HLS.S30.T15RVP.2021063.v1.4,1,0.48000000000000004,0.016484112352239455,0.03243358583164408,0.016484112352239455,1.0,0.024038368205795625,0.6912178623952707,0.015655517578125,0.9497337341308594,262144
LA3111809256120210309,subsetted_512x512_HLS.S30.T15RWQ.2021098.v1.4,1,0.48000000000000004,0.046125534587195344,0.0881835555336036,0.046125534587195344,1.0,0.050690629008454696,0.5987197901078214,0.04427040615856473,0.9597808796096727,262139
MN4771209630220210329,subsetted_512x512_HLS.S30.T14TQT.2021112.v1.4,4,0.49,0.19368937622206034,0.32452224185000805,0.19368937622206034,1.0,0.2144867886926886,0.563143429165893,0.1927207113728871,0.994998874651428,262141
MN4796109539420210307,subsetted_512x512_HLS.S30.T14UQU.2021112.v1.4,1,0.48000000000000004,0.1135540733682706,0.2039489165080112,0.1135703054271692,0.9987429289754871,0.10860406881895839,0.5177290450537599,0.10925446929292466,0.9607892508068762,262122
MN4823209549720190530,subsetted_512x512_HLS.S30.T14UQU.2019163.v1.4,2,0.5,0.01081793691128986,0.02140432320452432,0.01081793691128986,1.0,0.011041083281982481,0.5045948332709891,0.010799407958984375,0.9982872009277344,262144
MN4866009654320210321,subsetted_512x512_HLS.S30.T14UPU.2021112.v1.4,5,0.48000000000000004,0.04524023944482704,0.0865642896964168,0.05082425757305243,0.2916666666666667,0.04025788240073268,0.564908810645334,0.011169689247648185,0.06409982528286627,262138
MN4884009637020180429,subsetted_512x512_HLS.S30.T14UPV.2018136.v1.4,5,0.48000000000000004,0.15493925368816894,0.26830719138411446,0.21815497403523063,0.34840230913082365,0.24684295733594913,0.7862365555334444,0.046916961669921875,0.07492828369140625,262144
MO3686909295920190323,subsetted_512x512_HLS.S30.T15SVA.2019092.v1.4,5,0.48000000000000004,0.22821174056512214,0.37161628248255935,0.2444602863423038,0.7744424578902794,0.5118740117529372,0.9237008378375038,0.040538787841796875,0.12842559814453125,262144
MO3691709150920180412,subsetted_512x512_HLS.S30.T15SXA.2018154.v1.4,5,0.48000000000000004,0.16047254474471428,0.27656413841314226,0.16580229451516582,0.8331139773624638,0.3051262092850561,0.9273967952148698,0.01449231133101141,0.0728201450375564,262139
MO3743109121220190409,subsetted_512x512_HLS.S30.T15SXB.2019134.v1.4,5,0.48000000000000004,0.19268322082931533,0.323108797816969,0.2037343869487637,0.7803270685867708,0.4438358350683474,0.936707882745369,0.015628814697265625,0.0598602294921875,262144
MS3041208915720200426,subsetted_512x512_HLS.S30.T16RBU.2020123.v1.4,3,0.49,0.024202513664577093,0.047261187785960335,0.024202513664577093,1.0,0.024758511341600162,0.5064452600954326,0.02391815185546875,0.988250732421875,262144
MT4485811343720200811,subsetted_512x512_HLS.S30.T11TQK.2020249.v1.4,3,0.49,0.2623613062412678,0.41566753502998166,0.2623837713920967,0.9996737647547305,0.2723376113632039,0.5349510538086844,0.2572479248046875,0.9801063537597656,262144
MT4504710573520200722,subsetted_512x512_HLS.S30.T13TDK.2020217.v1.4,3,0.49,0.19419193280440653,0.3252273398772201,0.20423867273467577,0.7978858350951374,0.30872902203282643,0.6122199359677384,0.18945693969726562,0.7401390075683594,262144
MT4515311193120180811,subsetted_512x512_HLS.S30.T12TVR.2018246.v1.4,5,0.48000000000000004,0.22944526682891336,0.3732500714256561,0.3134962805526036,0.4611466895264989,0.32857281676402283,0.7402347194361221,0.07565128158176831,0.11128150547232936,262137
MT4529310571720200614,subsetted_512x512_HLS.S30.T13TDL.2020187.v1.4,1,0.48000000000000004,0.04233581290571655,0.08123257856351904,0.04233581290571655,1.0,0.04279338823576851,0.5291504385317306,0.040576934814453125,0.9584541320800781,262144
MT4541710565520201006,subsetted_512x512_HLS.S30.T13TDL.2020307.v1.4,1,0.48000000000000004,0.06257609056556042,0.11778185321722051,0.06257609056556042,1.0,0.06755680089566823,0.5222708066244635,0.060390472412109375,0.9650726318359375,262144
MT4555711165420200823,subsetted_512x512_HLS.S30.T12TVR.2020256.v1.4,4,0.49,0.03128283983433269,0.060667818034009044,0.03128283983433269,1.0,0.02213086617664478,0.35825252355960063,0.030887721587072703,0.9873694891719405,262143
MT4564010610720200825,subsetted_512x512_HLS.S30.T13TDL.2020245.v1.4,2,0.5,0.031765347656413916,0.061574751911501545,0.031765347656413916,1.0,0.03178377718148472,0.5001595637802039,0.031764984130859375,0.9999885559082031,262144
MT4568311385420210708,subsetted_512x512_HLS.S30.T11TQL.2021223.v1.4,1,0.48000000000000004,0.8800594548683499,0.9362038552445413,0.9060927426086541,0.9683850549077083,0.8969371168541963,0.5855123296790083,0.897998344351913,0.9597341807403112,262133
MT4569810891520200802,subsetted_512x512_HLS.S30.T12TXR.2020283.v1.4,4,0.49,0.039468975468975466,0.07594065123717293,0.039468975468975466,1.0,0.03436185097477093,0.48160739983314144,0.039127349853515625,0.9913444519042969,262144
MT4571210446620201012,subsetted_512x512_HLS.S30.T13TEL.2020307.v1.4,1,0.48000000000000004,0.06125321209725242,0.11543562158215494,0.06125321209725242,1.0,0.0663875879976177,0.5246259882424489,0.05910491943359375,0.9649276733398438,262144
MT4572011097420200904,subsetted_512x512_HLS.S30.T12TWR.2020283.v1.4,2,0.5,0.1623472351858475,0.2793437800192123,0.1623472351858475,1.0,0.1643028978790086,0.5056121496296604,0.16182211826900503,0.9967654705283935,230018
MT4577311182220200929,subsetted_512x512_HLS.S30.T12TVR.2020281.v1.4,3,0.49,0.031927677329624475,0.06187968019666935,0.03236485038517499,0.7027060119995102,0.22721657883327578,0.6080062367619722,0.031156890796375774,0.6764787792083929,262125
MT4589610704320200803,subsetted_512x512_HLS.S30.T13TCL.2020245.v1.4,1,0.48000000000000004,0.028256557370571454,0.05496013065616294,0.028256557370571454,1.0,0.030509891929022155,0.5200722333451104,0.027306295607546938,0.966370221589195,261881
MT4590510631720200902,subsetted_512x512_HLS.S30.T13TDL.2020280.v1.4,4,0.49,0.5031604541205166,0.6694700525698841,0.5039242959578017,0.9969965162637882,0.5853538000497417,0.6278763582405525,0.5004158020019531,0.9900550842285156,262144
MT4599210727920200923,subsetted_512x512_HLS.S30.T13TCL.2020280.v1.4,2,0.5,0.16613196714745118,0.2849282445345136,0.16613196714745118,1.0,0.1661883900905164,0.5001052178925314,0.16613006591796875,0.9999885559082031,262144
MT4609911223320200829,subsetted_512x512_HLS.S30.T12TVS.2020256.v1.4,2,0.5,0.07567252090708729,0.14069806458061154,0.07567252090708729,1.0,0.07711510920858017,0.5082716289542195,0.07541797892980556,0.9966362693586717,261317
MT4620510572420200806,subsetted_512x512_HLS.S30.T13TDM.2020250.v1.4,3,0.49,0.0254431929144146,0.0496237979640831,0.025498601022700646,0.9213147410358565,0.06455787024991055,0.6779694237133408,0.022979736328125,0.8303031921386719,262144
MT4630410839320200902,subsetted_512x512_HLS.S30.T12TXS.2020278.v1.4,3,0.49,0.48479666584479314,0.6530142166893433,0.5014334779836703,0.9359457654185445,0.48417028387086536,0.4825470272099713,0.4968605041503906,0.9274101257324219,262144
MT4635510649020200715,subsetted_512x512_HLS.S30.T13TCM.2020215.v1.4,3,0.49,0.026466352891148244,0.05156789176109482,0.026569837388908293,0.8717173324844819,0.05259879067975655,0.6501823809846895,0.023967742919921875,0.786346435546875,262144
MT4637510768820200827,subsetted_512x512_HLS.S30.T12TYS.2020248.v1.4,1,0.48000000000000004,0.022080185938407902,0.04320636725412166,0.022080185938407902,1.0,0.023905098556108083,0.5249475752071656,0.02130889892578125,0.9650688171386719,262144
MT4649511207120200613,subsetted_512x512_HLS.S30.T12TVS.2020191.v1.4,2,0.5,0.020602170023573858,0.04037257734440833,0.020602170023573858,1.0,0.021249970299146992,0.5079601835048173,0.02046966552734375,0.9935684204101562,262144
MT4674110768520200902,subsetted_512x512_HLS.S30.T12TYS.2020278.v1.4,1,0.48000000000000004,0.058327930036531556,0.11022657227711675,0.058327930036531556,1.0,0.06104659591832768,0.5293279000323852,0.056278228759765625,0.9648590087890625,262144
MT4675110703320200807,subsetted_512x512_HLS.S30.T13TCM.2020250.v1.4,3,0.49,0.100257128851152,0.18224308886021362,0.10138143249967264,0.9004028741122233,0.27532713426037564,0.7159457709973226,0.09184646606445312,0.8157196044921875,262144
MT4675311196320190726,subsetted_512x512_HLS.S30.T12TVS.2019216.v1.4,3,0.49,0.07982143565281924,0.1478419172232161,0.08193051315598197,0.7561446817645164,0.10453132094868106,0.5421378338763492,0.07108306884765625,0.6560325622558594,262144
MT4712810977820200902,subsetted_512x512_HLS.S30.T12TWT.2020276.v1.4,3,0.49,0.09898503339119047,0.18013900168548727,0.09962893076082736,0.9387095402152185,0.2538099790171758,0.7116110381470617,0.08968734741210938,0.8450393676757812,262144
MT4715410847520180825,subsetted_512x512_HLS.S30.T12TXT.2018248.v1.4,2,0.5,0.02896903205133096,0.056306907494735596,0.02896903205133096,1.0,0.028980529541516878,0.5001060695344727,0.02896881103515625,0.9999923706054688,262144
MT4730311448320200727,subsetted_512x512_HLS.S30.T11TPN.2020217.v1.4,4,0.49,0.061328582491826544,0.11556945417947197,0.061328582491826544,1.0,0.061443204402996485,0.4995265536355804,0.0613250732421875,0.9999427795410156,262144
MT4736310474020180809,subsetted_512x512_HLS.S30.T13TEN.2018245.v1.4,3,0.49,0.029771595762251954,0.05782174587989987,0.029977429318127823,0.8125905651263887,0.07622309584702193,0.6575915340903624,0.023693084716796875,0.642242431640625,262144
MT4738010691520200902,subsetted_512x512_HLS.S30.T13TCN.2020278.v1.4,5,0.48000000000000004,0.05209978094126605,0.09903961940692495,0.9115527407730946,0.05236449401270849,0.6697318324215581,0.5715551182160108,0.6081428527832031,0.03493499755859375,262144
MT4743511435720190723,subsetted_512x512_HLS.S30.T11TPN.2019214.v1.4,2,0.5,0.09307213977797277,0.17029459701878008,0.09307213977797277,1.0,0.09341675505335748,0.5012429178917084,0.09306716918945312,0.9999465942382812,262144
MT4747210794120190812,subsetted_512x512_HLS.S30.T12TYT.2019248.v1.4,4,0.49,0.03091798605493278,0.059981465981107256,0.03091798605493278,1.0,0.023153580802741047,0.3837675855635894,0.03061676025390625,0.9902572631835938,262144
MT4758010779320180720,subsetted_512x512_HLS.S30.T12TYT.2018213.v1.4,2,0.5,0.040951087578488,0.07868013793760559,0.040951087578488,1.0,0.04099315316966621,0.5002346773584081,0.040950775146484375,0.9999923706054688,262144
MT4758110954820200807,subsetted_512x512_HLS.S30.T12TXT.2020248.v1.4,5,0.48000000000000004,0.20158236790053688,0.3355281723262158,0.21520361990950226,0.7610411777256241,0.2828800307421776,0.9303906938388369,0.017879486083984375,0.06322860717773438,262144
MT4762510936620180903,subsetted_512x512_HLS.S30.T12TXT.2018293.v1.4,5,0.48000000000000004,0.20160361273674024,0.33555760085902747,0.20824408586796134,0.8634300374975331,0.4252799047846291,0.9648447481028745,0.01933165209893594,0.08015367652388891,262109
MT4783310693320200821,subsetted_512x512_HLS.S30.T13UCP.2020248.v1.4,3,0.49,0.06399522423699724,0.12029231481351606,0.06444211781325612,0.9022303268340581,0.27569331854841794,0.7291549593326098,0.05438995361328125,0.7614936828613281,262144
MT4801910865120210816,subsetted_512x512_HLS.S30.T12UXU.2021250.v1.4,3,0.49,0.19556211893347522,0.3271467301221124,0.19556211893347522,1.0,0.1961966731133191,0.5023609260825291,0.19545175836041911,0.9994356751007917,184291
MT4818110588720200824,subsetted_512x512_HLS.S30.T13UDP.2020255.v1.4,2,0.5,0.04370930148278979,0.08375761607315817,0.04370930148278979,1.0,0.043717973665434263,0.5000378960133394,0.04370880126953125,0.9999885559082031,262144
MT4831111365120180811,subsetted_512x512_HLS.S30.T11UQP.2018249.v1.4,4,0.49,0.018999236058059588,0.03728999077871157,0.018999236058059588,1.0,0.01900003437883181,0.4999240778377368,0.0189980749839582,0.9999388883796254,261816
MT4835010534020180831,subsetted_512x512_HLS.S30.T13UDP.2018290.v1.4,4,0.49,0.13168324062933648,0.23272102281219006,0.13168324062933648,1.0,0.1294181006241862,0.5157073324145529,0.13068008422851562,0.9923820495605469,262144
NC3634008046020211127,subsetted_512x512_HLS.S30.T17SNA.2021348.v1.4,3,0.49,0.018113747728899413,0.035582954791261084,0.018139428643441688,0.9275070479258961,0.01703509836769173,0.44116071109860583,0.018947255967279166,0.9688129540321103,262096
NE4165010345220200827,subsetted_512x512_HLS.S30.T13TFG.2020274.v1.4,4,0.49,0.059367398463649045,0.11208084853233506,0.059367398463649045,1.0,0.07106934829274472,0.6129072757807467,0.058933258056640625,0.9926872253417969,262144
NE4166810220320190321,subsetted_512x512_HLS.S30.T14TKM.2019144.v1.4,1,0.48000000000000004,0.10880062644103189,0.19624921531701192,0.10880062644103189,1.0,0.11702276990612145,0.5210820903475529,0.1049661571802483,0.9647569192732378,262094
NE4230710373320190405,subsetted_512x512_HLS.S30.T13TEG.2019157.v1.4,1,0.48000000000000004,0.026361177609330374,0.05136822823079222,0.026361177609330374,1.0,0.028847034003582996,0.5099852852547294,0.02524566650390625,0.9576835632324219,262144
NE4280510153220200928,subsetted_512x512_HLS.S30.T13TGH.2020304.v1.4,5,0.48000000000000004,0.21816622543719005,0.3581879400061218,0.4216025363885286,0.31135589612601106,0.301324108228185,0.7103600082311199,0.07169946660358498,0.05295046815264752,262094
NJ3931607511120200409,subsetted_512x512_HLS.S30.T18SVJ.2020131.v1.4,3,0.49,0.026938807769062063,0.05246429011205517,0.026938807769062063,1.0,0.020252828679205755,0.39281948382346293,0.026004791259765625,0.9653282165527344,262144
NJ3974007449020180422,subsetted_512x512_HLS.S30.T18TWK.2018121.v1.4,4,0.49,0.01419916987120796,0.028000752303930787,0.01419916987120796,1.0,0.014200199153787165,0.4998974541542677,0.014198357385091342,0.999942779322736,262143
NJ3977007445020190330,subsetted_512x512_HLS.S30.T18TWK.2019093.v1.4,1,0.48000000000000004,0.1458894288217956,0.2546309009444292,0.14597489966641825,0.9960026105400555,0.1672201012842546,0.6179006134709767,0.14028167724609375,0.9571571350097656,262144
NM3134910867820180516,subsetted_512x512_HLS.S30.T12RYV.2018152.v1.4,3,0.49,0.5255745544481237,0.6890185116364244,0.591230080970163,0.8255656371403864,0.6491610860706333,0.5680801819435998,0.5911178588867188,0.825408935546875,262144
NM3145210885920190207,subsetted_512x512_HLS.S30.T12RXV.2019062.v1.4,3,0.49,0.025928132180175662,0.0505457085479787,0.02603705186271291,0.8610739253309534,0.03897463737464029,0.6293543004477086,0.025646209716796875,0.8481483459472656,262144
NM3212110384520200729,subsetted_512x512_HLS.S30.T13SFR.2020216.v1.4,5,0.48000000000000004,0.36429872495446264,0.5340453938584779,0.4999166805532411,0.573175391669851,0.4628192919306867,0.9018671559908987,0.0399322509765625,0.04578399658203125,262144
NM3221210467920180522,subsetted_512x512_HLS.S30.T13SER.2018156.v1.4,1,0.48000000000000004,0.08835599370804716,0.1623659799162162,0.08835599370804716,1.0,0.09437917195200565,0.5151889113012683,0.08656692504882812,0.9797515869140625,262144
NM3242610655220180624,subsetted_512x512_HLS.S30.T13SCR.2018214.v1.4,4,0.49,0.08429143794439985,0.15547745743376815,0.08429143794439985,1.0,0.09187856498529437,0.5943399539102562,0.08370590209960938,0.9930534362792969,262144
NM3250010718420200606,subsetted_512x512_HLS.S30.T13SBS.2020217.v1.4,3,0.49,0.023789939269161245,0.046474258745195014,0.023869297066497985,0.8773841961852861,0.03692052245500198,0.6118727628586625,0.020999908447265625,0.77191162109375,262144
NM3250810502620180615,subsetted_512x512_HLS.S30.T13SDS.2018214.v1.4,2,0.5,0.11356865198500044,0.20397243004741156,0.11356865198500044,1.0,0.11358468394225193,0.5000193654168084,0.11356735229492188,0.9999885559082031,262144
NM3316110373620180331,subsetted_512x512_HLS.S30.T13SFS.2018136.v1.4,4,0.49,0.07802527627962604,0.14475593104625362,0.07802527627962604,1.0,0.11762933354041567,0.6628296724817324,0.07764816284179688,0.9951667785644531,262144
NM3317010361120180518,subsetted_512x512_HLS.S30.T13SFS.2018196.v1.4,5,0.48000000000000004,0.2847686459562197,0.4432994949752589,0.6911086368697312,0.3262991889456293,0.39856183571426435,0.7644644683669837,0.05079670256310487,0.023983093197224414,262143
NM3349810333820180412,subsetted_512x512_HLS.S30.T13SFT.2018136.v1.4,4,0.49,0.4292399634826504,0.600654857756307,0.4295992014742015,0.998055654655726,0.4564514916212856,0.5769541684247395,0.427703857421875,0.99365234375,262144
NM3349910789720190605,subsetted_512x512_HLS.S30.T13SBT.2019202.v1.4,5,0.48000000000000004,0.3858156796879233,0.5568066306982563,0.6611271005477671,0.48092118592557576,0.5221006612936145,0.8466961533701848,0.056484222412109375,0.041088104248046875,262144
NM3358510552620180412,subsetted_512x512_HLS.S30.T13SDT.2018134.v1.4,1,0.48000000000000004,0.06343592860695142,0.11930371525071447,0.06343592860695142,1.0,0.06802185570326354,0.523919828342924,0.061309814453125,0.9664840698242188,262144
NM3361010740620190713,subsetted_512x512_HLS.S30.T13SBT.2019237.v1.4,3,0.49,0.04140824774310216,0.07952356404482187,0.043515269687776824,0.46096985583224115,0.04713708103381741,0.27163565780260757,0.07276535034179688,0.7708244323730469,262144
NM3366710562920200804,subsetted_512x512_HLS.S30.T13SDT.2020249.v1.4,1,0.48000000000000004,0.03671076631434739,0.07082161680419183,0.03671076631434739,1.0,0.04012222086808155,0.5134545282019247,0.03516387939453125,0.9578628540039062,262144
NM3380810573920190526,subsetted_512x512_HLS.S30.T13SDT.2019184.v1.4,2,0.5,0.05903693050686463,0.11149173141414251,0.05903693050686463,1.0,0.059050896866975226,0.5000445943535441,0.0590362548828125,0.9999885559082031,262144
NM3418210345020190410,subsetted_512x512_HLS.S30.T13SFT.2019171.v1.4,4,0.49,0.03264992410122399,0.06323522297189174,0.03264992410122399,1.0,0.029750485779307032,0.510347718891955,0.03240966796875,0.9926414489746094,262144
NM3436210506320180807,subsetted_512x512_HLS.S30.T13SDU.2018254.v1.4,4,0.49,0.04390644549690275,0.08411950263608756,0.04390644549690275,1.0,0.06930481585633541,0.7075207310618892,0.04364013671875,0.9939346313476562,262144
NM3470710514020180721,subsetted_512x512_HLS.S30.T13SDU.2018219.v1.4,4,0.49,0.047167312277091644,0.09008553212862448,0.047167312277091644,1.0,0.08067417079777285,0.7058662401800465,0.04686737060546875,0.9936408996582031,262144
NM3534510752720190804,subsetted_512x512_HLS.S30.T13SBV.2019247.v1.4,5,0.48000000000000004,0.29187847545404644,0.45186676765624134,0.6451102436965924,0.347709891109658,0.4483599865011881,0.7585354658014765,0.13417434692382812,0.07231903076171875,262144
NM3583110586320200818,subsetted_512x512_HLS.S30.T13SDV.2020269.v1.4,5,0.48000000000000004,0.32699090402821607,0.49283066377561724,0.4426250104698886,0.5558828170199337,0.4833522147908108,0.832077767541799,0.07252883911132812,0.09108734130859375,262144
NM3592510438120200501,subsetted_512x512_HLS.S30.T13SEV.2020154.v1.4,2,0.5,0.11471307426156152,0.20581632513380696,0.11471307426156152,1.0,0.11472707919224445,0.5000129269669458,0.11471176147460938,0.9999885559082031,262144
NM3613910422420200606,subsetted_512x512_HLS.S30.T13SEA.2020214.v1.4,2,0.5,0.022472638770737886,0.04395743791786055,0.022472638770737886,1.0,0.022476497161345463,0.500025365556696,0.022472381591796875,0.9999885559082031,262144
NM3623610471320180404,subsetted_512x512_HLS.S30.T13SEA.2018144.v1.4,1,0.48000000000000004,0.02035208042183885,0.03989227015330786,0.02035208042183885,1.0,0.02184866886596205,0.518542878826208,0.019832611083984375,0.9744758605957031,262144
NM3636510508520180629,subsetted_512x512_HLS.S30.T13SDA.2018199.v1.4,5,0.48000000000000004,0.18874804653585692,0.3175576979257961,0.1973672265093055,0.8121031004856182,0.45649810487585274,0.9184469250396052,0.030654660798601435,0.12613413847463384,261983
NM3644910620720190713,subsetted_512x512_HLS.S30.T13SCA.2019227.v1.4,1,0.48000000000000004,0.03424914130679107,0.0662299632437049,0.03425373399224607,0.9961004702374125,0.04476125811775852,0.6249559354546549,0.033290697008457264,0.9680953017315439,261905
NM3655410312720190805,subsetted_512x512_HLS.S30.T13SFA.2019244.v1.4,3,0.49,0.039755251312828206,0.07647040255412407,0.03988616050428074,0.9237389693866435,0.21861536966803605,0.7288027723630469,0.035015106201171875,0.8109283447265625,262144
NM3690210301720180609,subsetted_512x512_HLS.S30.T13SFA.2018184.v1.4,3,0.49,0.0719991695701623,0.1343269129565309,0.07234067638283015,0.9384669686452144,0.19922610314554595,0.746607562417654,0.06484603881835938,0.8412399291992188,262144
NM3692110306120180308,subsetted_512x512_HLS.S30.T13SFA.2018134.v1.4,1,0.48000000000000004,0.45140783948831426,0.6220275613881975,0.45612454915717576,0.9776050530451201,0.4629045327057485,0.49089893035442,0.4505424499511719,0.9656410217285156,262144
NM3694510319920200523,subsetted_512x512_HLS.S30.T13SFA.2020154.v1.4,4,0.49,0.021197519725096467,0.0415150239119319,0.021197519725096467,1.0,0.02035488062237388,0.530259275458576,0.021060943603515625,0.9935569763183594,262144
NM3698710394020180607,subsetted_512x512_HLS.S30.T13SEB.2018189.v1.4,2,0.5,0.023219967798795888,0.045386072456634896,0.023219967798795888,1.0,0.02322492997412668,0.500037106620993,0.02321970202781328,0.9999885542053757,262105
NV3594511544620200720,subsetted_512x512_HLS.S30.T11SPV.2020236.v1.4,4,0.49,0.0479374029112249,0.09148905798772386,0.0479374029112249,1.0,0.054209771890594935,0.586877846042318,0.04767608642578125,0.9945487976074219,262144
NV3599911559820210610,subsetted_512x512_HLS.S30.T11SPV.2021215.v1.4,4,0.49,0.018651000337020128,0.03661901933213526,0.018651000337020128,1.0,0.02113414910688517,0.5572312867756632,0.01857757568359375,0.996063232421875,262144
NV3616411427620190725,subsetted_512x512_HLS.S30.T11SQA.2019226.v1.4,4,0.49,0.07083840684645788,0.1323045688192524,0.07083840684645788,1.0,0.09575813969728167,0.6363362283996695,0.07035064697265625,0.9931144714355469,262144
NV3630611561820200628,subsetted_512x512_HLS.S30.T11SPA.2020196.v1.4,3,0.49,0.05253830348478567,0.09983162286985617,0.052699405006717666,0.9450135212652626,0.12110672210138432,0.7916606028663586,0.04655110588917457,0.8347613125710492,262142
NV3660711406220200922,subsetted_512x512_HLS.S30.T11SQA.2020286.v1.4,4,0.49,0.027480563467015627,0.05349115972430327,0.027480563467015627,1.0,0.02140165961479508,0.4111640092151087,0.02723714627949737,0.9911422053696088,262142
NV3700011641620210517,subsetted_512x512_HLS.S30.T11SNB.2021153.v1.4,1,0.48000000000000004,0.4477759924756045,0.618570821456897,0.4477759924756045,1.0,0.47297272957565006,0.5339987442700698,0.4358634948730469,0.9733963012695312,262144
NV3701011608020200727,subsetted_512x512_HLS.S30.T11SNB.2020234.v1.4,4,0.49,0.05185045882474852,0.0985890311493175,0.05185045882474852,1.0,0.05936526226894986,0.5858311902095373,0.05153656005859375,0.9939460754394531,262144
NV3716311461020200708,subsetted_512x512_HLS.S30.T11SQB.2020241.v1.4,4,0.49,0.7026175203446625,0.8253380597216349,0.704838994706149,0.995534309310124,0.7586361974960077,0.6264474184699396,0.7030258178710938,0.9929733276367188,262144
NV3721011487220190823,subsetted_512x512_HLS.S30.T11SPB.2019281.v1.4,5,0.48000000000000004,0.43991010172699313,0.6110243982584408,0.7486663311524911,0.516133509124974,0.6189263979123871,0.864613757816158,0.0549740217134225,0.03789930648274599,262142
NV3722911623920180728,subsetted_512x512_HLS.S30.T11SNB.2018224.v1.4,1,0.48000000000000004,0.03540190762654846,0.06838292911339182,0.03540190762654846,1.0,0.038216859851575885,0.519368164961157,0.034122467041015625,0.9638595581054688,262144
NV3727011619820210825,subsetted_512x512_HLS.S30.T11SNB.2021268.v1.4,2,0.5,0.2465685489100994,0.3955956519610243,0.2465685489100994,1.0,0.2466325276838659,0.5000810114276745,0.2465657270816405,0.9999885556026047,262137
NV3731011483320200719,subsetted_512x512_HLS.S30.T11SPB.2020241.v1.4,1,0.48000000000000004,0.22370437420102746,0.36561832893191537,0.2237567854122076,0.9989540305281259,0.24629023197660488,0.5469065623935573,0.21517562866210938,0.9606437683105469,262144
NV3746711499420200626,subsetted_512x512_HLS.S30.T11SPB.2020196.v1.4,1,0.48000000000000004,0.3836232389263375,0.5545197972014709,0.38451633165829147,0.9939819560165217,0.39569338741237653,0.5234716153897561,0.3758888244628906,0.9716796875,262144
NV3788911411120200713,subsetted_512x512_HLS.S30.T11SQC.2020241.v1.4,4,0.49,0.12127016245814974,0.21630855170941202,0.1213892271119615,0.9919767515319983,0.09322181174841124,0.37857638100405483,0.12076568603515625,0.9868812561035156,262144
NV3833511422820200626,subsetted_512x512_HLS.S30.T11SQC.2020196.v1.4,4,0.49,0.08557179879572736,0.15765295098980267,0.08557179879572736,1.0,0.08476621084234057,0.5227080608920021,0.08489608764648438,0.9921035766601562,262144
NV3881811941120180617,subsetted_512x512_HLS.S30.T11SKD.2018192.v1.4,5,0.48000000000000004,0.4646066184527723,0.6344456082597636,0.5491516642921901,0.7511071744906997,0.6563530083949319,0.9555950231683272,0.021533966064453125,0.029453277587890625,262144
NV3883311498820200624,subsetted_512x512_HLS.S30.T11SPD.2020184.v1.4,4,0.49,0.14592833625945548,0.25469016105456543,0.14592833625945548,1.0,0.16228530377261435,0.5883943228085865,0.14490127563476562,0.9929618835449219,262144
NV3884311963920200707,subsetted_512x512_HLS.S30.T11SKD.2020217.v1.4,1,0.48000000000000004,0.3349151493268685,0.5017774343122102,0.3350081957128286,0.9991713917068147,0.34199346374825373,0.5418703554895878,0.3222618103027344,0.9611549377441406,262144
NV3887811956320200624,subsetted_512x512_HLS.S30.T11SKD.2020197.v1.4,2,0.5,0.04074143304557471,0.07829309327361164,0.04074143304557471,1.0,0.04075526994642285,0.5000894760283778,0.040740966796875,0.9999885559082031,262144
NV3934011453020200511,subsetted_512x512_HLS.S30.T11SQD.2020196.v1.4,3,0.49,0.021388370196986035,0.04188097460491165,0.02164496403595739,0.6433939873417721,0.03238220513684616,0.5540071259000707,0.019287256525089454,0.5733114113724622,262142
NV3974911820520190813,subsetted_512x512_HLS.S30.T11TLE.2019257.v1.4,2,0.5,0.021965278228129135,0.04298634933314421,0.021965278228129135,1.0,0.02196879804959195,0.500021452029362,0.02196502685546875,0.9999885559082031,262144
NV3986111961620180727,subsetted_512x512_HLS.S30.T11TKE.2018215.v1.4,3,0.49,0.5092587644292432,0.6748461912981897,0.6944378655103937,0.6563296370273435,0.7024260509254986,0.5582260311995151,0.6646270751953125,0.6281547546386719,262144
NV4006311484620180813,subsetted_512x512_HLS.S30.T11TPE.2018244.v1.4,1,0.48000000000000004,0.4181953853706431,0.5897570809840823,0.42027343842504516,0.9883146776558817,0.41684971589585285,0.5101668969529528,0.41100311279296875,0.9665145874023438,262144
NV4013411644020190722,subsetted_512x512_HLS.S30.T11TNE.2019224.v1.4,5,0.48000000000000004,0.39659857981940916,0.5679492812755006,0.5074024226110363,0.644903777619387,0.5650105612319322,0.8749884152214282,0.026760101318359375,0.0340118408203125,262144
NV4031211561920190804,subsetted_512x512_HLS.S30.T11TPE.2019269.v1.4,2,0.5,0.28737807041302516,0.44645481699222456,0.28737807041302516,1.0,0.2874756725815684,0.5001043846923864,0.2873747816069153,0.999988555820891,262142
NV4040711826020180623,subsetted_512x512_HLS.S30.T11TLE.2018182.v1.4,3,0.49,0.02938441674048025,0.057091240672799894,0.029477686169624897,0.9027890603845112,0.04167191968036043,0.6363274503542433,0.02817535400390625,0.8629035949707031,262144
NV4048111917220180723,subsetted_512x512_HLS.S30.T11TLE.2018247.v1.4,1,0.48000000000000004,0.06957627184738611,0.13010062709639783,0.06957627184738611,1.0,0.07480326514868836,0.5213956496467487,0.06806182861328125,0.9782333374023438,262144
NV4056511665220180623,subsetted_512x512_HLS.S30.T11TNE.2018199.v1.4,4,0.49,0.01930159071862963,0.037872187965529595,0.01930159071862963,1.0,0.013570863984395165,0.3304301315549121,0.019153594970703125,0.9923324584960938,262144
NV4057511751220190723,subsetted_512x512_HLS.S30.T11TME.2019222.v1.4,1,0.48000000000000004,0.029745200143101325,0.05777196172211864,0.029745200143101325,1.0,0.03212535410014821,0.5228914609726387,0.02859960175350759,0.9614862773125623,261647
NV4061211588320180724,subsetted_512x512_HLS.S30.T11TNF.2018219.v1.4,3,0.49,0.04533448456742843,0.08673680096986061,0.045617394959945816,0.8796613222842731,0.060180420758906325,0.6193763600662465,0.04235076904296875,0.8166694641113281,262144
NV4061811574920200719,subsetted_512x512_HLS.S30.T11TPE.2020219.v1.4,3,0.49,0.11156082401884618,0.20072824016143032,0.11183643047960405,0.9783874867211253,0.25226604446824047,0.7381175251372161,0.10413742065429688,0.9110336303710938,262144
NV4064611615820180823,subsetted_512x512_HLS.S30.T11TNF.2018244.v1.4,2,0.5,0.22309367859281837,0.36480227556975015,0.22309367859281837,1.0,0.22315241612991848,0.5000785615382349,0.22309112548828125,0.9999885559082031,262144
NV4064811732520190722,subsetted_512x512_HLS.S30.T11TMF.2019227.v1.4,4,0.49,0.11394463667820069,0.20457863510701085,0.11394463667820069,1.0,0.12019560347200202,0.5545163285209096,0.11305618286132812,0.9922027587890625,262144
NV4067411551020180930,subsetted_512x512_HLS.S30.T11TPF.2018289.v1.4,4,0.49,0.16261715556554318,0.27974325819480916,0.16261715556554318,1.0,0.16048295738237328,0.5233268639043824,0.1613847147669071,0.9924212129135457,260068
NV4067711610520180627,subsetted_512x512_HLS.S30.T11TNF.2018199.v1.4,2,0.5,0.026920626685638646,0.0524298100283063,0.026920626685638646,1.0,0.026926276107842463,0.5000352820802314,0.026920318603515625,0.9999885559082031,262144
NV4076011752020180724,subsetted_512x512_HLS.S30.T11TMF.2018222.v1.4,1,0.48000000000000004,0.18171019034125666,0.30753765487760076,0.18178264886334025,0.9978111997226075,0.18963291933993967,0.518758982248003,0.176025390625,0.9662094116210938,262144
NV4076611721820190808,subsetted_512x512_HLS.S30.T11TMF.2019257.v1.4,1,0.48000000000000004,0.030264595004051723,0.05875111141508789,0.030264595004051723,1.0,0.03269723653158069,0.5246960650595685,0.029491424560546875,0.9744529724121094,262144
NV4083911966720200812,subsetted_512x512_HLS.S30.T11TKF.2020265.v1.4,1,0.48000000000000004,0.240152598197572,0.38729523858049064,0.24058585682747924,0.9925570463225932,0.24881451913270716,0.534200774036316,0.23371124267578125,0.9641952514648438,262144
NV4089711609720191014,subsetted_512x512_HLS.S30.T11TNF.2019314.v1.4,5,0.48000000000000004,0.4354086558128119,0.6066685665431747,0.5036434181887006,0.7626827171109201,0.7545658369205652,0.9653432143141107,0.02661895751953125,0.040309906005859375,262144
NV4099311562120210622,subsetted_512x512_HLS.S30.T11TPF.2021183.v1.4,3,0.49,0.025759445129880956,0.050225119061164114,0.025845628826658636,0.8853868194842407,0.04635781909742809,0.6304438978376692,0.0266265869140625,0.912139892578125,262144
NV4116511680820190722,subsetted_512x512_HLS.S30.T11TNF.2019224.v1.4,3,0.49,0.029347622613253462,0.05702179121713472,0.029453344793413272,0.8910201761864166,0.062232900917188035,0.6833064335723579,0.02684783935546875,0.8121986389160156,262144
NV4124711727320200723,subsetted_512x512_HLS.S30.T11TMF.2020217.v1.4,4,0.49,0.020318272236430804,0.03982732209998607,0.020318272236430804,1.0,0.017107106532217697,0.4592924410933156,0.020183563232421875,0.9933700561523438,262144
NV4125011713520190916,subsetted_512x512_HLS.S30.T11TMF.2019312.v1.4,2,0.5,0.025845264117617887,0.05038823109418695,0.025845264117617887,1.0,0.025849504376292475,0.5000293697256868,0.025844968337529563,0.9999885557335775,262140
NV4127811541520180716,subsetted_512x512_HLS.S30.T11TPF.2018219.v1.4,2,0.5,0.0708931452920375,0.13240003562205005,0.0708931452920375,1.0,0.07090477607612419,0.5000266874692068,0.070892333984375,0.9999885559082031,262144
NV4130311596620180903,subsetted_512x512_HLS.S30.T11TNF.2018289.v1.4,5,0.48000000000000004,0.268557336621455,0.4234059097978227,0.507367072389494,0.36328760268545934,0.38373842938154024,0.757644804058056,0.0915043403605838,0.06551941238195173,262075
NV4160011549220180725,subsetted_512x512_HLS.S30.T11TPG.2018219.v1.4,3,0.49,0.020829001936818147,0.04080801367770566,0.02094105480868666,0.7956112852664576,0.036696331705965965,0.5940282338123218,0.018253326416015625,0.6934967041015625,262144
NV4164111779920190723,subsetted_512x512_HLS.S30.T11TMG.2019217.v1.4,5,0.48000000000000004,0.19684731631057842,0.32894307173179493,0.23180179489146277,0.5662357129473486,0.26788628964239974,0.8532401999321807,0.020359039306640625,0.049732208251953125,262144
NV4180711406520180726,subsetted_512x512_HLS.S30.T12TTM.2018219.v1.4,5,0.48000000000000004,0.10878772389188512,0.19622822574195947,0.9855873735941783,0.10896106406432031,0.7994548597590174,0.5829496527871569,0.7301979064941406,0.08072662353515625,262144
NV4180711966720200727,subsetted_512x512_HLS.S30.T10TGM.2020215.v1.4,1,0.48000000000000004,0.034079233921353175,0.06591222955347553,0.034079233921353175,1.0,0.036941669355870226,0.5139771465729082,0.032772064208984375,0.9616432189941406,262144
NV4181211632420180817,subsetted_512x512_HLS.S30.T11TNG.2018289.v1.4,4,0.49,0.9025806353038244,0.9487961966560126,0.9068377806859657,0.9948257206731195,0.8912905719644107,0.4261026923335945,0.9070533873061941,0.9950622470022149,261860
NV4186711864020180724,subsetted_512x512_HLS.S30.T11TLG.2018247.v1.4,5,0.48000000000000004,0.3121001892062348,0.47572615532513907,0.37067950775815944,0.6638558834802606,0.5355772935962673,0.9132440971256778,0.0398101806640625,0.07129669189453125,262144
NV4193711416620190804,subsetted_512x512_HLS.S30.T12TTM.2019244.v1.4,4,0.49,0.11904256755453546,0.21275788965683656,0.11904256755453546,1.0,0.10935476810992373,0.491204666222839,0.1177215576171875,0.9889030456542969,262144
NV4194911609820180721,subsetted_512x512_HLS.S30.T11TNG.2018219.v1.4,1,0.48000000000000004,0.09332416820612163,0.1707163729111446,0.09337704866782859,0.9939683860232945,0.14681746393041067,0.5017777541335564,0.091705322265625,0.9761734008789062,262144
NY4487007364020180712,subsetted_512x512_HLS.S30.T18TXQ.2018266.v1.4,2,0.5,0.011383884760295719,0.022511501185316536,0.011383884760295719,1.0,0.011557847849021217,0.5059403942931862,0.011347028022325796,0.9967623760477204,260685
OK3434009530020180724,subsetted_512x512_HLS.S30.T15STU.2018237.v1.4,3,0.49,0.02321896310777478,0.04538415323588789,0.02321896310777478,1.0,0.02347106162070363,0.5016656902948643,0.0231983245018712,0.9991111314571722,262131
OK3434009756220180322,subsetted_512x512_HLS.S30.T14SPD.2018100.v1.4,5,0.48000000000000004,0.24229276090431606,0.3900735294117647,0.25076813991964075,0.8775847808105872,0.48523300021214477,0.9784932120659149,0.0184478759765625,0.0645599365234375,262144
OK3475809868420180702,subsetted_512x512_HLS.S30.T14SND.2018215.v1.4,3,0.49,0.07317144786681153,0.13636488002407726,0.07762453957153871,0.5605353427430693,0.14674925451014373,0.5642570760685236,0.06783986693726825,0.4898791448583157,262132
OK3525609595520200222,subsetted_512x512_HLS.S30.T14SQE.2020065.v1.4,2,0.5,0.021672369921909275,0.04242528340776366,0.021672369921909275,1.0,0.0217258285338412,0.500775943414619,0.021671377835761396,0.9999542234581889,262143
OK3529509619120180124,subsetted_512x512_HLS.S30.T14SQE.2018075.v1.4,2,0.5,0.019329587200585953,0.037926078950913905,0.019329587200585953,1.0,0.019359719404422132,0.5005017951819883,0.019329071044921875,0.9999732971191406,262144
OK3535809587220180315,subsetted_512x512_HLS.S30.T15STV.2018102.v1.4,4,0.49,0.032037615610633466,0.062086139353898506,0.032037615610633466,1.0,0.02088103583996967,0.28337091464993713,0.031528472900390625,0.9841079711914062,262144
OK3557109641620180320,subsetted_512x512_HLS.S30.T14SQE.2018100.v1.4,2,0.5,0.019897972810555272,0.03901953595558582,0.019897972810555272,1.0,0.01997211945740175,0.501171529877904,0.019893646240234375,0.9997825622558594,262144
OK3566409983720180413,subsetted_512x512_HLS.S30.T14SME.2018138.v1.4,1,0.48000000000000004,0.03838775412733033,0.07393722426858108,0.03838775412733033,1.0,0.0410267683264163,0.4858636004514426,0.036792755126953125,0.9584503173828125,262144
OK3632609837220200610,subsetted_512x512_HLS.S30.T14SNF.2020183.v1.4,2,0.5,0.07164384084233014,0.133708305151116,0.07164384084233014,1.0,0.0718788393749067,0.5012245082448852,0.07164028793444799,0.9999504087463712,262143
OK3642109646420180203,subsetted_512x512_HLS.S30.T14SQF.2018075.v1.4,4,0.49,0.12189817332053077,0.21730701808657635,0.12189817332053077,1.0,0.12433977150249777,0.5224281071504956,0.12058639526367188,0.9892387390136719,262144
OK3648509869620180306,subsetted_512x512_HLS.S30.T14SNF.2018095.v1.4,2,0.5,0.023601521769761873,0.04611466721728956,0.023601521769761873,1.0,0.02377179080824089,0.502541708547547,0.023596423674374048,0.9997839929375082,212956
OK3650509633420180324,subsetted_512x512_HLS.S30.T14SQF.2018100.v1.4,4,0.49,0.5247587754818706,0.6883171081485079,0.5261955033759484,0.994823766806308,0.5141436622478488,0.499034020339912,0.5217923725742276,0.9864992198616733,262133
OK3661710061020200307,subsetted_512x512_HLS.S30.T14SLF.2020108.v1.4,3,0.49,0.3105349037537687,0.4739055829254188,0.31709978220878354,0.9374984371483583,0.4028497112687582,0.622377242934853,0.30510711669921875,0.9020423889160156,262144
OK3669509679920191116,subsetted_512x512_HLS.S30.T14SPF.2019345.v1.4,5,0.48000000000000004,0.13849906041341808,0.2433011413520632,0.14819251336898395,0.6792156862745098,0.2835641819584946,0.8540015442538105,0.0194549560546875,0.08916854858398438,262144
OK3671910126720190819,subsetted_512x512_HLS.S30.T14SKF.2019246.v1.4,3,0.49,0.021305324325769596,0.0417217531688374,0.021359006433166548,0.8944808231992516,0.02684234052387667,0.6166144297405259,0.020389556884765625,0.8538818359375,262144
OK3680809902720180218,subsetted_512x512_HLS.S30.T14SMF.2018098.v1.4,1,0.48000000000000004,0.04602689559230943,0.08800327369450064,0.04602689559230943,1.0,0.047454242459326335,0.5465645031779762,0.044300079345703125,0.9624824523925781,262144
OK3694010296020180524,subsetted_512x512_HLS.S30.T13SFA.2018159.v1.4,1,0.48000000000000004,0.022778792267489453,0.044542949931507904,0.022778792267489453,1.0,0.02442895007850354,0.5216261760988625,0.0220794677734375,0.96929931640625,262144
OK3698609831720200617,subsetted_512x512_HLS.S30.T14SNG.2020183.v1.4,3,0.49,0.031301852100991075,0.060703570030873594,0.031378543010631844,0.9275747508305647,0.05617474589842371,0.5770865966776574,0.028705596923828125,0.8485603332519531,262144
OR4209412026920200816,subsetted_512x512_HLS.S30.T11TKG.2020265.v1.4,5,0.48000000000000004,0.2402882813004977,0.3874716627146468,0.2967708458068894,0.5580156109276494,0.36522346710546133,0.9040688657938439,0.050829159243590084,0.0955736210244418,262133
OR4209912285420180715,subsetted_512x512_HLS.S30.T10TEM.2018213.v1.4,5,0.48000000000000004,0.18905759162303665,0.31799568491039587,0.20442708333333334,0.7154745393302953,0.46612512528992106,0.9399891343236528,0.019252777099609375,0.0673828125,262144
OR4240411760120180724,subsetted_512x512_HLS.S30.T11TMG.2018222.v1.4,4,0.49,0.0906281669379357,0.1661944367206006,0.0906281669379357,1.0,0.09705851243285439,0.5660761314332752,0.09006118774414062,0.993743896484375,262144
OR4241211864020180705,subsetted_512x512_HLS.S30.T11TLH.2018217.v1.4,4,0.49,0.021291491481480056,0.04169522934259392,0.021291491481480056,1.0,0.02938738797014337,0.6192206848396619,0.021134262706331116,0.9926154175114644,261897
OR4245011723920190723,subsetted_512x512_HLS.S30.T11TMH.2019227.v1.4,1,0.48000000000000004,0.04406829415358251,0.08441649727388438,0.04406829415358251,1.0,0.05347653196693099,0.5802234252938356,0.042377471923828125,0.9616317749023438,262144
OR4250212055220200721,subsetted_512x512_HLS.S30.T10TFN.2020235.v1.4,3,0.49,0.018774829031146262,0.03685766176418219,0.018897465274766406,0.7431340872374798,0.014316856110662442,0.325791706100677,0.021251759535825865,0.8357156208634219,262143
OR4261011964820190915,subsetted_512x512_HLS.S30.T10TGN.2019305.v1.4,5,0.48000000000000004,0.08606338643925372,0.15848685723845174,0.837551110619958,0.08752439573637592,0.42819471251735824,0.573158991922492,0.3303260803222656,0.034519195556640625,262144
OR4261111754220180615,subsetted_512x512_HLS.S30.T11TMH.2018182.v1.4,2,0.5,0.03788037735417199,0.07299565187028385,0.03788037735417199,1.0,0.037888904999198725,0.5000475786435329,0.03787994384765625,0.9999885559082031,262144
OR4265012082720180815,subsetted_512x512_HLS.S30.T10TFN.2018245.v1.4,5,0.48000000000000004,0.06099898915960821,0.11498406649364303,0.7408975444538527,0.06232859636000997,0.764957131427421,0.5338475799435162,0.7497367858886719,0.06307220458984375,262144
OR4275611811920200817,subsetted_512x512_HLS.S30.T11TMH.2020247.v1.4,5,0.48000000000000004,0.26619383690867165,0.420463011506305,0.4269064828822771,0.4142111558116777,0.4294319536325317,0.78505181132086,0.07016754150390625,0.06808090209960938,262144
OR4292012329520190725,subsetted_512x512_HLS.S30.T10TDN.2019213.v1.4,2,0.5,0.23210225526946476,0.37675810473815463,0.23210225526946476,1.0,0.23594729136163983,0.5085277069556211,0.2313204311611955,0.9966315531602156,261248
OR4302111828620200805,subsetted_512x512_HLS.S30.T11TLH.2020247.v1.4,5,0.48000000000000004,0.2667824576639166,0.42119695619387126,0.4444765969760544,0.400234512409615,0.3566457787912093,0.7979722350067462,0.058559417724609375,0.052730560302734375,262144
OR4316311929120190721,subsetted_512x512_HLS.S30.T11TLH.2019215.v1.4,1,0.48000000000000004,0.02294866549162785,0.04486767765731186,0.02294866549162785,1.0,0.024666246611721225,0.5228960130466503,0.022251129150390625,0.9696044921875,262144
OR4327211882920180427,subsetted_512x512_HLS.S30.T11TLH.2018152.v1.4,1,0.48000000000000004,0.018190417003779574,0.0357308745004856,0.018190417003779574,1.0,0.017415910082734513,0.4632558182966389,0.01775360107421875,0.9759864807128906,262144
OR4380511789220200816,subsetted_512x512_HLS.S30.T11TMJ.2020247.v1.4,1,0.48000000000000004,0.5592850213464567,0.7173608592270181,0.5632983247295239,0.9874213836477987,0.5960320845499497,0.5751163923055178,0.5501289367675781,0.9643363952636719,262144
OR4383912111420180907,subsetted_512x512_HLS.S30.T10TFP.2018285.v1.4,3,0.49,0.030814164584267743,0.05978607132682396,0.03145953489386291,0.6003328825548736,0.06096489127752072,0.3882236545133433,0.036670684814453125,0.6997756958007812,262144
OR4393211800020180714,subsetted_512x512_HLS.S30.T11TMJ.2018217.v1.4,3,0.49,0.05667686803594905,0.1072737934375239,0.057900415029118094,0.728412159822727,0.14511319111147197,0.555850435988537,0.055088043212890625,0.6930313110351562,262144
OR4403912052820200816,subsetted_512x512_HLS.S30.T10TFP.2020248.v1.4,2,0.5,0.06785284740650235,0.12708276720204809,0.06785284740650235,1.0,0.06905945307369166,0.5069790852508256,0.06779098510742188,0.9990882873535156,262144
OR4408012020420180716,subsetted_512x512_HLS.S30.T10TGP.2018215.v1.4,1,0.48000000000000004,0.027119559605042618,0.05280701618703645,0.027119559605042618,1.0,0.028542934651474394,0.49421318699559214,0.0260467529296875,0.9604415893554688,262144
OR4441811785820200817,subsetted_512x512_HLS.S30.T11TMK.2020247.v1.4,2,0.5,0.06505094741982123,0.12215555993337751,0.06505094741982123,1.0,0.06525682533122086,0.5011383480488959,0.0650482177734375,0.9999580383300781,262144
OR4453312109120180817,subsetted_512x512_HLS.S30.T10TFQ.2018245.v1.4,3,0.49,0.035916661743142425,0.06934276292593898,0.03616764653386627,0.8380749467351798,0.04271186542679719,0.6210164270472871,0.030437469482421875,0.7052955627441406,262144
OR4453912142620180621,subsetted_512x512_HLS.S30.T10TFQ.2018183.v1.4,1,0.48000000000000004,0.03757269058438463,0.0724242087814066,0.03757269058438463,1.0,0.04035093573800247,0.5068221407729758,0.03608831507743021,0.9604932336793752,262107
OR4475511980220200819,subsetted_512x512_HLS.S30.T10TGQ.2020275.v1.4,2,0.5,0.02391195635991617,0.046707055643582816,0.02391195635991617,1.0,0.024275494307040048,0.505567106199048,0.02389544597965988,0.9993095345270884,262142
OR4480012022420180817,subsetted_512x512_HLS.S30.T10TGQ.2018245.v1.4,4,0.49,0.7529624330119955,0.8590742377955375,0.7534306518910329,0.9991753416986943,0.7556271370777218,0.531830755181161,0.7493782043457031,0.9938011169433594,262144
OR4494912090120190812,subsetted_512x512_HLS.S30.T10TFQ.2019245.v1.4,3,0.49,0.03828950190688939,0.07375496301670799,0.038692521595703064,0.7861439312567132,0.19913372994779627,0.6372397313931124,0.03551483154296875,0.7215805053710938,262144
OR4504511946220190805,subsetted_512x512_HLS.S30.T10TGR.2019245.v1.4,5,0.48000000000000004,0.14783772184494207,0.25759341940308356,0.16255378209576682,0.6202075831391655,0.2207022381837973,0.86618247938576,0.03601837158203125,0.13742446899414062,262144
OR4514511998420180817,subsetted_512x512_HLS.S30.T10TGR.2018245.v1.4,5,0.48000000000000004,0.2656810188820979,0.41982302794863496,0.5215846628234347,0.35128668171557564,0.4069867871223425,0.7498049426404962,0.08449554443359375,0.05690765380859375,262144
OR4527212061320180622,subsetted_512x512_HLS.S30.T10TFR.2018188.v1.4,2,0.5,0.27585430797048927,0.43242289695175734,0.27585430797048927,1.0,0.27598169612359313,0.5001448656963299,0.2758522033691406,0.9999923706054688,262144
OR4531411905220180816,subsetted_512x512_HLS.S30.T11TLL.2018245.v1.4,5,0.48000000000000004,0.3787792650782986,0.5494414873678687,0.6705397987191217,0.4653924307848616,0.5333359877961781,0.8316492476900975,0.060074540037613346,0.04169511827604228,262141
OR4538011911420200908,subsetted_512x512_HLS.S30.T11TLL.2020275.v1.4,3,0.49,0.21358302237196922,0.3519874923011323,0.23307482839538707,0.7186218370347442,0.319496005439422,0.6097805119564167,0.1971893310546875,0.6079788208007812,262144
OR4542812106020180726,subsetted_512x512_HLS.S30.T10TFR.2018213.v1.4,2,0.5,0.5271596696358747,0.69037924470801,0.5271596696358747,1.0,0.5291178290424793,0.5025940919469752,0.5271415710449219,0.9999656677246094,262144
OR4556212040420200429,subsetted_512x512_HLS.S30.T10TFR.2020173.v1.4,5,0.48000000000000004,0.09793886381612618,0.17840494957199762,0.11109938248799282,0.4525908406794238,0.07303693809199442,0.8537649003545419,0.017742156982421875,0.07227706909179688,262144
OR4572112013020190713,subsetted_512x512_HLS.S30.T10TGR.2019215.v1.4,1,0.48000000000000004,0.022733750296888608,0.04445683011886377,0.022733750296888608,1.0,0.029795645144032414,0.5803529356182179,0.021907806396484375,0.9636688232421875,262144
OR4576612011120180727,subsetted_512x512_HLS.S30.T10TGR.2018215.v1.4,5,0.48000000000000004,0.23807931518758776,0.38459460919353966,0.30870620881026706,0.5099555937544764,0.2253553805136465,0.8478183517469504,0.026630401611328125,0.0439910888671875,262144
OR4597411899820180729,subsetted_512x512_HLS.S30.T11TLL.2018215.v1.4,3,0.49,0.20807985399590165,0.34448029790025375,0.20961596613244632,0.965979822002564,0.21400170842348182,0.5231250640717487,0.2053116047348203,0.9461438985591833,262143
SC3269708070820210406,subsetted_512x512_HLS.S30.T17SNS.2021128.v1.4,4,0.49,0.02158676866141432,0.04226125342186934,0.02158676866141432,1.0,0.02158783938464356,0.4999083684912385,0.02158553334350679,0.9999427743018465,262120
SD4311610262120200616,subsetted_512x512_HLS.S30.T13TFH.2020204.v1.4,2,0.5,0.028191795767797262,0.05483762053702281,0.028191795767797262,1.0,0.02825690458801892,0.5006476836477542,0.02819061279296875,0.9999580383300781,262144
SD4327410271120200806,subsetted_512x512_HLS.S30.T13TFJ.2020264.v1.4,2,0.5,0.024795815992156894,0.048391719804497454,0.024795815992156894,1.0,0.024799884012850156,0.500023470138161,0.0247955322265625,0.9999885559082031,262144
SD4334810247820200914,subsetted_512x512_HLS.S30.T13TGJ.2020309.v1.4,4,0.49,0.04025654130368788,0.07739733364855729,0.04025654130368788,1.0,0.045731513214037275,0.5866331645114882,0.0399627685546875,0.9927024841308594,262144
TN3638708498220210309,subsetted_512x512_HLS.S30.T16SFF.2021094.v1.4,1,0.48000000000000004,0.013542262832784039,0.026722640642402623,0.013542262832784039,1.0,0.024101168671150974,0.6889265417839334,0.013088226318359375,0.9664726257324219,262144
TX2691709832320210126,subsetted_512x512_HLS.S30.T14RNQ.2021051.v1.4,3,0.49,0.03433628134537495,0.06639287814735319,0.03491427393219102,0.6747037188393952,0.03996769075169768,0.4728436925979653,0.0373382568359375,0.7215461730957031,262144
TX2708809759120180311,subsetted_512x512_HLS.S30.T14RPQ.2018107.v1.4,3,0.49,0.1147644415950502,0.2058989994887899,0.11919987316351337,0.7551560198205437,0.1104212855223233,0.48080875728410943,0.1139373779296875,0.7218170166015625,262144
TX2846709731320190825,subsetted_512x512_HLS.S30.T14RPS.2019257.v1.4,4,0.49,0.017238013954218222,0.03389180057715389,0.017238013954218222,1.0,0.016763745696425747,0.5009099176070926,0.017181396484375,0.9967155456542969,262144
TX2932610087120200827,subsetted_512x512_HLS.S30.T14RLT.2020273.v1.4,2,0.5,0.018390865984336674,0.036117499868895196,0.018390865984336674,1.0,0.018396901413825342,0.500087438744302,0.018390655517578125,0.9999885559082031,262144
TX3009510451420190718,subsetted_512x512_HLS.S30.T13REP.2019241.v1.4,2,0.5,0.022720596930659455,0.04443167957865996,0.022720596930659455,1.0,0.022723977688075634,0.5000195169172639,0.0227203369140625,0.9999885559082031,262144
TX3022610256120200301,subsetted_512x512_HLS.S30.T13RGP.2020118.v1.4,5,0.48000000000000004,0.20966616475081715,0.3466512842309794,0.8275112335121032,0.21924805100042244,0.35474685858912536,0.688009894071648,0.09933090209960938,0.026317596435546875,262144
TX3029010150020200419,subsetted_512x512_HLS.S30.T14RKU.2020158.v1.4,2,0.5,0.441343915747701,0.6124061175486388,0.441343915747701,1.0,0.44139781253100696,0.5000204904036609,0.44133886359907354,0.9999885528078054,262073
TX3034010088120200816,subsetted_512x512_HLS.S30.T14RLU.2020278.v1.4,5,0.48000000000000004,0.3139641708773542,0.47788848103478415,0.3833856854386359,0.634221026259627,0.42960403090750643,0.8536842087781353,0.041110992431640625,0.0680084228515625,262144
TX3054610425020180430,subsetted_512x512_HLS.S30.T13REP.2018141.v1.4,5,0.48000000000000004,0.14159974227397198,0.24807248465546608,0.7262052280639641,0.14958553127354937,0.5017630245409075,0.6940824398443265,0.3140552652372573,0.06468987262046089,261973
TX3064710027020190914,subsetted_512x512_HLS.S30.T14RLU.2019293.v1.4,4,0.49,0.024939522429751493,0.04866535416768617,0.024939522429751493,1.0,0.020582102012341664,0.4600502565799812,0.02465839125359538,0.988727483577603,262142
TX3065009856720180718,subsetted_512x512_HLS.S30.T14RNU.2018215.v1.4,1,0.48000000000000004,0.01966084740514921,0.03856350364963504,0.01966084740514921,1.0,0.020945668458961366,0.4883118165152471,0.018894195556640625,0.9610061645507812,262144
TX3065310092220200611,subsetted_512x512_HLS.S30.T14RLU.2020193.v1.4,2,0.5,0.08321475846967853,0.15364406331989225,0.08321475846967853,1.0,0.08322745811729067,0.5000291266175675,0.08321380615234375,0.9999885559082031,262144
TX3068710057220191007,subsetted_512x512_HLS.S30.T14RLV.2019348.v1.4,4,0.49,0.03101911710380495,0.060171759357749884,0.03101911710380495,1.0,0.02564122333855582,0.4540979562621865,0.030750274658203125,0.9913330078125,262144
TX3076510415220180516,subsetted_512x512_HLS.S30.T13REQ.2018156.v1.4,3,0.49,0.03736566066278229,0.07203951717258315,0.037485459844154544,0.9212090163934427,0.10763299686545764,0.6480608379558107,0.0372314453125,0.9149665832519531,262144
TX3086010191020200831,subsetted_512x512_HLS.S30.T14RKV.2020268.v1.4,2,0.5,0.14751603144872416,0.25710495959256807,0.14751603144872416,1.0,0.14753404118134059,0.5000134243804648,0.14751434326171875,0.9999885559082031,262144
TX3086610127820180604,subsetted_512x512_HLS.S30.T14RKV.2018193.v1.4,2,0.5,0.03288163526907318,0.0636697064722373,0.03288163526907318,1.0,0.03288728121887842,0.5000315574384827,0.032881258941344776,0.9999885550786838,262125
TX3095610045720180124,subsetted_512x512_HLS.S30.T14RLV.2018043.v1.4,2,0.5,0.0190164834955234,0.037323210769449625,0.0190164834955234,1.0,0.01902134511626487,0.5000544410267578,0.019016265869140625,0.9999885559082031,262144
TX3095710045720190723,subsetted_512x512_HLS.S30.T14RLV.2019223.v1.4,3,0.49,0.019157271579680495,0.03759433821236829,0.01919235968775893,0.9128811449906659,0.036810166060425385,0.7138198638438672,0.018390655517578125,0.8747482299804688,262144
TX3096410129920180702,subsetted_512x512_HLS.S30.T14RKV.2018213.v1.4,3,0.49,0.022617365115344498,0.044234267648669175,0.022681271310387923,0.8892242144505592,0.0610719937095123,0.7189226504601709,0.021488189697265625,0.8424491882324219,262144
TX3097610133020180413,subsetted_512x512_HLS.S30.T14RKV.2018143.v1.4,2,0.5,0.06814349693672798,0.12759240145570908,0.06814349693672798,1.0,0.06815181644067668,0.5000122810895782,0.068142717087369,0.9999885557772343,262141
TX3111910137620200901,subsetted_512x512_HLS.S30.T14RKV.2020278.v1.4,1,0.48000000000000004,0.01823402163225172,0.03581499192694854,0.01823402163225172,1.0,0.019583905375435633,0.5186712645820712,0.0176849365234375,0.9698867797851562,262144
TX3112609904920200802,subsetted_512x512_HLS.S30.T14RMV.2020280.v1.4,4,0.49,0.1691158840772509,0.28930559644346826,0.1691158840772509,1.0,0.15385105818270192,0.48528856822980865,0.16682052612304688,0.9864273071289062,262144
TX3146709888420200712,subsetted_512x512_HLS.S30.T14RNV.2020220.v1.4,3,0.49,0.09046880373976093,0.16592644086561362,0.09269527569814523,0.790202930537674,0.20560831683176484,0.634938019822251,0.062221527099609375,0.5304222106933594,262144
TX3149009984920200712,subsetted_512x512_HLS.S30.T14RMV.2020220.v1.4,1,0.48000000000000004,0.02105455513314027,0.041240803495352626,0.02105455513314027,1.0,0.0226155526729023,0.5222859011695815,0.0202178955078125,0.9602622985839844,262144
TX3157209838720180723,subsetted_512x512_HLS.S30.T14RNV.2018215.v1.4,4,0.49,0.025383309530866857,0.049509894095077916,0.025383309530866857,1.0,0.022041475434011477,0.46357833532819553,0.02515641690828628,0.9910613459484205,262120
TX3159210116820200704,subsetted_512x512_HLS.S30.T14SKA.2020223.v1.4,3,0.49,0.09350378561296166,0.17101684848863744,0.0941968474789301,0.9270524442938236,0.24170910911856883,0.5838329613968918,0.09004974365234375,0.8862380981445312,262144
TX3165409878420180723,subsetted_512x512_HLS.S30.T14SNA.2018215.v1.4,5,0.48000000000000004,0.285752401280683,0.44449055820709693,0.3210239194292908,0.722282168869706,0.5314162779917853,0.9329002340725612,0.02828216552734375,0.06363296508789062,262144
TX3166310307120200827,subsetted_512x512_HLS.S30.T13SFR.2020251.v1.4,5,0.48000000000000004,0.3750773036487322,0.5455363166179447,0.48014249901042355,0.6315515446025686,0.6426760416697722,0.9556395261581846,0.02198028564453125,0.028911590576171875,262144
TX3185709976920200614,subsetted_512x512_HLS.S30.T14SMA.2020185.v1.4,4,0.49,0.017369131775567138,0.03414519122524112,0.017369131775567138,1.0,0.016975504377478617,0.544856446475992,0.017124241349187275,0.9859008251221661,262143
TX3206310086420200619,subsetted_512x512_HLS.S30.T14SLA.2020193.v1.4,2,0.5,0.08096787606669693,0.14980625763147307,0.08096787606669693,1.0,0.08099784768970096,0.5000830154533267,0.08096694946289062,0.9999885559082031,262144
TX3217410111820190907,subsetted_512x512_HLS.S30.T14SKA.2019278.v1.4,3,0.49,0.05887078117368841,0.11119540215933436,0.05924005121506447,0.904254269075116,0.26144482375157563,0.804276279704574,0.038646697998046875,0.5899124145507812,262144
TX3231910015220200713,subsetted_512x512_HLS.S30.T14SLA.2020223.v1.4,2,0.5,0.05203286768240114,0.098918711155913,0.05203286768240114,1.0,0.052105218925960164,0.5004889257315778,0.052032470703125,0.9999923706054688,262144
TX3267009971820180413,subsetted_512x512_HLS.S30.T14SMB.2018138.v1.4,4,0.49,0.04326506506273143,0.0829416540658915,0.04326506506273143,1.0,0.03183761022697493,0.38358954467671486,0.042476654052734375,0.9817771911621094,262144
TX3268709915020200830,subsetted_512x512_HLS.S30.T14SMB.2020268.v1.4,1,0.48000000000000004,0.07808256201899007,0.14485451257603157,0.07811440349283039,0.994806661021733,0.11542357751725847,0.49394117164289386,0.07583963011323501,0.965836847400304,233585
TX3272009947720180226,subsetted_512x512_HLS.S30.T14SMB.2018073.v1.4,2,0.5,0.07071385246870959,0.1320873028880069,0.07071385246870959,1.0,0.07073975843843615,0.5000779944747072,0.07071304321289062,0.9999885559082031,262144
TX3272509755820180122,subsetted_512x512_HLS.S30.T14SPB.2018035.v1.4,1,0.48000000000000004,0.04242651855073037,0.08139953808871882,0.04242651855073037,1.0,0.04619311407529839,0.5167236119342431,0.040939487226437477,0.9649504278199303,262143
TX3300809836120180710,subsetted_512x512_HLS.S30.T14SNB.2018215.v1.4,3,0.49,0.008311231988107506,0.016485449580324683,0.008671437132080793,0.16672314469671298,0.01705186283884869,0.40056113456011067,0.02251434326171875,0.4328765869140625,262144
TX3312809957020190729,subsetted_512x512_HLS.S30.T14SMB.2019228.v1.4,4,0.49,0.04365068596704102,0.08364999238532485,0.04365068596704102,1.0,0.03254401683038866,0.3912255641313816,0.04295447436083284,0.9840503856747209,262138
TX3332410108120190809,subsetted_512x512_HLS.S30.T14SKB.2019268.v1.4,2,0.5,0.03332633948156484,0.06450302911718124,0.03332633948156484,1.0,0.03342477703423974,0.5010575830281602,0.0333251953125,0.9999656677246094,262144
TX3362710093720190817,subsetted_512x512_HLS.S30.T14SLC.2019258.v1.4,3,0.49,0.0343673785021712,0.0664510099920926,0.034519328434008484,0.8864595320291523,0.08117174333170653,0.6281486453723623,0.029837934349677242,0.7662409009751407,262116
TX3378209927320180716,subsetted_512x512_HLS.S30.T14SMC.2018213.v1.4,2,0.5,0.0731711038800026,0.136364282667425,0.0731711038800026,1.0,0.07326361302939559,0.500448627980392,0.07316970825195312,0.9999809265136719,262144
TX3401610055920180125,subsetted_512x512_HLS.S30.T14SLC.2018038.v1.4,5,0.48000000000000004,0.19653499987935236,0.3285068968298782,0.35980916199143,0.30221513116396426,0.2959809943746665,0.6723213118506781,0.10280990600585938,0.08635330200195312,262144
TX3402609987020190820,subsetted_512x512_HLS.S30.T14SMC.2019258.v1.4,5,0.48000000000000004,0.18936651957624737,0.3184325713888696,0.5429559778230584,0.22527623766269514,0.4135576980836963,0.7087322137277504,0.19402313232421875,0.08050155639648438,262144
TX3447710074220200711,subsetted_512x512_HLS.S30.T14SLD.2020218.v1.4,4,0.49,0.01769230769230769,0.03476946334089191,0.01769230769230769,1.0,0.016490712218795125,0.5145824803765063,0.017547607421875,0.9918212890625,262144
TX3455510115820180717,subsetted_512x512_HLS.S30.T14SLD.2018218.v1.4,2,0.5,0.04296526310167772,0.08239059271044787,0.04296526310167772,1.0,0.042988713697380526,0.5001415013492452,0.042964935302734375,0.9999923706054688,262144
TX3464410105120180510,subsetted_512x512_HLS.S30.T14SLD.2018163.v1.4,3,0.49,0.07449517646353886,0.13866079270587908,0.07502677911379992,0.913147264047007,0.19336075768311825,0.7471052036985693,0.06232452392578125,0.7585487365722656,262144
TX3481010130620180508,subsetted_512x512_HLS.S30.T14SKD.2018156.v1.4,2,0.5,0.6285853796239428,0.7719403446555435,0.6285853796239428,1.0,0.628696225161756,0.500133753810042,0.6285781860351562,0.9999885559082031,262144
TX3482010022020180413,subsetted_512x512_HLS.S30.T14SMD.2018138.v1.4,1,0.48000000000000004,0.23199428389965068,0.3766158446211545,0.23312976429337876,0.9794372475741985,0.24089769236401193,0.5184443346225891,0.22762680053710938,0.9563179016113281,262144
TX3506710118520180402,subsetted_512x512_HLS.S30.T14SLD.2018138.v1.4,5,0.48000000000000004,0.028350970017636683,0.05513870428332547,0.18628681796233704,0.03235817089945315,0.23318197546804717,0.5109226745288035,0.22740936279296875,0.039501190185546875,262144
TX3522410013020180413,subsetted_512x512_HLS.S30.T14SLE.2018138.v1.4,3,0.49,0.20030314714602918,0.33375426469936637,0.2081797914286767,0.8411188863247226,0.3230036002362707,0.6150304534161477,0.2049713134765625,0.828155517578125,262144
TX3540410187920200820,subsetted_512x512_HLS.S30.T14SKE.2020281.v1.4,1,0.48000000000000004,0.048989239976679345,0.09340275020889338,0.048989239976679345,1.0,0.052824701706367876,0.52751889572124,0.047119140625,0.9618263244628906,262144
TX3546110085220180323,subsetted_512x512_HLS.S30.T14SLE.2018098.v1.4,1,0.48000000000000004,0.12905509859686803,0.22860726417559446,0.12905509859686803,1.0,0.1385248513702034,0.5265739084219788,0.125152587890625,0.9697608947753906,262144
TX3565810161920180413,subsetted_512x512_HLS.S30.T14SKE.2018156.v1.4,1,0.48000000000000004,0.02542604574865579,0.04959118378954853,0.02542604574865579,1.0,0.025962052762647837,0.5443599893033282,0.024478912353515625,0.9627494812011719,262144
TX3568810093120201011,subsetted_512x512_HLS.S30.T14SLE.2020323.v1.4,5,0.48000000000000004,0.07951611263596625,0.1473180653909899,0.37286681285155876,0.09179242847419439,0.2052115219651181,0.5463792454372937,0.16253280639648438,0.040012359619140625,262144
TX3570310164720200711,subsetted_512x512_HLS.S30.T14SKE.2020216.v1.4,3,0.49,0.0784400137106431,0.14546940527688804,0.07888916745760284,0.9323280423280423,0.12964382298338573,0.6814868863947591,0.0721707353396034,0.8529282607616495,261879
TX3573210066420190313,subsetted_512x512_HLS.S30.T14SLE.2019098.v1.4,1,0.48000000000000004,0.040116155702081845,0.07713783788889099,0.040116155702081845,1.0,0.043179251627310906,0.523214321154266,0.038944244384765625,0.9707870483398438,262144
TX3575010162220190313,subsetted_512x512_HLS.S30.T14SKE.2019111.v1.4,2,0.5,0.044994869173460086,0.08611500496466327,0.044994869173460086,1.0,0.04500929187161572,0.5000858801113646,0.044994354248046875,0.9999885559082031,262144
TX3582410101520190807,subsetted_512x512_HLS.S30.T14SLE.2019248.v1.4,2,0.5,0.028133714298793397,0.05472773416049511,0.028133714298793397,1.0,0.028142624915095133,0.5000824276108946,0.028133392333984375,0.9999885559082031,262144
UT3715711356620200714,subsetted_512x512_HLS.S30.T12STG.2020241.v1.4,1,0.48000000000000004,0.21307549257128355,0.35129799237744086,0.21307549257128355,1.0,0.21865090715267116,0.5565410823249786,0.20499038696289062,0.9620552062988281,262144
UT3732811369420200927,subsetted_512x512_HLS.S30.T12STG.2020291.v1.4,4,0.49,0.04285956228204556,0.08219623011991718,0.04285956228204556,1.0,0.04282865540283309,0.551979417688424,0.042483298550569815,0.9912210085348127,262103
UT3739711342320180627,subsetted_512x512_HLS.S30.T12STG.2018186.v1.4,5,0.48000000000000004,0.20261448682865715,0.3369566707332118,0.6343741935483871,0.2294038597931987,0.4188038795691999,0.6688810816888986,0.20438385009765625,0.07390975952148438,262144
UT3783510979920190726,subsetted_512x512_HLS.S30.T12SXG.2019235.v1.4,4,0.49,0.024252597127005913,0.047356671967508084,0.024252597127005913,1.0,0.02246247819264878,0.4658837921280313,0.02420179481700803,0.9979052837214981,262088
UT3800311315120190905,subsetted_512x512_HLS.S30.T12SUH.2019298.v1.4,4,0.49,0.3128893811435692,0.4766424127385848,0.31302661649622565,0.9986007806171294,0.31454402049514046,0.5119866639814868,0.31079864501953125,0.9914932250976562,262144
UT3806611313920180720,subsetted_512x512_HLS.S30.T12SUH.2018228.v1.4,5,0.48000000000000004,0.4593921928215876,0.6295664662059061,0.605176876617774,0.6560044893378226,0.647050971097926,0.9673224577403481,0.02039337158203125,0.022106170654296875,262144
UT3821211280820200822,subsetted_512x512_HLS.S30.T12SUH.2020268.v1.4,5,0.48000000000000004,0.2756341550553769,0.4321523596134995,0.2845463486599459,0.8979631425800194,0.46677398282088023,0.9755378502785631,0.019664764404296875,0.0620574951171875,262144
UT3867511318120200625,subsetted_512x512_HLS.S30.T12SUH.2020188.v1.4,4,0.49,0.423765267941289,0.595274063054,0.423765267941289,1.0,0.43137487711166095,0.5089096497613848,0.42352617516634883,0.9994357895914837,214459
UT3869911350520200824,subsetted_512x512_HLS.S30.T12STH.2020246.v1.4,4,0.49,0.10614645066815913,0.19192115222001968,0.10614645066815913,1.0,0.1139262895333553,0.5631034820371459,0.10562896728515625,0.9951248168945312,262144
UT3887311238420190908,subsetted_512x512_HLS.S30.T12SUJ.2019298.v1.4,1,0.48000000000000004,0.07427320815539656,0.1382761993719064,0.07428171818699032,0.9984599044078598,0.08452530639634973,0.5092506349420594,0.0720291329727414,0.9681817138572882,261422
UT3930510987820180721,subsetted_512x512_HLS.S30.T12SWJ.2018238.v1.4,1,0.48000000000000004,0.16147356735413723,0.2780494914266153,0.16171484442762296,0.9908447472039037,0.13051675369620053,0.44373558673332986,0.15792184209723198,0.967604602191229,262136
UT3932711339120200719,subsetted_512x512_HLS.S30.T12STJ.2020241.v1.4,3,0.49,0.027799847422990114,0.05409583878163218,0.027799847422990114,1.0,0.09331639123040256,0.7749062862381916,0.026828765869140625,0.9650688171386719,262144
UT3942511234720200626,subsetted_512x512_HLS.S30.T12SUJ.2020186.v1.4,2,0.5,0.7710151672363281,0.8707041944078869,0.7710239909056577,0.9999851573322779,0.7710370065103824,0.4999017440652211,0.771026611328125,0.9999885559082031,262144
UT3952611225620191026,subsetted_512x512_HLS.S30.T12SUJ.2019308.v1.4,1,0.48000000000000004,0.059237234379955594,0.11184885209332963,0.059237234379955594,1.0,0.06285069309437698,0.5363624837381153,0.05700159842522689,0.9622596163016484,262133
UT3979911153620200731,subsetted_512x512_HLS.S30.T12TVK.2020228.v1.4,2,0.5,0.026066621906186103,0.05080882927028765,0.026066621906186103,1.0,0.026116236938059458,0.500658021001837,0.026065826416015625,0.999969482421875,262144
UT4009411287320200914,subsetted_512x512_HLS.S30.T12TUK.2020286.v1.4,5,0.48000000000000004,0.0,0.0,0.0,0.0,0.24432331400373036,0.4666760158468604,0.23835372924804688,0.0039520263671875,262144
UT4020111189120200628,subsetted_512x512_HLS.S30.T12TVK.2020188.v1.4,1,0.48000000000000004,0.2273959383495279,0.3705339593274292,0.22757448345444622,0.9965616833998074,0.2514274345493279,0.5193190299770694,0.221893310546875,0.9716835021972656,262144
UT4032611166920201017,subsetted_512x512_HLS.S30.T12TVK.2020308.v1.4,2,0.5,0.057555191869714,0.10884574594723287,0.057555191869714,1.0,0.0576453551682899,0.5005808587804799,0.057554313617029396,0.9999847406870506,262135
UT4050711296920180727,subsetted_512x512_HLS.S30.T12TUK.2018231.v1.4,1,0.48000000000000004,0.23064255542794854,0.3748327317475934,0.23064255542794854,1.0,0.2400959486194483,0.5099903140919433,0.2259979248046875,0.9798622131347656,262144
UT4060611070920200821,subsetted_512x512_HLS.S30.T12TWK.2020268.v1.4,2,0.5,0.8303404792891955,0.9073071252968787,0.830429223047121,0.9998713164328915,0.8329932084023719,0.5100145431538473,0.8300671796378174,0.9994354011131754,262133
UT4154311335720200603,subsetted_512x512_HLS.S30.T11TQG.2020186.v1.4,5,0.48000000000000004,0.01880285491513225,0.03691166514585112,0.10600169061707523,0.02234656782379357,0.10758127234091146,0.47730626854776237,0.10703277587890625,0.022563934326171875,262144
UT4177211363120200720,subsetted_512x512_HLS.S30.T11TQG.2020216.v1.4,3,0.49,0.05503503287700765,0.10432835149925007,0.055168002212943996,0.9580424829242663,0.10669652035418509,0.6621457892018625,0.050823211669921875,0.8825912475585938,262144
UT4177911224220190715,subsetted_512x512_HLS.S30.T12TUM.2019231.v1.4,3,0.49,0.048528320554044026,0.09256463483676165,0.04893329409358679,0.8543063659322476,0.05220244611582482,0.5756861779099071,0.04380533842990497,0.7647794855361891,262137
UT4180611268420200603,subsetted_512x512_HLS.S30.T12TUM.2020191.v1.4,2,0.5,0.025066662597609684,0.048907380392390364,0.025066662597609684,1.0,0.02506905339620626,0.5,0.025066375732421875,0.9999885559082031,262144
UT4185411239220180803,subsetted_512x512_HLS.S30.T12TUM.2018246.v1.4,1,0.48000000000000004,0.25760063789305815,0.4096700178597772,0.2576952389226073,0.9985769372016159,0.26849496106892234,0.5466045858493479,0.249298095703125,0.9660377502441406,262144
UT4192311225720180627,subsetted_512x512_HLS.S30.T12TUM.2018196.v1.4,3,0.49,0.0784912147070025,0.14555744847365584,0.07957735455256978,0.8518684019438083,0.12065610279667593,0.652552164744185,0.06829452514648438,0.7310867309570312,262144
UT4194311112320180816,subsetted_512x512_HLS.S30.T12TVM.2018246.v1.4,5,0.48000000000000004,0.028702363724071395,0.055803048065650646,0.22201492537313433,0.03191204076159829,0.13094781410382247,0.556803855593326,0.11672019080887186,0.016777158024552243,159741
WA4592711962520200907,subsetted_512x512_HLS.S30.T10TGR.2020275.v1.4,1,0.48000000000000004,0.02299611999621463,0.04495837187789084,0.023034630940343782,0.9322250639386189,0.03343792581230132,0.6078896429751955,0.02386474609375,0.9658203125,262144
WA4597011911020180622,subsetted_512x512_HLS.S30.T11TLL.2018190.v1.4,3,0.49,0.020247682722990427,0.03969170048776855,0.0203275631925758,0.8374650837988827,0.014242577514463426,0.2917727489883975,0.0218505859375,0.9002113342285156,262144
WA4619311979920180628,subsetted_512x512_HLS.S30.T10TGS.2018190.v1.4,1,0.48000000000000004,0.03348105358793587,0.06479277674554305,0.03348105358793587,1.0,0.03626230550745313,0.5200646420054789,0.032192230224609375,0.9615058898925781,262144
WA4643911718420200817,subsetted_512x512_HLS.S30.T11TMM.2020245.v1.4,1,0.48000000000000004,0.025167067840628367,0.04909847112751932,0.025167067840628367,1.0,0.0452147380880252,0.5995382660682401,0.024250030517578125,0.96356201171875,262144
WA4646011897220180817,subsetted_512x512_HLS.S30.T11TLM.2018245.v1.4,2,0.5,0.02944991720906809,0.05721486148429537,0.02944991720906809,1.0,0.029605338856288115,0.5019024259861956,0.029447108506815294,0.9999046278387523,262131
WA4649011720020210722,subsetted_512x512_HLS.S30.T11TMM.2021224.v1.4,4,0.49,0.04763039642666318,0.09092977177661994,0.04763039642666318,1.0,0.052534684116292835,0.5626890223807767,0.047267913818359375,0.9923896789550781,262144
WA4656911899620191007,subsetted_512x512_HLS.S30.T11TLM.2019305.v1.4,1,0.48000000000000004,0.1549416290005031,0.2683107528725776,0.15497723661635873,0.9985193127568864,0.15834659504509543,0.5237066496252588,0.14943006683553575,0.9627788628803369,262136
WA4661012135020180730,subsetted_512x512_HLS.S30.T10TFS.2018213.v1.4,4,0.49,0.09805717076446438,0.17860121198643464,0.09805717076446438,1.0,0.0980597897628632,0.4999280916366344,0.09804968868270053,0.9999236967403248,262112
WA4662511872120190802,subsetted_512x512_HLS.S30.T11TLM.2019245.v1.4,4,0.49,0.0205232053242751,0.04022094787693489,0.0205232053242751,1.0,0.02396231386360932,0.6000210527992988,0.020374298095703125,0.9927444458007812,262144
WA4663311856920200908,subsetted_512x512_HLS.S30.T11TLM.2020275.v1.4,4,0.49,0.25510380589585196,0.40650630600831816,0.255177372593954,0.9988711619506322,0.267088417426215,0.5512532278840155,0.253448486328125,0.9921035766601562,262144
WA4667012011520200817,subsetted_512x512_HLS.S30.T10TGS.2020245.v1.4,5,0.48000000000000004,0.11551247980824345,0.20710208428703555,0.6972823351786613,0.12161109465345665,0.4493688143258218,0.6055805991052974,0.3476829528808594,0.060638427734375,262144
WA4671912050220180602,subsetted_512x512_HLS.S30.T10TFS.2018193.v1.4,1,0.48000000000000004,0.033330292368898076,0.06451043314038293,0.033330292368898076,1.0,0.039809626074401736,0.5555671008677895,0.03205563481830181,0.961756784594374,262138
WA4673711934020180802,subsetted_512x512_HLS.S30.T10TGS.2018245.v1.4,1,0.48000000000000004,0.03249396206992121,0.06294266748984764,0.03249396206992121,1.0,0.0345945118811563,0.4932244770980719,0.031315343640775956,0.9637280788778827,262076
WA4675811948720180908,subsetted_512x512_HLS.S30.T10TGS.2018285.v1.4,2,0.5,0.19239645839452812,0.322705518018018,0.19239645839452812,1.0,0.19253894871863392,0.5002574288291948,0.19239425659179688,0.9999885559082031,262144
WA4676511950920200706,subsetted_512x512_HLS.S30.T10TGS.2020215.v1.4,5,0.48000000000000004,0.24921061312974221,0.39898894631606746,0.5932574185224659,0.30056554977690625,0.40878493526791815,0.7478447417936609,0.13442363673871685,0.06810385006227031,261762
WA4682812052320190723,subsetted_512x512_HLS.S30.T10TFS.2019213.v1.4,2,0.5,0.10260440310834576,0.1861128122091555,0.10260440310834576,1.0,0.1027098035621544,0.5002763041556145,0.10260009765625,0.9999580383300781,262144
WA4686911989820190604,subsetted_512x512_HLS.S30.T10TGS.2019195.v1.4,4,0.49,0.24509630132024138,0.3936985453419994,0.24529291526861816,0.9967403228334117,0.19858053896014985,0.40240329728332674,0.24341583251953125,0.9891128540039062,262144
WA4696612008020180620,subsetted_512x512_HLS.S30.T10TGT.2018188.v1.4,2,0.5,0.12704994640289005,0.2254557516432783,0.12704994640289005,1.0,0.12709552103248653,0.500093952516835,0.12704849243164062,0.9999885559082031,262144
WA4725411999320180703,subsetted_512x512_HLS.S30.T10TGT.2018213.v1.4,3,0.49,0.02185958716434269,0.04278393516863306,0.022004780983054813,0.7681384944563314,0.10376908145910468,0.6519314118308279,0.019622212298520222,0.6849682632376459,261999
WA4729212017020200724,subsetted_512x512_HLS.S30.T10TGT.2020218.v1.4,3,0.49,0.0629866564346152,0.11850883744087627,0.06415379121212325,0.7758943851356858,0.14272270856119273,0.6381690332478275,0.04683409030189688,0.5664249456127629,262010
WA4742412023220180901,subsetted_512x512_HLS.S30.T10TGT.2018285.v1.4,3,0.49,0.050867115873191204,0.09680979660482472,0.051585078973899405,0.7851662404092071,0.19132482650992083,0.6145144427650717,0.04479424434057373,0.6818042953594232,261864
WA4754012029720180713,subsetted_512x512_HLS.S30.T10TFT.2018213.v1.4,2,0.5,0.057425704802960366,0.10861416464934719,0.057425704802960366,1.0,0.05755392932791937,0.5007750306572178,0.057423514152742806,0.9999618524452583,262140
WA4770711826020200907,subsetted_512x512_HLS.S30.T11TLN.2020280.v1.4,3,0.49,0.6296723020370414,0.7727594084405435,0.9173308365114526,0.6675529925964088,0.9404716787859196,0.5535593975796058,0.9181747436523438,0.6681671142578125,262144
WA4770712016520190723,subsetted_512x512_HLS.S30.T10TGT.2019213.v1.4,2,0.5,0.025895173647066016,0.050483079192211136,0.025895173647066016,1.0,0.025943251768597065,0.5006550663695987,0.02589477786735852,0.9999847160821205,261713
WA4774811807520180802,subsetted_512x512_HLS.S30.T11TMN.2018245.v1.4,1,0.48000000000000004,0.08362943508934549,0.15435061540654849,0.08365362517533502,0.9965541656832665,0.19243865718095726,0.5775435136488379,0.08081436157226562,0.9627304077148438,262144
WA4777911979820200712,subsetted_512x512_HLS.S30.T10UGU.2020215.v1.4,5,0.48000000000000004,0.18785983367687825,0.3162996649114409,0.7835754521197746,0.19814079016418024,0.3682547922547069,0.652272428959214,0.15265274047851562,0.038600921630859375,262144
WA4779011998320180727,subsetted_512x512_HLS.S30.T10UGU.2018213.v1.4,2,0.5,0.031805775580707345,0.06165070274549847,0.031805775580707345,1.0,0.03181986564775882,0.5001044808484634,0.031805532757942796,0.9999923654506102,261967
WA4784011934020180811,subsetted_512x512_HLS.S30.T11ULP.2018245.v1.4,4,0.49,0.78455951980939,0.8792752621590221,0.7849821397872055,0.9993142490297353,0.7878405263102981,0.5070986650853235,0.7843970548964254,0.9985694121237554,262130
WA4792111992220200907,subsetted_512x512_HLS.S30.T10UGU.2020280.v1.4,3,0.49,0.10777745933939958,0.19458323227423396,0.11242246082558979,0.7228785391053623,0.23655676831379951,0.6019075106309664,0.09526443692464988,0.6125521224768524,262123
WA4793911861820190802,subsetted_512x512_HLS.S30.T11ULP.2019245.v1.4,3,0.49,0.6730841537434489,0.804602867390088,0.6738080057765726,0.9984065014739861,0.6752738873536248,0.5118799393942212,0.6702957153320312,0.9932022094726562,262144
WA4798411942320180806,subsetted_512x512_HLS.S30.T10UGU.2018245.v1.4,2,0.5,0.031042128603104215,0.060215053763440864,0.031042128603104215,1.0,0.0310529128808124,0.5000827097282394,0.031041773205003932,0.9999885511040552,262034
WA4813711903820200723,subsetted_512x512_HLS.S30.T11ULP.2020215.v1.4,1,0.48000000000000004,0.0937140614267491,0.1713684860273245,0.09375674922150798,0.9951650550183394,0.11818512478682368,0.47742328428552516,0.091522216796875,0.9714469909667969,262144
WA4817811826620200907,subsetted_512x512_HLS.S30.T11ULP.2020280.v1.4,3,0.49,0.20277004502182355,0.3371717575792211,0.20277004502182355,1.0,0.20559958802643755,0.5034993135317952,0.20256274295131246,0.9989776494329388,262141
WA4828511853120210713,subsetted_512x512_HLS.S30.T11ULP.2021249.v1.4,2,0.5,0.7335201643088853,0.8462782024820842,0.7353239995997629,0.9966668405403996,0.7413620771346874,0.5170313931118203,0.7342313186750057,0.9951858078995646,261103
WA4855212019420210716,subsetted_512x512_HLS.S30.T10UGU.2021249.v1.4,2,0.5,0.008410112400211339,0.01667994459157821,0.008410112400211339,1.0,0.008529942889022653,0.5043721173851683,0.008382386888273315,0.99670331255771,138624
WA4866711925320200728,subsetted_512x512_HLS.S30.T10UGV.2020218.v1.4,4,0.49,0.03569811933935073,0.06893537542024654,0.03569811933935073,1.0,0.025458689496620272,0.3308819549463051,0.035198211669921875,0.9859962463378906,262144
WY4100410927220200803,subsetted_512x512_HLS.S30.T12TXL.2020250.v1.4,4,0.49,0.1349329145786666,0.23778130468400277,0.1349329145786666,1.0,0.16323093066248,0.6115549918207688,0.13373565673828125,0.9911270141601562,262144
WY4102310619920180610,subsetted_512x512_HLS.S30.T13TDF.2018222.v1.4,2,0.5,0.3453135500030546,0.5133577224465933,0.3453135500030546,1.0,0.3507645528986402,0.5078566952773858,0.3449974060058594,0.99908447265625,262144
WY4121410901620180728,subsetted_512x512_HLS.S30.T12TXL.2018220.v1.4,5,0.48000000000000004,0.0947973188637089,0.17317784256559768,0.8105634933376143,0.09694514314241277,0.3333492641768958,0.6216729028933226,0.19867324829101562,0.023761749267578125,262144
WY4152710878820180728,subsetted_512x512_HLS.S30.T12TXM.2018220.v1.4,2,0.5,0.05355133306121515,0.10165870685316407,0.05355133306121515,1.0,0.05355644065986052,0.5,0.05355072021484375,0.9999885559082031,262144
WY4183110664420200905,subsetted_512x512_HLS.S30.T13TCG.2020277.v1.4,5,0.48000000000000004,0.1309463543344532,0.23156952375785034,0.8919540229885058,0.1330569108225648,0.4076280321272865,0.63770367017422,0.24472427368164062,0.03650665283203125,262144
WY4217810703820200807,subsetted_512x512_HLS.S30.T13TCG.2020247.v1.4,5,0.48000000000000004,0.40296216020951864,0.5744448020598648,0.6404478254628965,0.5207749766573296,0.5434269351765983,0.7633126178640265,0.032684326171875,0.026576995849609375,262144
WY4301310696720200814,subsetted_512x512_HLS.S30.T13TCH.2020280.v1.4,3,0.49,0.03963915149652657,0.07625559587567919,0.039673642504178624,0.9785386304651628,0.07394986902073133,0.7273774660771919,0.03821563720703125,0.9425773620605469,262144
WY4326210530420180917,subsetted_512x512_HLS.S30.T13TDH.2018292.v1.4,5,0.48000000000000004,0.32189584957975914,0.48702149973780806,0.5777604976671851,0.4209154769997734,0.46720570284172847,0.8167826528237357,0.0673370361328125,0.0490570068359375,262144
WY4377310790720180728,subsetted_512x512_HLS.S30.T12TYP.2018220.v1.4,3,0.49,0.06679384968424312,0.1252235372448261,0.06734238576583028,0.891305668631144,0.12950060973565455,0.6703304319633859,0.06278610229492188,0.8310012817382812,262144
WY4381010781320180813,subsetted_512x512_HLS.S30.T12TYP.2018245.v1.4,4,0.49,0.12058967076971558,0.2152253834124393,0.12058967076971558,1.0,0.13791477747458247,0.5790430678222526,0.11970138549804688,0.9926338195800781,262144
WY4385610791920200714,subsetted_512x512_HLS.S30.T12TYP.2020215.v1.4,4,0.49,0.3003179552558618,0.461914647939732,0.30034332852007745,0.9997187743675618,0.3528356435976783,0.6102583776979361,0.2984199523925781,0.993316650390625,262144
WY4389210640120200614,subsetted_512x512_HLS.S30.T13TCJ.2020200.v1.4,1,0.48000000000000004,0.1881380878585168,0.3166939765353608,0.1881754559510225,0.9989456056565156,0.19600354037400644,0.5188514888585795,0.18451309204101562,0.9795036315917969,262144
WY4391910664520200716,subsetted_512x512_HLS.S30.T13TCJ.2020230.v1.4,5,0.48000000000000004,0.20873416845456433,0.3453764672201546,0.38786008230452673,0.31128083393539063,0.26747646447234263,0.673632395456144,0.036960601806640625,0.0296630859375,262144
WY4421310768820180614,subsetted_512x512_HLS.S30.T12TYQ.2018185.v1.4,5,0.48000000000000004,0.345078426915208,0.5130978536420483,0.4149808638600328,0.6719787516600265,0.5888159072532038,0.8894646727536213,0.0344696044921875,0.055816650390625,262144
WY4438911082120200822,subsetted_512x512_HLS.S30.T12TWQ.2020283.v1.4,4,0.49,0.05738614903917686,0.10854340978709126,0.05738614903917686,1.0,0.05738790054595191,0.4999372713439311,0.05738198963904508,0.9999275190929968,262138
WY4446210893620180812,subsetted_512x512_HLS.S30.T12TXQ.2018248.v1.4,1,0.48000000000000004,0.032270054344211305,0.06252250408389902,0.032270054344211305,1.0,0.034745976914651616,0.5217746636418061,0.031463623046875,0.9750099182128906,262144
WY4446910642920200723,subsetted_512x512_HLS.S30.T13TCK.2020215.v1.4,5,0.48000000000000004,0.2618399086196292,0.4150128821112736,0.322022909012319,0.5835128255335814,0.40951599806335304,0.8528952191752375,0.019481658935546875,0.03530120849609375,262144
WY4466210575120200903,subsetted_512x512_HLS.S30.T13TDK.2020280.v1.4,5,0.48000000000000004,0.21597734683370517,0.35523251711241266,0.38459775383910155,0.3300334360453681,0.3193634255717364,0.7321999606140844,0.058185577392578125,0.049930572509765625,262144
WY4498410652920200817,subsetted_512x512_HLS.S30.T13TCK.2020245.v1.4,2,0.5,0.42819159081719066,0.5996276600006945,0.42819159081719066,1.0,0.42836643959776366,0.5001867949325203,0.4281883239746094,0.9999923706054688,262144
