split,image_id,hls_tile,acquisition_date,crs_wkt,chip_bounds,burned_pixels,unburned_pixels,missing_pixels
training,subsetted_512x512_HLS.S30.T10SDH.2020248.v1.4,10SDH,2020-09-04,"PROJCS[""UTM Zone 10, Northern Hemisphere"",GEOGCS[""Unknown datum based upon the WGS 84 ellipsoid"",DATUM[""Not specified (based on WGS 84 spheroid)"",SPHEROID[""WGS 84"",6378137,298.257223563,AUTHORITY[""EPSG"",""7030""]]],PRIMEM[""Greenwich"",0],UNIT[""degree"",0.0174532925199433,AUTHORITY[""EPSG"",""9122""]]],PROJECTION[""Transverse_Mercator""],PARAMETER[""latitude_of_origin"",0],PARAMETER[""central_meridian"",-123],PARAMETER[""scale_factor"",0.9996],PARAMETER[""false_easting"",500000],PARAMETER[""false_northing"",0],UNIT[""metre"",1,AUTHORITY[""EPSG"",""9001""]],AXIS[""Easting"",EAST],AXIS[""Northing"",NORTH]]","POLYGON ((491219.99999999994 4266540.0, 491219.99999999994 4281900.0, 506579.99999999994 4281900.0, 506579.99999999994 4266540.0, 491219.99999999994 4266540.0))",207973,54167,4
training,subsetted_512x512_HLS.S30.T10SEH.2018245.v1.4,10SEH,2018-09-02,"PROJCS[""UTM Zone 10, Northern Hemisphere"",GEOGCS[""Unknown datum based upon the WGS 84 ellipsoid"",DATUM[""Not specified (based on WGS 84 spheroid)"",SPHEROID[""WGS 84"",6378137,298.257223563,AUTHORITY[""EPSG"",""7030""]]],PRIMEM[""Greenwich"",0],UNIT[""degree"",0.0174532925199433,AUTHORITY[""EPSG"",""9122""]]],PROJECTION[""Transverse_Mercator""],PARAMETER[""latitude_of_origin"",0],PARAMETER[""central_meridian"",-123],PARAMETER[""scale_factor"",0.9996],PARAMETER[""false_easting"",500000],PARAMETER[""false_northing"",0],UNIT[""metre"",1,AUTHORITY[""EPSG"",""9001""]],AXIS[""Easting"",EAST],AXIS[""Northing"",NORTH]]","POLYGON ((579870.0 4233210.0, 579870.0 4248570.0, 595230.0 4248570.0, 595230.0 4233210.0, 579870.0 4233210.0))",9909,252216,19
training,subsetted_512x512_HLS.S30.T10SEH.2018280.v1.4,10SEH,2018-10-07,"PROJCS[""UTM Zone 10, Northern Hemisphere"",GEOGCS[""Unknown datum based upon the WGS 84 ellipsoid"",DATUM[""Not specified (based on WGS 84 spheroid)"",SPHEROID[""WGS 84"",6378137,298.257223563,AUTHORITY[""EPSG"",""7030""]]],PRIMEM[""Greenwich"",0],UNIT[""degree"",0.0174532925199433,AUTHORITY[""EPSG"",""9122""]]],PROJECTION[""Transverse_Mercator""],PARAMETER[""latitude_of_origin"",0],PARAMETER[""central_meridian"",-123],PARAMETER[""scale_factor"",0.9996],PARAMETER[""false_easting"",500000],PARAMETER[""false_northing"",0],UNIT[""metre"",1,AUTHORITY[""EPSG"",""9001""]],AXIS[""Easting"",EAST],AXIS[""Northing"",NORTH]]","POLYGON ((546030.0 4277730.0, 546030.0 4293090.0, 561390.0 4293090.0, 561390.0 4277730.0, 546030.0 4277730.0))",11202,250942,0
training,subsetted_512x512_HLS.S30.T10SEH.2019305.v1.4,10SEH,2019-11-01,"PROJCS[""UTM Zone 10, Northern Hemisphere"",GEOGCS[""Unknown datum based upon the WGS 84 ellipsoid"",DATUM[""Not specified (based on WGS 84 spheroid)"",SPHEROID[""WGS 84"",6378137,298.257223563,AUTHORITY[""EPSG"",""7030""]]],PRIMEM[""Greenwich"",0],UNIT[""degree"",0.0174532925199433,AUTHORITY[""EPSG"",""9122""]]],PROJECTION[""Transverse_Mercator""],PARAMETER[""latitude_of_origin"",0],PARAMETER[""central_meridian"",-123],PARAMETER[""scale_factor"",0.9996],PARAMETER[""false_easting"",500000],PARAMETER[""false_northing"",0],UNIT[""metre"",1,AUTHORITY[""EPSG"",""9001""]],AXIS[""Easting"",EAST],AXIS[""Northing"",NORTH]]","POLYGON ((512520.0 4273350.0, 512520.0 4288710.0, 527880.0 4288710.0, 527880.0 4273350.0, 512520.0 4273350.0))",200978,61154,12
training,subsetted_512x512_HLS.S30.T10SEH.2020190.v1.4,10SEH,2020-07-08,"PROJCS[""UTM Zone 10, Northern Hemisphere"",GEOGCS[""Unknown datum based upon the WGS 84 ellipsoid"",DATUM[""Not specified (based on WGS 84 spheroid)"",SPHEROID[""WGS 84"",6378137,298.257223563,AUTHORITY[""EPSG"",""7030""]]],PRIMEM[""Greenwich"",0],UNIT[""degree"",0.0174532925199433,AUTHORITY[""EPSG"",""9122""]]],PROJECTION[""Transverse_Mercator""],PARAMETER[""latitude_of_origin"",0],PARAMETER[""central_meridian"",-123],PARAMETER[""scale_factor"",0.9996],PARAMETER[""false_easting"",500000],PARAMETER[""false_northing"",0],UNIT[""metre"",1,AUTHORITY[""EPSG"",""9001""]],AXIS[""Easting"",EAST],AXIS[""Northing"",NORTH]]","POLYGON ((578010.0 4251240.0, 578010.0 4266600.0, 593370.0 4266600.0, 593370.0 4251240.0, 578010.0 4251240.0))",8300,253814,30
training,subsetted_512x512_HLS.S30.T10SEH.2020285.v1.4,10SEH,2020-10-11,"PROJCS[""UTM Zone 10, Northern Hemisphere"",GEOGCS[""Unknown datum based upon the WGS 84 ellipsoid"",DATUM[""Not specified (based on WGS 84 spheroid)"",SPHEROID[""WGS 84"",6378137,298.257223563,AUTHORITY[""EPSG"",""7030""]]],PRIMEM[""Greenwich"",0],UNIT[""degree"",0.0174532925199433,AUTHORITY[""EPSG"",""9122""]]],PROJECTION[""Transverse_Mercator""],PARAMETER[""latitude_of_origin"",0],PARAMETER[""central_meridian"",-123],PARAMETER[""scale_factor"",0.9996],PARAMETER[""false_easting"",500000],PARAMETER[""false_northing"",0],UNIT[""metre"",1,AUTHORITY[""EPSG"",""9001""]],AXIS[""Easting"",EAST],AXIS[""Northing"",NORTH]]","POLYGON ((531870.0 4257990.0, 531870.0 4273350.0, 547230.0 4273350.0, 547230.0 4257990.0, 531870.0 4257990.0))",184297,77793,54
training,subsetted_512x512_HLS.S30.T10SEJ.2018185.v1.4,10SEJ,2018-07-04,"PROJCS[""UTM Zone 10, Northern Hemisphere"",GEOGCS[""Unknown datum based upon the WGS 84 ellipsoid"",DATUM[""Not specified (based on WGS 84 spheroid)"",SPHEROID[""WGS 84"",6378137,298.257223563,AUTHORITY[""EPSG"",""7030""]]],PRIMEM[""Greenwich"",0],UNIT[""degree"",0.0174532925199433,AUTHORITY[""EPSG"",""9122""]]],PROJECTION[""Transverse_Mercator""],PARAMETER[""latitude_of_origin"",0],PARAMETER[""central_meridian"",-123],PARAMETER[""scale_factor"",0.9996],PARAMETER[""false_easting"",500000],PARAMETER[""false_northing"",0],UNIT[""metre"",1,AUTHORITY[""EPSG"",""9001""]],AXIS[""Easting"",EAST],AXIS[""Northing"",NORTH]]","POLYGON ((529950.0 4378200.0, 529950.0 4393560.0, 545310.0 4393560.0, 545310.0 4378200.0, 529950.0 4378200.0))",10584,251560,0
training,subsetted_512x512_HLS.S30.T10SEJ.2018220.v1.4,10SEJ,2018-08-08,"PROJCS[""UTM Zone 10, Northern Hemisphere"",GEOGCS[""Unknown datum based upon the WGS 84 ellipsoid"",DATUM[""Not specified (based on WGS 84 spheroid)"",SPHEROID[""WGS 84"",6378137,298.257223563,AUTHORITY[""EPSG"",""7030""]]],PRIMEM[""Greenwich"",0],UNIT[""degree"",0.0174532925199433,AUTHORITY[""EPSG"",""9122""]]],PROJECTION[""Transverse_Mercator""],PARAMETER[""latitude_of_origin"",0],PARAMETER[""central_meridian"",-123],PARAMETER[""scale_factor"",0.9996],PARAMETER[""false_easting"",500000],PARAMETER[""false_northing"",0],UNIT[""metre"",1,AUTHORITY[""EPSG"",""9001""]],AXIS[""Easting"",EAST],AXIS[""Northing"",NORTH]]","POLYGON ((593640.0 4331790.0, 593640.0 4347150.0, 609000.0 4347150.0, 609000.0 4331790.0, 593640.0 4331790.0))",4601,257543,0
training,subsetted_512x512_HLS.S30.T10SEJ.2019185.v1.4,10SEJ,2019-07-04,"PROJCS[""UTM Zone 10, Northern Hemisphere"",GEOGCS[""Unknown datum based upon the WGS 84 ellipsoid"",DATUM[""Not specified (based on WGS 84 spheroid)"",SPHEROID[""WGS 84"",6378137,298.257223563,AUTHORITY[""EPSG"",""7030""]]],PRIMEM[""Greenwich"",0],UNIT[""degree"",0.0174532925199433,AUTHORITY[""EPSG"",""9122""]]],PROJECTION[""Transverse_Mercator""],PARAMETER[""latitude_of_origin"",0],PARAMETER[""central_meridian"",-123],PARAMETER[""scale_factor"",0.9996],PARAMETER[""false_easting"",500000],PARAMETER[""false_northing"",0],UNIT[""metre"",1,AUTHORITY[""EPSG"",""9001""]],AXIS[""Easting"",EAST],AXIS[""Northing"",NORTH]]","POLYGON ((556800.0 4298820.0, 556800.0 4314180.0, 572160.0 4314180.0, 572160.0 4298820.0, 556800.0 4298820.0))",11111,251033,0
training,subsetted_512x512_HLS.S30.T10SFE.2020267.v1.4,10SFE,2020-09-23,"PROJCS[""UTM Zone 10, Northern Hemisphere"",GEOGCS[""Unknown datum based upon the WGS 84 ellipsoid"",DATUM[""Not specified (based on WGS 84 spheroid)"",SPHEROID[""WGS 84"",6378137,298.257223563,AUTHORITY[""EPSG"",""7030""]]],PRIMEM[""Greenwich"",0],UNIT[""degree"",0.0174532925199433,AUTHORITY[""EPSG"",""9122""]]],PROJECTION[""Transverse_Mercator""],PARAMETER[""latitude_of_origin"",0],PARAMETER[""central_meridian"",-123],PARAMETER[""scale_factor"",0.9996],PARAMETER[""false_easting"",500000],PARAMETER[""false_northing"",0],UNIT[""metre"",1,AUTHORITY[""EPSG"",""9001""]],AXIS[""Easting"",EAST],AXIS[""Northing"",NORTH]]","POLYGON ((635580.0 3982080.0, 635580.0 3997440.0, 650940.0 3997440.0, 650940.0 3982080.0, 635580.0 3982080.0))",248671,13464,9
training,subsetted_512x512_HLS.S30.T10SFF.2018155.v1.4,10SFF,2018-06-04,"PROJCS[""UTM Zone 10, Northern Hemisphere"",GEOGCS[""Unknown datum based upon the WGS 84 ellipsoid"",DATUM[""Not specified (based on WGS 84 spheroid)"",SPHEROID[""WGS 84"",6378137,298.257223563,AUTHORITY[""EPSG"",""7030""]]],PRIMEM[""Greenwich"",0],UNIT[""degree"",0.0174532925199433,AUTHORITY[""EPSG"",""9122""]]],PROJECTION[""Transverse_Mercator""],PARAMETER[""latitude_of_origin"",0],PARAMETER[""central_meridian"",-123],PARAMETER[""scale_factor"",0.9996],PARAMETER[""false_easting"",500000],PARAMETER[""false_northing"",0],UNIT[""metre"",1,AUTHORITY[""EPSG"",""9001""]],AXIS[""Easting"",EAST],AXIS[""Northing"",NORTH]]","POLYGON ((689520.0 4072290.0000000005, 689520.0 4087650.0000000005, 704880.0 4087650.0000000005, 704880.0 4072290.0000000005, 689520.0 4072290.0000000005))",8280,253864,0
training,subsetted_512x512_HLS.S30.T10SFF.2018190.v1.4,10SFF,2018-07-09,"PROJCS[""UTM Zone 10, Northern Hemisphere"",GEOGCS[""Unknown datum based upon the WGS 84 ellipsoid"",DATUM[""Not specified (based on WGS 84 spheroid)"",SPHEROID[""WGS 84"",6378137,298.257223563,AUTHORITY[""EPSG"",""7030""]]],PRIMEM[""Greenwich"",0],UNIT[""degree"",0.0174532925199433,AUTHORITY[""EPSG"",""9122""]]],PROJECTION[""Transverse_Mercator""],PARAMETER[""latitude_of_origin"",0],PARAMETER[""central_meridian"",-123],PARAMETER[""scale_factor"",0.9996],PARAMETER[""false_easting"",500000],PARAMETER[""false_northing"",0],UNIT[""metre"",1,AUTHORITY[""EPSG"",""9001""]],AXIS[""Easting"",EAST],AXIS[""Northing"",NORTH]]","POLYGON ((675120.0 4021560.0000000005, 675120.0 4036920.0000000005, 690480.0 4036920.0000000005, 690480.0 4021560.0000000005, 675120.0 4021560.0000000005))",6638,255506,0
training,subsetted_512x512_HLS.S30.T10SFF.2020250.v1.4,10SFF,2020-09-06,"PROJCS[""UTM Zone 10, Northern Hemisphere"",GEOGCS[""Unknown datum based upon the WGS 84 ellipsoid"",DATUM[""Not specified (based on WGS 84 spheroid)"",SPHEROID[""WGS 84"",6378137,298.257223563,AUTHORITY[""EPSG"",""7030""]]],PRIMEM[""Greenwich"",0],UNIT[""degree"",0.0174532925199433,AUTHORITY[""EPSG"",""9122""]]],PROJECTION[""Transverse_Mercator""],PARAMETER[""latitude_of_origin"",0],PARAMETER[""central_meridian"",-123],PARAMETER[""scale_factor"",0.9996],PARAMETER[""false_easting"",500000],PARAMETER[""false_northing"",0],UNIT[""metre"",1,AUTHORITY[""EPSG"",""9001""]],AXIS[""Easting"",EAST],AXIS[""Northing"",NORTH]]","POLYGON ((620640.0 4030649.9999999995, 620640.0 4046009.9999999995, 636000.0 4046009.9999999995, 636000.0 4030649.9999999995, 620640.0 4030649.9999999995))",160048,102096,0
training,subsetted_512x512_HLS.S30.T10SFF.2021189.v1.4,10SFF,2021-07-08,"PROJCS[""UTM Zone 10, Northern Hemisphere"",GEOGCS[""Unknown datum based upon the WGS 84 ellipsoid"",DATUM[""Not specified (based on WGS 84 spheroid)"",SPHEROID[""WGS 84"",6378137,298.257223563,AUTHORITY[""EPSG"",""7030""]]],PRIMEM[""Greenwich"",0],UNIT[""degree"",0.0174532925199433,AUTHORITY[""EPSG"",""9122""]]],PROJECTION[""Transverse_Mercator""],PARAMETER[""latitude_of_origin"",0],PARAMETER[""central_meridian"",-123],PARAMETER[""scale_factor"",0.9996],PARAMETER[""false_easting"",500000],PARAMETER[""false_northing"",0],UNIT[""metre"",1,AUTHORITY[""EPSG"",""9001""]],AXIS[""Easting"",EAST],AXIS[""Northing"",NORTH]]","POLYGON ((623010.0 4000320.0, 623010.0 4015680.0, 638370.0 4015680.0, 638370.0 4000320.0, 623010.0 4000320.0))",13899,248222,23
training,subsetted_512x512_HLS.S30.T10SFH.2018185.v1.4,10SFH,2018-07-04,"PROJCS[""UTM Zone 10, Northern Hemisphere"",GEOGCS[""Unknown datum based upon the WGS 84 ellipsoid"",DATUM[""Not specified (based on WGS 84 spheroid)"",SPHEROID[""WGS 84"",6378137,298.257223563,AUTHORITY[""EPSG"",""7030""]]],PRIMEM[""Greenwich"",0],UNIT[""degree"",0.0174532925199433,AUTHORITY[""EPSG"",""9122""]]],PROJECTION[""Transverse_Mercator""],PARAMETER[""latitude_of_origin"",0],PARAMETER[""central_meridian"",-123],PARAMETER[""scale_factor"",0.9996],PARAMETER[""false_easting"",500000],PARAMETER[""false_northing"",0],UNIT[""metre"",1,AUTHORITY[""EPSG"",""9001""]],AXIS[""Easting"",EAST],AXIS[""Northing"",NORTH]]","POLYGON ((681090.0 4200960.0, 681090.0 4216320.0, 696450.0 4216320.0, 696450.0 4200960.0, 681090.0 4200960.0))",53727,208417,0
training,subsetted_512x512_HLS.S30.T10SFH.2020185.v1.4,10SFH,2020-07-03,"PROJCS[""UTM Zone 10, Northern Hemisphere"",GEOGCS[""Unknown datum based upon the WGS 84 ellipsoid"",DATUM[""Not specified (based on WGS 84 spheroid)"",SPHEROID[""WGS 84"",6378137,298.257223563,AUTHORITY[""EPSG"",""7030""]]],PRIMEM[""Greenwich"",0],UNIT[""degree"",0.0174532925199433,AUTHORITY[""EPSG"",""9122""]]],PROJECTION[""Transverse_Mercator""],PARAMETER[""latitude_of_origin"",0],PARAMETER[""central_meridian"",-123],PARAMETER[""scale_factor"",0.9996],PARAMETER[""false_easting"",500000],PARAMETER[""false_northing"",0],UNIT[""metre"",1,AUTHORITY[""EPSG"",""9001""]],AXIS[""Easting"",EAST],AXIS[""Northing"",NORTH]]","POLYGON ((653070.0 4262700.0, 653070.0 4278060.0, 668430.0 4278060.0, 668430.0 4262700.0, 653070.0 4262700.0))",23305,238833,6
training,subsetted_512x512_HLS.S30.T10SFH.2020245.v1.4,10SFH,2020-09-01,"PROJCS[""UTM Zone 10, Northern Hemisphere"",GEOGCS[""Unknown datum based upon the WGS 84 ellipsoid"",DATUM[""Not specified (based on WGS 84 spheroid)"",SPHEROID[""WGS 84"",6378137,298.257223563,AUTHORITY[""EPSG"",""7030""]]],PRIMEM[""Greenwich"",0],UNIT[""degree"",0.0174532925199433,AUTHORITY[""EPSG"",""9122""]]],PROJECTION[""Transverse_Mercator""],PARAMETER[""latitude_of_origin"",0],PARAMETER[""central_meridian"",-123],PARAMETER[""scale_factor"",0.9996],PARAMETER[""false_easting"",500000],PARAMETER[""false_northing"",0],UNIT[""metre"",1,AUTHORITY[""EPSG"",""9001""]],AXIS[""Easting"",EAST],AXIS[""Northing"",NORTH]]","POLYGON ((689640.0 4200300.0, 689640.0 4215660.0, 705000.0 4215660.0, 705000.0 4200300.0, 689640.0 4200300.0))",8409,253735,0
training,subsetted_512x512_HLS.S30.T10SGD.2021306.v1.4,10SGD,2021-11-02,"PROJCS[""UTM Zone 10, Northern Hemisphere"",GEOGCS[""Unknown datum based upon the WGS 84 ellipsoid"",DATUM[""Not specified (based on WGS 84 spheroid)"",SPHEROID[""WGS 84"",6378137,298.257223563,AUTHORITY[""EPSG"",""7030""]]],PRIMEM[""Greenwich"",0],UNIT[""degree"",0.0174532925199433,AUTHORITY[""EPSG"",""9122""]]],PROJECTION[""Transverse_Mercator""],PARAMETER[""latitude_of_origin"",0],PARAMETER[""central_meridian"",-123],PARAMETER[""scale_factor"",0.9996],PARAMETER[""false_easting"",500000],PARAMETER[""false_northing"",0],UNIT[""metre"",1,AUTHORITY[""EPSG"",""9001""]],AXIS[""Easting"",EAST],AXIS[""Northing"",NORTH]]","POLYGON ((758160.0 3813090.0, 758160.0 3828450.0, 773520.0 3828450.0, 773520.0 3813090.0, 758160.0 3813090.0))",77524,184617,3
training,subsetted_512x512_HLS.S30.T10SGE.2018247.v1.4,10SGE,2018-09-04,"PROJCS[""UTM Zone 10, Northern Hemisphere"",GEOGCS[""Unknown datum based upon the WGS 84 ellipsoid"",DATUM[""Not specified (based on WGS 84 spheroid)"",SPHEROID[""WGS 84"",6378137,298.257223563,AUTHORITY[""EPSG"",""7030""]]],PRIMEM[""Greenwich"",0],UNIT[""degree"",0.0174532925199433,AUTHORITY[""EPSG"",""9122""]]],PROJECTION[""Transverse_Mercator""],PARAMETER[""latitude_of_origin"",0],PARAMETER[""central_meridian"",-123],PARAMETER[""scale_factor"",0.9996],PARAMETER[""false_easting"",500000],PARAMETER[""false_northing"",0],UNIT[""metre"",1,AUTHORITY[""EPSG"",""9001""]],AXIS[""Easting"",EAST],AXIS[""Northing"",NORTH]]","POLYGON ((734520.0 3958739.9999999995, 734520.0 3974099.9999999995, 749880.0 3974099.9999999995, 749880.0 3958739.9999999995, 734520.0 3958739.9999999995))",10428,251716,0
training,subsetted_512x512_HLS.S30.T10SGE.2019187.v1.4,10SGE,2019-07-06,"PROJCS[""UTM Zone 10, Northern Hemisphere"",GEOGCS[""Unknown datum based upon the WGS 84 ellipsoid"",DATUM[""Not specified (based on WGS 84 spheroid)"",SPHEROID[""WGS 84"",6378137,298.257223563,AUTHORITY[""EPSG"",""7030""]]],PRIMEM[""Greenwich"",0],UNIT[""degree"",0.0174532925199433,AUTHORITY[""EPSG"",""9122""]]],PROJECTION[""Transverse_Mercator""],PARAMETER[""latitude_of_origin"",0],PARAMETER[""central_meridian"",-123],PARAMETER[""scale_factor"",0.9996],PARAMETER[""false_easting"",500000],PARAMETER[""false_northing"",0],UNIT[""metre"",1,AUTHORITY[""EPSG"",""9001""]],AXIS[""Easting"",EAST],AXIS[""Northing"",NORTH]]","POLYGON ((730110.0 3943500.0, 730110.0 3958860.0, 745470.0 3958860.0, 745470.0 3943500.0, 730110.0 3943500.0))",8817,253327,0
training,subsetted_512x512_HLS.S30.T10SGE.2020162.v1.4,10SGE,2020-06-10,"PROJCS[""UTM Zone 10, Northern Hemisphere"",GEOGCS[""Unknown datum based upon the WGS 84 ellipsoid"",DATUM[""Not specified (based on WGS 84 spheroid)"",SPHEROID[""WGS 84"",6378137,298.257223563,AUTHORITY[""EPSG"",""7030""]]],PRIMEM[""Greenwich"",0],UNIT[""degree"",0.0174532925199433,AUTHORITY[""EPSG"",""9122""]]],PROJECTION[""Transverse_Mercator""],PARAMETER[""latitude_of_origin"",0],PARAMETER[""central_meridian"",-123],PARAMETER[""scale_factor"",0.9996],PARAMETER[""false_easting"",500000],PARAMETER[""false_northing"",0],UNIT[""metre"",1,AUTHORITY[""EPSG"",""9001""]],AXIS[""Easting"",EAST],AXIS[""Northing"",NORTH]]","POLYGON ((757710.0 3984179.9999999995, 757710.0 3999539.9999999995, 773070.0 3999539.9999999995, 773070.0 3984179.9999999995, 757710.0 3984179.9999999995))",9167,252974,3
training,subsetted_512x512_HLS.S30.T10SGE.2020187.v1.4,10SGE,2020-07-05,"PROJCS[""UTM Zone 10, Northern Hemisphere"",GEOGCS[""Unknown datum based upon the WGS 84 ellipsoid"",DATUM[""Not specified (based on WGS 84 spheroid)"",SPHEROID[""WGS 84"",6378137,298.257223563,AUTHORITY[""EPSG"",""7030""]]],PRIMEM[""Greenwich"",0],UNIT[""degree"",0.0174532925199433,AUTHORITY[""EPSG"",""9122""]]],PROJECTION[""Transverse_Mercator""],PARAMETER[""latitude_of_origin"",0],PARAMETER[""central_meridian"",-123],PARAMETER[""scale_factor"",0.9996],PARAMETER[""false_easting"",500000],PARAMETER[""false_northing"",0],UNIT[""metre"",1,AUTHORITY[""EPSG"",""9001""]],AXIS[""Easting"",EAST],AXIS[""Northing"",NORTH]]","POLYGON ((769620.0 3906300.0, 769620.0 3921660.0, 784980.0 3921660.0, 784980.0 3906300.0, 769620.0 3906300.0))",7945,254199,0
training,subsetted_512x512_HLS.S30.T10SGE.2020217.v1.4,10SGE,2020-08-04,"PROJCS[""UTM Zone 10, Northern Hemisphere"",GEOGCS[""Unknown datum based upon the WGS 84 ellipsoid"",DATUM[""Not specified (based on WGS 84 spheroid)"",SPHEROID[""WGS 84"",6378137,298.257223563,AUTHORITY[""EPSG"",""7030""]]],PRIMEM[""Greenwich"",0],UNIT[""degree"",0.0174532925199433,AUTHORITY[""EPSG"",""9122""]]],PROJECTION[""Transverse_Mercator""],PARAMETER[""latitude_of_origin"",0],PARAMETER[""central_meridian"",-123],PARAMETER[""scale_factor"",0.9996],PARAMETER[""false_easting"",500000],PARAMETER[""false_northing"",0],UNIT[""metre"",1,AUTHORITY[""EPSG"",""9001""]],AXIS[""Easting"",EAST],AXIS[""Northing"",NORTH]]","POLYGON ((763050.0 3902280.0, 763050.0 3917640.0, 778410.0 3917640.0, 778410.0 3902280.0, 763050.0 3902280.0))",14910,247234,0
training,subsetted_512x512_HLS.S30.T10SGE.2020247.v1.4,10SGE,2020-09-03,"PROJCS[""UTM Zone 10, Northern Hemisphere"",GEOGCS[""Unknown datum based upon the WGS 84 ellipsoid"",DATUM[""Not specified (based on WGS 84 spheroid)"",SPHEROID[""WGS 84"",6378137,298.257223563,AUTHORITY[""EPSG"",""7030""]]],PRIMEM[""Greenwich"",0],UNIT[""degree"",0.0174532925199433,AUTHORITY[""EPSG"",""9122""]]],PROJECTION[""Transverse_Mercator""],PARAMETER[""latitude_of_origin"",0],PARAMETER[""central_meridian"",-123],PARAMETER[""scale_factor"",0.9996],PARAMETER[""false_easting"",500000],PARAMETER[""false_northing"",0],UNIT[""metre"",1,AUTHORITY[""EPSG"",""9001""]],AXIS[""Easting"",EAST],AXIS[""Northing"",NORTH]]","POLYGON ((735690.0 3977220.0, 735690.0 3992580.0, 751050.0 3992580.0, 751050.0 3977220.0, 735690.0 3977220.0))",8976,253168,0
training,subsetted_512x512_HLS.S30.T10SGG.2019307.v1.4,10SGG,2019-11-03,"PROJCS[""UTM Zone 10, Northern Hemisphere"",GEOGCS[""Unknown datum based upon the WGS 84 ellipsoid"",DATUM[""Not specified (based on WGS 84 spheroid)"",SPHEROID[""WGS 84"",6378137,298.257223563,AUTHORITY[""EPSG"",""7030""]]],PRIMEM[""Greenwich"",0],UNIT[""degree"",0.0174532925199433,AUTHORITY[""EPSG"",""9122""]]],PROJECTION[""Transverse_Mercator""],PARAMETER[""latitude_of_origin"",0],PARAMETER[""central_meridian"",-123],PARAMETER[""scale_factor"",0.9996],PARAMETER[""false_easting"",500000],PARAMETER[""false_northing"",0],UNIT[""metre"",1,AUTHORITY[""EPSG"",""9001""]],AXIS[""Easting"",EAST],AXIS[""Northing"",NORTH]]","POLYGON ((743970.0 4152360.0, 743970.0 4167720.0, 759330.0 4167720.0, 759330.0 4152360.0, 743970.0 4152360.0))",4949,257195,0
training,subsetted_512x512_HLS.S30.T10TDN.2019213.v1.4,10TDN,2019-08-01,"PROJCS[""UTM Zone 10, Northern Hemisphere"",GEOGCS[""Unknown datum based upon the WGS 84 ellipsoid"",DATUM[""Not specified (based on WGS 84 spheroid)"",SPHEROID[""WGS 84"",6378137,298.257223563,AUTHORITY[""EPSG"",""7030""]]],PRIMEM[""Greenwich"",0],UNIT[""degree"",0.0174532925199433,AUTHORITY[""EPSG"",""9122""]]],PROJECTION[""Transverse_Mercator""],PARAMETER[""latitude_of_origin"",0],PARAMETER[""central_meridian"",-123],PARAMETER[""scale_factor"",0.9996],PARAMETER[""false_easting"",500000],PARAMETER[""false_northing"",0],UNIT[""metre"",1,AUTHORITY[""EPSG"",""9001""]],AXIS[""Easting"",EAST],AXIS[""Northing"",NORTH]]","POLYGON ((468990.0 4738080.0, 468990.0 4753440.0, 484350.0 4753440.0, 484350.0 4738080.0, 468990.0 4738080.0))",60432,200816,896
training,subsetted_512x512_HLS.S30.T10TEK.2018183.v1.4,10TEK,2018-07-02,"PROJCS[""UTM Zone 10, Northern Hemisphere"",GEOGCS[""Unknown datum based upon the WGS 84 ellipsoid"",DATUM[""Not specified (based on WGS 84 spheroid)"",SPHEROID[""WGS 84"",6378137,298.257223563,AUTHORITY[""EPSG"",""7030""]]],PRIMEM[""Greenwich"",0],UNIT[""degree"",0.0174532925199433,AUTHORITY[""EPSG"",""9122""]]],PROJECTION[""Transverse_Mercator""],PARAMETER[""latitude_of_origin"",0],PARAMETER[""central_meridian"",-123],PARAMETER[""scale_factor"",0.9996],PARAMETER[""false_easting"",500000],PARAMETER[""false_northing"",0],UNIT[""metre"",1,AUTHORITY[""EPSG"",""9001""]],AXIS[""Easting"",EAST],AXIS[""Northing"",NORTH]]","POLYGON ((533370.0 4474200.0, 533370.0 4489560.0, 548730.0 4489560.0, 548730.0 4474200.0, 533370.0 4474200.0))",6072,256071,1
training,subsetted_512x512_HLS.S30.T10TEK.2018340.v1.4,10TEK,2018-12-06,"PROJCS[""UTM Zone 10, Northern Hemisphere"",GEOGCS[""Unknown datum based upon the WGS 84 ellipsoid"",DATUM[""Not specified (based on WGS 84 spheroid)"",SPHEROID[""WGS 84"",6378137,298.257223563,AUTHORITY[""EPSG"",""7030""]]],PRIMEM[""Greenwich"",0],UNIT[""degree"",0.0174532925199433,AUTHORITY[""EPSG"",""9122""]]],PROJECTION[""Transverse_Mercator""],PARAMETER[""latitude_of_origin"",0],PARAMETER[""central_meridian"",-123],PARAMETER[""scale_factor"",0.9996],PARAMETER[""false_easting"",500000],PARAMETER[""false_northing"",0],UNIT[""metre"",1,AUTHORITY[""EPSG"",""9001""]],AXIS[""Easting"",EAST],AXIS[""Northing"",NORTH]]","POLYGON ((565200.0 4445760.0, 565200.0 4461120.0, 580560.0 4461120.0, 580560.0 4445760.0, 565200.0 4445760.0))",17604,244477,63
training,subsetted_512x512_HLS.S30.T10TEK.2019275.v1.4,10TEK,2019-10-02,"PROJCS[""UTM Zone 10, Northern Hemisphere"",GEOGCS[""Unknown datum based upon the WGS 84 ellipsoid"",DATUM[""Not specified (based on WGS 84 spheroid)"",SPHEROID[""WGS 84"",6378137,298.257223563,AUTHORITY[""EPSG"",""7030""]]],PRIMEM[""Greenwich"",0],UNIT[""degree"",0.0174532925199433,AUTHORITY[""EPSG"",""9122""]]],PROJECTION[""Transverse_Mercator""],PARAMETER[""latitude_of_origin"",0],PARAMETER[""central_meridian"",-123],PARAMETER[""scale_factor"",0.9996],PARAMETER[""false_easting"",500000],PARAMETER[""false_northing"",0],UNIT[""metre"",1,AUTHORITY[""EPSG"",""9001""]],AXIS[""Easting"",EAST],AXIS[""Northing"",NORTH]]","POLYGON ((509010.0 4432740.0, 509010.0 4448100.0, 524370.0 4448100.0, 524370.0 4432740.0, 509010.0 4432740.0))",19833,169656,72655
training,subsetted_512x512_HLS.S30.T10TEK.2019350.v1.4,10TEK,2019-12-16,"PROJCS[""UTM Zone 10, Northern Hemisphere"",GEOGCS[""Unknown datum based upon the WGS 84 ellipsoid"",DATUM[""Not specified (based on WGS 84 spheroid)"",SPHEROID[""WGS 84"",6378137,298.257223563,AUTHORITY[""EPSG"",""7030""]]],PRIMEM[""Greenwich"",0],UNIT[""degree"",0.0174532925199433,AUTHORITY[""EPSG"",""9122""]]],PROJECTION[""Transverse_Mercator""],PARAMETER[""latitude_of_origin"",0],PARAMETER[""central_meridian"",-123],PARAMETER[""scale_factor"",0.9996],PARAMETER[""false_easting"",500000],PARAMETER[""false_northing"",0],UNIT[""metre"",1,AUTHORITY[""EPSG"",""9001""]],AXIS[""Easting"",EAST],AXIS[""Northing"",NORTH]]","POLYGON ((523590.0 4426380.0, 523590.0 4441740.0, 538950.0 4441740.0, 538950.0 4426380.0, 523590.0 4426380.0))",13155,248966,23
training,subsetted_512x512_HLS.S30.T10TEK.2020275.v1.4,10TEK,2020-10-01,"PROJCS[""UTM Zone 10, Northern Hemisphere"",GEOGCS[""Unknown datum based upon the WGS 84 ellipsoid"",DATUM[""Not specified (based on WGS 84 spheroid)"",SPHEROID[""WGS 84"",6378137,298.257223563,AUTHORITY[""EPSG"",""7030""]]],PRIMEM[""Greenwich"",0],UNIT[""degree"",0.0174532925199433,AUTHORITY[""EPSG"",""9122""]]],PROJECTION[""Transverse_Mercator""],PARAMETER[""latitude_of_origin"",0],PARAMETER[""central_meridian"",-123],PARAMETER[""scale_factor"",0.9996],PARAMETER[""false_easting"",500000],PARAMETER[""false_northing"",0],UNIT[""metre"",1,AUTHORITY[""EPSG"",""9001""]],AXIS[""Easting"",EAST],AXIS[""Northing"",NORTH]]","POLYGON ((524370.0 4468680.0, 524370.0 4484040.0, 539730.0 4484040.0, 539730.0 4468680.0, 524370.0 4468680.0))",167670,94474,0
training,subsetted_512x512_HLS.S30.T10TEM.2018213.v1.4,10TEM,2018-08-01,"PROJCS[""UTM Zone 10, Northern Hemisphere"",GEOGCS[""Unknown datum based upon the WGS 84 ellipsoid"",DATUM[""Not specified (based on WGS 84 spheroid)"",SPHEROID[""WGS 84"",6378137,298.257223563,AUTHORITY[""EPSG"",""7030""]]],PRIMEM[""Greenwich"",0],UNIT[""degree"",0.0174532925199433,AUTHORITY[""EPSG"",""9122""]]],PROJECTION[""Transverse_Mercator""],PARAMETER[""latitude_of_origin"",0],PARAMETER[""central_meridian"",-123],PARAMETER[""scale_factor"",0.9996],PARAMETER[""false_easting"",500000],PARAMETER[""false_northing"",0],UNIT[""metre"",1,AUTHORITY[""EPSG"",""9001""]],AXIS[""Easting"",EAST],AXIS[""Northing"",NORTH]]","POLYGON ((505230.0 4651980.0, 505230.0 4667340.0, 520590.0 4667340.0, 520590.0 4651980.0, 505230.0 4651980.0))",5047,257097,0
training,subsetted_512x512_HLS.S30.T10TEN.2019168.v1.4,10TEN,2019-06-17,"PROJCS[""UTM Zone 10, Northern Hemisphere"",GEOGCS[""Unknown datum based upon the WGS 84 ellipsoid"",DATUM[""Not specified (based on WGS 84 spheroid)"",SPHEROID[""WGS 84"",6378137,298.257223563,AUTHORITY[""EPSG"",""7030""]]],PRIMEM[""Greenwich"",0],UNIT[""degree"",0.0174532925199433,AUTHORITY[""EPSG"",""9122""]]],PROJECTION[""Transverse_Mercator""],PARAMETER[""latitude_of_origin"",0],PARAMETER[""central_meridian"",-123],PARAMETER[""scale_factor"",0.9996],PARAMETER[""false_easting"",500000],PARAMETER[""false_northing"",0],UNIT[""metre"",1,AUTHORITY[""EPSG"",""9001""]],AXIS[""Easting"",EAST],AXIS[""Northing"",NORTH]]","POLYGON ((594420.0 4715310.0, 594420.0 4730670.0, 609780.0 4730670.0, 609780.0 4715310.0, 594420.0 4715310.0))",12338,249806,0
training,subsetted_512x512_HLS.S30.T10TFK.2020220.v1.4,10TFK,2020-08-07,"PROJCS[""UTM Zone 10, Northern Hemisphere"",GEOGCS[""Unknown datum based upon the WGS 84 ellipsoid"",DATUM[""Not specified (based on WGS 84 spheroid)"",SPHEROID[""WGS 84"",6378137,298.257223563,AUTHORITY[""EPSG"",""7030""]]],PRIMEM[""Greenwich"",0],UNIT[""degree"",0.0174532925199433,AUTHORITY[""EPSG"",""9122""]]],PROJECTION[""Transverse_Mercator""],PARAMETER[""latitude_of_origin"",0],PARAMETER[""central_meridian"",-123],PARAMETER[""scale_factor"",0.9996],PARAMETER[""false_easting"",500000],PARAMETER[""false_northing"",0],UNIT[""metre"",1,AUTHORITY[""EPSG"",""9001""]],AXIS[""Easting"",EAST],AXIS[""Northing"",NORTH]]","POLYGON ((678510.0 4469100.0, 678510.0 4484460.0, 693870.0 4484460.0, 693870.0 4469100.0, 678510.0 4469100.0))",43685,218459,0
training,subsetted_512x512_HLS.S30.T10TFL.2018245.v1.4,10TFL,2018-09-02,"PROJCS[""UTM Zone 10, Northern Hemisphere"",GEOGCS[""Unknown datum based upon the WGS 84 ellipsoid"",DATUM[""Not specified (based on WGS 84 spheroid)"",SPHEROID[""WGS 84"",6378137,298.257223563,AUTHORITY[""EPSG"",""7030""]]],PRIMEM[""Greenwich"",0],UNIT[""degree"",0.0174532925199433,AUTHORITY[""EPSG"",""9122""]]],PROJECTION[""Transverse_Mercator""],PARAMETER[""latitude_of_origin"",0],PARAMETER[""central_meridian"",-123],PARAMETER[""scale_factor"",0.9996],PARAMETER[""false_easting"",500000],PARAMETER[""false_northing"",0],UNIT[""metre"",1,AUTHORITY[""EPSG"",""9001""]],AXIS[""Easting"",EAST],AXIS[""Northing"",NORTH]]","POLYGON ((658110.0 4580100.0, 658110.0 4595460.0, 673470.0 4595460.0, 673470.0 4580100.0, 658110.0 4580100.0))",168257,93887,0
training,subsetted_512x512_HLS.S30.T10TFL.2020215.v1.4,10TFL,2020-08-02,"PROJCS[""UTM Zone 10, Northern Hemisphere"",GEOGCS[""Unknown datum based upon the WGS 84 ellipsoid"",DATUM[""Not specified (based on WGS 84 spheroid)"",SPHEROID[""WGS 84"",6378137,298.257223563,AUTHORITY[""EPSG"",""7030""]]],PRIMEM[""Greenwich"",0],UNIT[""degree"",0.0174532925199433,AUTHORITY[""EPSG"",""9122""]]],PROJECTION[""Transverse_Mercator""],PARAMETER[""latitude_of_origin"",0],PARAMETER[""central_meridian"",-123],PARAMETER[""scale_factor"",0.9996],PARAMETER[""false_easting"",500000],PARAMETER[""false_northing"",0],UNIT[""metre"",1,AUTHORITY[""EPSG"",""9001""]],AXIS[""Easting"",EAST],AXIS[""Northing"",NORTH]]","POLYGON ((675930.0 4540470.0, 675930.0 4555830.0, 691290.0 4555830.0, 691290.0 4540470.0, 675930.0 4540470.0))",92554,169590,0
training,subsetted_512x512_HLS.S30.T10TFM.2018155.v1.4,10TFM,2018-06-04,"PROJCS[""UTM Zone 10, Northern Hemisphere"",GEOGCS[""Unknown datum based upon the WGS 84 ellipsoid"",DATUM[""Not specified (based on WGS 84 spheroid)"",SPHEROID[""WGS 84"",6378137,298.257223563,AUTHORITY[""EPSG"",""7030""]]],PRIMEM[""Greenwich"",0],UNIT[""degree"",0.0174532925199433,AUTHORITY[""EPSG"",""9122""]]],PROJECTION[""Transverse_Mercator""],PARAMETER[""latitude_of_origin"",0],PARAMETER[""central_meridian"",-123],PARAMETER[""scale_factor"",0.9996],PARAMETER[""false_easting"",500000],PARAMETER[""false_northing"",0],UNIT[""metre"",1,AUTHORITY[""EPSG"",""9001""]],AXIS[""Easting"",EAST],AXIS[""Northing"",NORTH]]","POLYGON ((600540.0 4634070.0, 600540.0 4649430.0, 615900.0 4649430.0, 615900.0 4634070.0, 600540.0 4634070.0))",4629,257423,92
training,subsetted_512x512_HLS.S30.T10TFM.2019280.v1.4,10TFM,2019-10-07,"PROJCS[""UTM Zone 10, Northern Hemisphere"",GEOGCS[""Unknown datum based upon the WGS 84 ellipsoid"",DATUM[""Not specified (based on WGS 84 spheroid)"",SPHEROID[""WGS 84"",6378137,298.257223563,AUTHORITY[""EPSG"",""7030""]]],PRIMEM[""Greenwich"",0],UNIT[""degree"",0.0174532925199433,AUTHORITY[""EPSG"",""9122""]]],PROJECTION[""Transverse_Mercator""],PARAMETER[""latitude_of_origin"",0],PARAMETER[""central_meridian"",-123],PARAMETER[""scale_factor"",0.9996],PARAMETER[""false_easting"",500000],PARAMETER[""false_northing"",0],UNIT[""metre"",1,AUTHORITY[""EPSG"",""9001""]],AXIS[""Easting"",EAST],AXIS[""Northing"",NORTH]]","POLYGON ((654930.0 4618050.000000001, 654930.0 4633410.000000001, 670290.0 4633410.000000001, 670290.0 4618050.000000001, 654930.0 4618050.000000001))",25895,236229,20
training,subsetted_512x512_HLS.S30.T10TFN.2018245.v1.4,10TFN,2018-09-02,"PROJCS[""UTM Zone 10, Northern Hemisphere"",GEOGCS[""Unknown datum based upon the WGS 84 ellipsoid"",DATUM[""Not specified (based on WGS 84 spheroid)"",SPHEROID[""WGS 84"",6378137,298.257223563,AUTHORITY[""EPSG"",""7030""]]],PRIMEM[""Greenwich"",0],UNIT[""degree"",0.0174532925199433,AUTHORITY[""EPSG"",""9122""]]],PROJECTION[""Transverse_Mercator""],PARAMETER[""latitude_of_origin"",0],PARAMETER[""central_meridian"",-123],PARAMETER[""scale_factor"",0.9996],PARAMETER[""false_easting"",500000],PARAMETER[""false_northing"",0],UNIT[""metre"",1,AUTHORITY[""EPSG"",""9001""]],AXIS[""Easting"",EAST],AXIS[""Northing"",NORTH]]","POLYGON ((678450.0 4713330.0, 678450.0 4728690.0, 693810.0 4728690.0, 693810.0 4713330.0, 678450.0 4713330.0))",196539,65605,0
training,subsetted_512x512_HLS.S30.T10TFN.2020235.v1.4,10TFN,2020-08-22,"PROJCS[""UTM Zone 10, Northern Hemisphere"",GEOGCS[""Unknown datum based upon the WGS 84 ellipsoid"",DATUM[""Not specified (based on WGS 84 spheroid)"",SPHEROID[""WGS 84"",6378137,298.257223563,AUTHORITY[""EPSG"",""7030""]]],PRIMEM[""Greenwich"",0],UNIT[""degree"",0.0174532925199433,AUTHORITY[""EPSG"",""9122""]]],PROJECTION[""Transverse_Mercator""],PARAMETER[""latitude_of_origin"",0],PARAMETER[""central_meridian"",-123],PARAMETER[""scale_factor"",0.9996],PARAMETER[""false_easting"",500000],PARAMETER[""false_northing"",0],UNIT[""metre"",1,AUTHORITY[""EPSG"",""9001""]],AXIS[""Easting"",EAST],AXIS[""Northing"",NORTH]]","POLYGON ((694260.0 4700910.0, 694260.0 4716270.0, 709620.0 4716270.0, 709620.0 4700910.0, 694260.0 4700910.0))",5571,256572,1
training,subsetted_512x512_HLS.S30.T10TFP.2018285.v1.4,10TFP,2018-10-12,"PROJCS[""UTM Zone 10, Northern Hemisphere"",GEOGCS[""Unknown datum based upon the WGS 84 ellipsoid"",DATUM[""Not specified (based on WGS 84 spheroid)"",SPHEROID[""WGS 84"",6378137,298.257223563,AUTHORITY[""EPSG"",""7030""]]],PRIMEM[""Greenwich"",0],UNIT[""degree"",0.0174532925199433,AUTHORITY[""EPSG"",""9122""]]],PROJECTION[""Transverse_Mercator""],PARAMETER[""latitude_of_origin"",0],PARAMETER[""central_meridian"",-123],PARAMETER[""scale_factor"",0.9996],PARAMETER[""false_easting"",500000],PARAMETER[""false_northing"",0],UNIT[""metre"",1,AUTHORITY[""EPSG"",""9001""]],AXIS[""Easting"",EAST],AXIS[""Northing"",NORTH]]","POLYGON ((646380.0 4848720.0, 646380.0 4864080.0, 661740.0 4864080.0, 661740.0 4848720.0, 646380.0 4848720.0))",9613,252531,0
training,subsetted_512x512_HLS.S30.T10TFP.2020248.v1.4,10TFP,2020-09-04,"PROJCS[""UTM Zone 10, Northern Hemisphere"",GEOGCS[""Unknown datum based upon the WGS 84 ellipsoid"",DATUM[""Not specified (based on WGS 84 spheroid)"",SPHEROID[""WGS 84"",6378137,298.257223563,AUTHORITY[""EPSG"",""7030""]]],PRIMEM[""Greenwich"",0],UNIT[""degree"",0.0174532925199433,AUTHORITY[""EPSG"",""9122""]]],PROJECTION[""Transverse_Mercator""],PARAMETER[""latitude_of_origin"",0],PARAMETER[""central_meridian"",-123],PARAMETER[""scale_factor"",0.9996],PARAMETER[""false_easting"",500000],PARAMETER[""false_northing"",0],UNIT[""metre"",1,AUTHORITY[""EPSG"",""9001""]],AXIS[""Easting"",EAST],AXIS[""Northing"",NORTH]]","POLYGON ((692370.0 4870380.0, 692370.0 4885740.0, 707730.0 4885740.0, 707730.0 4870380.0, 692370.0 4870380.0))",17771,244373,0
training,subsetted_512x512_HLS.S30.T10TFQ.2018173.v1.4,10TFQ,2018-06-22,"PROJCS[""UTM Zone 10, Northern Hemisphere"",GEOGCS[""Unknown datum based upon the WGS 84 ellipsoid"",DATUM[""Not specified (based on WGS 84 spheroid)"",SPHEROID[""WGS 84"",6378137,298.257223563,AUTHORITY[""EPSG"",""7030""]]],PRIMEM[""Greenwich"",0],UNIT[""degree"",0.0174532925199433,AUTHORITY[""EPSG"",""9122""]]],PROJECTION[""Transverse_Mercator""],PARAMETER[""latitude_of_origin"",0],PARAMETER[""central_meridian"",-123],PARAMETER[""scale_factor"",0.9996],PARAMETER[""false_easting"",500000],PARAMETER[""false_northing"",0],UNIT[""metre"",1,AUTHORITY[""EPSG"",""9001""]],AXIS[""Easting"",EAST],AXIS[""Northing"",NORTH]]","POLYGON ((687600.0 4911090.0, 687600.0 4926450.0, 702960.0 4926450.0, 702960.0 4911090.0, 687600.0 4911090.0))",5936,256208,0
training,subsetted_512x512_HLS.S30.T10TFQ.2018245.v1.4,10TFQ,2018-09-02,"PROJCS[""UTM Zone 10, Northern Hemisphere"",GEOGCS[""Unknown datum based upon the WGS 84 ellipsoid"",DATUM[""Not specified (based on WGS 84 spheroid)"",SPHEROID[""WGS 84"",6378137,298.257223563,AUTHORITY[""EPSG"",""7030""]]],PRIMEM[""Greenwich"",0],UNIT[""degree"",0.0174532925199433,AUTHORITY[""EPSG"",""9122""]]],PROJECTION[""Transverse_Mercator""],PARAMETER[""latitude_of_origin"",0],PARAMETER[""central_meridian"",-123],PARAMETER[""scale_factor"",0.9996],PARAMETER[""false_easting"",500000],PARAMETER[""false_northing"",0],UNIT[""metre"",1,AUTHORITY[""EPSG"",""9001""]],AXIS[""Easting"",EAST],AXIS[""Northing"",NORTH]]","POLYGON ((644040.0 4921620.0, 644040.0 4936980.0, 659400.0 4936980.0, 659400.0 4921620.0, 644040.0 4921620.0))",7979,254165,0
training,subsetted_512x512_HLS.S30.T10TFQ.2019245.v1.4,10TFQ,2019-09-02,"PROJCS[""UTM Zone 10, Northern Hemisphere"",GEOGCS[""Unknown datum based upon the WGS 84 ellipsoid"",DATUM[""Not specified (based on WGS 84 spheroid)"",SPHEROID[""WGS 84"",6378137,298.257223563,AUTHORITY[""EPSG"",""7030""]]],PRIMEM[""Greenwich"",0],UNIT[""degree"",0.0174532925199433,AUTHORITY[""EPSG"",""9122""]]],PROJECTION[""Transverse_Mercator""],PARAMETER[""latitude_of_origin"",0],PARAMETER[""central_meridian"",-123],PARAMETER[""scale_factor"",0.9996],PARAMETER[""false_easting"",500000],PARAMETER[""false_northing"",0],UNIT[""metre"",1,AUTHORITY[""EPSG"",""9001""]],AXIS[""Easting"",EAST],AXIS[""Northing"",NORTH]]","POLYGON ((659670.0 4970790.0, 659670.0 4986150.0, 675030.0 4986150.0, 675030.0 4970790.0, 659670.0 4970790.0))",9310,252834,0
training,subsetted_512x512_HLS.S30.T10TFR.2018213.v1.4,10TFR,2018-08-01,"PROJCS[""UTM Zone 10, Northern Hemisphere"",GEOGCS[""Unknown datum based upon the WGS 84 ellipsoid"",DATUM[""Not specified (based on WGS 84 spheroid)"",SPHEROID[""WGS 84"",6378137,298.257223563,AUTHORITY[""EPSG"",""7030""]]],PRIMEM[""Greenwich"",0],UNIT[""degree"",0.0174532925199433,AUTHORITY[""EPSG"",""9122""]]],PROJECTION[""Transverse_Mercator""],PARAMETER[""latitude_of_origin"",0],PARAMETER[""central_meridian"",-123],PARAMETER[""scale_factor"",0.9996],PARAMETER[""false_easting"",500000],PARAMETER[""false_northing"",0],UNIT[""metre"",1,AUTHORITY[""EPSG"",""9001""]],AXIS[""Easting"",EAST],AXIS[""Northing"",NORTH]]","POLYGON ((649860.0 5015760.0, 649860.0 5031120.0, 665220.0 5031120.0, 665220.0 5015760.0, 649860.0 5015760.0))",138187,123957,0
training,subsetted_512x512_HLS.S30.T10TFS.2018193.v1.4,10TFS,2018-07-12,"PROJCS[""UTM Zone 10, Northern Hemisphere"",GEOGCS[""Unknown datum based upon the WGS 84 ellipsoid"",DATUM[""Not specified (based on WGS 84 spheroid)"",SPHEROID[""WGS 84"",6378137,298.257223563,AUTHORITY[""EPSG"",""7030""]]],PRIMEM[""Greenwich"",0],UNIT[""degree"",0.0174532925199433,AUTHORITY[""EPSG"",""9122""]]],PROJECTION[""Transverse_Mercator""],PARAMETER[""latitude_of_origin"",0],PARAMETER[""central_meridian"",-123],PARAMETER[""scale_factor"",0.9996],PARAMETER[""false_easting"",500000],PARAMETER[""false_northing"",0],UNIT[""metre"",1,AUTHORITY[""EPSG"",""9001""]],AXIS[""Easting"",EAST],AXIS[""Northing"",NORTH]]","POLYGON ((685020.0 5170470.0, 685020.0 5185830.0, 700380.0 5185830.0, 700380.0 5170470.0, 685020.0 5170470.0))",8403,253735,6
training,subsetted_512x512_HLS.S30.T10TFS.2018213.v1.4,10TFS,2018-08-01,"PROJCS[""UTM Zone 10, Northern Hemisphere"",GEOGCS[""Unknown datum based upon the WGS 84 ellipsoid"",DATUM[""Not specified (based on WGS 84 spheroid)"",SPHEROID[""WGS 84"",6378137,298.257223563,AUTHORITY[""EPSG"",""7030""]]],PRIMEM[""Greenwich"",0],UNIT[""degree"",0.0174532925199433,AUTHORITY[""EPSG"",""9122""]]],PROJECTION[""Transverse_Mercator""],PARAMETER[""latitude_of_origin"",0],PARAMETER[""central_meridian"",-123],PARAMETER[""scale_factor"",0.9996],PARAMETER[""false_easting"",500000],PARAMETER[""false_northing"",0],UNIT[""metre"",1,AUTHORITY[""EPSG"",""9001""]],AXIS[""Easting"",EAST],AXIS[""Northing"",NORTH]]","POLYGON ((617550.0 5153610.0, 617550.0 5168970.0, 632910.0 5168970.0, 632910.0 5153610.0, 617550.0 5153610.0))",25700,236412,32
training,subsetted_512x512_HLS.S30.T10TFS.2019213.v1.4,10TFS,2019-08-01,"PROJCS[""UTM Zone 10, Northern Hemisphere"",GEOGCS[""Unknown datum based upon the WGS 84 ellipsoid"",DATUM[""Not specified (based on WGS 84 spheroid)"",SPHEROID[""WGS 84"",6378137,298.257223563,AUTHORITY[""EPSG"",""7030""]]],PRIMEM[""Greenwich"",0],UNIT[""degree"",0.0174532925199433,AUTHORITY[""EPSG"",""9122""]]],PROJECTION[""Transverse_Mercator""],PARAMETER[""latitude_of_origin"",0],PARAMETER[""central_meridian"",-123],PARAMETER[""scale_factor"",0.9996],PARAMETER[""false_easting"",500000],PARAMETER[""false_northing"",0],UNIT[""metre"",1,AUTHORITY[""EPSG"",""9001""]],AXIS[""Easting"",EAST],AXIS[""Northing"",NORTH]]","POLYGON ((680670.0 5179260.0, 680670.0 5194620.0, 696030.0 5194620.0, 696030.0 5179260.0, 680670.0 5179260.0))",26896,235248,0
training,subsetted_512x512_HLS.S30.T10TFT.2018213.v1.4,10TFT,2018-08-01,"PROJCS[""UTM Zone 10, Northern Hemisphere"",GEOGCS[""Unknown datum based upon the WGS 84 ellipsoid"",DATUM[""Not specified (based on WGS 84 spheroid)"",SPHEROID[""WGS 84"",6378137,298.257223563,AUTHORITY[""EPSG"",""7030""]]],PRIMEM[""Greenwich"",0],UNIT[""degree"",0.0174532925199433,AUTHORITY[""EPSG"",""9122""]]],PROJECTION[""Transverse_Mercator""],PARAMETER[""latitude_of_origin"",0],PARAMETER[""central_meridian"",-123],PARAMETER[""scale_factor"",0.9996],PARAMETER[""false_easting"",500000],PARAMETER[""false_northing"",0],UNIT[""metre"",1,AUTHORITY[""EPSG"",""9001""]],AXIS[""Easting"",EAST],AXIS[""Northing"",NORTH]]","POLYGON ((693630.0 5259870.0, 693630.0 5275230.0, 708990.0 5275230.0, 708990.0 5259870.0, 693630.0 5259870.0))",15053,247087,4
training,subsetted_512x512_HLS.S30.T10TGK.2019280.v1.4,10TGK,2019-10-07,"PROJCS[""UTM Zone 10, Northern Hemisphere"",GEOGCS[""Unknown datum based upon the WGS 84 ellipsoid"",DATUM[""Not specified (based on WGS 84 spheroid)"",SPHEROID[""WGS 84"",6378137,298.257223563,AUTHORITY[""EPSG"",""7030""]]],PRIMEM[""Greenwich"",0],UNIT[""degree"",0.0174532925199433,AUTHORITY[""EPSG"",""9122""]]],PROJECTION[""Transverse_Mercator""],PARAMETER[""latitude_of_origin"",0],PARAMETER[""central_meridian"",-123],PARAMETER[""scale_factor"",0.9996],PARAMETER[""false_easting"",500000],PARAMETER[""false_northing"",0],UNIT[""metre"",1,AUTHORITY[""EPSG"",""9001""]],AXIS[""Easting"",EAST],AXIS[""Northing"",NORTH]]","POLYGON ((700020.0 4432890.0, 700020.0 4448250.0, 715380.0 4448250.0, 715380.0 4432890.0, 700020.0 4432890.0))",215627,46481,36
training,subsetted_512x512_HLS.S30.T10TGL.2019245.v1.4,10TGL,2019-09-02,"PROJCS[""UTM Zone 10, Northern Hemisphere"",GEOGCS[""Unknown datum based upon the WGS 84 ellipsoid"",DATUM[""Not specified (based on WGS 84 spheroid)"",SPHEROID[""WGS 84"",6378137,298.257223563,AUTHORITY[""EPSG"",""7030""]]],PRIMEM[""Greenwich"",0],UNIT[""degree"",0.0174532925199433,AUTHORITY[""EPSG"",""9122""]]],PROJECTION[""Transverse_Mercator""],PARAMETER[""latitude_of_origin"",0],PARAMETER[""central_meridian"",-123],PARAMETER[""scale_factor"",0.9996],PARAMETER[""false_easting"",500000],PARAMETER[""false_northing"",0],UNIT[""metre"",1,AUTHORITY[""EPSG"",""9001""]],AXIS[""Easting"",EAST],AXIS[""Northing"",NORTH]]","POLYGON ((700980.0 4490220.0, 700980.0 4505580.0, 716340.0 4505580.0, 716340.0 4490220.0, 700980.0 4490220.0))",16967,245177,0
training,subsetted_512x512_HLS.S30.T10TGN.2019305.v1.4,10TGN,2019-11-01,"PROJCS[""UTM Zone 10, Northern Hemisphere"",GEOGCS[""Unknown datum based upon the WGS 84 ellipsoid"",DATUM[""Not specified (based on WGS 84 spheroid)"",SPHEROID[""WGS 84"",6378137,298.257223563,AUTHORITY[""EPSG"",""7030""]]],PRIMEM[""Greenwich"",0],UNIT[""degree"",0.0174532925199433,AUTHORITY[""EPSG"",""9122""]]],PROJECTION[""Transverse_Mercator""],PARAMETER[""latitude_of_origin"",0],PARAMETER[""central_meridian"",-123],PARAMETER[""scale_factor"",0.9996],PARAMETER[""false_easting"",500000],PARAMETER[""false_northing"",0],UNIT[""metre"",1,AUTHORITY[""EPSG"",""9001""]],AXIS[""Easting"",EAST],AXIS[""Northing"",NORTH]]","POLYGON ((775770.0 4724550.0, 775770.0 4739910.0, 791130.0 4739910.0, 791130.0 4724550.0, 775770.0 4724550.0))",86593,175551,0
training,subsetted_512x512_HLS.S30.T10TGN.2020310.v1.4,10TGN,2020-11-05,"PROJCS[""UTM Zone 10, Northern Hemisphere"",GEOGCS[""Unknown datum based upon the WGS 84 ellipsoid"",DATUM[""Not specified (based on WGS 84 spheroid)"",SPHEROID[""WGS 84"",6378137,298.257223563,AUTHORITY[""EPSG"",""7030""]]],PRIMEM[""Greenwich"",0],UNIT[""degree"",0.0174532925199433,AUTHORITY[""EPSG"",""9122""]]],PROJECTION[""Transverse_Mercator""],PARAMETER[""latitude_of_origin"",0],PARAMETER[""central_meridian"",-123],PARAMETER[""scale_factor"",0.9996],PARAMETER[""false_easting"",500000],PARAMETER[""false_northing"",0],UNIT[""metre"",1,AUTHORITY[""EPSG"",""9001""]],AXIS[""Easting"",EAST],AXIS[""Northing"",NORTH]]","POLYGON ((752790.0 4698840.0, 752790.0 4714200.0, 768150.0 4714200.0, 768150.0 4698840.0, 752790.0 4698840.0))",7112,255032,0
training,subsetted_512x512_HLS.S30.T10TGP.2018215.v1.4,10TGP,2018-08-03,"PROJCS[""UTM Zone 10, Northern Hemisphere"",GEOGCS[""Unknown datum based upon the WGS 84 ellipsoid"",DATUM[""Not specified (based on WGS 84 spheroid)"",SPHEROID[""WGS 84"",6378137,298.257223563,AUTHORITY[""EPSG"",""7030""]]],PRIMEM[""Greenwich"",0],UNIT[""degree"",0.0174532925199433,AUTHORITY[""EPSG"",""9122""]]],PROJECTION[""Transverse_Mercator""],PARAMETER[""latitude_of_origin"",0],PARAMETER[""central_meridian"",-123],PARAMETER[""scale_factor"",0.9996],PARAMETER[""false_easting"",500000],PARAMETER[""false_northing"",0],UNIT[""metre"",1,AUTHORITY[""EPSG"",""9001""]],AXIS[""Easting"",EAST],AXIS[""Northing"",NORTH]]","POLYGON ((717000.0 4875810.0, 717000.0 4891170.0, 732360.0 4891170.0, 732360.0 4875810.0, 717000.0 4875810.0))",6828,255316,0
training,subsetted_512x512_HLS.S30.T10TGQ.2018245.v1.4,10TGQ,2018-09-02,"PROJCS[""UTM Zone 10, Northern Hemisphere"",GEOGCS[""Unknown datum based upon the WGS 84 ellipsoid"",DATUM[""Not specified (based on WGS 84 spheroid)"",SPHEROID[""WGS 84"",6378137,298.257223563,AUTHORITY[""EPSG"",""7030""]]],PRIMEM[""Greenwich"",0],UNIT[""degree"",0.0174532925199433,AUTHORITY[""EPSG"",""9122""]]],PROJECTION[""Transverse_Mercator""],PARAMETER[""latitude_of_origin"",0],PARAMETER[""central_meridian"",-123],PARAMETER[""scale_factor"",0.9996],PARAMETER[""false_easting"",500000],PARAMETER[""false_northing"",0],UNIT[""metre"",1,AUTHORITY[""EPSG"",""9001""]],AXIS[""Easting"",EAST],AXIS[""Northing"",NORTH]]","POLYGON ((706200.0 4957680.0, 706200.0 4973040.0, 721560.0 4973040.0, 721560.0 4957680.0, 706200.0 4957680.0))",196445,65699,0
training,subsetted_512x512_HLS.S30.T10TGQ.2020275.v1.4,10TGQ,2020-10-01,"PROJCS[""UTM Zone 10, Northern Hemisphere"",GEOGCS[""Unknown datum based upon the WGS 84 ellipsoid"",DATUM[""Not specified (based on WGS 84 spheroid)"",SPHEROID[""WGS 84"",6378137,298.257223563,AUTHORITY[""EPSG"",""7030""]]],PRIMEM[""Greenwich"",0],UNIT[""degree"",0.0174532925199433,AUTHORITY[""EPSG"",""9122""]]],PROJECTION[""Transverse_Mercator""],PARAMETER[""latitude_of_origin"",0],PARAMETER[""central_meridian"",-123],PARAMETER[""scale_factor"",0.9996],PARAMETER[""false_easting"",500000],PARAMETER[""false_northing"",0],UNIT[""metre"",1,AUTHORITY[""EPSG"",""9001""]],AXIS[""Easting"",EAST],AXIS[""Northing"",NORTH]]","POLYGON ((746280.0 4951440.0, 746280.0 4966800.0, 761640.0 4966800.0, 761640.0 4951440.0, 746280.0 4951440.0))",6264,255878,2
training,subsetted_512x512_HLS.S30.T10TGR.2018245.v1.4,10TGR,2018-09-02,"PROJCS[""UTM Zone 10, Northern Hemisphere"",GEOGCS[""Unknown datum based upon the WGS 84 ellipsoid"",DATUM[""Not specified (based on WGS 84 spheroid)"",SPHEROID[""WGS 84"",6378137,298.257223563,AUTHORITY[""EPSG"",""7030""]]],PRIMEM[""Greenwich"",0],UNIT[""degree"",0.0174532925199433,AUTHORITY[""EPSG"",""9122""]]],PROJECTION[""Transverse_Mercator""],PARAMETER[""latitude_of_origin"",0],PARAMETER[""central_meridian"",-123],PARAMETER[""scale_factor"",0.9996],PARAMETER[""false_easting"",500000],PARAMETER[""false_northing"",0],UNIT[""metre"",1,AUTHORITY[""EPSG"",""9001""]],AXIS[""Easting"",EAST],AXIS[""Northing"",NORTH]]","POLYGON ((729900.0 4999110.0, 729900.0 5014470.0, 745260.0 5014470.0, 745260.0 4999110.0, 729900.0 4999110.0))",22150,239994,0
training,subsetted_512x512_HLS.S30.T10TGR.2020275.v1.4,10TGR,2020-10-01,"PROJCS[""UTM Zone 10, Northern Hemisphere"",GEOGCS[""Unknown datum based upon the WGS 84 ellipsoid"",DATUM[""Not specified (based on WGS 84 spheroid)"",SPHEROID[""WGS 84"",6378137,298.257223563,AUTHORITY[""EPSG"",""7030""]]],PRIMEM[""Greenwich"",0],UNIT[""degree"",0.0174532925199433,AUTHORITY[""EPSG"",""9122""]]],PROJECTION[""Transverse_Mercator""],PARAMETER[""latitude_of_origin"",0],PARAMETER[""central_meridian"",-123],PARAMETER[""scale_factor"",0.9996],PARAMETER[""false_easting"",500000],PARAMETER[""false_northing"",0],UNIT[""metre"",1,AUTHORITY[""EPSG"",""9001""]],AXIS[""Easting"",EAST],AXIS[""Northing"",NORTH]]","POLYGON ((748680.0 5079660.0, 748680.0 5095020.0, 764040.0 5095020.0, 764040.0 5079660.0, 748680.0 5079660.0))",6256,255888,0
training,subsetted_512x512_HLS.S30.T10TGS.2018190.v1.4,10TGS,2018-07-09,"PROJCS[""UTM Zone 10, Northern Hemisphere"",GEOGCS[""Unknown datum based upon the WGS 84 ellipsoid"",DATUM[""Not specified (based on WGS 84 spheroid)"",SPHEROID[""WGS 84"",6378137,298.257223563,AUTHORITY[""EPSG"",""7030""]]],PRIMEM[""Greenwich"",0],UNIT[""degree"",0.0174532925199433,AUTHORITY[""EPSG"",""9122""]]],PROJECTION[""Transverse_Mercator""],PARAMETER[""latitude_of_origin"",0],PARAMETER[""central_meridian"",-123],PARAMETER[""scale_factor"",0.9996],PARAMETER[""false_easting"",500000],PARAMETER[""false_northing"",0],UNIT[""metre"",1,AUTHORITY[""EPSG"",""9001""]],AXIS[""Easting"",EAST],AXIS[""Northing"",NORTH]]","POLYGON ((741660.0 5110800.0, 741660.0 5126160.0, 757020.0 5126160.0, 757020.0 5110800.0, 741660.0 5110800.0))",8439,253705,0
training,subsetted_512x512_HLS.S30.T10TGS.2018215.v1.4,10TGS,2018-08-03,"PROJCS[""UTM Zone 10, Northern Hemisphere"",GEOGCS[""Unknown datum based upon the WGS 84 ellipsoid"",DATUM[""Not specified (based on WGS 84 spheroid)"",SPHEROID[""WGS 84"",6378137,298.257223563,AUTHORITY[""EPSG"",""7030""]]],PRIMEM[""Greenwich"",0],UNIT[""degree"",0.0174532925199433,AUTHORITY[""EPSG"",""9122""]]],PROJECTION[""Transverse_Mercator""],PARAMETER[""latitude_of_origin"",0],PARAMETER[""central_meridian"",-123],PARAMETER[""scale_factor"",0.9996],PARAMETER[""false_easting"",500000],PARAMETER[""false_northing"",0],UNIT[""metre"",1,AUTHORITY[""EPSG"",""9001""]],AXIS[""Easting"",EAST],AXIS[""Northing"",NORTH]]","POLYGON ((711690.0 5147310.0, 711690.0 5162670.0, 727050.0 5162670.0, 727050.0 5147310.0, 711690.0 5147310.0))",5287,256857,0
training,subsetted_512x512_HLS.S30.T10TGS.2018285.v1.4,10TGS,2018-10-12,"PROJCS[""UTM Zone 10, Northern Hemisphere"",GEOGCS[""Unknown datum based upon the WGS 84 ellipsoid"",DATUM[""Not specified (based on WGS 84 spheroid)"",SPHEROID[""WGS 84"",6378137,298.257223563,AUTHORITY[""EPSG"",""7030""]]],PRIMEM[""Greenwich"",0],UNIT[""degree"",0.0174532925199433,AUTHORITY[""EPSG"",""9122""]]],PROJECTION[""Transverse_Mercator""],PARAMETER[""latitude_of_origin"",0],PARAMETER[""central_meridian"",-123],PARAMETER[""scale_factor"",0.9996],PARAMETER[""false_easting"",500000],PARAMETER[""false_northing"",0],UNIT[""metre"",1,AUTHORITY[""EPSG"",""9001""]],AXIS[""Easting"",EAST],AXIS[""Northing"",NORTH]]","POLYGON ((761340.0 5178480.0, 761340.0 5193840.0, 776700.0 5193840.0, 776700.0 5178480.0, 761340.0 5178480.0))",50435,211709,0
training,subsetted_512x512_HLS.S30.T10TGS.2019195.v1.4,10TGS,2019-07-14,"PROJCS[""UTM Zone 10, Northern Hemisphere"",GEOGCS[""Unknown datum based upon the WGS 84 ellipsoid"",DATUM[""Not specified (based on WGS 84 spheroid)"",SPHEROID[""WGS 84"",6378137,298.257223563,AUTHORITY[""EPSG"",""7030""]]],PRIMEM[""Greenwich"",0],UNIT[""degree"",0.0174532925199433,AUTHORITY[""EPSG"",""9122""]]],PROJECTION[""Transverse_Mercator""],PARAMETER[""latitude_of_origin"",0],PARAMETER[""central_meridian"",-123],PARAMETER[""scale_factor"",0.9996],PARAMETER[""false_easting"",500000],PARAMETER[""false_northing"",0],UNIT[""metre"",1,AUTHORITY[""EPSG"",""9001""]],AXIS[""Easting"",EAST],AXIS[""Northing"",NORTH]]","POLYGON ((737220.0 5184600.000000001, 737220.0 5199960.000000001, 752580.0 5199960.000000001, 752580.0 5184600.000000001, 737220.0 5184600.000000001))",63810,198334,0
training,subsetted_512x512_HLS.S30.T10TGS.2020245.v1.4,10TGS,2020-09-01,"PROJCS[""UTM Zone 10, Northern Hemisphere"",GEOGCS[""Unknown datum based upon the WGS 84 ellipsoid"",DATUM[""Not specified (based on WGS 84 spheroid)"",SPHEROID[""WGS 84"",6378137,298.257223563,AUTHORITY[""EPSG"",""7030""]]],PRIMEM[""Greenwich"",0],UNIT[""degree"",0.0174532925199433,AUTHORITY[""EPSG"",""9122""]]],PROJECTION[""Transverse_Mercator""],PARAMETER[""latitude_of_origin"",0],PARAMETER[""central_meridian"",-123],PARAMETER[""scale_factor"",0.9996],PARAMETER[""false_easting"",500000],PARAMETER[""false_northing"",0],UNIT[""metre"",1,AUTHORITY[""EPSG"",""9001""]],AXIS[""Easting"",EAST],AXIS[""Northing"",NORTH]]","POLYGON ((711060.0 5166930.0, 711060.0 5182290.0, 726420.0 5182290.0, 726420.0 5166930.0, 711060.0 5166930.0))",91143,171001,0
training,subsetted_512x512_HLS.S30.T10TGT.2018213.v1.4,10TGT,2018-08-01,"PROJCS[""UTM Zone 10, Northern Hemisphere"",GEOGCS[""Unknown datum based upon the WGS 84 ellipsoid"",DATUM[""Not specified (based on WGS 84 spheroid)"",SPHEROID[""WGS 84"",6378137,298.257223563,AUTHORITY[""EPSG"",""7030""]]],PRIMEM[""Greenwich"",0],UNIT[""degree"",0.0174532925199433,AUTHORITY[""EPSG"",""9122""]]],PROJECTION[""Transverse_Mercator""],PARAMETER[""latitude_of_origin"",0],PARAMETER[""central_meridian"",-123],PARAMETER[""scale_factor"",0.9996],PARAMETER[""false_easting"",500000],PARAMETER[""false_northing"",0],UNIT[""metre"",1,AUTHORITY[""EPSG"",""9001""]],AXIS[""Easting"",EAST],AXIS[""Northing"",NORTH]]","POLYGON ((719250.0 5231070.000000001, 719250.0 5246430.000000001, 734610.0 5246430.000000001, 734610.0 5231070.000000001, 719250.0 5231070.000000001))",5141,256858,145
training,subsetted_512x512_HLS.S30.T10TGT.2019213.v1.4,10TGT,2019-08-01,"PROJCS[""UTM Zone 10, Northern Hemisphere"",GEOGCS[""Unknown datum based upon the WGS 84 ellipsoid"",DATUM[""Not specified (based on WGS 84 spheroid)"",SPHEROID[""WGS 84"",6378137,298.257223563,AUTHORITY[""EPSG"",""7030""]]],PRIMEM[""Greenwich"",0],UNIT[""degree"",0.0174532925199433,AUTHORITY[""EPSG"",""9122""]]],PROJECTION[""Transverse_Mercator""],PARAMETER[""latitude_of_origin"",0],PARAMETER[""central_meridian"",-123],PARAMETER[""scale_factor"",0.9996],PARAMETER[""false_easting"",500000],PARAMETER[""false_northing"",0],UNIT[""metre"",1,AUTHORITY[""EPSG"",""9001""]],AXIS[""Easting"",EAST],AXIS[""Northing"",NORTH]]","POLYGON ((705840.0 5280600.0, 705840.0 5295960.0, 721200.0 5295960.0, 721200.0 5280600.0, 705840.0 5280600.0))",6777,254936,431
training,subsetted_512x512_HLS.S30.T10UGU.2018213.v1.4,10UGU,2018-08-01,"PROJCS[""UTM Zone 10, Northern Hemisphere"",GEOGCS[""Unknown datum based upon the WGS 84 ellipsoid"",DATUM[""Not specified (based on WGS 84 spheroid)"",SPHEROID[""WGS 84"",6378137,298.257223563,AUTHORITY[""EPSG"",""7030""]]],PRIMEM[""Greenwich"",0],UNIT[""degree"",0.0174532925199433,AUTHORITY[""EPSG"",""9122""]]],PROJECTION[""Transverse_Mercator""],PARAMETER[""latitude_of_origin"",0],PARAMETER[""central_meridian"",-123],PARAMETER[""scale_factor"",0.9996],PARAMETER[""false_easting"",500000],PARAMETER[""false_northing"",0],UNIT[""metre"",1,AUTHORITY[""EPSG"",""9001""]],AXIS[""Easting"",EAST],AXIS[""Northing"",NORTH]]","POLYGON ((719520.0 5290200.0, 719520.0 5305560.0, 734880.0 5305560.0, 734880.0 5290200.0, 719520.0 5290200.0))",8332,253635,177
training,subsetted_512x512_HLS.S30.T10UGU.2018245.v1.4,10UGU,2018-09-02,"PROJCS[""UTM Zone 10, Northern Hemisphere"",GEOGCS[""Unknown datum based upon the WGS 84 ellipsoid"",DATUM[""Not specified (based on WGS 84 spheroid)"",SPHEROID[""WGS 84"",6378137,298.257223563,AUTHORITY[""EPSG"",""7030""]]],PRIMEM[""Greenwich"",0],UNIT[""degree"",0.0174532925199433,AUTHORITY[""EPSG"",""9122""]]],PROJECTION[""Transverse_Mercator""],PARAMETER[""latitude_of_origin"",0],PARAMETER[""central_meridian"",-123],PARAMETER[""scale_factor"",0.9996],PARAMETER[""false_easting"",500000],PARAMETER[""false_northing"",0],UNIT[""metre"",1,AUTHORITY[""EPSG"",""9001""]],AXIS[""Easting"",EAST],AXIS[""Northing"",NORTH]]","POLYGON ((757020.0 5312580.0, 757020.0 5327940.0, 772380.0 5327940.0, 772380.0 5312580.0, 757020.0 5312580.0))",8134,253900,110
training,subsetted_512x512_HLS.S30.T10UGU.2020215.v1.4,10UGU,2020-08-02,"PROJCS[""UTM Zone 10, Northern Hemisphere"",GEOGCS[""Unknown datum based upon the WGS 84 ellipsoid"",DATUM[""Not specified (based on WGS 84 spheroid)"",SPHEROID[""WGS 84"",6378137,298.257223563,AUTHORITY[""EPSG"",""7030""]]],PRIMEM[""Greenwich"",0],UNIT[""degree"",0.0174532925199433,AUTHORITY[""EPSG"",""9122""]]],PROJECTION[""Transverse_Mercator""],PARAMETER[""latitude_of_origin"",0],PARAMETER[""central_meridian"",-123],PARAMETER[""scale_factor"",0.9996],PARAMETER[""false_easting"",500000],PARAMETER[""false_northing"",0],UNIT[""metre"",1,AUTHORITY[""EPSG"",""9001""]],AXIS[""Easting"",EAST],AXIS[""Northing"",NORTH]]","POLYGON ((732870.0 5290200.0, 732870.0 5305560.0, 748230.0 5305560.0, 748230.0 5290200.0, 732870.0 5290200.0))",40017,222127,0
training,subsetted_512x512_HLS.S30.T10UGU.2020280.v1.4,10UGU,2020-10-06,"PROJCS[""UTM Zone 10, Northern Hemisphere"",GEOGCS[""Unknown datum based upon the WGS 84 ellipsoid"",DATUM[""Not specified (based on WGS 84 spheroid)"",SPHEROID[""WGS 84"",6378137,298.257223563,AUTHORITY[""EPSG"",""7030""]]],PRIMEM[""Greenwich"",0],UNIT[""degree"",0.0174532925199433,AUTHORITY[""EPSG"",""9122""]]],PROJECTION[""Transverse_Mercator""],PARAMETER[""latitude_of_origin"",0],PARAMETER[""central_meridian"",-123],PARAMETER[""scale_factor"",0.9996],PARAMETER[""false_easting"",500000],PARAMETER[""false_northing"",0],UNIT[""metre"",1,AUTHORITY[""EPSG"",""9001""]],AXIS[""Easting"",EAST],AXIS[""Northing"",NORTH]]","POLYGON ((719670.0 5303460.0, 719670.0 5318820.0, 735030.0 5318820.0, 735030.0 5303460.0, 719670.0 5303460.0))",24971,237152,21
training,subsetted_512x512_HLS.S30.T10UGU.2021249.v1.4,10UGU,2021-09-06,"PROJCS[""UTM Zone 10, Northern Hemisphere"",GEOGCS[""Unknown datum based upon the WGS 84 ellipsoid"",DATUM[""Not specified (based on WGS 84 spheroid)"",SPHEROID[""WGS 84"",6378137,298.257223563,AUTHORITY[""EPSG"",""7030""]]],PRIMEM[""Greenwich"",0],UNIT[""degree"",0.0174532925199433,AUTHORITY[""EPSG"",""9122""]]],PROJECTION[""Transverse_Mercator""],PARAMETER[""latitude_of_origin"",0],PARAMETER[""central_meridian"",-123],PARAMETER[""scale_factor"",0.9996],PARAMETER[""false_easting"",500000],PARAMETER[""false_northing"",0],UNIT[""metre"",1,AUTHORITY[""EPSG"",""9001""]],AXIS[""Easting"",EAST],AXIS[""Northing"",NORTH]]","POLYGON ((712590.0 5375730.0, 712590.0 5391090.0, 727950.0 5391090.0, 727950.0 5375730.0, 712590.0 5375730.0))",1162,137462,123520
training,subsetted_512x512_HLS.S30.T11SKB.2018222.v1.4,11SKB,2018-08-10,"PROJCS[""UTM Zone 11, Northern Hemisphere"",GEOGCS[""Unknown datum based upon the WGS 84 ellipsoid"",DATUM[""Not specified (based on WGS 84 spheroid)"",SPHEROID[""WGS 84"",6378137,298.257223563,AUTHORITY[""EPSG"",""7030""]]],PRIMEM[""Greenwich"",0],UNIT[""degree"",0.0174532925199433,AUTHORITY[""EPSG"",""9122""]]],PROJECTION[""Transverse_Mercator""],PARAMETER[""latitude_of_origin"",0],PARAMETER[""central_meridian"",-117],PARAMETER[""scale_factor"",0.9996],PARAMETER[""false_easting"",500000],PARAMETER[""false_northing"",0],UNIT[""metre"",1,AUTHORITY[""EPSG"",""9001""]],AXIS[""Easting"",EAST],AXIS[""Northing"",NORTH]]","POLYGON ((244740.0 4160730.0000000005, 244740.0 4176090.0000000005, 260100.0 4176090.0000000005, 260100.0 4160730.0000000005, 244740.0 4160730.0000000005))",219911,42233,0
training,subsetted_512x512_HLS.S30.T11SKB.2020222.v1.4,11SKB,2020-08-09,"PROJCS[""UTM Zone 11, Northern Hemisphere"",GEOGCS[""Unknown datum based upon the WGS 84 ellipsoid"",DATUM[""Not specified (based on WGS 84 spheroid)"",SPHEROID[""WGS 84"",6378137,298.257223563,AUTHORITY[""EPSG"",""7030""]]],PRIMEM[""Greenwich"",0],UNIT[""degree"",0.0174532925199433,AUTHORITY[""EPSG"",""9122""]]],PROJECTION[""Transverse_Mercator""],PARAMETER[""latitude_of_origin"",0],PARAMETER[""central_meridian"",-117],PARAMETER[""scale_factor"",0.9996],PARAMETER[""false_easting"",500000],PARAMETER[""false_northing"",0],UNIT[""metre"",1,AUTHORITY[""EPSG"",""9001""]],AXIS[""Easting"",EAST],AXIS[""Northing"",NORTH]]","POLYGON ((262530.0 4183740.0, 262530.0 4199100.0, 277890.0 4199100.0, 277890.0 4183740.0, 262530.0 4183740.0))",31571,230552,21
training,subsetted_512x512_HLS.S30.T11SKD.2018192.v1.4,11SKD,2018-07-11,"PROJCS[""UTM Zone 11, Northern Hemisphere"",GEOGCS[""Unknown datum based upon the WGS 84 ellipsoid"",DATUM[""Not specified (based on WGS 84 spheroid)"",SPHEROID[""WGS 84"",6378137,298.257223563,AUTHORITY[""EPSG"",""7030""]]],PRIMEM[""Greenwich"",0],UNIT[""degree"",0.0174532925199433,AUTHORITY[""EPSG"",""9122""]]],PROJECTION[""Transverse_Mercator""],PARAMETER[""latitude_of_origin"",0],PARAMETER[""central_meridian"",-117],PARAMETER[""scale_factor"",0.9996],PARAMETER[""false_easting"",500000],PARAMETER[""false_northing"",0],UNIT[""metre"",1,AUTHORITY[""EPSG"",""9001""]],AXIS[""Easting"",EAST],AXIS[""Northing"",NORTH]]","POLYGON ((282990.0 4291140.0, 282990.0 4306500.0, 298350.0 4306500.0, 298350.0 4291140.0, 282990.0 4291140.0))",5645,256499,0
training,subsetted_512x512_HLS.S30.T11SKD.2020197.v1.4,11SKD,2020-07-15,"PROJCS[""UTM Zone 11, Northern Hemisphere"",GEOGCS[""Unknown datum based upon the WGS 84 ellipsoid"",DATUM[""Not specified (based on WGS 84 spheroid)"",SPHEROID[""WGS 84"",6378137,298.257223563,AUTHORITY[""EPSG"",""7030""]]],PRIMEM[""Greenwich"",0],UNIT[""degree"",0.0174532925199433,AUTHORITY[""EPSG"",""9122""]]],PROJECTION[""Transverse_Mercator""],PARAMETER[""latitude_of_origin"",0],PARAMETER[""central_meridian"",-117],PARAMETER[""scale_factor"",0.9996],PARAMETER[""false_easting"",500000],PARAMETER[""false_northing"",0],UNIT[""metre"",1,AUTHORITY[""EPSG"",""9001""]],AXIS[""Easting"",EAST],AXIS[""Northing"",NORTH]]","POLYGON ((272160.0 4297590.0, 272160.0 4312950.0, 287520.0 4312950.0, 287520.0 4297590.0, 272160.0 4297590.0))",10680,251464,0
training,subsetted_512x512_HLS.S30.T11SKD.2020217.v1.4,11SKD,2020-08-04,"PROJCS[""UTM Zone 11, Northern Hemisphere"",GEOGCS[""Unknown datum based upon the WGS 84 ellipsoid"",DATUM[""Not specified (based on WGS 84 spheroid)"",SPHEROID[""WGS 84"",6378137,298.257223563,AUTHORITY[""EPSG"",""7030""]]],PRIMEM[""Greenwich"",0],UNIT[""degree"",0.0174532925199433,AUTHORITY[""EPSG"",""9122""]]],PROJECTION[""Transverse_Mercator""],PARAMETER[""latitude_of_origin"",0],PARAMETER[""central_meridian"",-117],PARAMETER[""scale_factor"",0.9996],PARAMETER[""false_easting"",500000],PARAMETER[""false_northing"",0],UNIT[""metre"",1,AUTHORITY[""EPSG"",""9001""]],AXIS[""Easting"",EAST],AXIS[""Northing"",NORTH]]","POLYGON ((268470.0 4297080.0, 268470.0 4312440.0, 283830.0 4312440.0, 283830.0 4297080.0, 268470.0 4297080.0))",84479,177665,0
training,subsetted_512x512_HLS.S30.T11SKV.2019152.v1.4,11SKV,2019-06-01,"PROJCS[""UTM Zone 11, Northern Hemisphere"",GEOGCS[""Unknown datum based upon the WGS 84 ellipsoid"",DATUM[""Not specified (based on WGS 84 spheroid)"",SPHEROID[""WGS 84"",6378137,298.257223563,AUTHORITY[""EPSG"",""7030""]]],PRIMEM[""Greenwich"",0],UNIT[""degree"",0.0174532925199433,AUTHORITY[""EPSG"",""9122""]]],PROJECTION[""Transverse_Mercator""],PARAMETER[""latitude_of_origin"",0],PARAMETER[""central_meridian"",-117],PARAMETER[""scale_factor"",0.9996],PARAMETER[""false_easting"",500000],PARAMETER[""false_northing"",0],UNIT[""metre"",1,AUTHORITY[""EPSG"",""9001""]],AXIS[""Easting"",EAST],AXIS[""Northing"",NORTH]]","POLYGON ((254820.0 3946950.0000000005, 254820.0 3962310.0000000005, 270180.0 3962310.0000000005, 270180.0 3946950.0000000005, 254820.0 3946950.0000000005))",15379,246710,55
training,subsetted_512x512_HLS.S30.T11SKV.2019187.v1.4,11SKV,2019-07-06,"PROJCS[""UTM Zone 11, Northern Hemisphere"",GEOGCS[""Unknown datum based upon the WGS 84 ellipsoid"",DATUM[""Not specified (based on WGS 84 spheroid)"",SPHEROID[""WGS 84"",6378137,298.257223563,AUTHORITY[""EPSG"",""7030""]]],PRIMEM[""Greenwich"",0],UNIT[""degree"",0.0174532925199433,AUTHORITY[""EPSG"",""9122""]]],PROJECTION[""Transverse_Mercator""],PARAMETER[""latitude_of_origin"",0],PARAMETER[""central_meridian"",-117],PARAMETER[""scale_factor"",0.9996],PARAMETER[""false_easting"",500000],PARAMETER[""false_northing"",0],UNIT[""metre"",1,AUTHORITY[""EPSG"",""9001""]],AXIS[""Easting"",EAST],AXIS[""Northing"",NORTH]]","POLYGON ((225930.0 3904950.0, 225930.0 3920310.0, 241290.0 3920310.0, 241290.0 3904950.0, 225930.0 3904950.0))",5383,256761,0
training,subsetted_512x512_HLS.S30.T11SLB.2019237.v1.4,11SLB,2019-08-25,"PROJCS[""UTM Zone 11, Northern Hemisphere"",GEOGCS[""Unknown datum based upon the WGS 84 ellipsoid"",DATUM[""Not specified (based on WGS 84 spheroid)"",SPHEROID[""WGS 84"",6378137,298.257223563,AUTHORITY[""EPSG"",""7030""]]],PRIMEM[""Greenwich"",0],UNIT[""degree"",0.0174532925199433,AUTHORITY[""EPSG"",""9122""]]],PROJECTION[""Transverse_Mercator""],PARAMETER[""latitude_of_origin"",0],PARAMETER[""central_meridian"",-117],PARAMETER[""scale_factor"",0.9996],PARAMETER[""false_easting"",500000],PARAMETER[""false_northing"",0],UNIT[""metre"",1,AUTHORITY[""EPSG"",""9001""]],AXIS[""Easting"",EAST],AXIS[""Northing"",NORTH]]","POLYGON ((324990.0 4181550.0, 324990.0 4196910.0, 340350.0 4196910.0, 340350.0 4181550.0, 324990.0 4181550.0))",27056,235057,31
training,subsetted_512x512_HLS.S30.T11SLC.2020247.v1.4,11SLC,2020-09-03,"PROJCS[""UTM Zone 11, Northern Hemisphere"",GEOGCS[""Unknown datum based upon the WGS 84 ellipsoid"",DATUM[""Not specified (based on WGS 84 spheroid)"",SPHEROID[""WGS 84"",6378137,298.257223563,AUTHORITY[""EPSG"",""7030""]]],PRIMEM[""Greenwich"",0],UNIT[""degree"",0.0174532925199433,AUTHORITY[""EPSG"",""9122""]]],PROJECTION[""Transverse_Mercator""],PARAMETER[""latitude_of_origin"",0],PARAMETER[""central_meridian"",-117],PARAMETER[""scale_factor"",0.9996],PARAMETER[""false_easting"",500000],PARAMETER[""false_northing"",0],UNIT[""metre"",1,AUTHORITY[""EPSG"",""9001""]],AXIS[""Easting"",EAST],AXIS[""Northing"",NORTH]]","POLYGON ((317670.0 4192620.0, 317670.0 4207980.0, 333030.0 4207980.0, 333030.0 4192620.0, 317670.0 4192620.0))",16332,245807,5
training,subsetted_512x512_HLS.S30.T11SLT.2018349.v1.4,11SLT,2018-12-15,"PROJCS[""UTM Zone 11, Northern Hemisphere"",GEOGCS[""Unknown datum based upon the WGS 84 ellipsoid"",DATUM[""Not specified (based on WGS 84 spheroid)"",SPHEROID[""WGS 84"",6378137,298.257223563,AUTHORITY[""EPSG"",""7030""]]],PRIMEM[""Greenwich"",0],UNIT[""degree"",0.0174532925199433,AUTHORITY[""EPSG"",""9122""]]],PROJECTION[""Transverse_Mercator""],PARAMETER[""latitude_of_origin"",0],PARAMETER[""central_meridian"",-117],PARAMETER[""scale_factor"",0.9996],PARAMETER[""false_easting"",500000],PARAMETER[""false_northing"",0],UNIT[""metre"",1,AUTHORITY[""EPSG"",""9001""]],AXIS[""Easting"",EAST],AXIS[""Northing"",NORTH]]","POLYGON ((326340.0 3769140.0, 326340.0 3784500.0, 341700.0 3784500.0, 341700.0 3769140.0, 326340.0 3769140.0))",188143,71237,2764
training,subsetted_512x512_HLS.S30.T11SLT.2021163.v1.4,11SLT,2021-06-12,"PROJCS[""UTM Zone 11, Northern Hemisphere"",GEOGCS[""Unknown datum based upon the WGS 84 ellipsoid"",DATUM[""Not specified (based on WGS 84 spheroid)"",SPHEROID[""WGS 84"",6378137,298.257223563,AUTHORITY[""EPSG"",""7030""]]],PRIMEM[""Greenwich"",0],UNIT[""degree"",0.0174532925199433,AUTHORITY[""EPSG"",""9122""]]],PROJECTION[""Transverse_Mercator""],PARAMETER[""latitude_of_origin"",0],PARAMETER[""central_meridian"",-117],PARAMETER[""scale_factor"",0.9996],PARAMETER[""false_easting"",500000],PARAMETER[""false_northing"",0],UNIT[""metre"",1,AUTHORITY[""EPSG"",""9001""]],AXIS[""Easting"",EAST],AXIS[""Northing"",NORTH]]","POLYGON ((347550.0 3766320.0, 347550.0 3781680.0, 362910.0 3781680.0, 362910.0 3766320.0, 347550.0 3766320.0))",6140,256004,0
training,subsetted_512x512_HLS.S30.T11SLU.2018184.v1.4,11SLU,2018-07-03,"PROJCS[""UTM Zone 11, Northern Hemisphere"",GEOGCS[""Unknown datum based upon the WGS 84 ellipsoid"",DATUM[""Not specified (based on WGS 84 spheroid)"",SPHEROID[""WGS 84"",6378137,298.257223563,AUTHORITY[""EPSG"",""7030""]]],PRIMEM[""Greenwich"",0],UNIT[""degree"",0.0174532925199433,AUTHORITY[""EPSG"",""9122""]]],PROJECTION[""Transverse_Mercator""],PARAMETER[""latitude_of_origin"",0],PARAMETER[""central_meridian"",-117],PARAMETER[""scale_factor"",0.9996],PARAMETER[""false_easting"",500000],PARAMETER[""false_northing"",0],UNIT[""metre"",1,AUTHORITY[""EPSG"",""9001""]],AXIS[""Easting"",EAST],AXIS[""Northing"",NORTH]]","POLYGON ((373800.0 3816180.0, 373800.0 3831540.0, 389160.0 3831540.0, 389160.0 3816180.0, 373800.0 3816180.0))",7467,254677,0
training,subsetted_512x512_HLS.S30.T11SLU.2020229.v1.4,11SLU,2020-08-16,"PROJCS[""UTM Zone 11, Northern Hemisphere"",GEOGCS[""Unknown datum based upon the WGS 84 ellipsoid"",DATUM[""Not specified (based on WGS 84 spheroid)"",SPHEROID[""WGS 84"",6378137,298.257223563,AUTHORITY[""EPSG"",""7030""]]],PRIMEM[""Greenwich"",0],UNIT[""degree"",0.0174532925199433,AUTHORITY[""EPSG"",""9122""]]],PROJECTION[""Transverse_Mercator""],PARAMETER[""latitude_of_origin"",0],PARAMETER[""central_meridian"",-117],PARAMETER[""scale_factor"",0.9996],PARAMETER[""false_easting"",500000],PARAMETER[""false_northing"",0],UNIT[""metre"",1,AUTHORITY[""EPSG"",""9001""]],AXIS[""Easting"",EAST],AXIS[""Northing"",NORTH]]","POLYGON ((369540.0 3805710.0, 369540.0 3821070.0, 384900.0 3821070.0, 384900.0 3805710.0, 369540.0 3805710.0))",7427,254717,0
training,subsetted_512x512_HLS.S30.T11SLU.2020249.v1.4,11SLU,2020-09-05,"PROJCS[""UTM Zone 11, Northern Hemisphere"",GEOGCS[""Unknown datum based upon the WGS 84 ellipsoid"",DATUM[""Not specified (based on WGS 84 spheroid)"",SPHEROID[""WGS 84"",6378137,298.257223563,AUTHORITY[""EPSG"",""7030""]]],PRIMEM[""Greenwich"",0],UNIT[""degree"",0.0174532925199433,AUTHORITY[""EPSG"",""9122""]]],PROJECTION[""Transverse_Mercator""],PARAMETER[""latitude_of_origin"",0],PARAMETER[""central_meridian"",-117],PARAMETER[""scale_factor"",0.9996],PARAMETER[""false_easting"",500000],PARAMETER[""false_northing"",0],UNIT[""metre"",1,AUTHORITY[""EPSG"",""9001""]],AXIS[""Easting"",EAST],AXIS[""Northing"",NORTH]]","POLYGON ((333090.0 3806610.0, 333090.0 3821970.0, 348450.0 3821970.0, 348450.0 3806610.0, 333090.0 3806610.0))",10585,251559,0
training,subsetted_512x512_HLS.S30.T11SLV.2020247.v1.4,11SLV,2020-09-03,"PROJCS[""UTM Zone 11, Northern Hemisphere"",GEOGCS[""Unknown datum based upon the WGS 84 ellipsoid"",DATUM[""Not specified (based on WGS 84 spheroid)"",SPHEROID[""WGS 84"",6378137,298.257223563,AUTHORITY[""EPSG"",""7030""]]],PRIMEM[""Greenwich"",0],UNIT[""degree"",0.0174532925199433,AUTHORITY[""EPSG"",""9122""]]],PROJECTION[""Transverse_Mercator""],PARAMETER[""latitude_of_origin"",0],PARAMETER[""central_meridian"",-117],PARAMETER[""scale_factor"",0.9996],PARAMETER[""false_easting"",500000],PARAMETER[""false_northing"",0],UNIT[""metre"",1,AUTHORITY[""EPSG"",""9001""]],AXIS[""Easting"",EAST],AXIS[""Northing"",NORTH]]","POLYGON ((357540.0 3916680.0, 357540.0 3932040.0, 372900.0 3932040.0, 372900.0 3916680.0, 357540.0 3916680.0))",34664,227480,0
training,subsetted_512x512_HLS.S30.T11SLV.2021251.v1.4,11SLV,2021-09-08,"PROJCS[""UTM Zone 11, Northern Hemisphere"",GEOGCS[""Unknown datum based upon the WGS 84 ellipsoid"",DATUM[""Not specified (based on WGS 84 spheroid)"",SPHEROID[""WGS 84"",6378137,298.257223563,AUTHORITY[""EPSG"",""7030""]]],PRIMEM[""Greenwich"",0],UNIT[""degree"",0.0174532925199433,AUTHORITY[""EPSG"",""9122""]]],PROJECTION[""Transverse_Mercator""],PARAMETER[""latitude_of_origin"",0],PARAMETER[""central_meridian"",-117],PARAMETER[""scale_factor"",0.9996],PARAMETER[""false_easting"",500000],PARAMETER[""false_northing"",0],UNIT[""metre"",1,AUTHORITY[""EPSG"",""9001""]],AXIS[""Easting"",EAST],AXIS[""Northing"",NORTH]]","POLYGON ((350670.0 3943320.0, 350670.0 3958680.0, 366030.0 3958680.0, 366030.0 3943320.0, 350670.0 3943320.0))",122833,139308,3
training,subsetted_512x512_HLS.S30.T11SMT.2018154.v1.4,11SMT,2018-06-03,"PROJCS[""UTM Zone 11, Northern Hemisphere"",GEOGCS[""Unknown datum based upon the WGS 84 ellipsoid"",DATUM[""Not specified (based on WGS 84 spheroid)"",SPHEROID[""WGS 84"",6378137,298.257223563,AUTHORITY[""EPSG"",""7030""]]],PRIMEM[""Greenwich"",0],UNIT[""degree"",0.0174532925199433,AUTHORITY[""EPSG"",""9122""]]],PROJECTION[""Transverse_Mercator""],PARAMETER[""latitude_of_origin"",0],PARAMETER[""central_meridian"",-117],PARAMETER[""scale_factor"",0.9996],PARAMETER[""false_easting"",500000],PARAMETER[""false_northing"",0],UNIT[""metre"",1,AUTHORITY[""EPSG"",""9001""]],AXIS[""Easting"",EAST],AXIS[""Northing"",NORTH]]","POLYGON ((487530.0 3715230.0, 487530.0 3730590.0, 502889.99999999994 3730590.0, 502889.99999999994 3715230.0, 487530.0 3715230.0))",5846,255038,1260
training,subsetted_512x512_HLS.S30.T11SMT.2018249.v1.4,11SMT,2018-09-06,"PROJCS[""UTM Zone 11, Northern Hemisphere"",GEOGCS[""Unknown datum based upon the WGS 84 ellipsoid"",DATUM[""Not specified (based on WGS 84 spheroid)"",SPHEROID[""WGS 84"",6378137,298.257223563,AUTHORITY[""EPSG"",""7030""]]],PRIMEM[""Greenwich"",0],UNIT[""degree"",0.0174532925199433,AUTHORITY[""EPSG"",""9122""]]],PROJECTION[""Transverse_Mercator""],PARAMETER[""latitude_of_origin"",0],PARAMETER[""central_meridian"",-117],PARAMETER[""scale_factor"",0.9996],PARAMETER[""false_easting"",500000],PARAMETER[""false_northing"",0],UNIT[""metre"",1,AUTHORITY[""EPSG"",""9001""]],AXIS[""Easting"",EAST],AXIS[""Northing"",NORTH]]","POLYGON ((449070.0 3721500.0, 449070.0 3736860.0, 464430.0 3736860.0, 464430.0 3721500.0, 449070.0 3721500.0))",102643,159496,5
training,subsetted_512x512_HLS.S30.T11SMT.2019294.v1.4,11SMT,2019-10-21,"PROJCS[""UTM Zone 11, Northern Hemisphere"",GEOGCS[""Unknown datum based upon the WGS 84 ellipsoid"",DATUM[""Not specified (based on WGS 84 spheroid)"",SPHEROID[""WGS 84"",6378137,298.257223563,AUTHORITY[""EPSG"",""7030""]]],PRIMEM[""Greenwich"",0],UNIT[""degree"",0.0174532925199433,AUTHORITY[""EPSG"",""9122""]]],PROJECTION[""Transverse_Mercator""],PARAMETER[""latitude_of_origin"",0],PARAMETER[""central_meridian"",-117],PARAMETER[""scale_factor"",0.9996],PARAMETER[""false_easting"",500000],PARAMETER[""false_northing"",0],UNIT[""metre"",1,AUTHORITY[""EPSG"",""9001""]],AXIS[""Easting"",EAST],AXIS[""Northing"",NORTH]]","POLYGON ((468240.0 3704490.0, 468240.0 3719850.0, 483600.0 3719850.0, 483600.0 3704490.0, 468240.0 3704490.0))",8181,253912,51
training,subsetted_512x512_HLS.S30.T11SMT.2020194.v1.4,11SMT,2020-07-12,"PROJCS[""UTM Zone 11, Northern Hemisphere"",GEOGCS[""Unknown datum based upon the WGS 84 ellipsoid"",DATUM[""Not specified (based on WGS 84 spheroid)"",SPHEROID[""WGS 84"",6378137,298.257223563,AUTHORITY[""EPSG"",""7030""]]],PRIMEM[""Greenwich"",0],UNIT[""degree"",0.0174532925199433,AUTHORITY[""EPSG"",""9122""]]],PROJECTION[""Transverse_Mercator""],PARAMETER[""latitude_of_origin"",0],PARAMETER[""central_meridian"",-117],PARAMETER[""scale_factor"",0.9996],PARAMETER[""false_easting"",500000],PARAMETER[""false_northing"",0],UNIT[""metre"",1,AUTHORITY[""EPSG"",""9001""]],AXIS[""Easting"",EAST],AXIS[""Northing"",NORTH]]","POLYGON ((452730.0 3690240.0, 452730.0 3705600.0, 468090.00000000006 3705600.0, 468090.00000000006 3690240.0, 452730.0 3690240.0))",105896,156236,12
training,subsetted_512x512_HLS.S30.T11SMT.2020249.v1.4,11SMT,2020-09-05,"PROJCS[""UTM Zone 11, Northern Hemisphere"",GEOGCS[""Unknown datum based upon the WGS 84 ellipsoid"",DATUM[""Not specified (based on WGS 84 spheroid)"",SPHEROID[""WGS 84"",6378137,298.257223563,AUTHORITY[""EPSG"",""7030""]]],PRIMEM[""Greenwich"",0],UNIT[""degree"",0.0174532925199433,AUTHORITY[""EPSG"",""9122""]]],PROJECTION[""Transverse_Mercator""],PARAMETER[""latitude_of_origin"",0],PARAMETER[""central_meridian"",-117],PARAMETER[""scale_factor"",0.9996],PARAMETER[""false_easting"",500000],PARAMETER[""false_northing"",0],UNIT[""metre"",1,AUTHORITY[""EPSG"",""9001""]],AXIS[""Easting"",EAST],AXIS[""Northing"",NORTH]]","POLYGON ((408750.00000000006 3776550.0, 408750.00000000006 3791910.0, 424110.00000000006 3791910.0, 424110.00000000006 3776550.0, 408750.00000000006 3776550.0))",20159,241966,19
training,subsetted_512x512_HLS.S30.T11SMT.2020289.v1.4,11SMT,2020-10-15,"PROJCS[""UTM Zone 11, Northern Hemisphere"",GEOGCS[""Unknown datum based upon the WGS 84 ellipsoid"",DATUM[""Not specified (based on WGS 84 spheroid)"",SPHEROID[""WGS 84"",6378137,298.257223563,AUTHORITY[""EPSG"",""7030""]]],PRIMEM[""Greenwich"",0],UNIT[""degree"",0.0174532925199433,AUTHORITY[""EPSG"",""9122""]]],PROJECTION[""Transverse_Mercator""],PARAMETER[""latitude_of_origin"",0],PARAMETER[""central_meridian"",-117],PARAMETER[""scale_factor"",0.9996],PARAMETER[""false_easting"",500000],PARAMETER[""false_northing"",0],UNIT[""metre"",1,AUTHORITY[""EPSG"",""9001""]],AXIS[""Easting"",EAST],AXIS[""Northing"",NORTH]]","POLYGON ((494400.0 3764880.0, 494400.0 3780240.0, 509760.0 3780240.0, 509760.0 3764880.0, 494400.0 3764880.0))",95009,167087,48
training,subsetted_512x512_HLS.S30.T11SMT.2020309.v1.4,11SMT,2020-11-04,"PROJCS[""UTM Zone 11, Northern Hemisphere"",GEOGCS[""Unknown datum based upon the WGS 84 ellipsoid"",DATUM[""Not specified (based on WGS 84 spheroid)"",SPHEROID[""WGS 84"",6378137,298.257223563,AUTHORITY[""EPSG"",""7030""]]],PRIMEM[""Greenwich"",0],UNIT[""degree"",0.0174532925199433,AUTHORITY[""EPSG"",""9122""]]],PROJECTION[""Transverse_Mercator""],PARAMETER[""latitude_of_origin"",0],PARAMETER[""central_meridian"",-117],PARAMETER[""scale_factor"",0.9996],PARAMETER[""false_easting"",500000],PARAMETER[""false_northing"",0],UNIT[""metre"",1,AUTHORITY[""EPSG"",""9001""]],AXIS[""Easting"",EAST],AXIS[""Northing"",NORTH]]","POLYGON ((427440.0 3723600.0, 427440.0 3738960.0, 442800.0 3738960.0, 442800.0 3723600.0, 427440.0 3723600.0))",56195,205868,81
training,subsetted_512x512_HLS.S30.T11SMV.2020249.v1.4,11SMV,2020-09-05,"PROJCS[""UTM Zone 11, Northern Hemisphere"",GEOGCS[""Unknown datum based upon the WGS 84 ellipsoid"",DATUM[""Not specified (based on WGS 84 spheroid)"",SPHEROID[""WGS 84"",6378137,298.257223563,AUTHORITY[""EPSG"",""7030""]]],PRIMEM[""Greenwich"",0],UNIT[""degree"",0.0174532925199433,AUTHORITY[""EPSG"",""9122""]]],PROJECTION[""Transverse_Mercator""],PARAMETER[""latitude_of_origin"",0],PARAMETER[""central_meridian"",-117],PARAMETER[""scale_factor"",0.9996],PARAMETER[""false_easting"",500000],PARAMETER[""false_northing"",0],UNIT[""metre"",1,AUTHORITY[""EPSG"",""9001""]],AXIS[""Easting"",EAST],AXIS[""Northing"",NORTH]]","POLYGON ((437730.0 3983879.9999999995, 437730.0 3999239.9999999995, 453090.0 3999239.9999999995, 453090.0 3983879.9999999995, 437730.0 3983879.9999999995))",169850,92294,0
training,subsetted_512x512_HLS.S30.T11SNB.2018224.v1.4,11SNB,2018-08-12,"PROJCS[""UTM Zone 11, Northern Hemisphere"",GEOGCS[""Unknown datum based upon the WGS 84 ellipsoid"",DATUM[""Not specified (based on WGS 84 spheroid)"",SPHEROID[""WGS 84"",6378137,298.257223563,AUTHORITY[""EPSG"",""7030""]]],PRIMEM[""Greenwich"",0],UNIT[""degree"",0.0174532925199433,AUTHORITY[""EPSG"",""9122""]]],PROJECTION[""Transverse_Mercator""],PARAMETER[""latitude_of_origin"",0],PARAMETER[""central_meridian"",-117],PARAMETER[""scale_factor"",0.9996],PARAMETER[""false_easting"",500000],PARAMETER[""false_northing"",0],UNIT[""metre"",1,AUTHORITY[""EPSG"",""9001""]],AXIS[""Easting"",EAST],AXIS[""Northing"",NORTH]]","POLYGON ((558960.0 4115670.0, 558960.0 4131030.0, 574320.0 4131030.0, 574320.0 4115670.0, 558960.0 4115670.0))",8945,253199,0
training,subsetted_512x512_HLS.S30.T11SNB.2020234.v1.4,11SNB,2020-08-21,"PROJCS[""UTM Zone 11, Northern Hemisphere"",GEOGCS[""Unknown datum based upon the WGS 84 ellipsoid"",DATUM[""Not specified (based on WGS 84 spheroid)"",SPHEROID[""WGS 84"",6378137,298.257223563,AUTHORITY[""EPSG"",""7030""]]],PRIMEM[""Greenwich"",0],UNIT[""degree"",0.0174532925199433,AUTHORITY[""EPSG"",""9122""]]],PROJECTION[""Transverse_Mercator""],PARAMETER[""latitude_of_origin"",0],PARAMETER[""central_meridian"",-117],PARAMETER[""scale_factor"",0.9996],PARAMETER[""false_easting"",500000],PARAMETER[""false_northing"",0],UNIT[""metre"",1,AUTHORITY[""EPSG"",""9001""]],AXIS[""Easting"",EAST],AXIS[""Northing"",NORTH]]","POLYGON ((566790.0 4090200.0, 566790.0 4105560.0, 582150.0 4105560.0, 582150.0 4090200.0, 566790.0 4090200.0))",13510,248634,0
training,subsetted_512x512_HLS.S30.T11SNB.2021153.v1.4,11SNB,2021-06-02,"PROJCS[""UTM Zone 11, Northern Hemisphere"",GEOGCS[""Unknown datum based upon the WGS 84 ellipsoid"",DATUM[""Not specified (based on WGS 84 spheroid)"",SPHEROID[""WGS 84"",6378137,298.257223563,AUTHORITY[""EPSG"",""7030""]]],PRIMEM[""Greenwich"",0],UNIT[""degree"",0.0174532925199433,AUTHORITY[""EPSG"",""9122""]]],PROJECTION[""Transverse_Mercator""],PARAMETER[""latitude_of_origin"",0],PARAMETER[""central_meridian"",-117],PARAMETER[""scale_factor"",0.9996],PARAMETER[""false_easting"",500000],PARAMETER[""false_northing"",0],UNIT[""metre"",1,AUTHORITY[""EPSG"",""9001""]],AXIS[""Easting"",EAST],AXIS[""Northing"",NORTH]]","POLYGON ((544530.0 4095329.9999999995, 544530.0 4110689.9999999995, 559890.0 4110689.9999999995, 559890.0 4095329.9999999995, 544530.0 4095329.9999999995))",114259,147885,0
training,subsetted_512x512_HLS.S30.T11SNB.2021268.v1.4,11SNB,2021-09-25,"PROJCS[""UTM Zone 11, Northern Hemisphere"",GEOGCS[""Unknown datum based upon the WGS 84 ellipsoid"",DATUM[""Not specified (based on WGS 84 spheroid)"",SPHEROID[""WGS 84"",6378137,298.257223563,AUTHORITY[""EPSG"",""7030""]]],PRIMEM[""Greenwich"",0],UNIT[""degree"",0.0174532925199433,AUTHORITY[""EPSG"",""9122""]]],PROJECTION[""Transverse_Mercator""],PARAMETER[""latitude_of_origin"",0],PARAMETER[""central_meridian"",-117],PARAMETER[""scale_factor"",0.9996],PARAMETER[""false_easting"",500000],PARAMETER[""false_northing"",0],UNIT[""metre"",1,AUTHORITY[""EPSG"",""9001""]],AXIS[""Easting"",EAST],AXIS[""Northing"",NORTH]]","POLYGON ((568080.0 4121220.0, 568080.0 4136580.0, 583440.0 4136580.0, 583440.0 4121220.0, 568080.0 4121220.0))",64634,197503,7
training,subsetted_512x512_HLS.S30.T11SNS.2019246.v1.4,11SNS,2019-09-03,"PROJCS[""UTM Zone 11, Northern Hemisphere"",GEOGCS[""Unknown datum based upon the WGS 84 ellipsoid"",DATUM[""Not specified (based on WGS 84 spheroid)"",SPHEROID[""WGS 84"",6378137,298.257223563,AUTHORITY[""EPSG"",""7030""]]],PRIMEM[""Greenwich"",0],UNIT[""degree"",0.0174532925199433,AUTHORITY[""EPSG"",""9122""]]],PROJECTION[""Transverse_Mercator""],PARAMETER[""latitude_of_origin"",0],PARAMETER[""central_meridian"",-117],PARAMETER[""scale_factor"",0.9996],PARAMETER[""false_easting"",500000],PARAMETER[""false_northing"",0],UNIT[""metre"",1,AUTHORITY[""EPSG"",""9001""]],AXIS[""Easting"",EAST],AXIS[""Northing"",NORTH]]","POLYGON ((520830.0 3594330.0, 520830.0 3609690.0, 536190.0 3609690.0, 536190.0 3594330.0, 520830.0 3594330.0))",7576,254518,50
training,subsetted_512x512_HLS.S30.T11SNS.2020276.v1.4,11SNS,2020-10-02,"PROJCS[""UTM Zone 11, Northern Hemisphere"",GEOGCS[""Unknown datum based upon the WGS 84 ellipsoid"",DATUM[""Not specified (based on WGS 84 spheroid)"",SPHEROID[""WGS 84"",6378137,298.257223563,AUTHORITY[""EPSG"",""7030""]]],PRIMEM[""Greenwich"",0],UNIT[""degree"",0.0174532925199433,AUTHORITY[""EPSG"",""9122""]]],PROJECTION[""Transverse_Mercator""],PARAMETER[""latitude_of_origin"",0],PARAMETER[""central_meridian"",-117],PARAMETER[""scale_factor"",0.9996],PARAMETER[""false_easting"",500000],PARAMETER[""false_northing"",0],UNIT[""metre"",1,AUTHORITY[""EPSG"",""9001""]],AXIS[""Easting"",EAST],AXIS[""Northing"",NORTH]]","POLYGON ((521520.0 3614490.0000000005, 521520.0 3629850.0000000005, 536880.0 3629850.0000000005, 536880.0 3614490.0000000005, 521520.0 3614490.0000000005))",73700,188433,11
training,subsetted_512x512_HLS.S30.T11SNS.2021155.v1.4,11SNS,2021-06-04,"PROJCS[""UTM Zone 11, Northern Hemisphere"",GEOGCS[""Unknown datum based upon the WGS 84 ellipsoid"",DATUM[""Not specified (based on WGS 84 spheroid)"",SPHEROID[""WGS 84"",6378137,298.257223563,AUTHORITY[""EPSG"",""7030""]]],PRIMEM[""Greenwich"",0],UNIT[""degree"",0.0174532925199433,AUTHORITY[""EPSG"",""9122""]]],PROJECTION[""Transverse_Mercator""],PARAMETER[""latitude_of_origin"",0],PARAMETER[""central_meridian"",-117],PARAMETER[""scale_factor"",0.9996],PARAMETER[""false_easting"",500000],PARAMETER[""false_northing"",0],UNIT[""metre"",1,AUTHORITY[""EPSG"",""9001""]],AXIS[""Easting"",EAST],AXIS[""Northing"",NORTH]]","POLYGON ((542310.0 3641640.0, 542310.0 3657000.0, 557670.0 3657000.0, 557670.0 3641640.0, 542310.0 3641640.0))",24824,237318,2
training,subsetted_512x512_HLS.S30.T11SNT.2018216.v1.4,11SNT,2018-08-04,"PROJCS[""UTM Zone 11, Northern Hemisphere"",GEOGCS[""Unknown datum based upon the WGS 84 ellipsoid"",DATUM[""Not specified (based on WGS 84 spheroid)"",SPHEROID[""WGS 84"",6378137,298.257223563,AUTHORITY[""EPSG"",""7030""]]],PRIMEM[""Greenwich"",0],UNIT[""degree"",0.0174532925199433,AUTHORITY[""EPSG"",""9122""]]],PROJECTION[""Transverse_Mercator""],PARAMETER[""latitude_of_origin"",0],PARAMETER[""central_meridian"",-117],PARAMETER[""scale_factor"",0.9996],PARAMETER[""false_easting"",500000],PARAMETER[""false_northing"",0],UNIT[""metre"",1,AUTHORITY[""EPSG"",""9001""]],AXIS[""Easting"",EAST],AXIS[""Northing"",NORTH]]","POLYGON ((520350.0 3722970.0, 520350.0 3738330.0, 535710.0 3738330.0, 535710.0 3722970.0, 520350.0 3722970.0))",58833,203311,0
training,subsetted_512x512_HLS.S30.T11SNT.2020281.v1.4,11SNT,2020-10-07,"PROJCS[""UTM Zone 11, Northern Hemisphere"",GEOGCS[""Unknown datum based upon the WGS 84 ellipsoid"",DATUM[""Not specified (based on WGS 84 spheroid)"",SPHEROID[""WGS 84"",6378137,298.257223563,AUTHORITY[""EPSG"",""7030""]]],PRIMEM[""Greenwich"",0],UNIT[""degree"",0.0174532925199433,AUTHORITY[""EPSG"",""9122""]]],PROJECTION[""Transverse_Mercator""],PARAMETER[""latitude_of_origin"",0],PARAMETER[""central_meridian"",-117],PARAMETER[""scale_factor"",0.9996],PARAMETER[""false_easting"",500000],PARAMETER[""false_northing"",0],UNIT[""metre"",1,AUTHORITY[""EPSG"",""9001""]],AXIS[""Easting"",EAST],AXIS[""Northing"",NORTH]]","POLYGON ((521909.99999999994 3740520.0, 521909.99999999994 3755880.0, 537270.0 3755880.0, 537270.0 3740520.0, 521909.99999999994 3740520.0))",29052,232615,477
training,subsetted_512x512_HLS.S30.T11SPA.2020196.v1.4,11SPA,2020-07-14,"PROJCS[""UTM Zone 11, Northern Hemisphere"",GEOGCS[""Unknown datum based upon the WGS 84 ellipsoid"",DATUM[""Not specified (based on WGS 84 spheroid)"",SPHEROID[""WGS 84"",6378137,298.257223563,AUTHORITY[""EPSG"",""7030""]]],PRIMEM[""Greenwich"",0],UNIT[""degree"",0.0174532925199433,AUTHORITY[""EPSG"",""9122""]]],PROJECTION[""Transverse_Mercator""],PARAMETER[""latitude_of_origin"",0],PARAMETER[""central_meridian"",-117],PARAMETER[""scale_factor"",0.9996],PARAMETER[""false_easting"",500000],PARAMETER[""false_northing"",0],UNIT[""metre"",1,AUTHORITY[""EPSG"",""9001""]],AXIS[""Easting"",EAST],AXIS[""Northing"",NORTH]]","POLYGON ((619140.0 4014750.0, 619140.0 4030110.0, 634500.0 4030110.0, 634500.0 4014750.0, 619140.0 4014750.0))",12203,249939,2
training,subsetted_512x512_HLS.S30.T11SPB.2020196.v1.4,11SPB,2020-07-14,"PROJCS[""UTM Zone 11, Northern Hemisphere"",GEOGCS[""Unknown datum based upon the WGS 84 ellipsoid"",DATUM[""Not specified (based on WGS 84 spheroid)"",SPHEROID[""WGS 84"",6378137,298.257223563,AUTHORITY[""EPSG"",""7030""]]],PRIMEM[""Greenwich"",0],UNIT[""degree"",0.0174532925199433,AUTHORITY[""EPSG"",""9122""]]],PROJECTION[""Transverse_Mercator""],PARAMETER[""latitude_of_origin"",0],PARAMETER[""central_meridian"",-117],PARAMETER[""scale_factor"",0.9996],PARAMETER[""false_easting"",500000],PARAMETER[""false_northing"",0],UNIT[""metre"",1,AUTHORITY[""EPSG"",""9001""]],AXIS[""Easting"",EAST],AXIS[""Northing"",NORTH]]","POLYGON ((668310.0 4142610.0, 668310.0 4157970.0, 683670.0 4157970.0, 683670.0 4142610.0, 668310.0 4142610.0))",98537,163607,0
training,subsetted_512x512_HLS.S30.T11SPV.2020186.v1.4,11SPV,2020-07-04,"PROJCS[""UTM Zone 11, Northern Hemisphere"",GEOGCS[""Unknown datum based upon the WGS 84 ellipsoid"",DATUM[""Not specified (based on WGS 84 spheroid)"",SPHEROID[""WGS 84"",6378137,298.257223563,AUTHORITY[""EPSG"",""7030""]]],PRIMEM[""Greenwich"",0],UNIT[""degree"",0.0174532925199433,AUTHORITY[""EPSG"",""9122""]]],PROJECTION[""Transverse_Mercator""],PARAMETER[""latitude_of_origin"",0],PARAMETER[""central_meridian"",-117],PARAMETER[""scale_factor"",0.9996],PARAMETER[""false_easting"",500000],PARAMETER[""false_northing"",0],UNIT[""metre"",1,AUTHORITY[""EPSG"",""9001""]],AXIS[""Easting"",EAST],AXIS[""Northing"",NORTH]]","POLYGON ((657660.0 3890220.0000000005, 657660.0 3905580.0000000005, 673020.0 3905580.0000000005, 673020.0 3890220.0000000005, 657660.0 3890220.0000000005))",4594,257550,0
training,subsetted_512x512_HLS.S30.T11SPV.2020236.v1.4,11SPV,2020-08-23,"PROJCS[""UTM Zone 11, Northern Hemisphere"",GEOGCS[""Unknown datum based upon the WGS 84 ellipsoid"",DATUM[""Not specified (based on WGS 84 spheroid)"",SPHEROID[""WGS 84"",6378137,298.257223563,AUTHORITY[""EPSG"",""7030""]]],PRIMEM[""Greenwich"",0],UNIT[""degree"",0.0174532925199433,AUTHORITY[""EPSG"",""9122""]]],PROJECTION[""Transverse_Mercator""],PARAMETER[""latitude_of_origin"",0],PARAMETER[""central_meridian"",-117],PARAMETER[""scale_factor"",0.9996],PARAMETER[""false_easting"",500000],PARAMETER[""false_northing"",0],UNIT[""metre"",1,AUTHORITY[""EPSG"",""9001""]],AXIS[""Easting"",EAST],AXIS[""Northing"",NORTH]]","POLYGON ((631980.0 3971220.0, 631980.0 3986580.0, 647340.0 3986580.0, 647340.0 3971220.0, 631980.0 3971220.0))",12498,249646,0
training,subsetted_512x512_HLS.S30.T11SPV.2020246.v1.4,11SPV,2020-09-02,"PROJCS[""UTM Zone 11, Northern Hemisphere"",GEOGCS[""Unknown datum based upon the WGS 84 ellipsoid"",DATUM[""Not specified (based on WGS 84 spheroid)"",SPHEROID[""WGS 84"",6378137,298.257223563,AUTHORITY[""EPSG"",""7030""]]],PRIMEM[""Greenwich"",0],UNIT[""degree"",0.0174532925199433,AUTHORITY[""EPSG"",""9122""]]],PROJECTION[""Transverse_Mercator""],PARAMETER[""latitude_of_origin"",0],PARAMETER[""central_meridian"",-117],PARAMETER[""scale_factor"",0.9996],PARAMETER[""false_easting"",500000],PARAMETER[""false_northing"",0],UNIT[""metre"",1,AUTHORITY[""EPSG"",""9001""]],AXIS[""Easting"",EAST],AXIS[""Northing"",NORTH]]","POLYGON ((620970.0 3898800.0, 620970.0 3914160.0, 636330.0 3914160.0, 636330.0 3898800.0, 620970.0 3898800.0))",183807,78337,0
training,subsetted_512x512_HLS.S30.T11SPV.2021215.v1.4,11SPV,2021-08-03,"PROJCS[""UTM Zone 11, Northern Hemisphere"",GEOGCS[""Unknown datum based upon the WGS 84 ellipsoid"",DATUM[""Not specified (based on WGS 84 spheroid)"",SPHEROID[""WGS 84"",6378137,298.257223563,AUTHORITY[""EPSG"",""7030""]]],PRIMEM[""Greenwich"",0],UNIT[""degree"",0.0174532925199433,AUTHORITY[""EPSG"",""9122""]]],PROJECTION[""Transverse_Mercator""],PARAMETER[""latitude_of_origin"",0],PARAMETER[""central_meridian"",-117],PARAMETER[""scale_factor"",0.9996],PARAMETER[""false_easting"",500000],PARAMETER[""false_northing"",0],UNIT[""metre"",1,AUTHORITY[""EPSG"",""9001""]],AXIS[""Easting"",EAST],AXIS[""Northing"",NORTH]]","POLYGON ((621240.0 3976200.0, 621240.0 3991560.0, 636600.0 3991560.0, 636600.0 3976200.0, 621240.0 3976200.0))",4870,257274,0
training,subsetted_512x512_HLS.S30.T11SQA.2020286.v1.4,11SQA,2020-10-12,"PROJCS[""UTM Zone 11, Northern Hemisphere"",GEOGCS[""Unknown datum based upon the WGS 84 ellipsoid"",DATUM[""Not specified (based on WGS 84 spheroid)"",SPHEROID[""WGS 84"",6378137,298.257223563,AUTHORITY[""EPSG"",""7030""]]],PRIMEM[""Greenwich"",0],UNIT[""degree"",0.0174532925199433,AUTHORITY[""EPSG"",""9122""]]],PROJECTION[""Transverse_Mercator""],PARAMETER[""latitude_of_origin"",0],PARAMETER[""central_meridian"",-117],PARAMETER[""scale_factor"",0.9996],PARAMETER[""false_easting"",500000],PARAMETER[""false_northing"",0],UNIT[""metre"",1,AUTHORITY[""EPSG"",""9001""]],AXIS[""Easting"",EAST],AXIS[""Northing"",NORTH]]","POLYGON ((754680.0 4048679.9999999995, 754680.0 4064039.9999999995, 770040.0 4064039.9999999995, 770040.0 4048679.9999999995, 754680.0 4048679.9999999995))",7140,255002,2
training,subsetted_512x512_HLS.S30.T11SQC.2020196.v1.4,11SQC,2020-07-14,"PROJCS[""UTM Zone 11, Northern Hemisphere"",GEOGCS[""Unknown datum based upon the WGS 84 ellipsoid"",DATUM[""Not specified (based on WGS 84 spheroid)"",SPHEROID[""WGS 84"",6378137,298.257223563,AUTHORITY[""EPSG"",""7030""]]],PRIMEM[""Greenwich"",0],UNIT[""degree"",0.0174532925199433,AUTHORITY[""EPSG"",""9122""]]],PROJECTION[""Transverse_Mercator""],PARAMETER[""latitude_of_origin"",0],PARAMETER[""central_meridian"",-117],PARAMETER[""scale_factor"",0.9996],PARAMETER[""false_easting"",500000],PARAMETER[""false_northing"",0],UNIT[""metre"",1,AUTHORITY[""EPSG"",""9001""]],AXIS[""Easting"",EAST],AXIS[""Northing"",NORTH]]","POLYGON ((735660.0 4241310.0, 735660.0 4256670.0, 751020.0 4256670.0, 751020.0 4241310.0, 735660.0 4241310.0))",22255,239889,0
training,subsetted_512x512_HLS.S30.T11SQC.2020241.v1.4,11SQC,2020-08-28,"PROJCS[""UTM Zone 11, Northern Hemisphere"",GEOGCS[""Unknown datum based upon the WGS 84 ellipsoid"",DATUM[""Not specified (based on WGS 84 spheroid)"",SPHEROID[""WGS 84"",6378137,298.257223563,AUTHORITY[""EPSG"",""7030""]]],PRIMEM[""Greenwich"",0],UNIT[""degree"",0.0174532925199433,AUTHORITY[""EPSG"",""9122""]]],PROJECTION[""Transverse_Mercator""],PARAMETER[""latitude_of_origin"",0],PARAMETER[""central_meridian"",-117],PARAMETER[""scale_factor"",0.9996],PARAMETER[""false_easting"",500000],PARAMETER[""false_northing"",0],UNIT[""metre"",1,AUTHORITY[""EPSG"",""9001""]],AXIS[""Easting"",EAST],AXIS[""Northing"",NORTH]]","POLYGON ((752550.0 4198830.0, 752550.0 4214190.0, 767910.0 4214190.0, 767910.0 4198830.0, 752550.0 4198830.0))",31658,230486,0
training,subsetted_512x512_HLS.S30.T11SQD.2020196.v1.4,11SQD,2020-07-14,"PROJCS[""UTM Zone 11, Northern Hemisphere"",GEOGCS[""Unknown datum based upon the WGS 84 ellipsoid"",DATUM[""Not specified (based on WGS 84 spheroid)"",SPHEROID[""WGS 84"",6378137,298.257223563,AUTHORITY[""EPSG"",""7030""]]],PRIMEM[""Greenwich"",0],UNIT[""degree"",0.0174532925199433,AUTHORITY[""EPSG"",""9122""]]],PROJECTION[""Transverse_Mercator""],PARAMETER[""latitude_of_origin"",0],PARAMETER[""central_meridian"",-117],PARAMETER[""scale_factor"",0.9996],PARAMETER[""false_easting"",500000],PARAMETER[""false_northing"",0],UNIT[""metre"",1,AUTHORITY[""EPSG"",""9001""]],AXIS[""Easting"",EAST],AXIS[""Northing"",NORTH]]","POLYGON ((705300.0 4351530.0, 705300.0 4366890.0, 720660.0 4366890.0, 720660.0 4351530.0, 705300.0 4351530.0))",5056,257086,2
training,subsetted_512x512_HLS.S30.T11SQS.2019078.v1.4,11SQS,2019-03-19,"PROJCS[""UTM Zone 11, Northern Hemisphere"",GEOGCS[""Unknown datum based upon the WGS 84 ellipsoid"",DATUM[""Not specified (based on WGS 84 spheroid)"",SPHEROID[""WGS 84"",6378137,298.257223563,AUTHORITY[""EPSG"",""7030""]]],PRIMEM[""Greenwich"",0],UNIT[""degree"",0.0174532925199433,AUTHORITY[""EPSG"",""9122""]]],PROJECTION[""Transverse_Mercator""],PARAMETER[""latitude_of_origin"",0],PARAMETER[""central_meridian"",-117],PARAMETER[""scale_factor"",0.9996],PARAMETER[""false_easting"",500000],PARAMETER[""false_northing"",0],UNIT[""metre"",1,AUTHORITY[""EPSG"",""9001""]],AXIS[""Easting"",EAST],AXIS[""Northing"",NORTH]]","POLYGON ((730500.0 3629370.0, 730500.0 3644730.0, 745860.0 3644730.0, 745860.0 3629370.0, 730500.0 3629370.0))",5282,256862,0
training,subsetted_512x512_HLS.S30.T11TKE.2018215.v1.4,11TKE,2018-08-03,"PROJCS[""UTM Zone 11, Northern Hemisphere"",GEOGCS[""Unknown datum based upon the WGS 84 ellipsoid"",DATUM[""Not specified (based on WGS 84 spheroid)"",SPHEROID[""WGS 84"",6378137,298.257223563,AUTHORITY[""EPSG"",""7030""]]],PRIMEM[""Greenwich"",0],UNIT[""degree"",0.0174532925199433,AUTHORITY[""EPSG"",""9122""]]],PROJECTION[""Transverse_Mercator""],PARAMETER[""latitude_of_origin"",0],PARAMETER[""central_meridian"",-117],PARAMETER[""scale_factor"",0.9996],PARAMETER[""false_easting"",500000],PARAMETER[""false_northing"",0],UNIT[""metre"",1,AUTHORITY[""EPSG"",""9001""]],AXIS[""Easting"",EAST],AXIS[""Northing"",NORTH]]","POLYGON ((276150.0 4402980.0, 276150.0 4418340.0, 291510.0 4418340.0, 291510.0 4402980.0, 276150.0 4402980.0))",174228,87916,0
training,subsetted_512x512_HLS.S30.T11TKF.2020265.v1.4,11TKF,2020-09-21,"PROJCS[""UTM Zone 11, Northern Hemisphere"",GEOGCS[""Unknown datum based upon the WGS 84 ellipsoid"",DATUM[""Not specified (based on WGS 84 spheroid)"",SPHEROID[""WGS 84"",6378137,298.257223563,AUTHORITY[""EPSG"",""7030""]]],PRIMEM[""Greenwich"",0],UNIT[""degree"",0.0174532925199433,AUTHORITY[""EPSG"",""9122""]]],PROJECTION[""Transverse_Mercator""],PARAMETER[""latitude_of_origin"",0],PARAMETER[""central_meridian"",-117],PARAMETER[""scale_factor"",0.9996],PARAMETER[""false_easting"",500000],PARAMETER[""false_northing"",0],UNIT[""metre"",1,AUTHORITY[""EPSG"",""9001""]],AXIS[""Easting"",EAST],AXIS[""Northing"",NORTH]]","POLYGON ((273900.0 4519590.0, 273900.0 4534950.0, 289260.0 4534950.0, 289260.0 4519590.0, 273900.0 4519590.0))",61266,200878,0
training,subsetted_512x512_HLS.S30.T11TKG.2020265.v1.4,11TKG,2020-09-21,"PROJCS[""UTM Zone 11, Northern Hemisphere"",GEOGCS[""Unknown datum based upon the WGS 84 ellipsoid"",DATUM[""Not specified (based on WGS 84 spheroid)"",SPHEROID[""WGS 84"",6378137,298.257223563,AUTHORITY[""EPSG"",""7030""]]],PRIMEM[""Greenwich"",0],UNIT[""degree"",0.0174532925199433,AUTHORITY[""EPSG"",""9122""]]],PROJECTION[""Transverse_Mercator""],PARAMETER[""latitude_of_origin"",0],PARAMETER[""central_meridian"",-117],PARAMETER[""scale_factor"",0.9996],PARAMETER[""false_easting"",500000],PARAMETER[""false_northing"",0],UNIT[""metre"",1,AUTHORITY[""EPSG"",""9001""]],AXIS[""Easting"",EAST],AXIS[""Northing"",NORTH]]","POLYGON ((223500.00000000003 4659630.0, 223500.00000000003 4674990.0, 238860.00000000003 4674990.0, 238860.00000000003 4659630.0, 223500.00000000003 4659630.0))",13324,248809,11
training,subsetted_512x512_HLS.S30.T11TLE.2018182.v1.4,11TLE,2018-07-01,"PROJCS[""UTM Zone 11, Northern Hemisphere"",GEOGCS[""Unknown datum based upon the WGS 84 ellipsoid"",DATUM[""Not specified (based on WGS 84 spheroid)"",SPHEROID[""WGS 84"",6378137,298.257223563,AUTHORITY[""EPSG"",""7030""]]],PRIMEM[""Greenwich"",0],UNIT[""degree"",0.0174532925199433,AUTHORITY[""EPSG"",""9122""]]],PROJECTION[""Transverse_Mercator""],PARAMETER[""latitude_of_origin"",0],PARAMETER[""central_meridian"",-117],PARAMETER[""scale_factor"",0.9996],PARAMETER[""false_easting"",500000],PARAMETER[""false_northing"",0],UNIT[""metre"",1,AUTHORITY[""EPSG"",""9001""]],AXIS[""Easting"",EAST],AXIS[""Northing"",NORTH]]","POLYGON ((385110.0 4462680.0, 385110.0 4478040.0, 400470.0 4478040.0, 400470.0 4462680.0, 385110.0 4462680.0))",7386,254758,0
training,subsetted_512x512_HLS.S30.T11TLE.2018247.v1.4,11TLE,2018-09-04,"PROJCS[""UTM Zone 11, Northern Hemisphere"",GEOGCS[""Unknown datum based upon the WGS 84 ellipsoid"",DATUM[""Not specified (based on WGS 84 spheroid)"",SPHEROID[""WGS 84"",6378137,298.257223563,AUTHORITY[""EPSG"",""7030""]]],PRIMEM[""Greenwich"",0],UNIT[""degree"",0.0174532925199433,AUTHORITY[""EPSG"",""9122""]]],PROJECTION[""Transverse_Mercator""],PARAMETER[""latitude_of_origin"",0],PARAMETER[""central_meridian"",-117],PARAMETER[""scale_factor"",0.9996],PARAMETER[""false_easting"",500000],PARAMETER[""false_northing"",0],UNIT[""metre"",1,AUTHORITY[""EPSG"",""9001""]],AXIS[""Easting"",EAST],AXIS[""Northing"",NORTH]]","POLYGON ((309120.0 4474980.0, 309120.0 4490340.0, 324480.0 4490340.0, 324480.0 4474980.0, 309120.0 4474980.0))",17842,244302,0
training,subsetted_512x512_HLS.S30.T11TLH.2018217.v1.4,11TLH,2018-08-05,"PROJCS[""UTM Zone 11, Northern Hemisphere"",GEOGCS[""Unknown datum based upon the WGS 84 ellipsoid"",DATUM[""Not specified (based on WGS 84 spheroid)"",SPHEROID[""WGS 84"",6378137,298.257223563,AUTHORITY[""EPSG"",""7030""]]],PRIMEM[""Greenwich"",0],UNIT[""degree"",0.0174532925199433,AUTHORITY[""EPSG"",""9122""]]],PROJECTION[""Transverse_Mercator""],PARAMETER[""latitude_of_origin"",0],PARAMETER[""central_meridian"",-117],PARAMETER[""scale_factor"",0.9996],PARAMETER[""false_easting"",500000],PARAMETER[""false_northing"",0],UNIT[""metre"",1,AUTHORITY[""EPSG"",""9001""]],AXIS[""Easting"",EAST],AXIS[""Northing"",NORTH]]","POLYGON ((357540.0 4690200.0, 357540.0 4705560.0, 372900.0 4705560.0, 372900.0 4690200.0, 357540.0 4690200.0))",5535,256362,247
training,subsetted_512x512_HLS.S30.T11TLH.2019215.v1.4,11TLH,2019-08-03,"PROJCS[""UTM Zone 11, Northern Hemisphere"",GEOGCS[""Unknown datum based upon the WGS 84 ellipsoid"",DATUM[""Not specified (based on WGS 84 spheroid)"",SPHEROID[""WGS 84"",6378137,298.257223563,AUTHORITY[""EPSG"",""7030""]]],PRIMEM[""Greenwich"",0],UNIT[""degree"",0.0174532925199433,AUTHORITY[""EPSG"",""9122""]]],PROJECTION[""Transverse_Mercator""],PARAMETER[""latitude_of_origin"",0],PARAMETER[""central_meridian"",-117],PARAMETER[""scale_factor"",0.9996],PARAMETER[""false_easting"",500000],PARAMETER[""false_northing"",0],UNIT[""metre"",1,AUTHORITY[""EPSG"",""9001""]],AXIS[""Easting"",EAST],AXIS[""Northing"",NORTH]]","POLYGON ((308760.0 4775100.0, 308760.0 4790460.0, 324120.0 4790460.0, 324120.0 4775100.0, 308760.0 4775100.0))",5833,256311,0
training,subsetted_512x512_HLS.S30.T11TLH.2020247.v1.4,11TLH,2020-09-03,"PROJCS[""UTM Zone 11, Northern Hemisphere"",GEOGCS[""Unknown datum based upon the WGS 84 ellipsoid"",DATUM[""Not specified (based on WGS 84 spheroid)"",SPHEROID[""WGS 84"",6378137,298.257223563,AUTHORITY[""EPSG"",""7030""]]],PRIMEM[""Greenwich"",0],UNIT[""degree"",0.0174532925199433,AUTHORITY[""EPSG"",""9122""]]],PROJECTION[""Transverse_Mercator""],PARAMETER[""latitude_of_origin"",0],PARAMETER[""central_meridian"",-117],PARAMETER[""scale_factor"",0.9996],PARAMETER[""false_easting"",500000],PARAMETER[""false_northing"",0],UNIT[""metre"",1,AUTHORITY[""EPSG"",""9001""]],AXIS[""Easting"",EAST],AXIS[""Northing"",NORTH]]","POLYGON ((387360.0 4757250.0, 387360.0 4772610.0, 402720.0 4772610.0, 402720.0 4757250.0, 387360.0 4757250.0))",15351,246793,0
training,subsetted_512x512_HLS.S30.T11TLJ.2019155.v1.4,11TLJ,2019-06-04,"PROJCS[""UTM Zone 11, Northern Hemisphere"",GEOGCS[""Unknown datum based upon the WGS 84 ellipsoid"",DATUM[""Not specified (based on WGS 84 spheroid)"",SPHEROID[""WGS 84"",6378137,298.257223563,AUTHORITY[""EPSG"",""7030""]]],PRIMEM[""Greenwich"",0],UNIT[""degree"",0.0174532925199433,AUTHORITY[""EPSG"",""9122""]]],PROJECTION[""Transverse_Mercator""],PARAMETER[""latitude_of_origin"",0],PARAMETER[""central_meridian"",-117],PARAMETER[""scale_factor"",0.9996],PARAMETER[""false_easting"",500000],PARAMETER[""false_northing"",0],UNIT[""metre"",1,AUTHORITY[""EPSG"",""9001""]],AXIS[""Easting"",EAST],AXIS[""Northing"",NORTH]]","POLYGON ((333480.0 4847460.000000001, 333480.0 4862820.000000001, 348840.0 4862820.000000001, 348840.0 4847460.000000001, 333480.0 4847460.000000001))",6915,255229,0
training,subsetted_512x512_HLS.S30.T11TLJ.2019327.v1.4,11TLJ,2019-11-23,"PROJCS[""UTM Zone 11, Northern Hemisphere"",GEOGCS[""Unknown datum based upon the WGS 84 ellipsoid"",DATUM[""Not specified (based on WGS 84 spheroid)"",SPHEROID[""WGS 84"",6378137,298.257223563,AUTHORITY[""EPSG"",""7030""]]],PRIMEM[""Greenwich"",0],UNIT[""degree"",0.0174532925199433,AUTHORITY[""EPSG"",""9122""]]],PROJECTION[""Transverse_Mercator""],PARAMETER[""latitude_of_origin"",0],PARAMETER[""central_meridian"",-117],PARAMETER[""scale_factor"",0.9996],PARAMETER[""false_easting"",500000],PARAMETER[""false_northing"",0],UNIT[""metre"",1,AUTHORITY[""EPSG"",""9001""]],AXIS[""Easting"",EAST],AXIS[""Northing"",NORTH]]","POLYGON ((365400.0 4883220.0, 365400.0 4898580.0, 380760.0 4898580.0, 380760.0 4883220.0, 365400.0 4883220.0))",8951,252458,735
training,subsetted_512x512_HLS.S30.T11TLL.2018190.v1.4,11TLL,2018-07-09,"PROJCS[""UTM Zone 11, Northern Hemisphere"",GEOGCS[""Unknown datum based upon the WGS 84 ellipsoid"",DATUM[""Not specified (based on WGS 84 spheroid)"",SPHEROID[""WGS 84"",6378137,298.257223563,AUTHORITY[""EPSG"",""7030""]]],PRIMEM[""Greenwich"",0],UNIT[""degree"",0.0174532925199433,AUTHORITY[""EPSG"",""9122""]]],PROJECTION[""Transverse_Mercator""],PARAMETER[""latitude_of_origin"",0],PARAMETER[""central_meridian"",-117],PARAMETER[""scale_factor"",0.9996],PARAMETER[""false_easting"",500000],PARAMETER[""false_northing"",0],UNIT[""metre"",1,AUTHORITY[""EPSG"",""9001""]],AXIS[""Easting"",EAST],AXIS[""Northing"",NORTH]]","POLYGON ((330960.0 5084580.0, 330960.0 5099940.0, 346320.0 5099940.0, 346320.0 5084580.0, 330960.0 5084580.0))",5728,256416,0
training,subsetted_512x512_HLS.S30.T11TLL.2018245.v1.4,11TLL,2018-09-02,"PROJCS[""UTM Zone 11, Northern Hemisphere"",GEOGCS[""Unknown datum based upon the WGS 84 ellipsoid"",DATUM[""Not specified (based on WGS 84 spheroid)"",SPHEROID[""WGS 84"",6378137,298.257223563,AUTHORITY[""EPSG"",""7030""]]],PRIMEM[""Greenwich"",0],UNIT[""degree"",0.0174532925199433,AUTHORITY[""EPSG"",""9122""]]],PROJECTION[""Transverse_Mercator""],PARAMETER[""latitude_of_origin"",0],PARAMETER[""central_meridian"",-117],PARAMETER[""scale_factor"",0.9996],PARAMETER[""false_easting"",500000],PARAMETER[""false_northing"",0],UNIT[""metre"",1,AUTHORITY[""EPSG"",""9001""]],AXIS[""Easting"",EAST],AXIS[""Northing"",NORTH]]","POLYGON ((330540.0 5013210.0, 330540.0 5028570.0, 345900.0 5028570.0, 345900.0 5013210.0, 330540.0 5013210.0))",15748,246393,3
training,subsetted_512x512_HLS.S30.T11TLL.2020275.v1.4,11TLL,2020-10-01,"PROJCS[""UTM Zone 11, Northern Hemisphere"",GEOGCS[""Unknown datum based upon the WGS 84 ellipsoid"",DATUM[""Not specified (based on WGS 84 spheroid)"",SPHEROID[""WGS 84"",6378137,298.257223563,AUTHORITY[""EPSG"",""7030""]]],PRIMEM[""Greenwich"",0],UNIT[""degree"",0.0174532925199433,AUTHORITY[""EPSG"",""9122""]]],PROJECTION[""Transverse_Mercator""],PARAMETER[""latitude_of_origin"",0],PARAMETER[""central_meridian"",-117],PARAMETER[""scale_factor"",0.9996],PARAMETER[""false_easting"",500000],PARAMETER[""false_northing"",0],UNIT[""metre"",1,AUTHORITY[""EPSG"",""9001""]],AXIS[""Easting"",EAST],AXIS[""Northing"",NORTH]]","POLYGON ((324060.0 5015610.0, 324060.0 5030970.0, 339420.0 5030970.0, 339420.0 5015610.0, 324060.0 5015610.0))",51692,210452,0
training,subsetted_512x512_HLS.S30.T11TLM.2019305.v1.4,11TLM,2019-11-01,"PROJCS[""UTM Zone 11, Northern Hemisphere"",GEOGCS[""Unknown datum based upon the WGS 84 ellipsoid"",DATUM[""Not specified (based on WGS 84 spheroid)"",SPHEROID[""WGS 84"",6378137,298.257223563,AUTHORITY[""EPSG"",""7030""]]],PRIMEM[""Greenwich"",0],UNIT[""degree"",0.0174532925199433,AUTHORITY[""EPSG"",""9122""]]],PROJECTION[""Transverse_Mercator""],PARAMETER[""latitude_of_origin"",0],PARAMETER[""central_meridian"",-117],PARAMETER[""scale_factor"",0.9996],PARAMETER[""false_easting"",500000],PARAMETER[""false_northing"",0],UNIT[""metre"",1,AUTHORITY[""EPSG"",""9001""]],AXIS[""Easting"",EAST],AXIS[""Northing"",NORTH]]","POLYGON ((344340.0 5157270.0, 344340.0 5172630.0, 359700.0 5172630.0, 359700.0 5157270.0, 344340.0 5157270.0))",39171,222965,8
training,subsetted_512x512_HLS.S30.T11TLM.2020275.v1.4,11TLM,2020-10-01,"PROJCS[""UTM Zone 11, Northern Hemisphere"",GEOGCS[""Unknown datum based upon the WGS 84 ellipsoid"",DATUM[""Not specified (based on WGS 84 spheroid)"",SPHEROID[""WGS 84"",6378137,298.257223563,AUTHORITY[""EPSG"",""7030""]]],PRIMEM[""Greenwich"",0],UNIT[""degree"",0.0174532925199433,AUTHORITY[""EPSG"",""9122""]]],PROJECTION[""Transverse_Mercator""],PARAMETER[""latitude_of_origin"",0],PARAMETER[""central_meridian"",-117],PARAMETER[""scale_factor"",0.9996],PARAMETER[""false_easting"",500000],PARAMETER[""false_northing"",0],UNIT[""metre"",1,AUTHORITY[""EPSG"",""9001""]],AXIS[""Easting"",EAST],AXIS[""Northing"",NORTH]]","POLYGON ((368880.0 5147070.0, 368880.0 5162430.0, 384240.0 5162430.0, 384240.0 5147070.0, 368880.0 5147070.0))",66440,195704,0
training,subsetted_512x512_HLS.S30.T11TLN.2020280.v1.4,11TLN,2020-10-06,"PROJCS[""UTM Zone 11, Northern Hemisphere"",GEOGCS[""Unknown datum based upon the WGS 84 ellipsoid"",DATUM[""Not specified (based on WGS 84 spheroid)"",SPHEROID[""WGS 84"",6378137,298.257223563,AUTHORITY[""EPSG"",""7030""]]],PRIMEM[""Greenwich"",0],UNIT[""degree"",0.0174532925199433,AUTHORITY[""EPSG"",""9122""]]],PROJECTION[""Transverse_Mercator""],PARAMETER[""latitude_of_origin"",0],PARAMETER[""central_meridian"",-117],PARAMETER[""scale_factor"",0.9996],PARAMETER[""false_easting"",500000],PARAMETER[""false_northing"",0],UNIT[""metre"",1,AUTHORITY[""EPSG"",""9001""]],AXIS[""Easting"",EAST],AXIS[""Northing"",NORTH]]","POLYGON ((378510.0 5266080.0, 378510.0 5281440.0, 393870.0 5281440.0, 393870.0 5266080.0, 378510.0 5266080.0))",240694,21450,0
training,subsetted_512x512_HLS.S30.T11TMF.2018222.v1.4,11TMF,2018-08-10,"PROJCS[""UTM Zone 11, Northern Hemisphere"",GEOGCS[""Unknown datum based upon the WGS 84 ellipsoid"",DATUM[""Not specified (based on WGS 84 spheroid)"",SPHEROID[""WGS 84"",6378137,298.257223563,AUTHORITY[""EPSG"",""7030""]]],PRIMEM[""Greenwich"",0],UNIT[""degree"",0.0174532925199433,AUTHORITY[""EPSG"",""9122""]]],PROJECTION[""Transverse_Mercator""],PARAMETER[""latitude_of_origin"",0],PARAMETER[""central_meridian"",-117],PARAMETER[""scale_factor"",0.9996],PARAMETER[""false_easting"",500000],PARAMETER[""false_northing"",0],UNIT[""metre"",1,AUTHORITY[""EPSG"",""9001""]],AXIS[""Easting"",EAST],AXIS[""Northing"",NORTH]]","POLYGON ((450180.0 4505580.0, 450180.0 4520940.0, 465540.0 4520940.0, 465540.0 4505580.0, 450180.0 4505580.0))",46144,216000,0
training,subsetted_512x512_HLS.S30.T11TMF.2019227.v1.4,11TMF,2019-08-15,"PROJCS[""UTM Zone 11, Northern Hemisphere"",GEOGCS[""Unknown datum based upon the WGS 84 ellipsoid"",DATUM[""Not specified (based on WGS 84 spheroid)"",SPHEROID[""WGS 84"",6378137,298.257223563,AUTHORITY[""EPSG"",""7030""]]],PRIMEM[""Greenwich"",0],UNIT[""degree"",0.0174532925199433,AUTHORITY[""EPSG"",""9122""]]],PROJECTION[""Transverse_Mercator""],PARAMETER[""latitude_of_origin"",0],PARAMETER[""central_meridian"",-117],PARAMETER[""scale_factor"",0.9996],PARAMETER[""false_easting"",500000],PARAMETER[""false_northing"",0],UNIT[""metre"",1,AUTHORITY[""EPSG"",""9001""]],AXIS[""Easting"",EAST],AXIS[""Northing"",NORTH]]","POLYGON ((462540.0 4493790.0, 462540.0 4509150.0, 477900.0 4509150.0, 477900.0 4493790.0, 462540.0 4493790.0))",29637,232507,0
training,subsetted_512x512_HLS.S30.T11TMF.2019257.v1.4,11TMF,2019-09-14,"PROJCS[""UTM Zone 11, Northern Hemisphere"",GEOGCS[""Unknown datum based upon the WGS 84 ellipsoid"",DATUM[""Not specified (based on WGS 84 spheroid)"",SPHEROID[""WGS 84"",6378137,298.257223563,AUTHORITY[""EPSG"",""7030""]]],PRIMEM[""Greenwich"",0],UNIT[""degree"",0.0174532925199433,AUTHORITY[""EPSG"",""9122""]]],PROJECTION[""Transverse_Mercator""],PARAMETER[""latitude_of_origin"",0],PARAMETER[""central_meridian"",-117],PARAMETER[""scale_factor"",0.9996],PARAMETER[""false_easting"",500000],PARAMETER[""false_northing"",0],UNIT[""metre"",1,AUTHORITY[""EPSG"",""9001""]],AXIS[""Easting"",EAST],AXIS[""Northing"",NORTH]]","POLYGON ((474990.0 4506930.0, 474990.0 4522290.0, 490350.0 4522290.0, 490350.0 4506930.0, 474990.0 4506930.0))",7731,254413,0
training,subsetted_512x512_HLS.S30.T11TMF.2019312.v1.4,11TMF,2019-11-08,"PROJCS[""UTM Zone 11, Northern Hemisphere"",GEOGCS[""Unknown datum based upon the WGS 84 ellipsoid"",DATUM[""Not specified (based on WGS 84 spheroid)"",SPHEROID[""WGS 84"",6378137,298.257223563,AUTHORITY[""EPSG"",""7030""]]],PRIMEM[""Greenwich"",0],UNIT[""degree"",0.0174532925199433,AUTHORITY[""EPSG"",""9122""]]],PROJECTION[""Transverse_Mercator""],PARAMETER[""latitude_of_origin"",0],PARAMETER[""central_meridian"",-117],PARAMETER[""scale_factor"",0.9996],PARAMETER[""false_easting"",500000],PARAMETER[""false_northing"",0],UNIT[""metre"",1,AUTHORITY[""EPSG"",""9001""]],AXIS[""Easting"",EAST],AXIS[""Northing"",NORTH]]","POLYGON ((482940.0 4558560.0, 482940.0 4573920.0, 498300.0 4573920.0, 498300.0 4558560.0, 482940.0 4558560.0))",6775,255365,4
training,subsetted_512x512_HLS.S30.T11TMG.2018222.v1.4,11TMG,2018-08-10,"PROJCS[""UTM Zone 11, Northern Hemisphere"",GEOGCS[""Unknown datum based upon the WGS 84 ellipsoid"",DATUM[""Not specified (based on WGS 84 spheroid)"",SPHEROID[""WGS 84"",6378137,298.257223563,AUTHORITY[""EPSG"",""7030""]]],PRIMEM[""Greenwich"",0],UNIT[""degree"",0.0174532925199433,AUTHORITY[""EPSG"",""9122""]]],PROJECTION[""Transverse_Mercator""],PARAMETER[""latitude_of_origin"",0],PARAMETER[""central_meridian"",-117],PARAMETER[""scale_factor"",0.9996],PARAMETER[""false_easting"",500000],PARAMETER[""false_northing"",0],UNIT[""metre"",1,AUTHORITY[""EPSG"",""9001""]],AXIS[""Easting"",EAST],AXIS[""Northing"",NORTH]]","POLYGON ((454050.0 4684200.0, 454050.0 4699560.0, 469410.0 4699560.0, 469410.0 4684200.0, 454050.0 4684200.0))",23609,238535,0
training,subsetted_512x512_HLS.S30.T11TMH.2018182.v1.4,11TMH,2018-07-01,"PROJCS[""UTM Zone 11, Northern Hemisphere"",GEOGCS[""Unknown datum based upon the WGS 84 ellipsoid"",DATUM[""Not specified (based on WGS 84 spheroid)"",SPHEROID[""WGS 84"",6378137,298.257223563,AUTHORITY[""EPSG"",""7030""]]],PRIMEM[""Greenwich"",0],UNIT[""degree"",0.0174532925199433,AUTHORITY[""EPSG"",""9122""]]],PROJECTION[""Transverse_Mercator""],PARAMETER[""latitude_of_origin"",0],PARAMETER[""central_meridian"",-117],PARAMETER[""scale_factor"",0.9996],PARAMETER[""false_easting"",500000],PARAMETER[""false_northing"",0],UNIT[""metre"",1,AUTHORITY[""EPSG"",""9001""]],AXIS[""Easting"",EAST],AXIS[""Northing"",NORTH]]","POLYGON ((449370.0 4708410.0, 449370.0 4723770.0, 464730.0 4723770.0, 464730.0 4708410.0, 449370.0 4708410.0))",9930,252214,0
training,subsetted_512x512_HLS.S30.T11TMH.2020247.v1.4,11TMH,2020-09-03,"PROJCS[""UTM Zone 11, Northern Hemisphere"",GEOGCS[""Unknown datum based upon the WGS 84 ellipsoid"",DATUM[""Not specified (based on WGS 84 spheroid)"",SPHEROID[""WGS 84"",6378137,298.257223563,AUTHORITY[""EPSG"",""7030""]]],PRIMEM[""Greenwich"",0],UNIT[""degree"",0.0174532925199433,AUTHORITY[""EPSG"",""9122""]]],PROJECTION[""Transverse_Mercator""],PARAMETER[""latitude_of_origin"",0],PARAMETER[""central_meridian"",-117],PARAMETER[""scale_factor"",0.9996],PARAMETER[""false_easting"",500000],PARAMETER[""false_northing"",0],UNIT[""metre"",1,AUTHORITY[""EPSG"",""9001""]],AXIS[""Easting"",EAST],AXIS[""Northing"",NORTH]]","POLYGON ((401490.0 4728750.0, 401490.0 4744110.0, 416850.0 4744110.0, 416850.0 4728750.0, 401490.0 4728750.0))",18394,243750,0
training,subsetted_512x512_HLS.S30.T11TMJ.2018217.v1.4,11TMJ,2018-08-05,"PROJCS[""UTM Zone 11, Northern Hemisphere"",GEOGCS[""Unknown datum based upon the WGS 84 ellipsoid"",DATUM[""Not specified (based on WGS 84 spheroid)"",SPHEROID[""WGS 84"",6378137,298.257223563,AUTHORITY[""EPSG"",""7030""]]],PRIMEM[""Greenwich"",0],UNIT[""degree"",0.0174532925199433,AUTHORITY[""EPSG"",""9122""]]],PROJECTION[""Transverse_Mercator""],PARAMETER[""latitude_of_origin"",0],PARAMETER[""central_meridian"",-117],PARAMETER[""scale_factor"",0.9996],PARAMETER[""false_easting"",500000],PARAMETER[""false_northing"",0],UNIT[""metre"",1,AUTHORITY[""EPSG"",""9001""]],AXIS[""Easting"",EAST],AXIS[""Northing"",NORTH]]","POLYGON ((406980.0 4839930.0, 406980.0 4855290.0, 422340.0 4855290.0, 422340.0 4839930.0, 406980.0 4839930.0))",14441,247703,0
training,subsetted_512x512_HLS.S30.T11TMJ.2020247.v1.4,11TMJ,2020-09-03,"PROJCS[""UTM Zone 11, Northern Hemisphere"",GEOGCS[""Unknown datum based upon the WGS 84 ellipsoid"",DATUM[""Not specified (based on WGS 84 spheroid)"",SPHEROID[""WGS 84"",6378137,298.257223563,AUTHORITY[""EPSG"",""7030""]]],PRIMEM[""Greenwich"",0],UNIT[""degree"",0.0174532925199433,AUTHORITY[""EPSG"",""9122""]]],PROJECTION[""Transverse_Mercator""],PARAMETER[""latitude_of_origin"",0],PARAMETER[""central_meridian"",-117],PARAMETER[""scale_factor"",0.9996],PARAMETER[""false_easting"",500000],PARAMETER[""false_northing"",0],UNIT[""metre"",1,AUTHORITY[""EPSG"",""9001""]],AXIS[""Easting"",EAST],AXIS[""Northing"",NORTH]]","POLYGON ((417630.0 4855740.0, 417630.0 4871100.0, 432990.0 4871100.0, 432990.0 4855740.0, 417630.0 4855740.0))",144213,117931,0
training,subsetted_512x512_HLS.S30.T11TMK.2018292.v1.4,11TMK,2018-10-19,"PROJCS[""UTM Zone 11, Northern Hemisphere"",GEOGCS[""Unknown datum based upon the WGS 84 ellipsoid"",DATUM[""Not specified (based on WGS 84 spheroid)"",SPHEROID[""WGS 84"",6378137,298.257223563,AUTHORITY[""EPSG"",""7030""]]],PRIMEM[""Greenwich"",0],UNIT[""degree"",0.0174532925199433,AUTHORITY[""EPSG"",""9122""]]],PROJECTION[""Transverse_Mercator""],PARAMETER[""latitude_of_origin"",0],PARAMETER[""central_meridian"",-117],PARAMETER[""scale_factor"",0.9996],PARAMETER[""false_easting"",500000],PARAMETER[""false_northing"",0],UNIT[""metre"",1,AUTHORITY[""EPSG"",""9001""]],AXIS[""Easting"",EAST],AXIS[""Northing"",NORTH]]","POLYGON ((486360.0 4929960.0, 486360.0 4945320.0, 501720.0 4945320.0, 501720.0 4929960.0, 486360.0 4929960.0))",8356,253750,38
training,subsetted_512x512_HLS.S30.T11TMM.2018285.v1.4,11TMM,2018-10-12,"PROJCS[""UTM Zone 11, Northern Hemisphere"",GEOGCS[""Unknown datum based upon the WGS 84 ellipsoid"",DATUM[""Not specified (based on WGS 84 spheroid)"",SPHEROID[""WGS 84"",6378137,298.257223563,AUTHORITY[""EPSG"",""7030""]]],PRIMEM[""Greenwich"",0],UNIT[""degree"",0.0174532925199433,AUTHORITY[""EPSG"",""9122""]]],PROJECTION[""Transverse_Mercator""],PARAMETER[""latitude_of_origin"",0],PARAMETER[""central_meridian"",-117],PARAMETER[""scale_factor"",0.9996],PARAMETER[""false_easting"",500000],PARAMETER[""false_northing"",0],UNIT[""metre"",1,AUTHORITY[""EPSG"",""9001""]],AXIS[""Easting"",EAST],AXIS[""Northing"",NORTH]]","POLYGON ((464910.0 5106450.0, 464910.0 5121810.0, 480270.0 5121810.0, 480270.0 5106450.0, 464910.0 5106450.0))",4904,256773,467
training,subsetted_512x512_HLS.S30.T11TMM.2020245.v1.4,11TMM,2020-09-01,"PROJCS[""UTM Zone 11, Northern Hemisphere"",GEOGCS[""Unknown datum based upon the WGS 84 ellipsoid"",DATUM[""Not specified (based on WGS 84 spheroid)"",SPHEROID[""WGS 84"",6378137,298.257223563,AUTHORITY[""EPSG"",""7030""]]],PRIMEM[""Greenwich"",0],UNIT[""degree"",0.0174532925199433,AUTHORITY[""EPSG"",""9122""]]],PROJECTION[""Transverse_Mercator""],PARAMETER[""latitude_of_origin"",0],PARAMETER[""central_meridian"",-117],PARAMETER[""scale_factor"",0.9996],PARAMETER[""false_easting"",500000],PARAMETER[""false_northing"",0],UNIT[""metre"",1,AUTHORITY[""EPSG"",""9001""]],AXIS[""Easting"",EAST],AXIS[""Northing"",NORTH]]","POLYGON ((478200.0 5135040.0, 478200.0 5150400.0, 493560.0 5150400.0, 493560.0 5135040.0, 478200.0 5135040.0))",6357,255787,0
training,subsetted_512x512_HLS.S30.T11TMM.2021224.v1.4,11TMM,2021-08-12,"PROJCS[""UTM Zone 11, Northern Hemisphere"",GEOGCS[""Unknown datum based upon the WGS 84 ellipsoid"",DATUM[""Not specified (based on WGS 84 spheroid)"",SPHEROID[""WGS 84"",6378137,298.257223563,AUTHORITY[""EPSG"",""7030""]]],PRIMEM[""Greenwich"",0],UNIT[""degree"",0.0174532925199433,AUTHORITY[""EPSG"",""9122""]]],PROJECTION[""Transverse_Mercator""],PARAMETER[""latitude_of_origin"",0],PARAMETER[""central_meridian"",-117],PARAMETER[""scale_factor"",0.9996],PARAMETER[""false_easting"",500000],PARAMETER[""false_northing"",0],UNIT[""metre"",1,AUTHORITY[""EPSG"",""9001""]],AXIS[""Easting"",EAST],AXIS[""Northing"",NORTH]]","POLYGON ((476970.0 5139960.0, 476970.0 5155320.0, 492330.00000000006 5155320.0, 492330.00000000006 5139960.0, 476970.0 5139960.0))",12391,249753,0
training,subsetted_512x512_HLS.S30.T11TMN.2018245.v1.4,11TMN,2018-09-02,"PROJCS[""UTM Zone 11, Northern Hemisphere"",GEOGCS[""Unknown datum based upon the WGS 84 ellipsoid"",DATUM[""Not specified (based on WGS 84 spheroid)"",SPHEROID[""WGS 84"",6378137,298.257223563,AUTHORITY[""EPSG"",""7030""]]],PRIMEM[""Greenwich"",0],UNIT[""degree"",0.0174532925199433,AUTHORITY[""EPSG"",""9122""]]],PROJECTION[""Transverse_Mercator""],PARAMETER[""latitude_of_origin"",0],PARAMETER[""central_meridian"",-117],PARAMETER[""scale_factor"",0.9996],PARAMETER[""false_easting"",500000],PARAMETER[""false_northing"",0],UNIT[""metre"",1,AUTHORITY[""EPSG"",""9001""]],AXIS[""Easting"",EAST],AXIS[""Northing"",NORTH]]","POLYGON ((415140.0 5284200.0, 415140.0 5299560.0, 430500.0 5299560.0, 430500.0 5284200.0, 415140.0 5284200.0))",21185,240959,0
training,subsetted_512x512_HLS.S30.T11TNE.2018199.v1.4,11TNE,2018-07-18,"PROJCS[""UTM Zone 11, Northern Hemisphere"",GEOGCS[""Unknown datum based upon the WGS 84 ellipsoid"",DATUM[""Not specified (based on WGS 84 spheroid)"",SPHEROID[""WGS 84"",6378137,298.257223563,AUTHORITY[""EPSG"",""7030""]]],PRIMEM[""Greenwich"",0],UNIT[""degree"",0.0174532925199433,AUTHORITY[""EPSG"",""9122""]]],PROJECTION[""Transverse_Mercator""],PARAMETER[""latitude_of_origin"",0],PARAMETER[""central_meridian"",-117],PARAMETER[""scale_factor"",0.9996],PARAMETER[""false_easting"",500000],PARAMETER[""false_northing"",0],UNIT[""metre"",1,AUTHORITY[""EPSG"",""9001""]],AXIS[""Easting"",EAST],AXIS[""Northing"",NORTH]]","POLYGON ((523350.00000000006 4482480.0, 523350.00000000006 4497840.0, 538710.0 4497840.0, 538710.0 4482480.0, 523350.00000000006 4482480.0))",5021,257123,0
training,subsetted_512x512_HLS.S30.T11TNE.2019224.v1.4,11TNE,2019-08-12,"PROJCS[""UTM Zone 11, Northern Hemisphere"",GEOGCS[""Unknown datum based upon the WGS 84 ellipsoid"",DATUM[""Not specified (based on WGS 84 spheroid)"",SPHEROID[""WGS 84"",6378137,298.257223563,AUTHORITY[""EPSG"",""7030""]]],PRIMEM[""Greenwich"",0],UNIT[""degree"",0.0174532925199433,AUTHORITY[""EPSG"",""9122""]]],PROJECTION[""Transverse_Mercator""],PARAMETER[""latitude_of_origin"",0],PARAMETER[""central_meridian"",-117],PARAMETER[""scale_factor"",0.9996],PARAMETER[""false_easting"",500000],PARAMETER[""false_northing"",0],UNIT[""metre"",1,AUTHORITY[""EPSG"",""9001""]],AXIS[""Easting"",EAST],AXIS[""Northing"",NORTH]]","POLYGON ((538500.0 4433310.0, 538500.0 4448670.0, 553860.0 4448670.0, 553860.0 4433310.0, 538500.0 4433310.0))",7015,255129,0
training,subsetted_512x512_HLS.S30.T11TNF.2018199.v1.4,11TNF,2018-07-18,"PROJCS[""UTM Zone 11, Northern Hemisphere"",GEOGCS[""Unknown datum based upon the WGS 84 ellipsoid"",DATUM[""Not specified (based on WGS 84 spheroid)"",SPHEROID[""WGS 84"",6378137,298.257223563,AUTHORITY[""EPSG"",""7030""]]],PRIMEM[""Greenwich"",0],UNIT[""degree"",0.0174532925199433,AUTHORITY[""EPSG"",""9122""]]],PROJECTION[""Transverse_Mercator""],PARAMETER[""latitude_of_origin"",0],PARAMETER[""central_meridian"",-117],PARAMETER[""scale_factor"",0.9996],PARAMETER[""false_easting"",500000],PARAMETER[""false_northing"",0],UNIT[""metre"",1,AUTHORITY[""EPSG"",""9001""]],AXIS[""Easting"",EAST],AXIS[""Northing"",NORTH]]","POLYGON ((570750.0 4494510.0, 570750.0 4509870.0, 586110.0 4509870.0, 586110.0 4494510.0, 570750.0 4494510.0))",7057,255087,0
training,subsetted_512x512_HLS.S30.T11TNF.2018219.v1.4,11TNF,2018-08-07,"PROJCS[""UTM Zone 11, Northern Hemisphere"",GEOGCS[""Unknown datum based upon the WGS 84 ellipsoid"",DATUM[""Not specified (based on WGS 84 spheroid)"",SPHEROID[""WGS 84"",6378137,298.257223563,AUTHORITY[""EPSG"",""7030""]]],PRIMEM[""Greenwich"",0],UNIT[""degree"",0.0174532925199433,AUTHORITY[""EPSG"",""9122""]]],PROJECTION[""Transverse_Mercator""],PARAMETER[""latitude_of_origin"",0],PARAMETER[""central_meridian"",-117],PARAMETER[""scale_factor"",0.9996],PARAMETER[""false_easting"",500000],PARAMETER[""false_northing"",0],UNIT[""metre"",1,AUTHORITY[""EPSG"",""9001""]],AXIS[""Easting"",EAST],AXIS[""Northing"",NORTH]]","POLYGON ((584790.0 4490220.0, 584790.0 4505580.0, 600150.0 4505580.0, 600150.0 4490220.0, 584790.0 4490220.0))",11102,251042,0
training,subsetted_512x512_HLS.S30.T11TNF.2018244.v1.4,11TNF,2018-09-01,"PROJCS[""UTM Zone 11, Northern Hemisphere"",GEOGCS[""Unknown datum based upon the WGS 84 ellipsoid"",DATUM[""Not specified (based on WGS 84 spheroid)"",SPHEROID[""WGS 84"",6378137,298.257223563,AUTHORITY[""EPSG"",""7030""]]],PRIMEM[""Greenwich"",0],UNIT[""degree"",0.0174532925199433,AUTHORITY[""EPSG"",""9122""]]],PROJECTION[""Transverse_Mercator""],PARAMETER[""latitude_of_origin"",0],PARAMETER[""central_meridian"",-117],PARAMETER[""scale_factor"",0.9996],PARAMETER[""false_easting"",500000],PARAMETER[""false_northing"",0],UNIT[""metre"",1,AUTHORITY[""EPSG"",""9001""]],AXIS[""Easting"",EAST],AXIS[""Northing"",NORTH]]","POLYGON ((568650.0000000001 4490220.0, 568650.0000000001 4505580.0, 584010.0000000001 4505580.0, 584010.0000000001 4490220.0, 568650.0000000001 4490220.0))",58482,203662,0
training,subsetted_512x512_HLS.S30.T11TNF.2018289.v1.4,11TNF,2018-10-16,"PROJCS[""UTM Zone 11, Northern Hemisphere"",GEOGCS[""Unknown datum based upon the WGS 84 ellipsoid"",DATUM[""Not specified (based on WGS 84 spheroid)"",SPHEROID[""WGS 84"",6378137,298.257223563,AUTHORITY[""EPSG"",""7030""]]],PRIMEM[""Greenwich"",0],UNIT[""degree"",0.0174532925199433,AUTHORITY[""EPSG"",""9122""]]],PROJECTION[""Transverse_Mercator""],PARAMETER[""latitude_of_origin"",0],PARAMETER[""central_meridian"",-117],PARAMETER[""scale_factor"",0.9996],PARAMETER[""false_easting"",500000],PARAMETER[""false_northing"",0],UNIT[""metre"",1,AUTHORITY[""EPSG"",""9001""]],AXIS[""Easting"",EAST],AXIS[""Northing"",NORTH]]","POLYGON ((580200.0 4563000.0, 580200.0 4578360.0, 595560.0 4578360.0, 595560.0 4563000.0, 580200.0 4563000.0))",23981,238094,69
training,subsetted_512x512_HLS.S30.T11TNF.2019314.v1.4,11TNF,2019-11-10,"PROJCS[""UTM Zone 11, Northern Hemisphere"",GEOGCS[""Unknown datum based upon the WGS 84 ellipsoid"",DATUM[""Not specified (based on WGS 84 spheroid)"",SPHEROID[""WGS 84"",6378137,298.257223563,AUTHORITY[""EPSG"",""7030""]]],PRIMEM[""Greenwich"",0],UNIT[""degree"",0.0174532925199433,AUTHORITY[""EPSG"",""9122""]]],PROJECTION[""Transverse_Mercator""],PARAMETER[""latitude_of_origin"",0],PARAMETER[""central_meridian"",-117],PARAMETER[""scale_factor"",0.9996],PARAMETER[""false_easting"",500000],PARAMETER[""false_northing"",0],UNIT[""metre"",1,AUTHORITY[""EPSG"",""9001""]],AXIS[""Easting"",EAST],AXIS[""Northing"",NORTH]]","POLYGON ((570090.0 4520550.0, 570090.0 4535910.0, 585450.0 4535910.0, 585450.0 4520550.0, 570090.0 4520550.0))",6978,255166,0
training,subsetted_512x512_HLS.S30.T11TNG.2018219.v1.4,11TNG,2018-08-07,"PROJCS[""UTM Zone 11, Northern Hemisphere"",GEOGCS[""Unknown datum based upon the WGS 84 ellipsoid"",DATUM[""Not specified (based on WGS 84 spheroid)"",SPHEROID[""WGS 84"",6378137,298.257223563,AUTHORITY[""EPSG"",""7030""]]],PRIMEM[""Greenwich"",0],UNIT[""degree"",0.0174532925199433,AUTHORITY[""EPSG"",""9122""]]],PROJECTION[""Transverse_Mercator""],PARAMETER[""latitude_of_origin"",0],PARAMETER[""central_meridian"",-117],PARAMETER[""scale_factor"",0.9996],PARAMETER[""false_easting"",500000],PARAMETER[""false_northing"",0],UNIT[""metre"",1,AUTHORITY[""EPSG"",""9001""]],AXIS[""Easting"",EAST],AXIS[""Northing"",NORTH]]","POLYGON ((568620.0000000001 4636770.0, 568620.0000000001 4652130.0, 583980.0000000001 4652130.0, 583980.0000000001 4636770.0, 568620.0000000001 4636770.0))",24040,238104,0
training,subsetted_512x512_HLS.S30.T11TNG.2018289.v1.4,11TNG,2018-10-16,"PROJCS[""UTM Zone 11, Northern Hemisphere"",GEOGCS[""Unknown datum based upon the WGS 84 ellipsoid"",DATUM[""Not specified (based on WGS 84 spheroid)"",SPHEROID[""WGS 84"",6378137,298.257223563,AUTHORITY[""EPSG"",""7030""]]],PRIMEM[""Greenwich"",0],UNIT[""degree"",0.0174532925199433,AUTHORITY[""EPSG"",""9122""]]],PROJECTION[""Transverse_Mercator""],PARAMETER[""latitude_of_origin"",0],PARAMETER[""central_meridian"",-117],PARAMETER[""scale_factor"",0.9996],PARAMETER[""false_easting"",500000],PARAMETER[""false_northing"",0],UNIT[""metre"",1,AUTHORITY[""EPSG"",""9001""]],AXIS[""Easting"",EAST],AXIS[""Northing"",NORTH]]","POLYGON ((574920.0 4611810.0, 574920.0 4627170.0, 590280.0 4627170.0, 590280.0 4611810.0, 574920.0 4611810.0))",237521,24339,284
training,subsetted_512x512_HLS.S30.T11TNH.2018217.v1.4,11TNH,2018-08-05,"PROJCS[""UTM Zone 11, Northern Hemisphere"",GEOGCS[""Unknown datum based upon the WGS 84 ellipsoid"",DATUM[""Not specified (based on WGS 84 spheroid)"",SPHEROID[""WGS 84"",6378137,298.257223563,AUTHORITY[""EPSG"",""7030""]]],PRIMEM[""Greenwich"",0],UNIT[""degree"",0.0174532925199433,AUTHORITY[""EPSG"",""9122""]]],PROJECTION[""Transverse_Mercator""],PARAMETER[""latitude_of_origin"",0],PARAMETER[""central_meridian"",-117],PARAMETER[""scale_factor"",0.9996],PARAMETER[""false_easting"",500000],PARAMETER[""false_northing"",0],UNIT[""metre"",1,AUTHORITY[""EPSG"",""9001""]],AXIS[""Easting"",EAST],AXIS[""Northing"",NORTH]]","POLYGON ((582150.0 4754730.0, 582150.0 4770090.0, 597510.0 4770090.0, 597510.0 4754730.0, 582150.0 4754730.0))",10985,251159,0
training,subsetted_512x512_HLS.S30.T11TNH.2020217.v1.4,11TNH,2020-08-04,"PROJCS[""UTM Zone 11, Northern Hemisphere"",GEOGCS[""Unknown datum based upon the WGS 84 ellipsoid"",DATUM[""Not specified (based on WGS 84 spheroid)"",SPHEROID[""WGS 84"",6378137,298.257223563,AUTHORITY[""EPSG"",""7030""]]],PRIMEM[""Greenwich"",0],UNIT[""degree"",0.0174532925199433,AUTHORITY[""EPSG"",""9122""]]],PROJECTION[""Transverse_Mercator""],PARAMETER[""latitude_of_origin"",0],PARAMETER[""central_meridian"",-117],PARAMETER[""scale_factor"",0.9996],PARAMETER[""false_easting"",500000],PARAMETER[""false_northing"",0],UNIT[""metre"",1,AUTHORITY[""EPSG"",""9001""]],AXIS[""Easting"",EAST],AXIS[""Northing"",NORTH]]","POLYGON ((554820.0 4723710.0, 554820.0 4739070.0, 570180.0 4739070.0, 570180.0 4723710.0, 554820.0 4723710.0))",8543,253601,0
training,subsetted_512x512_HLS.S30.T11TNJ.2019244.v1.4,11TNJ,2019-09-01,"PROJCS[""UTM Zone 11, Northern Hemisphere"",GEOGCS[""Unknown datum based upon the WGS 84 ellipsoid"",DATUM[""Not specified (based on WGS 84 spheroid)"",SPHEROID[""WGS 84"",6378137,298.257223563,AUTHORITY[""EPSG"",""7030""]]],PRIMEM[""Greenwich"",0],UNIT[""degree"",0.0174532925199433,AUTHORITY[""EPSG"",""9122""]]],PROJECTION[""Transverse_Mercator""],PARAMETER[""latitude_of_origin"",0],PARAMETER[""central_meridian"",-117],PARAMETER[""scale_factor"",0.9996],PARAMETER[""false_easting"",500000],PARAMETER[""false_northing"",0],UNIT[""metre"",1,AUTHORITY[""EPSG"",""9001""]],AXIS[""Easting"",EAST],AXIS[""Northing"",NORTH]]","POLYGON ((577890.0 4801710.000000001, 577890.0 4817070.000000001, 593250.0 4817070.000000001, 593250.0 4801710.000000001, 577890.0 4801710.000000001))",5455,256689,0
training,subsetted_512x512_HLS.S30.T11TNK.2018222.v1.4,11TNK,2018-08-10,"PROJCS[""UTM Zone 11, Northern Hemisphere"",GEOGCS[""Unknown datum based upon the WGS 84 ellipsoid"",DATUM[""Not specified (based on WGS 84 spheroid)"",SPHEROID[""WGS 84"",6378137,298.257223563,AUTHORITY[""EPSG"",""7030""]]],PRIMEM[""Greenwich"",0],UNIT[""degree"",0.0174532925199433,AUTHORITY[""EPSG"",""9122""]]],PROJECTION[""Transverse_Mercator""],PARAMETER[""latitude_of_origin"",0],PARAMETER[""central_meridian"",-117],PARAMETER[""scale_factor"",0.9996],PARAMETER[""false_easting"",500000],PARAMETER[""false_northing"",0],UNIT[""metre"",1,AUTHORITY[""EPSG"",""9001""]],AXIS[""Easting"",EAST],AXIS[""Northing"",NORTH]]","POLYGON ((543480.0 4937250.0, 543480.0 4952610.0, 558840.0 4952610.0, 558840.0 4937250.0, 543480.0 4937250.0))",148556,113583,5
training,subsetted_512x512_HLS.S30.T11TPE.2018244.v1.4,11TPE,2018-09-01,"PROJCS[""UTM Zone 11, Northern Hemisphere"",GEOGCS[""Unknown datum based upon the WGS 84 ellipsoid"",DATUM[""Not specified (based on WGS 84 spheroid)"",SPHEROID[""WGS 84"",6378137,298.257223563,AUTHORITY[""EPSG"",""7030""]]],PRIMEM[""Greenwich"",0],UNIT[""degree"",0.0174532925199433,AUTHORITY[""EPSG"",""9122""]]],PROJECTION[""Transverse_Mercator""],PARAMETER[""latitude_of_origin"",0],PARAMETER[""central_meridian"",-117],PARAMETER[""scale_factor"",0.9996],PARAMETER[""false_easting"",500000],PARAMETER[""false_northing"",0],UNIT[""metre"",1,AUTHORITY[""EPSG"",""9001""]],AXIS[""Easting"",EAST],AXIS[""Northing"",NORTH]]","POLYGON ((676200.0 4435140.0, 676200.0 4450500.0, 691560.0 4450500.0, 691560.0 4435140.0, 676200.0 4435140.0))",107742,154402,0
training,subsetted_512x512_HLS.S30.T11TPE.2019269.v1.4,11TPE,2019-09-26,"PROJCS[""UTM Zone 11, Northern Hemisphere"",GEOGCS[""Unknown datum based upon the WGS 84 ellipsoid"",DATUM[""Not specified (based on WGS 84 spheroid)"",SPHEROID[""WGS 84"",6378137,298.257223563,AUTHORITY[""EPSG"",""7030""]]],PRIMEM[""Greenwich"",0],UNIT[""degree"",0.0174532925199433,AUTHORITY[""EPSG"",""9122""]]],PROJECTION[""Transverse_Mercator""],PARAMETER[""latitude_of_origin"",0],PARAMETER[""central_meridian"",-117],PARAMETER[""scale_factor"",0.9996],PARAMETER[""false_easting"",500000],PARAMETER[""false_northing"",0],UNIT[""metre"",1,AUTHORITY[""EPSG"",""9001""]],AXIS[""Easting"",EAST],AXIS[""Northing"",NORTH]]","POLYGON ((613770.0 4456230.0, 613770.0 4471590.0, 629130.0 4471590.0, 629130.0 4456230.0, 613770.0 4456230.0))",75333,186809,2
training,subsetted_512x512_HLS.S30.T11TPF.2018219.v1.4,11TPF,2018-08-07,"PROJCS[""UTM Zone 11, Northern Hemisphere"",GEOGCS[""Unknown datum based upon the WGS 84 ellipsoid"",DATUM[""Not specified (based on WGS 84 spheroid)"",SPHEROID[""WGS 84"",6378137,298.257223563,AUTHORITY[""EPSG"",""7030""]]],PRIMEM[""Greenwich"",0],UNIT[""degree"",0.0174532925199433,AUTHORITY[""EPSG"",""9122""]]],PROJECTION[""Transverse_Mercator""],PARAMETER[""latitude_of_origin"",0],PARAMETER[""central_meridian"",-117],PARAMETER[""scale_factor"",0.9996],PARAMETER[""false_easting"",500000],PARAMETER[""false_northing"",0],UNIT[""metre"",1,AUTHORITY[""EPSG"",""9001""]],AXIS[""Easting"",EAST],AXIS[""Northing"",NORTH]]","POLYGON ((625260.0 4560120.0, 625260.0 4575480.0, 640620.0 4575480.0, 640620.0 4560120.0, 625260.0 4560120.0))",18584,243560,0
training,subsetted_512x512_HLS.S30.T11TPF.2018289.v1.4,11TPF,2018-10-16,"PROJCS[""UTM Zone 11, Northern Hemisphere"",GEOGCS[""Unknown datum based upon the WGS 84 ellipsoid"",DATUM[""Not specified (based on WGS 84 spheroid)"",SPHEROID[""WGS 84"",6378137,298.257223563,AUTHORITY[""EPSG"",""7030""]]],PRIMEM[""Greenwich"",0],UNIT[""degree"",0.0174532925199433,AUTHORITY[""EPSG"",""9122""]]],PROJECTION[""Transverse_Mercator""],PARAMETER[""latitude_of_origin"",0],PARAMETER[""central_meridian"",-117],PARAMETER[""scale_factor"",0.9996],PARAMETER[""false_easting"",500000],PARAMETER[""false_northing"",0],UNIT[""metre"",1,AUTHORITY[""EPSG"",""9001""]],AXIS[""Easting"",EAST],AXIS[""Northing"",NORTH]]","POLYGON ((622770.0 4495380.0, 622770.0 4510740.0, 638130.0 4510740.0, 638130.0 4495380.0, 622770.0 4495380.0))",41971,218097,2076
training,subsetted_512x512_HLS.S30.T11TPF.2021183.v1.4,11TPF,2021-07-02,"PROJCS[""UTM Zone 11, Northern Hemisphere"",GEOGCS[""Unknown datum based upon the WGS 84 ellipsoid"",DATUM[""Not specified (based on WGS 84 spheroid)"",SPHEROID[""WGS 84"",6378137,298.257223563,AUTHORITY[""EPSG"",""7030""]]],PRIMEM[""Greenwich"",0],UNIT[""degree"",0.0174532925199433,AUTHORITY[""EPSG"",""9122""]]],PROJECTION[""Transverse_Mercator""],PARAMETER[""latitude_of_origin"",0],PARAMETER[""central_meridian"",-117],PARAMETER[""scale_factor"",0.9996],PARAMETER[""false_easting"",500000],PARAMETER[""false_northing"",0],UNIT[""metre"",1,AUTHORITY[""EPSG"",""9001""]],AXIS[""Easting"",EAST],AXIS[""Northing"",NORTH]]","POLYGON ((609270.0 4533990.0, 609270.0 4549350.0, 624630.0 4549350.0, 624630.0 4533990.0, 609270.0 4533990.0))",6980,255164,0
training,subsetted_512x512_HLS.S30.T11TPG.2018219.v1.4,11TPG,2018-08-07,"PROJCS[""UTM Zone 11, Northern Hemisphere"",GEOGCS[""Unknown datum based upon the WGS 84 ellipsoid"",DATUM[""Not specified (based on WGS 84 spheroid)"",SPHEROID[""WGS 84"",6378137,298.257223563,AUTHORITY[""EPSG"",""7030""]]],PRIMEM[""Greenwich"",0],UNIT[""degree"",0.0174532925199433,AUTHORITY[""EPSG"",""9122""]]],PROJECTION[""Transverse_Mercator""],PARAMETER[""latitude_of_origin"",0],PARAMETER[""central_meridian"",-117],PARAMETER[""scale_factor"",0.9996],PARAMETER[""false_easting"",500000],PARAMETER[""false_northing"",0],UNIT[""metre"",1,AUTHORITY[""EPSG"",""9001""]],AXIS[""Easting"",EAST],AXIS[""Northing"",NORTH]]","POLYGON ((618480.0 4597830.0, 618480.0 4613190.0, 633840.0 4613190.0, 633840.0 4597830.0, 618480.0 4597830.0))",4785,257359,0
training,subsetted_512x512_HLS.S30.T11TPG.2019214.v1.4,11TPG,2019-08-02,"PROJCS[""UTM Zone 11, Northern Hemisphere"",GEOGCS[""Unknown datum based upon the WGS 84 ellipsoid"",DATUM[""Not specified (based on WGS 84 spheroid)"",SPHEROID[""WGS 84"",6378137,298.257223563,AUTHORITY[""EPSG"",""7030""]]],PRIMEM[""Greenwich"",0],UNIT[""degree"",0.0174532925199433,AUTHORITY[""EPSG"",""9122""]]],PROJECTION[""Transverse_Mercator""],PARAMETER[""latitude_of_origin"",0],PARAMETER[""central_meridian"",-117],PARAMETER[""scale_factor"",0.9996],PARAMETER[""false_easting"",500000],PARAMETER[""false_northing"",0],UNIT[""metre"",1,AUTHORITY[""EPSG"",""9001""]],AXIS[""Easting"",EAST],AXIS[""Northing"",NORTH]]","POLYGON ((604260.0 4673520.0, 604260.0 4688880.0, 619620.0 4688880.0, 619620.0 4673520.0, 604260.0 4673520.0))",47467,214677,0
training,subsetted_512x512_HLS.S30.T11TPG.2020249.v1.4,11TPG,2020-09-05,"PROJCS[""UTM Zone 11, Northern Hemisphere"",GEOGCS[""Unknown datum based upon the WGS 84 ellipsoid"",DATUM[""Not specified (based on WGS 84 spheroid)"",SPHEROID[""WGS 84"",6378137,298.257223563,AUTHORITY[""EPSG"",""7030""]]],PRIMEM[""Greenwich"",0],UNIT[""degree"",0.0174532925199433,AUTHORITY[""EPSG"",""9122""]]],PROJECTION[""Transverse_Mercator""],PARAMETER[""latitude_of_origin"",0],PARAMETER[""central_meridian"",-117],PARAMETER[""scale_factor"",0.9996],PARAMETER[""false_easting"",500000],PARAMETER[""false_northing"",0],UNIT[""metre"",1,AUTHORITY[""EPSG"",""9001""]],AXIS[""Easting"",EAST],AXIS[""Northing"",NORTH]]","POLYGON ((635370.0 4671780.0, 635370.0 4687140.0, 650730.0 4687140.0, 650730.0 4671780.0, 635370.0 4671780.0))",25207,236937,0
training,subsetted_512x512_HLS.S30.T11TPH.2020174.v1.4,11TPH,2020-06-22,"PROJCS[""UTM Zone 11, Northern Hemisphere"",GEOGCS[""Unknown datum based upon the WGS 84 ellipsoid"",DATUM[""Not specified (based on WGS 84 spheroid)"",SPHEROID[""WGS 84"",6378137,298.257223563,AUTHORITY[""EPSG"",""7030""]]],PRIMEM[""Greenwich"",0],UNIT[""degree"",0.0174532925199433,AUTHORITY[""EPSG"",""9122""]]],PROJECTION[""Transverse_Mercator""],PARAMETER[""latitude_of_origin"",0],PARAMETER[""central_meridian"",-117],PARAMETER[""scale_factor"",0.9996],PARAMETER[""false_easting"",500000],PARAMETER[""false_northing"",0],UNIT[""metre"",1,AUTHORITY[""EPSG"",""9001""]],AXIS[""Easting"",EAST],AXIS[""Northing"",NORTH]]","POLYGON ((609810.0 4736100.0, 609810.0 4751460.0, 625170.0 4751460.0, 625170.0 4736100.0, 609810.0 4736100.0))",10766,251378,0
training,subsetted_512x512_HLS.S30.T11TPH.2020184.v1.4,11TPH,2020-07-02,"PROJCS[""UTM Zone 11, Northern Hemisphere"",GEOGCS[""Unknown datum based upon the WGS 84 ellipsoid"",DATUM[""Not specified (based on WGS 84 spheroid)"",SPHEROID[""WGS 84"",6378137,298.257223563,AUTHORITY[""EPSG"",""7030""]]],PRIMEM[""Greenwich"",0],UNIT[""degree"",0.0174532925199433,AUTHORITY[""EPSG"",""9122""]]],PROJECTION[""Transverse_Mercator""],PARAMETER[""latitude_of_origin"",0],PARAMETER[""central_meridian"",-117],PARAMETER[""scale_factor"",0.9996],PARAMETER[""false_easting"",500000],PARAMETER[""false_northing"",0],UNIT[""metre"",1,AUTHORITY[""EPSG"",""9001""]],AXIS[""Easting"",EAST],AXIS[""Northing"",NORTH]]","POLYGON ((671670.0 4753950.0, 671670.0 4769310.0, 687030.0 4769310.0, 687030.0 4753950.0, 671670.0 4753950.0))",5032,257112,0
training,subsetted_512x512_HLS.S30.T11TPH.2020219.v1.4,11TPH,2020-08-06,"PROJCS[""UTM Zone 11, Northern Hemisphere"",GEOGCS[""Unknown datum based upon the WGS 84 ellipsoid"",DATUM[""Not specified (based on WGS 84 spheroid)"",SPHEROID[""WGS 84"",6378137,298.257223563,AUTHORITY[""EPSG"",""7030""]]],PRIMEM[""Greenwich"",0],UNIT[""degree"",0.0174532925199433,AUTHORITY[""EPSG"",""9122""]]],PROJECTION[""Transverse_Mercator""],PARAMETER[""latitude_of_origin"",0],PARAMETER[""central_meridian"",-117],PARAMETER[""scale_factor"",0.9996],PARAMETER[""false_easting"",500000],PARAMETER[""false_northing"",0],UNIT[""metre"",1,AUTHORITY[""EPSG"",""9001""]],AXIS[""Easting"",EAST],AXIS[""Northing"",NORTH]]","POLYGON ((666420.0 4749150.0, 666420.0 4764510.0, 681780.0 4764510.0, 681780.0 4749150.0, 666420.0 4749150.0))",4580,257564,0
training,subsetted_512x512_HLS.S30.T11TPH.2021238.v1.4,11TPH,2021-08-26,"PROJCS[""UTM Zone 11, Northern Hemisphere"",GEOGCS[""Unknown datum based upon the WGS 84 ellipsoid"",DATUM[""Not specified (based on WGS 84 spheroid)"",SPHEROID[""WGS 84"",6378137,298.257223563,AUTHORITY[""EPSG"",""7030""]]],PRIMEM[""Greenwich"",0],UNIT[""degree"",0.0174532925199433,AUTHORITY[""EPSG"",""9122""]]],PROJECTION[""Transverse_Mercator""],PARAMETER[""latitude_of_origin"",0],PARAMETER[""central_meridian"",-117],PARAMETER[""scale_factor"",0.9996],PARAMETER[""false_easting"",500000],PARAMETER[""false_northing"",0],UNIT[""metre"",1,AUTHORITY[""EPSG"",""9001""]],AXIS[""Easting"",EAST],AXIS[""Northing"",NORTH]]","POLYGON ((656160.0 4702800.0, 656160.0 4718160.0, 671520.0 4718160.0, 671520.0 4702800.0, 656160.0 4702800.0))",25007,237137,0
training,subsetted_512x512_HLS.S30.T11TPH.2021263.v1.4,11TPH,2021-09-20,"PROJCS[""UTM Zone 11, Northern Hemisphere"",GEOGCS[""Unknown datum based upon the WGS 84 ellipsoid"",DATUM[""Not specified (based on WGS 84 spheroid)"",SPHEROID[""WGS 84"",6378137,298.257223563,AUTHORITY[""EPSG"",""7030""]]],PRIMEM[""Greenwich"",0],UNIT[""degree"",0.0174532925199433,AUTHORITY[""EPSG"",""9122""]]],PROJECTION[""Transverse_Mercator""],PARAMETER[""latitude_of_origin"",0],PARAMETER[""central_meridian"",-117],PARAMETER[""scale_factor"",0.9996],PARAMETER[""false_easting"",500000],PARAMETER[""false_northing"",0],UNIT[""metre"",1,AUTHORITY[""EPSG"",""9001""]],AXIS[""Easting"",EAST],AXIS[""Northing"",NORTH]]","POLYGON ((607860.0 4711590.0, 607860.0 4726950.0, 623220.0 4726950.0, 623220.0 4711590.0, 607860.0 4711590.0))",10370,251754,20
training,subsetted_512x512_HLS.S30.T11TPJ.2020249.v1.4,11TPJ,2020-09-05,"PROJCS[""UTM Zone 11, Northern Hemisphere"",GEOGCS[""Unknown datum based upon the WGS 84 ellipsoid"",DATUM[""Not specified (based on WGS 84 spheroid)"",SPHEROID[""WGS 84"",6378137,298.257223563,AUTHORITY[""EPSG"",""7030""]]],PRIMEM[""Greenwich"",0],UNIT[""degree"",0.0174532925199433,AUTHORITY[""EPSG"",""9122""]]],PROJECTION[""Transverse_Mercator""],PARAMETER[""latitude_of_origin"",0],PARAMETER[""central_meridian"",-117],PARAMETER[""scale_factor"",0.9996],PARAMETER[""false_easting"",500000],PARAMETER[""false_northing"",0],UNIT[""metre"",1,AUTHORITY[""EPSG"",""9001""]],AXIS[""Easting"",EAST],AXIS[""Northing"",NORTH]]","POLYGON ((667770.0 4808340.0, 667770.0 4823700.0, 683130.0 4823700.0, 683130.0 4808340.0, 667770.0 4808340.0))",8985,253159,0
training,subsetted_512x512_HLS.S30.T11TPK.2021268.v1.4,11TPK,2021-09-25,"PROJCS[""UTM Zone 11, Northern Hemisphere"",GEOGCS[""Unknown datum based upon the WGS 84 ellipsoid"",DATUM[""Not specified (based on WGS 84 spheroid)"",SPHEROID[""WGS 84"",6378137,298.257223563,AUTHORITY[""EPSG"",""7030""]]],PRIMEM[""Greenwich"",0],UNIT[""degree"",0.0174532925199433,AUTHORITY[""EPSG"",""9122""]]],PROJECTION[""Transverse_Mercator""],PARAMETER[""latitude_of_origin"",0],PARAMETER[""central_meridian"",-117],PARAMETER[""scale_factor"",0.9996],PARAMETER[""false_easting"",500000],PARAMETER[""false_northing"",0],UNIT[""metre"",1,AUTHORITY[""EPSG"",""9001""]],AXIS[""Easting"",EAST],AXIS[""Northing"",NORTH]]","POLYGON ((637140.0 4930110.0, 637140.0 4945470.0, 652500.0 4945470.0, 652500.0 4930110.0, 637140.0 4930110.0))",173536,88608,0
training,subsetted_512x512_HLS.S30.T11TPL.2019244.v1.4,11TPL,2019-09-01,"PROJCS[""UTM Zone 11, Northern Hemisphere"",GEOGCS[""Unknown datum based upon the WGS 84 ellipsoid"",DATUM[""Not specified (based on WGS 84 spheroid)"",SPHEROID[""WGS 84"",6378137,298.257223563,AUTHORITY[""EPSG"",""7030""]]],PRIMEM[""Greenwich"",0],UNIT[""degree"",0.0174532925199433,AUTHORITY[""EPSG"",""9122""]]],PROJECTION[""Transverse_Mercator""],PARAMETER[""latitude_of_origin"",0],PARAMETER[""central_meridian"",-117],PARAMETER[""scale_factor"",0.9996],PARAMETER[""false_easting"",500000],PARAMETER[""false_northing"",0],UNIT[""metre"",1,AUTHORITY[""EPSG"",""9001""]],AXIS[""Easting"",EAST],AXIS[""Northing"",NORTH]]","POLYGON ((691140.0000000001 5016000.0, 691140.0000000001 5031360.0, 706500.0000000001 5031360.0, 706500.0000000001 5016000.0, 691140.0000000001 5016000.0))",23718,238409,17
training,subsetted_512x512_HLS.S30.T11TPL.2021223.v1.4,11TPL,2021-08-11,"PROJCS[""UTM Zone 11, Northern Hemisphere"",GEOGCS[""Unknown datum based upon the WGS 84 ellipsoid"",DATUM[""Not specified (based on WGS 84 spheroid)"",SPHEROID[""WGS 84"",6378137,298.257223563,AUTHORITY[""EPSG"",""7030""]]],PRIMEM[""Greenwich"",0],UNIT[""degree"",0.0174532925199433,AUTHORITY[""EPSG"",""9122""]]],PROJECTION[""Transverse_Mercator""],PARAMETER[""latitude_of_origin"",0],PARAMETER[""central_meridian"",-117],PARAMETER[""scale_factor"",0.9996],PARAMETER[""false_easting"",500000],PARAMETER[""false_northing"",0],UNIT[""metre"",1,AUTHORITY[""EPSG"",""9001""]],AXIS[""Easting"",EAST],AXIS[""Northing"",NORTH]]","POLYGON ((618090.0 5036550.0, 618090.0 5051910.0, 633450.0 5051910.0, 633450.0 5036550.0, 618090.0 5036550.0))",158760,103268,116
training,subsetted_512x512_HLS.S30.T11TPN.2019214.v1.4,11TPN,2019-08-02,"PROJCS[""UTM Zone 11, Northern Hemisphere"",GEOGCS[""Unknown datum based upon the WGS 84 ellipsoid"",DATUM[""Not specified (based on WGS 84 spheroid)"",SPHEROID[""WGS 84"",6378137,298.257223563,AUTHORITY[""EPSG"",""7030""]]],PRIMEM[""Greenwich"",0],UNIT[""degree"",0.0174532925199433,AUTHORITY[""EPSG"",""9122""]]],PROJECTION[""Transverse_Mercator""],PARAMETER[""latitude_of_origin"",0],PARAMETER[""central_meridian"",-117],PARAMETER[""scale_factor"",0.9996],PARAMETER[""false_easting"",500000],PARAMETER[""false_northing"",0],UNIT[""metre"",1,AUTHORITY[""EPSG"",""9001""]],AXIS[""Easting"",EAST],AXIS[""Northing"",NORTH]]","POLYGON ((691140.0000000001 5251440.0, 691140.0000000001 5266800.0, 706500.0000000001 5266800.0, 706500.0000000001 5251440.0, 691140.0000000001 5251440.0))",24397,237747,0
training,subsetted_512x512_HLS.S30.T11TPN.2020217.v1.4,11TPN,2020-08-04,"PROJCS[""UTM Zone 11, Northern Hemisphere"",GEOGCS[""Unknown datum based upon the WGS 84 ellipsoid"",DATUM[""Not specified (based on WGS 84 spheroid)"",SPHEROID[""WGS 84"",6378137,298.257223563,AUTHORITY[""EPSG"",""7030""]]],PRIMEM[""Greenwich"",0],UNIT[""degree"",0.0174532925199433,AUTHORITY[""EPSG"",""9122""]]],PROJECTION[""Transverse_Mercator""],PARAMETER[""latitude_of_origin"",0],PARAMETER[""central_meridian"",-117],PARAMETER[""scale_factor"",0.9996],PARAMETER[""false_easting"",500000],PARAMETER[""false_northing"",0],UNIT[""metre"",1,AUTHORITY[""EPSG"",""9001""]],AXIS[""Easting"",EAST],AXIS[""Northing"",NORTH]]","POLYGON ((684930.0 5234490.0, 684930.0 5249850.0, 700290.0 5249850.0, 700290.0 5234490.0, 684930.0 5234490.0))",16076,246068,0
training,subsetted_512x512_HLS.S30.T11TQG.2020186.v1.4,11TQG,2020-07-04,"PROJCS[""UTM Zone 11, Northern Hemisphere"",GEOGCS[""Unknown datum based upon the WGS 84 ellipsoid"",DATUM[""Not specified (based on WGS 84 spheroid)"",SPHEROID[""WGS 84"",6378137,298.257223563,AUTHORITY[""EPSG"",""7030""]]],PRIMEM[""Greenwich"",0],UNIT[""degree"",0.0174532925199433,AUTHORITY[""EPSG"",""9122""]]],PROJECTION[""Transverse_Mercator""],PARAMETER[""latitude_of_origin"",0],PARAMETER[""central_meridian"",-117],PARAMETER[""scale_factor"",0.9996],PARAMETER[""false_easting"",500000],PARAMETER[""false_northing"",0],UNIT[""metre"",1,AUTHORITY[""EPSG"",""9001""]],AXIS[""Easting"",EAST],AXIS[""Northing"",NORTH]]","POLYGON ((794400.0 4599300.0, 794400.0 4614660.0, 809760.0 4614660.0, 809760.0 4599300.0, 794400.0 4599300.0))",28058,234086,0
training,subsetted_512x512_HLS.S30.T11TQG.2020216.v1.4,11TQG,2020-08-03,"PROJCS[""UTM Zone 11, Northern Hemisphere"",GEOGCS[""Unknown datum based upon the WGS 84 ellipsoid"",DATUM[""Not specified (based on WGS 84 spheroid)"",SPHEROID[""WGS 84"",6378137,298.257223563,AUTHORITY[""EPSG"",""7030""]]],PRIMEM[""Greenwich"",0],UNIT[""degree"",0.0174532925199433,AUTHORITY[""EPSG"",""9122""]]],PROJECTION[""Transverse_Mercator""],PARAMETER[""latitude_of_origin"",0],PARAMETER[""central_meridian"",-117],PARAMETER[""scale_factor"",0.9996],PARAMETER[""false_easting"",500000],PARAMETER[""false_northing"",0],UNIT[""metre"",1,AUTHORITY[""EPSG"",""9001""]],AXIS[""Easting"",EAST],AXIS[""Northing"",NORTH]]","POLYGON ((774300.0 4619520.0, 774300.0 4634880.0, 789660.0 4634880.0, 789660.0 4619520.0, 774300.0 4619520.0))",13323,248821,0
training,subsetted_512x512_HLS.S30.T11TQH.2019221.v1.4,11TQH,2019-08-09,"PROJCS[""UTM Zone 11, Northern Hemisphere"",GEOGCS[""Unknown datum based upon the WGS 84 ellipsoid"",DATUM[""Not specified (based on WGS 84 spheroid)"",SPHEROID[""WGS 84"",6378137,298.257223563,AUTHORITY[""EPSG"",""7030""]]],PRIMEM[""Greenwich"",0],UNIT[""degree"",0.0174532925199433,AUTHORITY[""EPSG"",""9122""]]],PROJECTION[""Transverse_Mercator""],PARAMETER[""latitude_of_origin"",0],PARAMETER[""central_meridian"",-117],PARAMETER[""scale_factor"",0.9996],PARAMETER[""false_easting"",500000],PARAMETER[""false_northing"",0],UNIT[""metre"",1,AUTHORITY[""EPSG"",""9001""]],AXIS[""Easting"",EAST],AXIS[""Northing"",NORTH]]","POLYGON ((706770.0 4744260.0, 706770.0 4759620.0, 722130.0 4759620.0, 722130.0 4744260.0, 706770.0 4744260.0))",22686,205756,33702
training,subsetted_512x512_HLS.S30.T11TQH.2020216.v1.4,11TQH,2020-08-03,"PROJCS[""UTM Zone 11, Northern Hemisphere"",GEOGCS[""Unknown datum based upon the WGS 84 ellipsoid"",DATUM[""Not specified (based on WGS 84 spheroid)"",SPHEROID[""WGS 84"",6378137,298.257223563,AUTHORITY[""EPSG"",""7030""]]],PRIMEM[""Greenwich"",0],UNIT[""degree"",0.0174532925199433,AUTHORITY[""EPSG"",""9122""]]],PROJECTION[""Transverse_Mercator""],PARAMETER[""latitude_of_origin"",0],PARAMETER[""central_meridian"",-117],PARAMETER[""scale_factor"",0.9996],PARAMETER[""false_easting"",500000],PARAMETER[""false_northing"",0],UNIT[""metre"",1,AUTHORITY[""EPSG"",""9001""]],AXIS[""Easting"",EAST],AXIS[""Northing"",NORTH]]","POLYGON ((783780.0 4710300.0, 783780.0 4725660.0, 799140.0 4725660.0, 799140.0 4710300.0, 783780.0 4710300.0))",9610,252534,0
training,subsetted_512x512_HLS.S30.T11TQH.2020251.v1.4,11TQH,2020-09-07,"PROJCS[""UTM Zone 11, Northern Hemisphere"",GEOGCS[""Unknown datum based upon the WGS 84 ellipsoid"",DATUM[""Not specified (based on WGS 84 spheroid)"",SPHEROID[""WGS 84"",6378137,298.257223563,AUTHORITY[""EPSG"",""7030""]]],PRIMEM[""Greenwich"",0],UNIT[""degree"",0.0174532925199433,AUTHORITY[""EPSG"",""9122""]]],PROJECTION[""Transverse_Mercator""],PARAMETER[""latitude_of_origin"",0],PARAMETER[""central_meridian"",-117],PARAMETER[""scale_factor"",0.9996],PARAMETER[""false_easting"",500000],PARAMETER[""false_northing"",0],UNIT[""metre"",1,AUTHORITY[""EPSG"",""9001""]],AXIS[""Easting"",EAST],AXIS[""Northing"",NORTH]]","POLYGON ((783750.0 4717740.0, 783750.0 4733100.0, 799110.0 4733100.0, 799110.0 4717740.0, 783750.0 4717740.0))",5975,256169,0
training,subsetted_512x512_HLS.S30.T11TQJ.2018219.v1.4,11TQJ,2018-08-07,"PROJCS[""UTM Zone 11, Northern Hemisphere"",GEOGCS[""Unknown datum based upon the WGS 84 ellipsoid"",DATUM[""Not specified (based on WGS 84 spheroid)"",SPHEROID[""WGS 84"",6378137,298.257223563,AUTHORITY[""EPSG"",""7030""]]],PRIMEM[""Greenwich"",0],UNIT[""degree"",0.0174532925199433,AUTHORITY[""EPSG"",""9122""]]],PROJECTION[""Transverse_Mercator""],PARAMETER[""latitude_of_origin"",0],PARAMETER[""central_meridian"",-117],PARAMETER[""scale_factor"",0.9996],PARAMETER[""false_easting"",500000],PARAMETER[""false_northing"",0],UNIT[""metre"",1,AUTHORITY[""EPSG"",""9001""]],AXIS[""Easting"",EAST],AXIS[""Northing"",NORTH]]","POLYGON ((729900.0 4817190.0, 729900.0 4832550.0, 745260.0 4832550.0, 745260.0 4817190.0, 729900.0 4817190.0))",212887,49255,2
training,subsetted_512x512_HLS.S30.T11TQK.2020249.v1.4,11TQK,2020-09-05,"PROJCS[""UTM Zone 11, Northern Hemisphere"",GEOGCS[""Unknown datum based upon the WGS 84 ellipsoid"",DATUM[""Not specified (based on WGS 84 spheroid)"",SPHEROID[""WGS 84"",6378137,298.257223563,AUTHORITY[""EPSG"",""7030""]]],PRIMEM[""Greenwich"",0],UNIT[""degree"",0.0174532925199433,AUTHORITY[""EPSG"",""9122""]]],PROJECTION[""Transverse_Mercator""],PARAMETER[""latitude_of_origin"",0],PARAMETER[""central_meridian"",-117],PARAMETER[""scale_factor"",0.9996],PARAMETER[""false_easting"",500000],PARAMETER[""false_northing"",0],UNIT[""metre"",1,AUTHORITY[""EPSG"",""9001""]],AXIS[""Easting"",EAST],AXIS[""Northing"",NORTH]]","POLYGON ((776730.0 4970190.0, 776730.0 4985550.0, 792090.0 4985550.0, 792090.0 4970190.0, 776730.0 4970190.0))",67436,194708,0
training,subsetted_512x512_HLS.S30.T11TQL.2021223.v1.4,11TQL,2021-08-11,"PROJCS[""UTM Zone 11, Northern Hemisphere"",GEOGCS[""Unknown datum based upon the WGS 84 ellipsoid"",DATUM[""Not specified (based on WGS 84 spheroid)"",SPHEROID[""WGS 84"",6378137,298.257223563,AUTHORITY[""EPSG"",""7030""]]],PRIMEM[""Greenwich"",0],UNIT[""degree"",0.0174532925199433,AUTHORITY[""EPSG"",""9122""]]],PROJECTION[""Transverse_Mercator""],PARAMETER[""latitude_of_origin"",0],PARAMETER[""central_meridian"",-117],PARAMETER[""scale_factor"",0.9996],PARAMETER[""false_easting"",500000],PARAMETER[""false_northing"",0],UNIT[""metre"",1,AUTHORITY[""EPSG"",""9001""]],AXIS[""Easting"",EAST],AXIS[""Northing"",NORTH]]","POLYGON ((743160.0 5049870.0, 743160.0 5065230.0, 758520.0 5065230.0, 758520.0 5049870.0, 743160.0 5049870.0))",235395,26738,11
training,subsetted_512x512_HLS.S30.T11ULP.2018245.v1.4,11ULP,2018-09-02,"PROJCS[""UTM Zone 11, Northern Hemisphere"",GEOGCS[""Unknown datum based upon the WGS 84 ellipsoid"",DATUM[""Not specified (based on WGS 84 spheroid)"",SPHEROID[""WGS 84"",6378137,298.257223563,AUTHORITY[""EPSG"",""7030""]]],PRIMEM[""Greenwich"",0],UNIT[""degree"",0.0174532925199433,AUTHORITY[""EPSG"",""9122""]]],PROJECTION[""Transverse_Mercator""],PARAMETER[""latitude_of_origin"",0],PARAMETER[""central_meridian"",-117],PARAMETER[""scale_factor"",0.9996],PARAMETER[""false_easting"",500000],PARAMETER[""false_northing"",0],UNIT[""metre"",1,AUTHORITY[""EPSG"",""9001""]],AXIS[""Easting"",EAST],AXIS[""Northing"",NORTH]]","POLYGON ((326850.0 5303040.0, 326850.0 5318400.0, 342210.0 5318400.0, 342210.0 5303040.0, 326850.0 5303040.0))",205614,56516,14
training,subsetted_512x512_HLS.S30.T11ULP.2019245.v1.4,11ULP,2019-09-02,"PROJCS[""UTM Zone 11, Northern Hemisphere"",GEOGCS[""Unknown datum based upon the WGS 84 ellipsoid"",DATUM[""Not specified (based on WGS 84 spheroid)"",SPHEROID[""WGS 84"",6378137,298.257223563,AUTHORITY[""EPSG"",""7030""]]],PRIMEM[""Greenwich"",0],UNIT[""degree"",0.0174532925199433,AUTHORITY[""EPSG"",""9122""]]],PROJECTION[""Transverse_Mercator""],PARAMETER[""latitude_of_origin"",0],PARAMETER[""central_meridian"",-117],PARAMETER[""scale_factor"",0.9996],PARAMETER[""false_easting"",500000],PARAMETER[""false_northing"",0],UNIT[""metre"",1,AUTHORITY[""EPSG"",""9001""]],AXIS[""Easting"",EAST],AXIS[""Northing"",NORTH]]","POLYGON ((381120.0 5306610.0, 381120.0 5321970.0, 396480.0 5321970.0, 396480.0 5306610.0, 381120.0 5306610.0))",175714,86430,0
training,subsetted_512x512_HLS.S30.T11ULP.2020280.v1.4,11ULP,2020-10-06,"PROJCS[""UTM Zone 11, Northern Hemisphere"",GEOGCS[""Unknown datum based upon the WGS 84 ellipsoid"",DATUM[""Not specified (based on WGS 84 spheroid)"",SPHEROID[""WGS 84"",6378137,298.257223563,AUTHORITY[""EPSG"",""7030""]]],PRIMEM[""Greenwich"",0],UNIT[""degree"",0.0174532925199433,AUTHORITY[""EPSG"",""9122""]]],PROJECTION[""Transverse_Mercator""],PARAMETER[""latitude_of_origin"",0],PARAMETER[""central_meridian"",-117],PARAMETER[""scale_factor"",0.9996],PARAMETER[""false_easting"",500000],PARAMETER[""false_northing"",0],UNIT[""metre"",1,AUTHORITY[""EPSG"",""9001""]],AXIS[""Easting"",EAST],AXIS[""Northing"",NORTH]]","POLYGON ((394440.0 5328360.0, 394440.0 5343720.0, 409800.0 5343720.0, 409800.0 5328360.0, 394440.0 5328360.0))",53100,209041,3
training,subsetted_512x512_HLS.S30.T11ULP.2021249.v1.4,11ULP,2021-09-06,"PROJCS[""UTM Zone 11, Northern Hemisphere"",GEOGCS[""Unknown datum based upon the WGS 84 ellipsoid"",DATUM[""Not specified (based on WGS 84 spheroid)"",SPHEROID[""WGS 84"",6378137,298.257223563,AUTHORITY[""EPSG"",""7030""]]],PRIMEM[""Greenwich"",0],UNIT[""degree"",0.0174532925199433,AUTHORITY[""EPSG"",""9122""]]],PROJECTION[""Transverse_Mercator""],PARAMETER[""latitude_of_origin"",0],PARAMETER[""central_meridian"",-117],PARAMETER[""scale_factor"",0.9996],PARAMETER[""false_easting"",500000],PARAMETER[""false_northing"",0],UNIT[""metre"",1,AUTHORITY[""EPSG"",""9001""]],AXIS[""Easting"",EAST],AXIS[""Northing"",NORTH]]","POLYGON ((383550.0 5352690.000000001, 383550.0 5368050.000000001, 398910.0 5368050.000000001, 398910.0 5352690.000000001, 383550.0 5352690.000000001))",191710,69393,1041
training,subsetted_512x512_HLS.S30.T11UQP.2018249.v1.4,11UQP,2018-09-06,"PROJCS[""UTM Zone 11, Northern Hemisphere"",GEOGCS[""Unknown datum based upon the WGS 84 ellipsoid"",DATUM[""Not specified (based on WGS 84 spheroid)"",SPHEROID[""WGS 84"",6378137,298.257223563,AUTHORITY[""EPSG"",""7030""]]],PRIMEM[""Greenwich"",0],UNIT[""degree"",0.0174532925199433,AUTHORITY[""EPSG"",""9122""]]],PROJECTION[""Transverse_Mercator""],PARAMETER[""latitude_of_origin"",0],PARAMETER[""central_meridian"",-117],PARAMETER[""scale_factor"",0.9996],PARAMETER[""false_easting"",500000],PARAMETER[""false_northing"",0],UNIT[""metre"",1,AUTHORITY[""EPSG"",""9001""]],AXIS[""Easting"",EAST],AXIS[""Northing"",NORTH]]","POLYGON ((740820.0 5348700.0, 740820.0 5364060.0, 756180.0 5364060.0, 756180.0 5348700.0, 740820.0 5348700.0))",4974,256842,328
training,subsetted_512x512_HLS.S30.T12RVV.2018215.v1.4,12RVV,2018-08-03,"PROJCS[""UTM Zone 12, Northern Hemisphere"",GEOGCS[""Unknown datum based upon the WGS 84 ellipsoid"",DATUM[""Not specified (based on WGS 84 spheroid)"",SPHEROID[""WGS 84"",6378137,298.257223563,AUTHORITY[""EPSG"",""7030""]]],PRIMEM[""Greenwich"",0],UNIT[""degree"",0.0174532925199433,AUTHORITY[""EPSG"",""9122""]]],PROJECTION[""Transverse_Mercator""],PARAMETER[""latitude_of_origin"",0],PARAMETER[""central_meridian"",-111],PARAMETER[""scale_factor"",0.9996],PARAMETER[""false_easting"",500000],PARAMETER[""false_northing"",0],UNIT[""metre"",1,AUTHORITY[""EPSG"",""9001""]],AXIS[""Easting"",EAST],AXIS[""Northing"",NORTH]]","POLYGON ((449100.0 3473910.0, 449100.0 3489270.0, 464460.0 3489270.0, 464460.0 3473910.0, 449100.0 3473910.0))",19461,242683,0
training,subsetted_512x512_HLS.S30.T12RWV.2019075.v1.4,12RWV,2019-03-16,"PROJCS[""UTM Zone 12, Northern Hemisphere"",GEOGCS[""Unknown datum based upon the WGS 84 ellipsoid"",DATUM[""Not specified (based on WGS 84 spheroid)"",SPHEROID[""WGS 84"",6378137,298.257223563,AUTHORITY[""EPSG"",""7030""]]],PRIMEM[""Greenwich"",0],UNIT[""degree"",0.0174532925199433,AUTHORITY[""EPSG"",""9122""]]],PROJECTION[""Transverse_Mercator""],PARAMETER[""latitude_of_origin"",0],PARAMETER[""central_meridian"",-111],PARAMETER[""scale_factor"",0.9996],PARAMETER[""false_easting"",500000],PARAMETER[""false_northing"",0],UNIT[""metre"",1,AUTHORITY[""EPSG"",""9001""]],AXIS[""Easting"",EAST],AXIS[""Northing"",NORTH]]","POLYGON ((559590.0 3460560.0, 559590.0 3475920.0, 574950.0 3475920.0, 574950.0 3460560.0, 559590.0 3460560.0))",5333,255628,1183
training,subsetted_512x512_HLS.S30.T12RWV.2019225.v1.4,12RWV,2019-08-13,"PROJCS[""UTM Zone 12, Northern Hemisphere"",GEOGCS[""Unknown datum based upon the WGS 84 ellipsoid"",DATUM[""Not specified (based on WGS 84 spheroid)"",SPHEROID[""WGS 84"",6378137,298.257223563,AUTHORITY[""EPSG"",""7030""]]],PRIMEM[""Greenwich"",0],UNIT[""degree"",0.0174532925199433,AUTHORITY[""EPSG"",""9122""]]],PROJECTION[""Transverse_Mercator""],PARAMETER[""latitude_of_origin"",0],PARAMETER[""central_meridian"",-111],PARAMETER[""scale_factor"",0.9996],PARAMETER[""false_easting"",500000],PARAMETER[""false_northing"",0],UNIT[""metre"",1,AUTHORITY[""EPSG"",""9001""]],AXIS[""Easting"",EAST],AXIS[""Northing"",NORTH]]","POLYGON ((551520.0 3484620.0, 551520.0 3499980.0, 566880.0 3499980.0, 566880.0 3484620.0, 551520.0 3484620.0))",5143,256999,2
training,subsetted_512x512_HLS.S30.T12RXV.2018217.v1.4,12RXV,2018-08-05,"PROJCS[""UTM Zone 12, Northern Hemisphere"",GEOGCS[""Unknown datum based upon the WGS 84 ellipsoid"",DATUM[""Not specified (based on WGS 84 spheroid)"",SPHEROID[""WGS 84"",6378137,298.257223563,AUTHORITY[""EPSG"",""7030""]]],PRIMEM[""Greenwich"",0],UNIT[""degree"",0.0174532925199433,AUTHORITY[""EPSG"",""9122""]]],PROJECTION[""Transverse_Mercator""],PARAMETER[""latitude_of_origin"",0],PARAMETER[""central_meridian"",-111],PARAMETER[""scale_factor"",0.9996],PARAMETER[""false_easting"",500000],PARAMETER[""false_northing"",0],UNIT[""metre"",1,AUTHORITY[""EPSG"",""9001""]],AXIS[""Easting"",EAST],AXIS[""Northing"",NORTH]]","POLYGON ((644070.0 3483420.0, 644070.0 3498780.0, 659430.0 3498780.0, 659430.0 3483420.0, 644070.0 3483420.0))",18711,243419,14
training,subsetted_512x512_HLS.S30.T12RYV.2018152.v1.4,12RYV,2018-06-01,"PROJCS[""UTM Zone 12, Northern Hemisphere"",GEOGCS[""Unknown datum based upon the WGS 84 ellipsoid"",DATUM[""Not specified (based on WGS 84 spheroid)"",SPHEROID[""WGS 84"",6378137,298.257223563,AUTHORITY[""EPSG"",""7030""]]],PRIMEM[""Greenwich"",0],UNIT[""degree"",0.0174532925199433,AUTHORITY[""EPSG"",""9122""]]],PROJECTION[""Transverse_Mercator""],PARAMETER[""latitude_of_origin"",0],PARAMETER[""central_meridian"",-111],PARAMETER[""scale_factor"",0.9996],PARAMETER[""false_easting"",500000],PARAMETER[""false_northing"",0],UNIT[""metre"",1,AUTHORITY[""EPSG"",""9001""]],AXIS[""Easting"",EAST],AXIS[""Northing"",NORTH]]","POLYGON ((708450.0 3459990.0, 708450.0 3475350.0, 723810.0 3475350.0, 723810.0 3459990.0, 708450.0 3459990.0))",154958,107186,0
training,subsetted_512x512_HLS.S30.T12STC.2020218.v1.4,12STC,2020-08-05,"PROJCS[""UTM Zone 12, Northern Hemisphere"",GEOGCS[""Unknown datum based upon the WGS 84 ellipsoid"",DATUM[""Not specified (based on WGS 84 spheroid)"",SPHEROID[""WGS 84"",6378137,298.257223563,AUTHORITY[""EPSG"",""7030""]]],PRIMEM[""Greenwich"",0],UNIT[""degree"",0.0174532925199433,AUTHORITY[""EPSG"",""9122""]]],PROJECTION[""Transverse_Mercator""],PARAMETER[""latitude_of_origin"",0],PARAMETER[""central_meridian"",-111],PARAMETER[""scale_factor"",0.9996],PARAMETER[""false_easting"",500000],PARAMETER[""false_northing"",0],UNIT[""metre"",1,AUTHORITY[""EPSG"",""9001""]],AXIS[""Easting"",EAST],AXIS[""Northing"",NORTH]]","POLYGON ((288570.0 3695580.0, 288570.0 3710940.0, 303930.0 3710940.0, 303930.0 3695580.0, 288570.0 3695580.0))",7842,254302,0
training,subsetted_512x512_HLS.S30.T12STD.2020248.v1.4,12STD,2020-09-04,"PROJCS[""UTM Zone 12, Northern Hemisphere"",GEOGCS[""Unknown datum based upon the WGS 84 ellipsoid"",DATUM[""Not specified (based on WGS 84 spheroid)"",SPHEROID[""WGS 84"",6378137,298.257223563,AUTHORITY[""EPSG"",""7030""]]],PRIMEM[""Greenwich"",0],UNIT[""degree"",0.0174532925199433,AUTHORITY[""EPSG"",""9122""]]],PROJECTION[""Transverse_Mercator""],PARAMETER[""latitude_of_origin"",0],PARAMETER[""central_meridian"",-111],PARAMETER[""scale_factor"",0.9996],PARAMETER[""false_easting"",500000],PARAMETER[""false_northing"",0],UNIT[""metre"",1,AUTHORITY[""EPSG"",""9001""]],AXIS[""Easting"",EAST],AXIS[""Northing"",NORTH]]","POLYGON ((286350.0 3846330.0, 286350.0 3861690.0, 301710.0 3861690.0, 301710.0 3846330.0, 286350.0 3846330.0))",49790,212354,0
training,subsetted_512x512_HLS.S30.T12STE.2020246.v1.4,12STE,2020-09-02,"PROJCS[""UTM Zone 12, Northern Hemisphere"",GEOGCS[""Unknown datum based upon the WGS 84 ellipsoid"",DATUM[""Not specified (based on WGS 84 spheroid)"",SPHEROID[""WGS 84"",6378137,298.257223563,AUTHORITY[""EPSG"",""7030""]]],PRIMEM[""Greenwich"",0],UNIT[""degree"",0.0174532925199433,AUTHORITY[""EPSG"",""9122""]]],PROJECTION[""Transverse_Mercator""],PARAMETER[""latitude_of_origin"",0],PARAMETER[""central_meridian"",-111],PARAMETER[""scale_factor"",0.9996],PARAMETER[""false_easting"",500000],PARAMETER[""false_northing"",0],UNIT[""metre"",1,AUTHORITY[""EPSG"",""9001""]],AXIS[""Easting"",EAST],AXIS[""Northing"",NORTH]]","POLYGON ((240240.0 3954390.0, 240240.0 3969750.0, 255600.00000000003 3969750.0, 255600.00000000003 3954390.0, 240240.0 3954390.0))",28642,233396,106
training,subsetted_512x512_HLS.S30.T12STF.2018291.v1.4,12STF,2018-10-18,"PROJCS[""UTM Zone 12, Northern Hemisphere"",GEOGCS[""Unknown datum based upon the WGS 84 ellipsoid"",DATUM[""Not specified (based on WGS 84 spheroid)"",SPHEROID[""WGS 84"",6378137,298.257223563,AUTHORITY[""EPSG"",""7030""]]],PRIMEM[""Greenwich"",0],UNIT[""degree"",0.0174532925199433,AUTHORITY[""EPSG"",""9122""]]],PROJECTION[""Transverse_Mercator""],PARAMETER[""latitude_of_origin"",0],PARAMETER[""central_meridian"",-111],PARAMETER[""scale_factor"",0.9996],PARAMETER[""false_easting"",500000],PARAMETER[""false_northing"",0],UNIT[""metre"",1,AUTHORITY[""EPSG"",""9001""]],AXIS[""Easting"",EAST],AXIS[""Northing"",NORTH]]","POLYGON ((255149.99999999997 3990240.0000000005, 255149.99999999997 4005600.0000000005, 270510.0 4005600.0000000005, 270510.0 3990240.0000000005, 255149.99999999997 3990240.0000000005))",4933,257161,50
training,subsetted_512x512_HLS.S30.T12STF.2020156.v1.4,12STF,2020-06-04,"PROJCS[""UTM Zone 12, Northern Hemisphere"",GEOGCS[""Unknown datum based upon the WGS 84 ellipsoid"",DATUM[""Not specified (based on WGS 84 spheroid)"",SPHEROID[""WGS 84"",6378137,298.257223563,AUTHORITY[""EPSG"",""7030""]]],PRIMEM[""Greenwich"",0],UNIT[""degree"",0.0174532925199433,AUTHORITY[""EPSG"",""9122""]]],PROJECTION[""Transverse_Mercator""],PARAMETER[""latitude_of_origin"",0],PARAMETER[""central_meridian"",-111],PARAMETER[""scale_factor"",0.9996],PARAMETER[""false_easting"",500000],PARAMETER[""false_northing"",0],UNIT[""metre"",1,AUTHORITY[""EPSG"",""9001""]],AXIS[""Easting"",EAST],AXIS[""Northing"",NORTH]]","POLYGON ((236250.0 4042800.0, 236250.0 4058160.0, 251609.99999999997 4058160.0, 251609.99999999997 4042800.0, 236250.0 4042800.0))",161189,100955,0
training,subsetted_512x512_HLS.S30.T12STF.2021190.v1.4,12STF,2021-07-09,"PROJCS[""UTM Zone 12, Northern Hemisphere"",GEOGCS[""Unknown datum based upon the WGS 84 ellipsoid"",DATUM[""Not specified (based on WGS 84 spheroid)"",SPHEROID[""WGS 84"",6378137,298.257223563,AUTHORITY[""EPSG"",""7030""]]],PRIMEM[""Greenwich"",0],UNIT[""degree"",0.0174532925199433,AUTHORITY[""EPSG"",""9122""]]],PROJECTION[""Transverse_Mercator""],PARAMETER[""latitude_of_origin"",0],PARAMETER[""central_meridian"",-111],PARAMETER[""scale_factor"",0.9996],PARAMETER[""false_easting"",500000],PARAMETER[""false_northing"",0],UNIT[""metre"",1,AUTHORITY[""EPSG"",""9001""]],AXIS[""Easting"",EAST],AXIS[""Northing"",NORTH]]","POLYGON ((254550.0 4084620.0000000005, 254550.0 4099980.0000000005, 269910.0 4099980.0000000005, 269910.0 4084620.0000000005, 254550.0 4084620.0000000005))",5182,256962,0
training,subsetted_512x512_HLS.S30.T12STF.2021215.v1.4,12STF,2021-08-03,"PROJCS[""UTM Zone 12, Northern Hemisphere"",GEOGCS[""Unknown datum based upon the WGS 84 ellipsoid"",DATUM[""Not specified (based on WGS 84 spheroid)"",SPHEROID[""WGS 84"",6378137,298.257223563,AUTHORITY[""EPSG"",""7030""]]],PRIMEM[""Greenwich"",0],UNIT[""degree"",0.0174532925199433,AUTHORITY[""EPSG"",""9122""]]],PROJECTION[""Transverse_Mercator""],PARAMETER[""latitude_of_origin"",0],PARAMETER[""central_meridian"",-111],PARAMETER[""scale_factor"",0.9996],PARAMETER[""false_easting"",500000],PARAMETER[""false_northing"",0],UNIT[""metre"",1,AUTHORITY[""EPSG"",""9001""]],AXIS[""Easting"",EAST],AXIS[""Northing"",NORTH]]","POLYGON ((252510.0 4084620.0000000005, 252510.0 4099980.0000000005, 267870.0 4099980.0000000005, 267870.0 4084620.0000000005, 252510.0 4084620.0000000005))",10599,251545,0
training,subsetted_512x512_HLS.S30.T12STG.2020291.v1.4,12STG,2020-10-17,"PROJCS[""UTM Zone 12, Northern Hemisphere"",GEOGCS[""Unknown datum based upon the WGS 84 ellipsoid"",DATUM[""Not specified (based on WGS 84 spheroid)"",SPHEROID[""WGS 84"",6378137,298.257223563,AUTHORITY[""EPSG"",""7030""]]],PRIMEM[""Greenwich"",0],UNIT[""degree"",0.0174532925199433,AUTHORITY[""EPSG"",""9122""]]],PROJECTION[""Transverse_Mercator""],PARAMETER[""latitude_of_origin"",0],PARAMETER[""central_meridian"",-111],PARAMETER[""scale_factor"",0.9996],PARAMETER[""false_easting"",500000],PARAMETER[""false_northing"",0],UNIT[""metre"",1,AUTHORITY[""EPSG"",""9001""]],AXIS[""Easting"",EAST],AXIS[""Northing"",NORTH]]","POLYGON ((252030.00000000003 4123800.0, 252030.00000000003 4139160.0, 267390.0 4139160.0, 267390.0 4123800.0, 252030.00000000003 4123800.0))",11135,250968,41
training,subsetted_512x512_HLS.S30.T12STH.2020246.v1.4,12STH,2020-09-02,"PROJCS[""UTM Zone 12, Northern Hemisphere"",GEOGCS[""Unknown datum based upon the WGS 84 ellipsoid"",DATUM[""Not specified (based on WGS 84 spheroid)"",SPHEROID[""WGS 84"",6378137,298.257223563,AUTHORITY[""EPSG"",""7030""]]],PRIMEM[""Greenwich"",0],UNIT[""degree"",0.0174532925199433,AUTHORITY[""EPSG"",""9122""]]],PROJECTION[""Transverse_Mercator""],PARAMETER[""latitude_of_origin"",0],PARAMETER[""central_meridian"",-111],PARAMETER[""scale_factor"",0.9996],PARAMETER[""false_easting"",500000],PARAMETER[""false_northing"",0],UNIT[""metre"",1,AUTHORITY[""EPSG"",""9001""]],AXIS[""Easting"",EAST],AXIS[""Northing"",NORTH]]","POLYGON ((275640.0 4277040.0, 275640.0 4292400.0, 291000.0 4292400.0, 291000.0 4277040.0, 275640.0 4277040.0))",27690,234454,0
training,subsetted_512x512_HLS.S30.T12SUC.2019158.v1.4,12SUC,2019-06-07,"PROJCS[""UTM Zone 12, Northern Hemisphere"",GEOGCS[""Unknown datum based upon the WGS 84 ellipsoid"",DATUM[""Not specified (based on WGS 84 spheroid)"",SPHEROID[""WGS 84"",6378137,298.257223563,AUTHORITY[""EPSG"",""7030""]]],PRIMEM[""Greenwich"",0],UNIT[""degree"",0.0174532925199433,AUTHORITY[""EPSG"",""9122""]]],PROJECTION[""Transverse_Mercator""],PARAMETER[""latitude_of_origin"",0],PARAMETER[""central_meridian"",-111],PARAMETER[""scale_factor"",0.9996],PARAMETER[""false_easting"",500000],PARAMETER[""false_northing"",0],UNIT[""metre"",1,AUTHORITY[""EPSG"",""9001""]],AXIS[""Easting"",EAST],AXIS[""Northing"",NORTH]]","POLYGON ((359130.0 3733050.0, 359130.0 3748410.0, 374490.0 3748410.0, 374490.0 3733050.0, 359130.0 3733050.0))",8081,254063,0
training,subsetted_512x512_HLS.S30.T12SUC.2020318.v1.4,12SUC,2020-11-13,"PROJCS[""UTM Zone 12, Northern Hemisphere"",GEOGCS[""Unknown datum based upon the WGS 84 ellipsoid"",DATUM[""Not specified (based on WGS 84 spheroid)"",SPHEROID[""WGS 84"",6378137,298.257223563,AUTHORITY[""EPSG"",""7030""]]],PRIMEM[""Greenwich"",0],UNIT[""degree"",0.0174532925199433,AUTHORITY[""EPSG"",""9122""]]],PROJECTION[""Transverse_Mercator""],PARAMETER[""latitude_of_origin"",0],PARAMETER[""central_meridian"",-111],PARAMETER[""scale_factor"",0.9996],PARAMETER[""false_easting"",500000],PARAMETER[""false_northing"",0],UNIT[""metre"",1,AUTHORITY[""EPSG"",""9001""]],AXIS[""Easting"",EAST],AXIS[""Northing"",NORTH]]","POLYGON ((361500.0 3781950.0, 361500.0 3797310.0, 376860.0 3797310.0, 376860.0 3781950.0, 361500.0 3781950.0))",41226,219706,1212
training,subsetted_512x512_HLS.S30.T12SUD.2018218.v1.4,12SUD,2018-08-06,"PROJCS[""UTM Zone 12, Northern Hemisphere"",GEOGCS[""Unknown datum based upon the WGS 84 ellipsoid"",DATUM[""Not specified (based on WGS 84 spheroid)"",SPHEROID[""WGS 84"",6378137,298.257223563,AUTHORITY[""EPSG"",""7030""]]],PRIMEM[""Greenwich"",0],UNIT[""degree"",0.0174532925199433,AUTHORITY[""EPSG"",""9122""]]],PROJECTION[""Transverse_Mercator""],PARAMETER[""latitude_of_origin"",0],PARAMETER[""central_meridian"",-111],PARAMETER[""scale_factor"",0.9996],PARAMETER[""false_easting"",500000],PARAMETER[""false_northing"",0],UNIT[""metre"",1,AUTHORITY[""EPSG"",""9001""]],AXIS[""Easting"",EAST],AXIS[""Northing"",NORTH]]","POLYGON ((315840.0 3842580.0, 315840.0 3857940.0, 331200.0 3857940.0, 331200.0 3842580.0, 315840.0 3842580.0))",27610,234534,0
training,subsetted_512x512_HLS.S30.T12SUD.2019183.v1.4,12SUD,2019-07-02,"PROJCS[""UTM Zone 12, Northern Hemisphere"",GEOGCS[""Unknown datum based upon the WGS 84 ellipsoid"",DATUM[""Not specified (based on WGS 84 spheroid)"",SPHEROID[""WGS 84"",6378137,298.257223563,AUTHORITY[""EPSG"",""7030""]]],PRIMEM[""Greenwich"",0],UNIT[""degree"",0.0174532925199433,AUTHORITY[""EPSG"",""9122""]]],PROJECTION[""Transverse_Mercator""],PARAMETER[""latitude_of_origin"",0],PARAMETER[""central_meridian"",-111],PARAMETER[""scale_factor"",0.9996],PARAMETER[""false_easting"",500000],PARAMETER[""false_northing"",0],UNIT[""metre"",1,AUTHORITY[""EPSG"",""9001""]],AXIS[""Easting"",EAST],AXIS[""Northing"",NORTH]]","POLYGON ((350070.0 3814410.0, 350070.0 3829770.0, 365430.0 3829770.0, 365430.0 3814410.0, 350070.0 3814410.0))",6387,255756,1
training,subsetted_512x512_HLS.S30.T12SUE.2019183.v1.4,12SUE,2019-07-02,"PROJCS[""UTM Zone 12, Northern Hemisphere"",GEOGCS[""Unknown datum based upon the WGS 84 ellipsoid"",DATUM[""Not specified (based on WGS 84 spheroid)"",SPHEROID[""WGS 84"",6378137,298.257223563,AUTHORITY[""EPSG"",""7030""]]],PRIMEM[""Greenwich"",0],UNIT[""degree"",0.0174532925199433,AUTHORITY[""EPSG"",""9122""]]],PROJECTION[""Transverse_Mercator""],PARAMETER[""latitude_of_origin"",0],PARAMETER[""central_meridian"",-111],PARAMETER[""scale_factor"",0.9996],PARAMETER[""false_easting"",500000],PARAMETER[""false_northing"",0],UNIT[""metre"",1,AUTHORITY[""EPSG"",""9001""]],AXIS[""Easting"",EAST],AXIS[""Northing"",NORTH]]","POLYGON ((394440.0 3979230.0000000005, 394440.0 3994590.0000000005, 409800.0 3994590.0000000005, 409800.0 3979230.0000000005, 394440.0 3979230.0000000005))",7908,254171,65
training,subsetted_512x512_HLS.S30.T12SUF.2018253.v1.4,12SUF,2018-09-10,"PROJCS[""UTM Zone 12, Northern Hemisphere"",GEOGCS[""Unknown datum based upon the WGS 84 ellipsoid"",DATUM[""Not specified (based on WGS 84 spheroid)"",SPHEROID[""WGS 84"",6378137,298.257223563,AUTHORITY[""EPSG"",""7030""]]],PRIMEM[""Greenwich"",0],UNIT[""degree"",0.0174532925199433,AUTHORITY[""EPSG"",""9122""]]],PROJECTION[""Transverse_Mercator""],PARAMETER[""latitude_of_origin"",0],PARAMETER[""central_meridian"",-111],PARAMETER[""scale_factor"",0.9996],PARAMETER[""false_easting"",500000],PARAMETER[""false_northing"",0],UNIT[""metre"",1,AUTHORITY[""EPSG"",""9001""]],AXIS[""Easting"",EAST],AXIS[""Northing"",NORTH]]","POLYGON ((375570.0 4017719.9999999995, 375570.0 4033079.9999999995, 390930.0 4033079.9999999995, 390930.0 4017719.9999999995, 375570.0 4017719.9999999995))",11171,250957,16
training,subsetted_512x512_HLS.S30.T12SUF.2019183.v1.4,12SUF,2019-07-02,"PROJCS[""UTM Zone 12, Northern Hemisphere"",GEOGCS[""Unknown datum based upon the WGS 84 ellipsoid"",DATUM[""Not specified (based on WGS 84 spheroid)"",SPHEROID[""WGS 84"",6378137,298.257223563,AUTHORITY[""EPSG"",""7030""]]],PRIMEM[""Greenwich"",0],UNIT[""degree"",0.0174532925199433,AUTHORITY[""EPSG"",""9122""]]],PROJECTION[""Transverse_Mercator""],PARAMETER[""latitude_of_origin"",0],PARAMETER[""central_meridian"",-111],PARAMETER[""scale_factor"",0.9996],PARAMETER[""false_easting"",500000],PARAMETER[""false_northing"",0],UNIT[""metre"",1,AUTHORITY[""EPSG"",""9001""]],AXIS[""Easting"",EAST],AXIS[""Northing"",NORTH]]","POLYGON ((379530.0 4046759.9999999995, 379530.0 4062119.9999999995, 394890.0 4062119.9999999995, 394890.0 4046759.9999999995, 379530.0 4046759.9999999995))",16576,245568,0
training,subsetted_512x512_HLS.S30.T12SUF.2020223.v1.4,12SUF,2020-08-10,"PROJCS[""UTM Zone 12, Northern Hemisphere"",GEOGCS[""Unknown datum based upon the WGS 84 ellipsoid"",DATUM[""Not specified (based on WGS 84 spheroid)"",SPHEROID[""WGS 84"",6378137,298.257223563,AUTHORITY[""EPSG"",""7030""]]],PRIMEM[""Greenwich"",0],UNIT[""degree"",0.0174532925199433,AUTHORITY[""EPSG"",""9122""]]],PROJECTION[""Transverse_Mercator""],PARAMETER[""latitude_of_origin"",0],PARAMETER[""central_meridian"",-111],PARAMETER[""scale_factor"",0.9996],PARAMETER[""false_easting"",500000],PARAMETER[""false_northing"",0],UNIT[""metre"",1,AUTHORITY[""EPSG"",""9001""]],AXIS[""Easting"",EAST],AXIS[""Northing"",NORTH]]","POLYGON ((394440.0 4084620.0000000005, 394440.0 4099980.0000000005, 409800.0 4099980.0000000005, 409800.0 4084620.0000000005, 394440.0 4084620.0000000005))",51896,210248,0
training,subsetted_512x512_HLS.S30.T12SUH.2018228.v1.4,12SUH,2018-08-16,"PROJCS[""UTM Zone 12, Northern Hemisphere"",GEOGCS[""Unknown datum based upon the WGS 84 ellipsoid"",DATUM[""Not specified (based on WGS 84 spheroid)"",SPHEROID[""WGS 84"",6378137,298.257223563,AUTHORITY[""EPSG"",""7030""]]],PRIMEM[""Greenwich"",0],UNIT[""degree"",0.0174532925199433,AUTHORITY[""EPSG"",""9122""]]],PROJECTION[""Transverse_Mercator""],PARAMETER[""latitude_of_origin"",0],PARAMETER[""central_meridian"",-111],PARAMETER[""scale_factor"",0.9996],PARAMETER[""false_easting"",500000],PARAMETER[""false_northing"",0],UNIT[""metre"",1,AUTHORITY[""EPSG"",""9001""]],AXIS[""Easting"",EAST],AXIS[""Northing"",NORTH]]","POLYGON ((305970.0 4208670.0, 305970.0 4224030.0, 321330.0 4224030.0, 321330.0 4208670.0, 305970.0 4208670.0))",5346,256798,0
training,subsetted_512x512_HLS.S30.T12SUH.2019298.v1.4,12SUH,2019-10-25,"PROJCS[""UTM Zone 12, Northern Hemisphere"",GEOGCS[""Unknown datum based upon the WGS 84 ellipsoid"",DATUM[""Not specified (based on WGS 84 spheroid)"",SPHEROID[""WGS 84"",6378137,298.257223563,AUTHORITY[""EPSG"",""7030""]]],PRIMEM[""Greenwich"",0],UNIT[""degree"",0.0174532925199433,AUTHORITY[""EPSG"",""9122""]]],PROJECTION[""Transverse_Mercator""],PARAMETER[""latitude_of_origin"",0],PARAMETER[""central_meridian"",-111],PARAMETER[""scale_factor"",0.9996],PARAMETER[""false_easting"",500000],PARAMETER[""false_northing"",0],UNIT[""metre"",1,AUTHORITY[""EPSG"",""9001""]],AXIS[""Easting"",EAST],AXIS[""Northing"",NORTH]]","POLYGON ((304230.0 4206870.0, 304230.0 4222230.0, 319590.0 4222230.0, 319590.0 4206870.0, 304230.0 4206870.0))",81474,180670,0
training,subsetted_512x512_HLS.S30.T12SUH.2020188.v1.4,12SUH,2020-07-06,"PROJCS[""UTM Zone 12, Northern Hemisphere"",GEOGCS[""Unknown datum based upon the WGS 84 ellipsoid"",DATUM[""Not specified (based on WGS 84 spheroid)"",SPHEROID[""WGS 84"",6378137,298.257223563,AUTHORITY[""EPSG"",""7030""]]],PRIMEM[""Greenwich"",0],UNIT[""degree"",0.0174532925199433,AUTHORITY[""EPSG"",""9122""]]],PROJECTION[""Transverse_Mercator""],PARAMETER[""latitude_of_origin"",0],PARAMETER[""central_meridian"",-111],PARAMETER[""scale_factor"",0.9996],PARAMETER[""false_easting"",500000],PARAMETER[""false_northing"",0],UNIT[""metre"",1,AUTHORITY[""EPSG"",""9001""]],AXIS[""Easting"",EAST],AXIS[""Northing"",NORTH]]","POLYGON ((304410.0 4269630.0, 304410.0 4284990.0, 319770.0 4284990.0, 319770.0 4269630.0, 304410.0 4269630.0))",90829,123630,47685
training,subsetted_512x512_HLS.S30.T12SVA.2020230.v1.4,12SVA,2020-08-17,"PROJCS[""UTM Zone 12, Northern Hemisphere"",GEOGCS[""Unknown datum based upon the WGS 84 ellipsoid"",DATUM[""Not specified (based on WGS 84 spheroid)"",SPHEROID[""WGS 84"",6378137,298.257223563,AUTHORITY[""EPSG"",""7030""]]],PRIMEM[""Greenwich"",0],UNIT[""degree"",0.0174532925199433,AUTHORITY[""EPSG"",""9122""]]],PROJECTION[""Transverse_Mercator""],PARAMETER[""latitude_of_origin"",0],PARAMETER[""central_meridian"",-111],PARAMETER[""scale_factor"",0.9996],PARAMETER[""false_easting"",500000],PARAMETER[""false_northing"",0],UNIT[""metre"",1,AUTHORITY[""EPSG"",""9001""]],AXIS[""Easting"",EAST],AXIS[""Northing"",NORTH]]","POLYGON ((474840.0 3527550.0, 474840.0 3542910.0, 490200.0 3542910.0, 490200.0 3527550.0, 474840.0 3527550.0))",10319,251825,0
training,subsetted_512x512_HLS.S30.T12SVA.2020310.v1.4,12SVA,2020-11-05,"PROJCS[""UTM Zone 12, Northern Hemisphere"",GEOGCS[""Unknown datum based upon the WGS 84 ellipsoid"",DATUM[""Not specified (based on WGS 84 spheroid)"",SPHEROID[""WGS 84"",6378137,298.257223563,AUTHORITY[""EPSG"",""7030""]]],PRIMEM[""Greenwich"",0],UNIT[""degree"",0.0174532925199433,AUTHORITY[""EPSG"",""9122""]]],PROJECTION[""Transverse_Mercator""],PARAMETER[""latitude_of_origin"",0],PARAMETER[""central_meridian"",-111],PARAMETER[""scale_factor"",0.9996],PARAMETER[""false_easting"",500000],PARAMETER[""false_northing"",0],UNIT[""metre"",1,AUTHORITY[""EPSG"",""9001""]],AXIS[""Easting"",EAST],AXIS[""Northing"",NORTH]]","POLYGON ((458430.0 3497280.0, 458430.0 3512640.0, 473790.0 3512640.0, 473790.0 3497280.0, 458430.0 3497280.0))",7956,254188,0
training,subsetted_512x512_HLS.S30.T12SVB.2020155.v1.4,12SVB,2020-06-03,"PROJCS[""UTM Zone 12, Northern Hemisphere"",GEOGCS[""Unknown datum based upon the WGS 84 ellipsoid"",DATUM[""Not specified (based on WGS 84 spheroid)"",SPHEROID[""WGS 84"",6378137,298.257223563,AUTHORITY[""EPSG"",""7030""]]],PRIMEM[""Greenwich"",0],UNIT[""degree"",0.0174532925199433,AUTHORITY[""EPSG"",""9122""]]],PROJECTION[""Transverse_Mercator""],PARAMETER[""latitude_of_origin"",0],PARAMETER[""central_meridian"",-111],PARAMETER[""scale_factor"",0.9996],PARAMETER[""false_easting"",500000],PARAMETER[""false_northing"",0],UNIT[""metre"",1,AUTHORITY[""EPSG"",""9001""]],AXIS[""Easting"",EAST],AXIS[""Northing"",NORTH]]","POLYGON ((464610.0 3684600.0, 464610.0 3699960.0, 479970.0 3699960.0, 479970.0 3684600.0, 464610.0 3684600.0))",97185,164959,0
training,subsetted_512x512_HLS.S30.T12SVC.2019190.v1.4,12SVC,2019-07-09,"PROJCS[""UTM Zone 12, Northern Hemisphere"",GEOGCS[""Unknown datum based upon the WGS 84 ellipsoid"",DATUM[""Not specified (based on WGS 84 spheroid)"",SPHEROID[""WGS 84"",6378137,298.257223563,AUTHORITY[""EPSG"",""7030""]]],PRIMEM[""Greenwich"",0],UNIT[""degree"",0.0174532925199433,AUTHORITY[""EPSG"",""9122""]]],PROJECTION[""Transverse_Mercator""],PARAMETER[""latitude_of_origin"",0],PARAMETER[""central_meridian"",-111],PARAMETER[""scale_factor"",0.9996],PARAMETER[""false_easting"",500000],PARAMETER[""false_northing"",0],UNIT[""metre"",1,AUTHORITY[""EPSG"",""9001""]],AXIS[""Easting"",EAST],AXIS[""Northing"",NORTH]]","POLYGON ((475410.0 3699660.0, 475410.0 3715020.0, 490770.0 3715020.0, 490770.0 3699660.0, 475410.0 3699660.0))",252327,9817,0
training,subsetted_512x512_HLS.S30.T12SVC.2019245.v1.4,12SVC,2019-09-02,"PROJCS[""UTM Zone 12, Northern Hemisphere"",GEOGCS[""Unknown datum based upon the WGS 84 ellipsoid"",DATUM[""Not specified (based on WGS 84 spheroid)"",SPHEROID[""WGS 84"",6378137,298.257223563,AUTHORITY[""EPSG"",""7030""]]],PRIMEM[""Greenwich"",0],UNIT[""degree"",0.0174532925199433,AUTHORITY[""EPSG"",""9122""]]],PROJECTION[""Transverse_Mercator""],PARAMETER[""latitude_of_origin"",0],PARAMETER[""central_meridian"",-111],PARAMETER[""scale_factor"",0.9996],PARAMETER[""false_easting"",500000],PARAMETER[""false_northing"",0],UNIT[""metre"",1,AUTHORITY[""EPSG"",""9001""]],AXIS[""Easting"",EAST],AXIS[""Northing"",NORTH]]","POLYGON ((438090.0 3723600.0, 438090.0 3738960.0, 453450.0 3738960.0, 453450.0 3723600.0, 438090.0 3723600.0))",12108,250036,0
training,subsetted_512x512_HLS.S30.T12SVC.2020155.v1.4,12SVC,2020-06-03,"PROJCS[""UTM Zone 12, Northern Hemisphere"",GEOGCS[""Unknown datum based upon the WGS 84 ellipsoid"",DATUM[""Not specified (based on WGS 84 spheroid)"",SPHEROID[""WGS 84"",6378137,298.257223563,AUTHORITY[""EPSG"",""7030""]]],PRIMEM[""Greenwich"",0],UNIT[""degree"",0.0174532925199433,AUTHORITY[""EPSG"",""9122""]]],PROJECTION[""Transverse_Mercator""],PARAMETER[""latitude_of_origin"",0],PARAMETER[""central_meridian"",-111],PARAMETER[""scale_factor"",0.9996],PARAMETER[""false_easting"",500000],PARAMETER[""false_northing"",0],UNIT[""metre"",1,AUTHORITY[""EPSG"",""9001""]],AXIS[""Easting"",EAST],AXIS[""Northing"",NORTH]]","POLYGON ((401070.00000000006 3738420.0, 401070.00000000006 3753780.0, 416430.00000000006 3753780.0, 416430.00000000006 3738420.0, 401070.00000000006 3738420.0))",11125,216188,34831
training,subsetted_512x512_HLS.S30.T12SVC.2020190.v1.4,12SVC,2020-07-08,"PROJCS[""UTM Zone 12, Northern Hemisphere"",GEOGCS[""Unknown datum based upon the WGS 84 ellipsoid"",DATUM[""Not specified (based on WGS 84 spheroid)"",SPHEROID[""WGS 84"",6378137,298.257223563,AUTHORITY[""EPSG"",""7030""]]],PRIMEM[""Greenwich"",0],UNIT[""degree"",0.0174532925199433,AUTHORITY[""EPSG"",""9122""]]],PROJECTION[""Transverse_Mercator""],PARAMETER[""latitude_of_origin"",0],PARAMETER[""central_meridian"",-111],PARAMETER[""scale_factor"",0.9996],PARAMETER[""false_easting"",500000],PARAMETER[""false_northing"",0],UNIT[""metre"",1,AUTHORITY[""EPSG"",""9001""]],AXIS[""Easting"",EAST],AXIS[""Northing"",NORTH]]","POLYGON ((400020.0 3749970.0, 400020.0 3765330.0, 415380.0 3765330.0, 415380.0 3749970.0, 400020.0 3749970.0))",3969,153518,104657
training,subsetted_512x512_HLS.S30.T12SVC.2020250.v1.4,12SVC,2020-09-06,"PROJCS[""UTM Zone 12, Northern Hemisphere"",GEOGCS[""Unknown datum based upon the WGS 84 ellipsoid"",DATUM[""Not specified (based on WGS 84 spheroid)"",SPHEROID[""WGS 84"",6378137,298.257223563,AUTHORITY[""EPSG"",""7030""]]],PRIMEM[""Greenwich"",0],UNIT[""degree"",0.0174532925199433,AUTHORITY[""EPSG"",""9122""]]],PROJECTION[""Transverse_Mercator""],PARAMETER[""latitude_of_origin"",0],PARAMETER[""central_meridian"",-111],PARAMETER[""scale_factor"",0.9996],PARAMETER[""false_easting"",500000],PARAMETER[""false_northing"",0],UNIT[""metre"",1,AUTHORITY[""EPSG"",""9001""]],AXIS[""Easting"",EAST],AXIS[""Northing"",NORTH]]","POLYGON ((414540.0 3749160.0, 414540.0 3764520.0, 429900.0 3764520.0, 429900.0 3749160.0, 414540.0 3749160.0))",5700,256444,0
training,subsetted_512x512_HLS.S30.T12SVC.2020285.v1.4,12SVC,2020-10-11,"PROJCS[""UTM Zone 12, Northern Hemisphere"",GEOGCS[""Unknown datum based upon the WGS 84 ellipsoid"",DATUM[""Not specified (based on WGS 84 spheroid)"",SPHEROID[""WGS 84"",6378137,298.257223563,AUTHORITY[""EPSG"",""7030""]]],PRIMEM[""Greenwich"",0],UNIT[""degree"",0.0174532925199433,AUTHORITY[""EPSG"",""9122""]]],PROJECTION[""Transverse_Mercator""],PARAMETER[""latitude_of_origin"",0],PARAMETER[""central_meridian"",-111],PARAMETER[""scale_factor"",0.9996],PARAMETER[""false_easting"",500000],PARAMETER[""false_northing"",0],UNIT[""metre"",1,AUTHORITY[""EPSG"",""9001""]],AXIS[""Easting"",EAST],AXIS[""Northing"",NORTH]]","POLYGON ((420780.0 3745770.0, 420780.0 3761130.0, 436140.0 3761130.0, 436140.0 3745770.0, 420780.0 3745770.0))",60097,202047,0
training,subsetted_512x512_HLS.S30.T12SVD.2018168.v1.4,12SVD,2018-06-17,"PROJCS[""UTM Zone 12, Northern Hemisphere"",GEOGCS[""Unknown datum based upon the WGS 84 ellipsoid"",DATUM[""Not specified (based on WGS 84 spheroid)"",SPHEROID[""WGS 84"",6378137,298.257223563,AUTHORITY[""EPSG"",""7030""]]],PRIMEM[""Greenwich"",0],UNIT[""degree"",0.0174532925199433,AUTHORITY[""EPSG"",""9122""]]],PROJECTION[""Transverse_Mercator""],PARAMETER[""latitude_of_origin"",0],PARAMETER[""central_meridian"",-111],PARAMETER[""scale_factor"",0.9996],PARAMETER[""false_easting"",500000],PARAMETER[""false_northing"",0],UNIT[""metre"",1,AUTHORITY[""EPSG"",""9001""]],AXIS[""Easting"",EAST],AXIS[""Northing"",NORTH]]","POLYGON ((482370.0 3819570.0, 482370.0 3834930.0, 497730.0 3834930.0, 497730.0 3819570.0, 482370.0 3819570.0))",72265,126022,63857
training,subsetted_512x512_HLS.S30.T12SVD.2019183.v1.4,12SVD,2019-07-02,"PROJCS[""UTM Zone 12, Northern Hemisphere"",GEOGCS[""Unknown datum based upon the WGS 84 ellipsoid"",DATUM[""Not specified (based on WGS 84 spheroid)"",SPHEROID[""WGS 84"",6378137,298.257223563,AUTHORITY[""EPSG"",""7030""]]],PRIMEM[""Greenwich"",0],UNIT[""degree"",0.0174532925199433,AUTHORITY[""EPSG"",""9122""]]],PROJECTION[""Transverse_Mercator""],PARAMETER[""latitude_of_origin"",0],PARAMETER[""central_meridian"",-111],PARAMETER[""scale_factor"",0.9996],PARAMETER[""false_easting"",500000],PARAMETER[""false_northing"",0],UNIT[""metre"",1,AUTHORITY[""EPSG"",""9001""]],AXIS[""Easting"",EAST],AXIS[""Northing"",NORTH]]","POLYGON ((400560.0 3798990.0, 400560.0 3814350.0, 415920.0 3814350.0, 415920.0 3798990.0, 400560.0 3798990.0))",11549,250595,0
training,subsetted_512x512_HLS.S30.T12SVE.2019183.v1.4,12SVE,2019-07-02,"PROJCS[""UTM Zone 12, Northern Hemisphere"",GEOGCS[""Unknown datum based upon the WGS 84 ellipsoid"",DATUM[""Not specified (based on WGS 84 spheroid)"",SPHEROID[""WGS 84"",6378137,298.257223563,AUTHORITY[""EPSG"",""7030""]]],PRIMEM[""Greenwich"",0],UNIT[""degree"",0.0174532925199433,AUTHORITY[""EPSG"",""9122""]]],PROJECTION[""Transverse_Mercator""],PARAMETER[""latitude_of_origin"",0],PARAMETER[""central_meridian"",-111],PARAMETER[""scale_factor"",0.9996],PARAMETER[""false_easting"",500000],PARAMETER[""false_northing"",0],UNIT[""metre"",1,AUTHORITY[""EPSG"",""9001""]],AXIS[""Easting"",EAST],AXIS[""Northing"",NORTH]]","POLYGON ((455760.0 3899820.0, 455760.0 3915180.0, 471120.0 3915180.0, 471120.0 3899820.0, 455760.0 3899820.0))",38679,223465,0
training,subsetted_512x512_HLS.S30.T12SVE.2019228.v1.4,12SVE,2019-08-16,"PROJCS[""UTM Zone 12, Northern Hemisphere"",GEOGCS[""Unknown datum based upon the WGS 84 ellipsoid"",DATUM[""Not specified (based on WGS 84 spheroid)"",SPHEROID[""WGS 84"",6378137,298.257223563,AUTHORITY[""EPSG"",""7030""]]],PRIMEM[""Greenwich"",0],UNIT[""degree"",0.0174532925199433,AUTHORITY[""EPSG"",""9122""]]],PROJECTION[""Transverse_Mercator""],PARAMETER[""latitude_of_origin"",0],PARAMETER[""central_meridian"",-111],PARAMETER[""scale_factor"",0.9996],PARAMETER[""false_easting"",500000],PARAMETER[""false_northing"",0],UNIT[""metre"",1,AUTHORITY[""EPSG"",""9001""]],AXIS[""Easting"",EAST],AXIS[""Northing"",NORTH]]","POLYGON ((435900.0 3894630.0, 435900.0 3909990.0, 451260.0 3909990.0, 451260.0 3894630.0, 435900.0 3894630.0))",9033,253105,6
training,subsetted_512x512_HLS.S30.T12SVF.2018253.v1.4,12SVF,2018-09-10,"PROJCS[""UTM Zone 12, Northern Hemisphere"",GEOGCS[""Unknown datum based upon the WGS 84 ellipsoid"",DATUM[""Not specified (based on WGS 84 spheroid)"",SPHEROID[""WGS 84"",6378137,298.257223563,AUTHORITY[""EPSG"",""7030""]]],PRIMEM[""Greenwich"",0],UNIT[""degree"",0.0174532925199433,AUTHORITY[""EPSG"",""9122""]]],PROJECTION[""Transverse_Mercator""],PARAMETER[""latitude_of_origin"",0],PARAMETER[""central_meridian"",-111],PARAMETER[""scale_factor"",0.9996],PARAMETER[""false_easting"",500000],PARAMETER[""false_northing"",0],UNIT[""metre"",1,AUTHORITY[""EPSG"",""9001""]],AXIS[""Easting"",EAST],AXIS[""Northing"",NORTH]]","POLYGON ((400710.0 4015710.0, 400710.0 4031070.0, 416070.0 4031070.0, 416070.0 4015710.0, 400710.0 4015710.0))",20575,241551,18
training,subsetted_512x512_HLS.S30.T12SWA.2019260.v1.4,12SWA,2019-09-17,"PROJCS[""UTM Zone 12, Northern Hemisphere"",GEOGCS[""Unknown datum based upon the WGS 84 ellipsoid"",DATUM[""Not specified (based on WGS 84 spheroid)"",SPHEROID[""WGS 84"",6378137,298.257223563,AUTHORITY[""EPSG"",""7030""]]],PRIMEM[""Greenwich"",0],UNIT[""degree"",0.0174532925199433,AUTHORITY[""EPSG"",""9122""]]],PROJECTION[""Transverse_Mercator""],PARAMETER[""latitude_of_origin"",0],PARAMETER[""central_meridian"",-111],PARAMETER[""scale_factor"",0.9996],PARAMETER[""false_easting"",500000],PARAMETER[""false_northing"",0],UNIT[""metre"",1,AUTHORITY[""EPSG"",""9001""]],AXIS[""Easting"",EAST],AXIS[""Northing"",NORTH]]","POLYGON ((548430.0 3547800.0, 548430.0 3563160.0, 563790.0 3563160.0, 563790.0 3547800.0, 548430.0 3547800.0))",6261,255883,0
training,subsetted_512x512_HLS.S30.T12SWA.2020230.v1.4,12SWA,2020-08-17,"PROJCS[""UTM Zone 12, Northern Hemisphere"",GEOGCS[""Unknown datum based upon the WGS 84 ellipsoid"",DATUM[""Not specified (based on WGS 84 spheroid)"",SPHEROID[""WGS 84"",6378137,298.257223563,AUTHORITY[""EPSG"",""7030""]]],PRIMEM[""Greenwich"",0],UNIT[""degree"",0.0174532925199433,AUTHORITY[""EPSG"",""9122""]]],PROJECTION[""Transverse_Mercator""],PARAMETER[""latitude_of_origin"",0],PARAMETER[""central_meridian"",-111],PARAMETER[""scale_factor"",0.9996],PARAMETER[""false_easting"",500000],PARAMETER[""false_northing"",0],UNIT[""metre"",1,AUTHORITY[""EPSG"",""9001""]],AXIS[""Easting"",EAST],AXIS[""Northing"",NORTH]]","POLYGON ((516420.0 3580110.0, 516420.0 3595470.0, 531780.0 3595470.0, 531780.0 3580110.0, 516420.0 3580110.0))",214337,47807,0
training,subsetted_512x512_HLS.S30.T12SWB.2019155.v1.4,12SWB,2019-06-04,"PROJCS[""UTM Zone 12, Northern Hemisphere"",GEOGCS[""Unknown datum based upon the WGS 84 ellipsoid"",DATUM[""Not specified (based on WGS 84 spheroid)"",SPHEROID[""WGS 84"",6378137,298.257223563,AUTHORITY[""EPSG"",""7030""]]],PRIMEM[""Greenwich"",0],UNIT[""degree"",0.0174532925199433,AUTHORITY[""EPSG"",""9122""]]],PROJECTION[""Transverse_Mercator""],PARAMETER[""latitude_of_origin"",0],PARAMETER[""central_meridian"",-111],PARAMETER[""scale_factor"",0.9996],PARAMETER[""false_easting"",500000],PARAMETER[""false_northing"",0],UNIT[""metre"",1,AUTHORITY[""EPSG"",""9001""]],AXIS[""Easting"",EAST],AXIS[""Northing"",NORTH]]","POLYGON ((540270.0 3629160.0, 540270.0 3644520.0, 555630.0 3644520.0, 555630.0 3629160.0, 540270.0 3629160.0))",27375,234769,0
training,subsetted_512x512_HLS.S30.T12SWB.2020155.v1.4,12SWB,2020-06-03,"PROJCS[""UTM Zone 12, Northern Hemisphere"",GEOGCS[""Unknown datum based upon the WGS 84 ellipsoid"",DATUM[""Not specified (based on WGS 84 spheroid)"",SPHEROID[""WGS 84"",6378137,298.257223563,AUTHORITY[""EPSG"",""7030""]]],PRIMEM[""Greenwich"",0],UNIT[""degree"",0.0174532925199433,AUTHORITY[""EPSG"",""9122""]]],PROJECTION[""Transverse_Mercator""],PARAMETER[""latitude_of_origin"",0],PARAMETER[""central_meridian"",-111],PARAMETER[""scale_factor"",0.9996],PARAMETER[""false_easting"",500000],PARAMETER[""false_northing"",0],UNIT[""metre"",1,AUTHORITY[""EPSG"",""9001""]],AXIS[""Easting"",EAST],AXIS[""Northing"",NORTH]]","POLYGON ((543390.0 3683700.0, 543390.0 3699060.0, 558750.0 3699060.0, 558750.0 3683700.0, 543390.0 3683700.0))",5783,256361,0
training,subsetted_512x512_HLS.S30.T12SWB.2020250.v1.4,12SWB,2020-09-06,"PROJCS[""UTM Zone 12, Northern Hemisphere"",GEOGCS[""Unknown datum based upon the WGS 84 ellipsoid"",DATUM[""Not specified (based on WGS 84 spheroid)"",SPHEROID[""WGS 84"",6378137,298.257223563,AUTHORITY[""EPSG"",""7030""]]],PRIMEM[""Greenwich"",0],UNIT[""degree"",0.0174532925199433,AUTHORITY[""EPSG"",""9122""]]],PROJECTION[""Transverse_Mercator""],PARAMETER[""latitude_of_origin"",0],PARAMETER[""central_meridian"",-111],PARAMETER[""scale_factor"",0.9996],PARAMETER[""false_easting"",500000],PARAMETER[""false_northing"",0],UNIT[""metre"",1,AUTHORITY[""EPSG"",""9001""]],AXIS[""Easting"",EAST],AXIS[""Northing"",NORTH]]","POLYGON ((574290.0 3682290.0, 574290.0 3697650.0, 589650.0 3697650.0, 589650.0 3682290.0, 574290.0 3682290.0))",8063,254081,0
training,subsetted_512x512_HLS.S30.T12SWC.2019225.v1.4,12SWC,2019-08-13,"PROJCS[""UTM Zone 12, Northern Hemisphere"",GEOGCS[""Unknown datum based upon the WGS 84 ellipsoid"",DATUM[""Not specified (based on WGS 84 spheroid)"",SPHEROID[""WGS 84"",6378137,298.257223563,AUTHORITY[""EPSG"",""7030""]]],PRIMEM[""Greenwich"",0],UNIT[""degree"",0.0174532925199433,AUTHORITY[""EPSG"",""9122""]]],PROJECTION[""Transverse_Mercator""],PARAMETER[""latitude_of_origin"",0],PARAMETER[""central_meridian"",-111],PARAMETER[""scale_factor"",0.9996],PARAMETER[""false_easting"",500000],PARAMETER[""false_northing"",0],UNIT[""metre"",1,AUTHORITY[""EPSG"",""9001""]],AXIS[""Easting"",EAST],AXIS[""Northing"",NORTH]]","POLYGON ((572250.0 3781350.0, 572250.0 3796710.0, 587610.0 3796710.0, 587610.0 3781350.0, 572250.0 3781350.0))",9956,252187,1
training,subsetted_512x512_HLS.S30.T12SWC.2020190.v1.4,12SWC,2020-07-08,"PROJCS[""UTM Zone 12, Northern Hemisphere"",GEOGCS[""Unknown datum based upon the WGS 84 ellipsoid"",DATUM[""Not specified (based on WGS 84 spheroid)"",SPHEROID[""WGS 84"",6378137,298.257223563,AUTHORITY[""EPSG"",""7030""]]],PRIMEM[""Greenwich"",0],UNIT[""degree"",0.0174532925199433,AUTHORITY[""EPSG"",""9122""]]],PROJECTION[""Transverse_Mercator""],PARAMETER[""latitude_of_origin"",0],PARAMETER[""central_meridian"",-111],PARAMETER[""scale_factor"",0.9996],PARAMETER[""false_easting"",500000],PARAMETER[""false_northing"",0],UNIT[""metre"",1,AUTHORITY[""EPSG"",""9001""]],AXIS[""Easting"",EAST],AXIS[""Northing"",NORTH]]","POLYGON ((553050.0 3699450.0, 553050.0 3714810.0, 568410.0 3714810.0, 568410.0 3699450.0, 553050.0 3699450.0))",127273,134871,0
training,subsetted_512x512_HLS.S30.T12SWC.2020250.v1.4,12SWC,2020-09-06,"PROJCS[""UTM Zone 12, Northern Hemisphere"",GEOGCS[""Unknown datum based upon the WGS 84 ellipsoid"",DATUM[""Not specified (based on WGS 84 spheroid)"",SPHEROID[""WGS 84"",6378137,298.257223563,AUTHORITY[""EPSG"",""7030""]]],PRIMEM[""Greenwich"",0],UNIT[""degree"",0.0174532925199433,AUTHORITY[""EPSG"",""9122""]]],PROJECTION[""Transverse_Mercator""],PARAMETER[""latitude_of_origin"",0],PARAMETER[""central_meridian"",-111],PARAMETER[""scale_factor"",0.9996],PARAMETER[""false_easting"",500000],PARAMETER[""false_northing"",0],UNIT[""metre"",1,AUTHORITY[""EPSG"",""9001""]],AXIS[""Easting"",EAST],AXIS[""Northing"",NORTH]]","POLYGON ((548850.0 3705420.0, 548850.0 3720780.0, 564210.0 3720780.0, 564210.0 3705420.0, 548850.0 3705420.0))",95603,166541,0
training,subsetted_512x512_HLS.S30.T12SWD.2018220.v1.4,12SWD,2018-08-08,"PROJCS[""UTM Zone 12, Northern Hemisphere"",GEOGCS[""Unknown datum based upon the WGS 84 ellipsoid"",DATUM[""Not specified (based on WGS 84 spheroid)"",SPHEROID[""WGS 84"",6378137,298.257223563,AUTHORITY[""EPSG"",""7030""]]],PRIMEM[""Greenwich"",0],UNIT[""degree"",0.0174532925199433,AUTHORITY[""EPSG"",""9122""]]],PROJECTION[""Transverse_Mercator""],PARAMETER[""latitude_of_origin"",0],PARAMETER[""central_meridian"",-111],PARAMETER[""scale_factor"",0.9996],PARAMETER[""false_easting"",500000],PARAMETER[""false_northing"",0],UNIT[""metre"",1,AUTHORITY[""EPSG"",""9001""]],AXIS[""Easting"",EAST],AXIS[""Northing"",NORTH]]","POLYGON ((506819.99999999994 3819600.0, 506819.99999999994 3834960.0, 522179.99999999994 3834960.0, 522179.99999999994 3819600.0, 506819.99999999994 3819600.0))",18223,243920,1
training,subsetted_512x512_HLS.S30.T12SWJ.2018238.v1.4,12SWJ,2018-08-26,"PROJCS[""UTM Zone 12, Northern Hemisphere"",GEOGCS[""Unknown datum based upon the WGS 84 ellipsoid"",DATUM[""Not specified (based on WGS 84 spheroid)"",SPHEROID[""WGS 84"",6378137,298.257223563,AUTHORITY[""EPSG"",""7030""]]],PRIMEM[""Greenwich"",0],UNIT[""degree"",0.0174532925199433,AUTHORITY[""EPSG"",""9122""]]],PROJECTION[""Transverse_Mercator""],PARAMETER[""latitude_of_origin"",0],PARAMETER[""central_meridian"",-111],PARAMETER[""scale_factor"",0.9996],PARAMETER[""false_easting"",500000],PARAMETER[""false_northing"",0],UNIT[""metre"",1,AUTHORITY[""EPSG"",""9001""]],AXIS[""Easting"",EAST],AXIS[""Northing"",NORTH]]","POLYGON ((588810.0 4342740.0, 588810.0 4358100.0, 604170.0 4358100.0, 604170.0 4342740.0, 588810.0 4342740.0))",41397,220739,8
training,subsetted_512x512_HLS.S30.T12SXA.2018157.v1.4,12SXA,2018-06-06,"PROJCS[""UTM Zone 12, Northern Hemisphere"",GEOGCS[""Unknown datum based upon the WGS 84 ellipsoid"",DATUM[""Not specified (based on WGS 84 spheroid)"",SPHEROID[""WGS 84"",6378137,298.257223563,AUTHORITY[""EPSG"",""7030""]]],PRIMEM[""Greenwich"",0],UNIT[""degree"",0.0174532925199433,AUTHORITY[""EPSG"",""9122""]]],PROJECTION[""Transverse_Mercator""],PARAMETER[""latitude_of_origin"",0],PARAMETER[""central_meridian"",-111],PARAMETER[""scale_factor"",0.9996],PARAMETER[""false_easting"",500000],PARAMETER[""false_northing"",0],UNIT[""metre"",1,AUTHORITY[""EPSG"",""9001""]],AXIS[""Easting"",EAST],AXIS[""Northing"",NORTH]]","POLYGON ((647940.0 3532110.0, 647940.0 3547470.0, 663300.0 3547470.0, 663300.0 3532110.0, 647940.0 3532110.0))",6630,255514,0
training,subsetted_512x512_HLS.S30.T12SXB.2018217.v1.4,12SXB,2018-08-05,"PROJCS[""UTM Zone 12, Northern Hemisphere"",GEOGCS[""Unknown datum based upon the WGS 84 ellipsoid"",DATUM[""Not specified (based on WGS 84 spheroid)"",SPHEROID[""WGS 84"",6378137,298.257223563,AUTHORITY[""EPSG"",""7030""]]],PRIMEM[""Greenwich"",0],UNIT[""degree"",0.0174532925199433,AUTHORITY[""EPSG"",""9122""]]],PROJECTION[""Transverse_Mercator""],PARAMETER[""latitude_of_origin"",0],PARAMETER[""central_meridian"",-111],PARAMETER[""scale_factor"",0.9996],PARAMETER[""false_easting"",500000],PARAMETER[""false_northing"",0],UNIT[""metre"",1,AUTHORITY[""EPSG"",""9001""]],AXIS[""Easting"",EAST],AXIS[""Northing"",NORTH]]","POLYGON ((615810.0 3666360.0, 615810.0 3681720.0, 631170.0 3681720.0, 631170.0 3666360.0, 615810.0 3666360.0))",4538,176424,81182
training,subsetted_512x512_HLS.S30.T12SXJ.2020200.v1.4,12SXJ,2020-07-18,"PROJCS[""UTM Zone 12, Northern Hemisphere"",GEOGCS[""Unknown datum based upon the WGS 84 ellipsoid"",DATUM[""Not specified (based on WGS 84 spheroid)"",SPHEROID[""WGS 84"",6378137,298.257223563,AUTHORITY[""EPSG"",""7030""]]],PRIMEM[""Greenwich"",0],UNIT[""degree"",0.0174532925199433,AUTHORITY[""EPSG"",""9122""]]],PROJECTION[""Transverse_Mercator""],PARAMETER[""latitude_of_origin"",0],PARAMETER[""central_meridian"",-111],PARAMETER[""scale_factor"",0.9996],PARAMETER[""false_easting"",500000],PARAMETER[""false_northing"",0],UNIT[""metre"",1,AUTHORITY[""EPSG"",""9001""]],AXIS[""Easting"",EAST],AXIS[""Northing"",NORTH]]","POLYGON ((669660.0 4316220.0, 669660.0 4331580.0, 685020.0 4331580.0, 685020.0 4316220.0, 669660.0 4316220.0))",4636,257508,0
training,subsetted_512x512_HLS.S30.T12SYG.2018225.v1.4,12SYG,2018-08-13,"PROJCS[""UTM Zone 12, Northern Hemisphere"",GEOGCS[""Unknown datum based upon the WGS 84 ellipsoid"",DATUM[""Not specified (based on WGS 84 spheroid)"",SPHEROID[""WGS 84"",6378137,298.257223563,AUTHORITY[""EPSG"",""7030""]]],PRIMEM[""Greenwich"",0],UNIT[""degree"",0.0174532925199433,AUTHORITY[""EPSG"",""9122""]]],PROJECTION[""Transverse_Mercator""],PARAMETER[""latitude_of_origin"",0],PARAMETER[""central_meridian"",-111],PARAMETER[""scale_factor"",0.9996],PARAMETER[""false_easting"",500000],PARAMETER[""false_northing"",0],UNIT[""metre"",1,AUTHORITY[""EPSG"",""9001""]],AXIS[""Easting"",EAST],AXIS[""Northing"",NORTH]]","POLYGON ((716010.0 4158780.0, 716010.0 4174140.0, 731370.0 4174140.0, 731370.0 4158780.0, 716010.0 4158780.0))",87409,174444,291
training,subsetted_512x512_HLS.S30.T12SYG.2020220.v1.4,12SYG,2020-08-07,"PROJCS[""UTM Zone 12, Northern Hemisphere"",GEOGCS[""Unknown datum based upon the WGS 84 ellipsoid"",DATUM[""Not specified (based on WGS 84 spheroid)"",SPHEROID[""WGS 84"",6378137,298.257223563,AUTHORITY[""EPSG"",""7030""]]],PRIMEM[""Greenwich"",0],UNIT[""degree"",0.0174532925199433,AUTHORITY[""EPSG"",""9122""]]],PROJECTION[""Transverse_Mercator""],PARAMETER[""latitude_of_origin"",0],PARAMETER[""central_meridian"",-111],PARAMETER[""scale_factor"",0.9996],PARAMETER[""false_easting"",500000],PARAMETER[""false_northing"",0],UNIT[""metre"",1,AUTHORITY[""EPSG"",""9001""]],AXIS[""Easting"",EAST],AXIS[""Northing"",NORTH]]","POLYGON ((739350.0 4123020.0, 739350.0 4138380.0, 754710.0 4138380.0, 754710.0 4123020.0, 739350.0 4123020.0))",13653,248489,2
training,subsetted_512x512_HLS.S30.T12TTM.2020306.v1.4,12TTM,2020-11-01,"PROJCS[""UTM Zone 12, Northern Hemisphere"",GEOGCS[""Unknown datum based upon the WGS 84 ellipsoid"",DATUM[""Not specified (based on WGS 84 spheroid)"",SPHEROID[""WGS 84"",6378137,298.257223563,AUTHORITY[""EPSG"",""7030""]]],PRIMEM[""Greenwich"",0],UNIT[""degree"",0.0174532925199433,AUTHORITY[""EPSG"",""9122""]]],PROJECTION[""Transverse_Mercator""],PARAMETER[""latitude_of_origin"",0],PARAMETER[""central_meridian"",-111],PARAMETER[""scale_factor"",0.9996],PARAMETER[""false_easting"",500000],PARAMETER[""false_northing"",0],UNIT[""metre"",1,AUTHORITY[""EPSG"",""9001""]],AXIS[""Easting"",EAST],AXIS[""Northing"",NORTH]]","POLYGON ((228330.0 4671840.0, 228330.0 4687200.0, 243690.0 4687200.0, 243690.0 4671840.0, 228330.0 4671840.0))",136445,125699,0
training,subsetted_512x512_HLS.S30.T12TUK.2020286.v1.4,12TUK,2020-10-12,"PROJCS[""UTM Zone 12, Northern Hemisphere"",GEOGCS[""Unknown datum based upon the WGS 84 ellipsoid"",DATUM[""Not specified (based on WGS 84 spheroid)"",SPHEROID[""WGS 84"",6378137,298.257223563,AUTHORITY[""EPSG"",""7030""]]],PRIMEM[""Greenwich"",0],UNIT[""degree"",0.0174532925199433,AUTHORITY[""EPSG"",""9122""]]],PROJECTION[""Transverse_Mercator""],PARAMETER[""latitude_of_origin"",0],PARAMETER[""central_meridian"",-111],PARAMETER[""scale_factor"",0.9996],PARAMETER[""false_easting"",500000],PARAMETER[""false_northing"",0],UNIT[""metre"",1,AUTHORITY[""EPSG"",""9001""]],AXIS[""Easting"",EAST],AXIS[""Northing"",NORTH]]","POLYGON ((335310.0 4429440.0, 335310.0 4444800.0, 350670.0 4444800.0, 350670.0 4429440.0, 335310.0 4429440.0))",62483,199661,0
training,subsetted_512x512_HLS.S30.T12TUM.2018196.v1.4,12TUM,2018-07-15,"PROJCS[""UTM Zone 12, Northern Hemisphere"",GEOGCS[""Unknown datum based upon the WGS 84 ellipsoid"",DATUM[""Not specified (based on WGS 84 spheroid)"",SPHEROID[""WGS 84"",6378137,298.257223563,AUTHORITY[""EPSG"",""7030""]]],PRIMEM[""Greenwich"",0],UNIT[""degree"",0.0174532925199433,AUTHORITY[""EPSG"",""9122""]]],PROJECTION[""Transverse_Mercator""],PARAMETER[""latitude_of_origin"",0],PARAMETER[""central_meridian"",-111],PARAMETER[""scale_factor"",0.9996],PARAMETER[""false_easting"",500000],PARAMETER[""false_northing"",0],UNIT[""metre"",1,AUTHORITY[""EPSG"",""9001""]],AXIS[""Easting"",EAST],AXIS[""Northing"",NORTH]]","POLYGON ((386760.0 4636110.0, 386760.0 4651470.0, 402120.0 4651470.0, 402120.0 4636110.0, 386760.0 4636110.0))",17903,244241,0
training,subsetted_512x512_HLS.S30.T12TUM.2018246.v1.4,12TUM,2018-09-03,"PROJCS[""UTM Zone 12, Northern Hemisphere"",GEOGCS[""Unknown datum based upon the WGS 84 ellipsoid"",DATUM[""Not specified (based on WGS 84 spheroid)"",SPHEROID[""WGS 84"",6378137,298.257223563,AUTHORITY[""EPSG"",""7030""]]],PRIMEM[""Greenwich"",0],UNIT[""degree"",0.0174532925199433,AUTHORITY[""EPSG"",""9122""]]],PROJECTION[""Transverse_Mercator""],PARAMETER[""latitude_of_origin"",0],PARAMETER[""central_meridian"",-111],PARAMETER[""scale_factor"",0.9996],PARAMETER[""false_easting"",500000],PARAMETER[""false_northing"",0],UNIT[""metre"",1,AUTHORITY[""EPSG"",""9001""]],AXIS[""Easting"",EAST],AXIS[""Northing"",NORTH]]","POLYGON ((379680.0 4626660.0, 379680.0 4642020.0, 395040.0 4642020.0, 395040.0 4626660.0, 379680.0 4626660.0))",65352,196792,0
training,subsetted_512x512_HLS.S30.T12TUM.2019261.v1.4,12TUM,2019-09-18,"PROJCS[""UTM Zone 12, Northern Hemisphere"",GEOGCS[""Unknown datum based upon the WGS 84 ellipsoid"",DATUM[""Not specified (based on WGS 84 spheroid)"",SPHEROID[""WGS 84"",6378137,298.257223563,AUTHORITY[""EPSG"",""7030""]]],PRIMEM[""Greenwich"",0],UNIT[""degree"",0.0174532925199433,AUTHORITY[""EPSG"",""9122""]]],PROJECTION[""Transverse_Mercator""],PARAMETER[""latitude_of_origin"",0],PARAMETER[""central_meridian"",-111],PARAMETER[""scale_factor"",0.9996],PARAMETER[""false_easting"",500000],PARAMETER[""false_northing"",0],UNIT[""metre"",1,AUTHORITY[""EPSG"",""9001""]],AXIS[""Easting"",EAST],AXIS[""Northing"",NORTH]]","POLYGON ((331170.0 4620090.0, 331170.0 4635450.0, 346530.0 4635450.0, 346530.0 4620090.0, 331170.0 4620090.0))",28037,234107,0
training,subsetted_512x512_HLS.S30.T12TUM.2020191.v1.4,12TUM,2020-07-09,"PROJCS[""UTM Zone 12, Northern Hemisphere"",GEOGCS[""Unknown datum based upon the WGS 84 ellipsoid"",DATUM[""Not specified (based on WGS 84 spheroid)"",SPHEROID[""WGS 84"",6378137,298.257223563,AUTHORITY[""EPSG"",""7030""]]],PRIMEM[""Greenwich"",0],UNIT[""degree"",0.0174532925199433,AUTHORITY[""EPSG"",""9122""]]],PROJECTION[""Transverse_Mercator""],PARAMETER[""latitude_of_origin"",0],PARAMETER[""central_meridian"",-111],PARAMETER[""scale_factor"",0.9996],PARAMETER[""false_easting"",500000],PARAMETER[""false_northing"",0],UNIT[""metre"",1,AUTHORITY[""EPSG"",""9001""]],AXIS[""Easting"",EAST],AXIS[""Northing"",NORTH]]","POLYGON ((351240.0 4620840.0, 351240.0 4636200.0, 366600.0 4636200.0, 366600.0 4620840.0, 351240.0 4620840.0))",6571,255573,0
training,subsetted_512x512_HLS.S30.T12TUN.2018186.v1.4,12TUN,2018-07-05,"PROJCS[""UTM Zone 12, Northern Hemisphere"",GEOGCS[""Unknown datum based upon the WGS 84 ellipsoid"",DATUM[""Not specified (based on WGS 84 spheroid)"",SPHEROID[""WGS 84"",6378137,298.257223563,AUTHORITY[""EPSG"",""7030""]]],PRIMEM[""Greenwich"",0],UNIT[""degree"",0.0174532925199433,AUTHORITY[""EPSG"",""9122""]]],PROJECTION[""Transverse_Mercator""],PARAMETER[""latitude_of_origin"",0],PARAMETER[""central_meridian"",-111],PARAMETER[""scale_factor"",0.9996],PARAMETER[""false_easting"",500000],PARAMETER[""false_northing"",0],UNIT[""metre"",1,AUTHORITY[""EPSG"",""9001""]],AXIS[""Easting"",EAST],AXIS[""Northing"",NORTH]]","POLYGON ((330360.0 4721340.0, 330360.0 4736700.0, 345720.0 4736700.0, 345720.0 4721340.0, 330360.0 4721340.0))",4541,257603,0
training,subsetted_512x512_HLS.S30.T12TUN.2018216.v1.4,12TUN,2018-08-04,"PROJCS[""UTM Zone 12, Northern Hemisphere"",GEOGCS[""Unknown datum based upon the WGS 84 ellipsoid"",DATUM[""Not specified (based on WGS 84 spheroid)"",SPHEROID[""WGS 84"",6378137,298.257223563,AUTHORITY[""EPSG"",""7030""]]],PRIMEM[""Greenwich"",0],UNIT[""degree"",0.0174532925199433,AUTHORITY[""EPSG"",""9122""]]],PROJECTION[""Transverse_Mercator""],PARAMETER[""latitude_of_origin"",0],PARAMETER[""central_meridian"",-111],PARAMETER[""scale_factor"",0.9996],PARAMETER[""false_easting"",500000],PARAMETER[""false_northing"",0],UNIT[""metre"",1,AUTHORITY[""EPSG"",""9001""]],AXIS[""Easting"",EAST],AXIS[""Northing"",NORTH]]","POLYGON ((324630.0 4697760.0, 324630.0 4713120.0, 339990.0 4713120.0, 339990.0 4697760.0, 324630.0 4697760.0))",10990,251154,0
training,subsetted_512x512_HLS.S30.T12TUN.2018246.v1.4,12TUN,2018-09-03,"PROJCS[""UTM Zone 12, Northern Hemisphere"",GEOGCS[""Unknown datum based upon the WGS 84 ellipsoid"",DATUM[""Not specified (based on WGS 84 spheroid)"",SPHEROID[""WGS 84"",6378137,298.257223563,AUTHORITY[""EPSG"",""7030""]]],PRIMEM[""Greenwich"",0],UNIT[""degree"",0.0174532925199433,AUTHORITY[""EPSG"",""9122""]]],PROJECTION[""Transverse_Mercator""],PARAMETER[""latitude_of_origin"",0],PARAMETER[""central_meridian"",-111],PARAMETER[""scale_factor"",0.9996],PARAMETER[""false_easting"",500000],PARAMETER[""false_northing"",0],UNIT[""metre"",1,AUTHORITY[""EPSG"",""9001""]],AXIS[""Easting"",EAST],AXIS[""Northing"",NORTH]]","POLYGON ((386130.0 4751940.0, 386130.0 4767300.0, 401490.0 4767300.0, 401490.0 4751940.0, 386130.0 4751940.0))",10851,251293,0
training,subsetted_512x512_HLS.S30.T12TUN.2020216.v1.4,12TUN,2020-08-03,"PROJCS[""UTM Zone 12, Northern Hemisphere"",GEOGCS[""Unknown datum based upon the WGS 84 ellipsoid"",DATUM[""Not specified (based on WGS 84 spheroid)"",SPHEROID[""WGS 84"",6378137,298.257223563,AUTHORITY[""EPSG"",""7030""]]],PRIMEM[""Greenwich"",0],UNIT[""degree"",0.0174532925199433,AUTHORITY[""EPSG"",""9122""]]],PROJECTION[""Transverse_Mercator""],PARAMETER[""latitude_of_origin"",0],PARAMETER[""central_meridian"",-111],PARAMETER[""scale_factor"",0.9996],PARAMETER[""false_easting"",500000],PARAMETER[""false_northing"",0],UNIT[""metre"",1,AUTHORITY[""EPSG"",""9001""]],AXIS[""Easting"",EAST],AXIS[""Northing"",NORTH]]","POLYGON ((379650.0 4736580.0, 379650.0 4751940.0, 395010.0 4751940.0, 395010.0 4736580.0, 379650.0 4736580.0))",6899,255244,1
training,subsetted_512x512_HLS.S30.T12TUN.2021150.v1.4,12TUN,2021-05-30,"PROJCS[""UTM Zone 12, Northern Hemisphere"",GEOGCS[""Unknown datum based upon the WGS 84 ellipsoid"",DATUM[""Not specified (based on WGS 84 spheroid)"",SPHEROID[""WGS 84"",6378137,298.257223563,AUTHORITY[""EPSG"",""7030""]]],PRIMEM[""Greenwich"",0],UNIT[""degree"",0.0174532925199433,AUTHORITY[""EPSG"",""9122""]]],PROJECTION[""Transverse_Mercator""],PARAMETER[""latitude_of_origin"",0],PARAMETER[""central_meridian"",-111],PARAMETER[""scale_factor"",0.9996],PARAMETER[""false_easting"",500000],PARAMETER[""false_northing"",0],UNIT[""metre"",1,AUTHORITY[""EPSG"",""9001""]],AXIS[""Easting"",EAST],AXIS[""Northing"",NORTH]]","POLYGON ((392700.0 4784580.0, 392700.0 4799940.0, 408060.0 4799940.0, 408060.0 4784580.0, 392700.0 4784580.0))",4684,257460,0
training,subsetted_512x512_HLS.S30.T12TUN.2021205.v1.4,12TUN,2021-07-24,"PROJCS[""UTM Zone 12, Northern Hemisphere"",GEOGCS[""Unknown datum based upon the WGS 84 ellipsoid"",DATUM[""Not specified (based on WGS 84 spheroid)"",SPHEROID[""WGS 84"",6378137,298.257223563,AUTHORITY[""EPSG"",""7030""]]],PRIMEM[""Greenwich"",0],UNIT[""degree"",0.0174532925199433,AUTHORITY[""EPSG"",""9122""]]],PROJECTION[""Transverse_Mercator""],PARAMETER[""latitude_of_origin"",0],PARAMETER[""central_meridian"",-111],PARAMETER[""scale_factor"",0.9996],PARAMETER[""false_easting"",500000],PARAMETER[""false_northing"",0],UNIT[""metre"",1,AUTHORITY[""EPSG"",""9001""]],AXIS[""Easting"",EAST],AXIS[""Northing"",NORTH]]","POLYGON ((341730.00000000006 4724220.0, 341730.00000000006 4739580.0, 357090.00000000006 4739580.0, 357090.00000000006 4724220.0, 341730.00000000006 4724220.0))",18203,243941,0
training,subsetted_512x512_HLS.S30.T12TUP.2020241.v1.4,12TUP,2020-08-28,"PROJCS[""UTM Zone 12, Northern Hemisphere"",GEOGCS[""Unknown datum based upon the WGS 84 ellipsoid"",DATUM[""Not specified (based on WGS 84 spheroid)"",SPHEROID[""WGS 84"",6378137,298.257223563,AUTHORITY[""EPSG"",""7030""]]],PRIMEM[""Greenwich"",0],UNIT[""degree"",0.0174532925199433,AUTHORITY[""EPSG"",""9122""]]],PROJECTION[""Transverse_Mercator""],PARAMETER[""latitude_of_origin"",0],PARAMETER[""central_meridian"",-111],PARAMETER[""scale_factor"",0.9996],PARAMETER[""false_easting"",500000],PARAMETER[""false_northing"",0],UNIT[""metre"",1,AUTHORITY[""EPSG"",""9001""]],AXIS[""Easting"",EAST],AXIS[""Northing"",NORTH]]","POLYGON ((329310.0 4837320.0, 329310.0 4852680.0, 344670.0 4852680.0, 344670.0 4837320.0, 329310.0 4837320.0))",28334,233810,0
training,subsetted_512x512_HLS.S30.T12TVK.2020188.v1.4,12TVK,2020-07-06,"PROJCS[""UTM Zone 12, Northern Hemisphere"",GEOGCS[""Unknown datum based upon the WGS 84 ellipsoid"",DATUM[""Not specified (based on WGS 84 spheroid)"",SPHEROID[""WGS 84"",6378137,298.257223563,AUTHORITY[""EPSG"",""7030""]]],PRIMEM[""Greenwich"",0],UNIT[""degree"",0.0174532925199433,AUTHORITY[""EPSG"",""9122""]]],PROJECTION[""Transverse_Mercator""],PARAMETER[""latitude_of_origin"",0],PARAMETER[""central_meridian"",-111],PARAMETER[""scale_factor"",0.9996],PARAMETER[""false_easting"",500000],PARAMETER[""false_northing"",0],UNIT[""metre"",1,AUTHORITY[""EPSG"",""9001""]],AXIS[""Easting"",EAST],AXIS[""Northing"",NORTH]]","POLYGON ((416100.0 4447500.0, 416100.0 4462860.0, 431460.0 4462860.0, 431460.0 4447500.0, 416100.0 4447500.0))",58168,203976,0
training,subsetted_512x512_HLS.S30.T12TVK.2020228.v1.4,12TVK,2020-08-15,"PROJCS[""UTM Zone 12, Northern Hemisphere"",GEOGCS[""Unknown datum based upon the WGS 84 ellipsoid"",DATUM[""Not specified (based on WGS 84 spheroid)"",SPHEROID[""WGS 84"",6378137,298.257223563,AUTHORITY[""EPSG"",""7030""]]],PRIMEM[""Greenwich"",0],UNIT[""degree"",0.0174532925199433,AUTHORITY[""EPSG"",""9122""]]],PROJECTION[""Transverse_Mercator""],PARAMETER[""latitude_of_origin"",0],PARAMETER[""central_meridian"",-111],PARAMETER[""scale_factor"",0.9996],PARAMETER[""false_easting"",500000],PARAMETER[""false_northing"",0],UNIT[""metre"",1,AUTHORITY[""EPSG"",""9001""]],AXIS[""Easting"",EAST],AXIS[""Northing"",NORTH]]","POLYGON ((447180.0 4398900.0, 447180.0 4414260.0, 462540.0 4414260.0, 462540.0 4398900.0, 447180.0 4398900.0))",6833,255311,0
training,subsetted_512x512_HLS.S30.T12TVN.2018246.v1.4,12TVN,2018-09-03,"PROJCS[""UTM Zone 12, Northern Hemisphere"",GEOGCS[""Unknown datum based upon the WGS 84 ellipsoid"",DATUM[""Not specified (based on WGS 84 spheroid)"",SPHEROID[""WGS 84"",6378137,298.257223563,AUTHORITY[""EPSG"",""7030""]]],PRIMEM[""Greenwich"",0],UNIT[""degree"",0.0174532925199433,AUTHORITY[""EPSG"",""9122""]]],PROJECTION[""Transverse_Mercator""],PARAMETER[""latitude_of_origin"",0],PARAMETER[""central_meridian"",-111],PARAMETER[""scale_factor"",0.9996],PARAMETER[""false_easting"",500000],PARAMETER[""false_northing"",0],UNIT[""metre"",1,AUTHORITY[""EPSG"",""9001""]],AXIS[""Easting"",EAST],AXIS[""Northing"",NORTH]]","POLYGON ((414930.0 4745490.0, 414930.0 4760850.0, 430290.0 4760850.0, 430290.0 4745490.0, 414930.0 4745490.0))",10764,251380,0
training,subsetted_512x512_HLS.S30.T12TVP.2018221.v1.4,12TVP,2018-08-09,"PROJCS[""UTM Zone 12, Northern Hemisphere"",GEOGCS[""Unknown datum based upon the WGS 84 ellipsoid"",DATUM[""Not specified (based on WGS 84 spheroid)"",SPHEROID[""WGS 84"",6378137,298.257223563,AUTHORITY[""EPSG"",""7030""]]],PRIMEM[""Greenwich"",0],UNIT[""degree"",0.0174532925199433,AUTHORITY[""EPSG"",""9122""]]],PROJECTION[""Transverse_Mercator""],PARAMETER[""latitude_of_origin"",0],PARAMETER[""central_meridian"",-111],PARAMETER[""scale_factor"",0.9996],PARAMETER[""false_easting"",500000],PARAMETER[""false_northing"",0],UNIT[""metre"",1,AUTHORITY[""EPSG"",""9001""]],AXIS[""Easting"",EAST],AXIS[""Northing"",NORTH]]","POLYGON ((412890.0 4880130.0, 412890.0 4895490.0, 428250.0 4895490.0, 428250.0 4880130.0, 412890.0 4880130.0))",217799,44345,0
training,subsetted_512x512_HLS.S30.T12TVR.2018246.v1.4,12TVR,2018-09-03,"PROJCS[""UTM Zone 12, Northern Hemisphere"",GEOGCS[""Unknown datum based upon the WGS 84 ellipsoid"",DATUM[""Not specified (based on WGS 84 spheroid)"",SPHEROID[""WGS 84"",6378137,298.257223563,AUTHORITY[""EPSG"",""7030""]]],PRIMEM[""Greenwich"",0],UNIT[""degree"",0.0174532925199433,AUTHORITY[""EPSG"",""9122""]]],PROJECTION[""Transverse_Mercator""],PARAMETER[""latitude_of_origin"",0],PARAMETER[""central_meridian"",-111],PARAMETER[""scale_factor"",0.9996],PARAMETER[""false_easting"",500000],PARAMETER[""false_northing"",0],UNIT[""metre"",1,AUTHORITY[""EPSG"",""9001""]],AXIS[""Easting"",EAST],AXIS[""Northing"",NORTH]]","POLYGON ((422550.0 4991880.0, 422550.0 5007240.0, 437910.0 5007240.0, 437910.0 4991880.0, 422550.0 4991880.0))",19831,242306,7
training,subsetted_512x512_HLS.S30.T12TVR.2020256.v1.4,12TVR,2020-09-12,"PROJCS[""UTM Zone 12, Northern Hemisphere"",GEOGCS[""Unknown datum based upon the WGS 84 ellipsoid"",DATUM[""Not specified (based on WGS 84 spheroid)"",SPHEROID[""WGS 84"",6378137,298.257223563,AUTHORITY[""EPSG"",""7030""]]],PRIMEM[""Greenwich"",0],UNIT[""degree"",0.0174532925199433,AUTHORITY[""EPSG"",""9122""]]],PROJECTION[""Transverse_Mercator""],PARAMETER[""latitude_of_origin"",0],PARAMETER[""central_meridian"",-111],PARAMETER[""scale_factor"",0.9996],PARAMETER[""false_easting"",500000],PARAMETER[""false_northing"",0],UNIT[""metre"",1,AUTHORITY[""EPSG"",""9001""]],AXIS[""Easting"",EAST],AXIS[""Northing"",NORTH]]","POLYGON ((439560.0 5036940.0, 439560.0 5052300.0, 454920.0 5052300.0, 454920.0 5036940.0, 439560.0 5036940.0))",8097,254046,1
training,subsetted_512x512_HLS.S30.T12TVS.2019216.v1.4,12TVS,2019-08-04,"PROJCS[""UTM Zone 12, Northern Hemisphere"",GEOGCS[""Unknown datum based upon the WGS 84 ellipsoid"",DATUM[""Not specified (based on WGS 84 spheroid)"",SPHEROID[""WGS 84"",6378137,298.257223563,AUTHORITY[""EPSG"",""7030""]]],PRIMEM[""Greenwich"",0],UNIT[""degree"",0.0174532925199433,AUTHORITY[""EPSG"",""9122""]]],PROJECTION[""Transverse_Mercator""],PARAMETER[""latitude_of_origin"",0],PARAMETER[""central_meridian"",-111],PARAMETER[""scale_factor"",0.9996],PARAMETER[""false_easting"",500000],PARAMETER[""false_northing"",0],UNIT[""metre"",1,AUTHORITY[""EPSG"",""9001""]],AXIS[""Easting"",EAST],AXIS[""Northing"",NORTH]]","POLYGON ((420240.00000000006 5172000.0, 420240.00000000006 5187360.0, 435600.00000000006 5187360.0, 435600.00000000006 5172000.0, 420240.00000000006 5172000.0))",18634,243510,0
training,subsetted_512x512_HLS.S30.T12TVS.2020191.v1.4,12TVS,2020-07-09,"PROJCS[""UTM Zone 12, Northern Hemisphere"",GEOGCS[""Unknown datum based upon the WGS 84 ellipsoid"",DATUM[""Not specified (based on WGS 84 spheroid)"",SPHEROID[""WGS 84"",6378137,298.257223563,AUTHORITY[""EPSG"",""7030""]]],PRIMEM[""Greenwich"",0],UNIT[""degree"",0.0174532925199433,AUTHORITY[""EPSG"",""9122""]]],PROJECTION[""Transverse_Mercator""],PARAMETER[""latitude_of_origin"",0],PARAMETER[""central_meridian"",-111],PARAMETER[""scale_factor"",0.9996],PARAMETER[""false_easting"",500000],PARAMETER[""false_northing"",0],UNIT[""metre"",1,AUTHORITY[""EPSG"",""9001""]],AXIS[""Easting"",EAST],AXIS[""Northing"",NORTH]]","POLYGON ((410100.0 5142960.0, 410100.0 5158320.0, 425460.0 5158320.0, 425460.0 5142960.0, 410100.0 5142960.0))",5366,256778,0
training,subsetted_512x512_HLS.S30.T12TVS.2020256.v1.4,12TVS,2020-09-12,"PROJCS[""UTM Zone 12, Northern Hemisphere"",GEOGCS[""Unknown datum based upon the WGS 84 ellipsoid"",DATUM[""Not specified (based on WGS 84 spheroid)"",SPHEROID[""WGS 84"",6378137,298.257223563,AUTHORITY[""EPSG"",""7030""]]],PRIMEM[""Greenwich"",0],UNIT[""degree"",0.0174532925199433,AUTHORITY[""EPSG"",""9122""]]],PROJECTION[""Transverse_Mercator""],PARAMETER[""latitude_of_origin"",0],PARAMETER[""central_meridian"",-111],PARAMETER[""scale_factor"",0.9996],PARAMETER[""false_easting"",500000],PARAMETER[""false_northing"",0],UNIT[""metre"",1,AUTHORITY[""EPSG"",""9001""]],AXIS[""Easting"",EAST],AXIS[""Northing"",NORTH]]","POLYGON ((400050.0 5097150.0, 400050.0 5112510.0, 415410.0 5112510.0, 415410.0 5097150.0, 400050.0 5097150.0))",19708,241609,827
training,subsetted_512x512_HLS.S30.T12TVT.2018196.v1.4,12TVT,2018-07-15,"PROJCS[""UTM Zone 12, Northern Hemisphere"",GEOGCS[""Unknown datum based upon the WGS 84 ellipsoid"",DATUM[""Not specified (based on WGS 84 spheroid)"",SPHEROID[""WGS 84"",6378137,298.257223563,AUTHORITY[""EPSG"",""7030""]]],PRIMEM[""Greenwich"",0],UNIT[""degree"",0.0174532925199433,AUTHORITY[""EPSG"",""9122""]]],PROJECTION[""Transverse_Mercator""],PARAMETER[""latitude_of_origin"",0],PARAMETER[""central_meridian"",-111],PARAMETER[""scale_factor"",0.9996],PARAMETER[""false_easting"",500000],PARAMETER[""false_northing"",0],UNIT[""metre"",1,AUTHORITY[""EPSG"",""9001""]],AXIS[""Easting"",EAST],AXIS[""Northing"",NORTH]]","POLYGON ((469380.0 5268510.0, 469380.0 5283870.0, 484740.0 5283870.0, 484740.0 5268510.0, 469380.0 5268510.0))",6412,255728,4
training,subsetted_512x512_HLS.S30.T12TWK.2020268.v1.4,12TWK,2020-09-24,"PROJCS[""UTM Zone 12, Northern Hemisphere"",GEOGCS[""Unknown datum based upon the WGS 84 ellipsoid"",DATUM[""Not specified (based on WGS 84 spheroid)"",SPHEROID[""WGS 84"",6378137,298.257223563,AUTHORITY[""EPSG"",""7030""]]],PRIMEM[""Greenwich"",0],UNIT[""degree"",0.0174532925199433,AUTHORITY[""EPSG"",""9122""]]],PROJECTION[""Transverse_Mercator""],PARAMETER[""latitude_of_origin"",0],PARAMETER[""central_meridian"",-111],PARAMETER[""scale_factor"",0.9996],PARAMETER[""false_easting"",500000],PARAMETER[""false_northing"",0],UNIT[""metre"",1,AUTHORITY[""EPSG"",""9001""]],AXIS[""Easting"",EAST],AXIS[""Northing"",NORTH]]","POLYGON ((527820.0 4484070.0, 527820.0 4499430.0, 543180.0 4499430.0, 543180.0 4484070.0, 527820.0 4484070.0))",217588,44545,11
training,subsetted_512x512_HLS.S30.T12TWQ.2020283.v1.4,12TWQ,2020-10-09,"PROJCS[""UTM Zone 12, Northern Hemisphere"",GEOGCS[""Unknown datum based upon the WGS 84 ellipsoid"",DATUM[""Not specified (based on WGS 84 spheroid)"",SPHEROID[""WGS 84"",6378137,298.257223563,AUTHORITY[""EPSG"",""7030""]]],PRIMEM[""Greenwich"",0],UNIT[""degree"",0.0174532925199433,AUTHORITY[""EPSG"",""9122""]]],PROJECTION[""Transverse_Mercator""],PARAMETER[""latitude_of_origin"",0],PARAMETER[""central_meridian"",-111],PARAMETER[""scale_factor"",0.9996],PARAMETER[""false_easting"",500000],PARAMETER[""false_northing"",0],UNIT[""metre"",1,AUTHORITY[""EPSG"",""9001""]],AXIS[""Easting"",EAST],AXIS[""Northing"",NORTH]]","POLYGON ((509550.0 4908360.0, 509550.0 4923720.0, 524910.0 4923720.0, 524910.0 4908360.0, 509550.0 4908360.0))",15042,247096,6
training,subsetted_512x512_HLS.S30.T12TWT.2020276.v1.4,12TWT,2020-10-02,"PROJCS[""UTM Zone 12, Northern Hemisphere"",GEOGCS[""Unknown datum based upon the WGS 84 ellipsoid"",DATUM[""Not specified (based on WGS 84 spheroid)"",SPHEROID[""WGS 84"",6378137,298.257223563,AUTHORITY[""EPSG"",""7030""]]],PRIMEM[""Greenwich"",0],UNIT[""degree"",0.0174532925199433,AUTHORITY[""EPSG"",""9122""]]],PROJECTION[""Transverse_Mercator""],PARAMETER[""latitude_of_origin"",0],PARAMETER[""central_meridian"",-111],PARAMETER[""scale_factor"",0.9996],PARAMETER[""false_easting"",500000],PARAMETER[""false_northing"",0],UNIT[""metre"",1,AUTHORITY[""EPSG"",""9001""]],AXIS[""Easting"",EAST],AXIS[""Northing"",NORTH]]","POLYGON ((582090.0 5212530.0, 582090.0 5227890.0, 597450.0 5227890.0, 597450.0 5212530.0, 582090.0 5212530.0))",23511,238633,0
training,subsetted_512x512_HLS.S30.T12TXL.2018220.v1.4,12TXL,2018-08-08,"PROJCS[""UTM Zone 12, Northern Hemisphere"",GEOGCS[""Unknown datum based upon the WGS 84 ellipsoid"",DATUM[""Not specified (based on WGS 84 spheroid)"",SPHEROID[""WGS 84"",6378137,298.257223563,AUTHORITY[""EPSG"",""7030""]]],PRIMEM[""Greenwich"",0],UNIT[""degree"",0.0174532925199433,AUTHORITY[""EPSG"",""9122""]]],PROJECTION[""Transverse_Mercator""],PARAMETER[""latitude_of_origin"",0],PARAMETER[""central_meridian"",-111],PARAMETER[""scale_factor"",0.9996],PARAMETER[""false_easting"",500000],PARAMETER[""false_northing"",0],UNIT[""metre"",1,AUTHORITY[""EPSG"",""9001""]],AXIS[""Easting"",EAST],AXIS[""Northing"",NORTH]]","POLYGON ((662100.0 4556490.000000001, 662100.0 4571850.000000001, 677460.0 4571850.000000001, 677460.0 4556490.000000001, 662100.0 4556490.000000001))",52081,210063,0
training,subsetted_512x512_HLS.S30.T12TXL.2020250.v1.4,12TXL,2020-09-06,"PROJCS[""UTM Zone 12, Northern Hemisphere"",GEOGCS[""Unknown datum based upon the WGS 84 ellipsoid"",DATUM[""Not specified (based on WGS 84 spheroid)"",SPHEROID[""WGS 84"",6378137,298.257223563,AUTHORITY[""EPSG"",""7030""]]],PRIMEM[""Greenwich"",0],UNIT[""degree"",0.0174532925199433,AUTHORITY[""EPSG"",""9122""]]],PROJECTION[""Transverse_Mercator""],PARAMETER[""latitude_of_origin"",0],PARAMETER[""central_meridian"",-111],PARAMETER[""scale_factor"",0.9996],PARAMETER[""false_easting"",500000],PARAMETER[""false_northing"",0],UNIT[""metre"",1,AUTHORITY[""EPSG"",""9001""]],AXIS[""Easting"",EAST],AXIS[""Northing"",NORTH]]","POLYGON ((638640.0 4532520.0, 638640.0 4547880.0, 654000.0 4547880.0, 654000.0 4532520.0, 638640.0 4532520.0))",35058,227086,0
training,subsetted_512x512_HLS.S30.T12TXM.2018220.v1.4,12TXM,2018-08-08,"PROJCS[""UTM Zone 12, Northern Hemisphere"",GEOGCS[""Unknown datum based upon the WGS 84 ellipsoid"",DATUM[""Not specified (based on WGS 84 spheroid)"",SPHEROID[""WGS 84"",6378137,298.257223563,AUTHORITY[""EPSG"",""7030""]]],PRIMEM[""Greenwich"",0],UNIT[""degree"",0.0174532925199433,AUTHORITY[""EPSG"",""9122""]]],PROJECTION[""Transverse_Mercator""],PARAMETER[""latitude_of_origin"",0],PARAMETER[""central_meridian"",-111],PARAMETER[""scale_factor"",0.9996],PARAMETER[""false_easting"",500000],PARAMETER[""false_northing"",0],UNIT[""metre"",1,AUTHORITY[""EPSG"",""9001""]],AXIS[""Easting"",EAST],AXIS[""Northing"",NORTH]]","POLYGON ((676620.0 4590360.0, 676620.0 4605720.0, 691980.0 4605720.0, 691980.0 4590360.0, 676620.0 4590360.0))",14038,248106,0
training,subsetted_512x512_HLS.S30.T12TXQ.2018248.v1.4,12TXQ,2018-09-05,"PROJCS[""UTM Zone 12, Northern Hemisphere"",GEOGCS[""Unknown datum based upon the WGS 84 ellipsoid"",DATUM[""Not specified (based on WGS 84 spheroid)"",SPHEROID[""WGS 84"",6378137,298.257223563,AUTHORITY[""EPSG"",""7030""]]],PRIMEM[""Greenwich"",0],UNIT[""degree"",0.0174532925199433,AUTHORITY[""EPSG"",""9122""]]],PROJECTION[""Transverse_Mercator""],PARAMETER[""latitude_of_origin"",0],PARAMETER[""central_meridian"",-111],PARAMETER[""scale_factor"",0.9996],PARAMETER[""false_easting"",500000],PARAMETER[""false_northing"",0],UNIT[""metre"",1,AUTHORITY[""EPSG"",""9001""]],AXIS[""Easting"",EAST],AXIS[""Northing"",NORTH]]","POLYGON ((657090.0 4917570.0, 657090.0 4932930.0, 672450.0 4932930.0, 672450.0 4917570.0, 657090.0 4917570.0))",8248,253896,0
training,subsetted_512x512_HLS.S30.T12TXR.2020283.v1.4,12TXR,2020-10-09,"PROJCS[""UTM Zone 12, Northern Hemisphere"",GEOGCS[""Unknown datum based upon the WGS 84 ellipsoid"",DATUM[""Not specified (based on WGS 84 spheroid)"",SPHEROID[""WGS 84"",6378137,298.257223563,AUTHORITY[""EPSG"",""7030""]]],PRIMEM[""Greenwich"",0],UNIT[""degree"",0.0174532925199433,AUTHORITY[""EPSG"",""9122""]]],PROJECTION[""Transverse_Mercator""],PARAMETER[""latitude_of_origin"",0],PARAMETER[""central_meridian"",-111],PARAMETER[""scale_factor"",0.9996],PARAMETER[""false_easting"",500000],PARAMETER[""false_northing"",0],UNIT[""metre"",1,AUTHORITY[""EPSG"",""9001""]],AXIS[""Easting"",EAST],AXIS[""Northing"",NORTH]]","POLYGON ((651930.0 5055210.0, 651930.0 5070570.0, 667290.0 5070570.0, 667290.0 5055210.0, 651930.0 5055210.0))",10257,251887,0
training,subsetted_512x512_HLS.S30.T12TXS.2020278.v1.4,12TXS,2020-10-04,"PROJCS[""UTM Zone 12, Northern Hemisphere"",GEOGCS[""Unknown datum based upon the WGS 84 ellipsoid"",DATUM[""Not specified (based on WGS 84 spheroid)"",SPHEROID[""WGS 84"",6378137,298.257223563,AUTHORITY[""EPSG"",""7030""]]],PRIMEM[""Greenwich"",0],UNIT[""degree"",0.0174532925199433,AUTHORITY[""EPSG"",""9122""]]],PROJECTION[""Transverse_Mercator""],PARAMETER[""latitude_of_origin"",0],PARAMETER[""central_meridian"",-111],PARAMETER[""scale_factor"",0.9996],PARAMETER[""false_easting"",500000],PARAMETER[""false_northing"",0],UNIT[""metre"",1,AUTHORITY[""EPSG"",""9001""]],AXIS[""Easting"",EAST],AXIS[""Northing"",NORTH]]","POLYGON ((694440.0 5124870.0, 694440.0 5140230.0, 709800.0 5140230.0, 709800.0 5124870.0, 694440.0 5124870.0))",130249,131895,0
training,subsetted_512x512_HLS.S30.T12TXT.2018248.v1.4,12TXT,2018-09-05,"PROJCS[""UTM Zone 12, Northern Hemisphere"",GEOGCS[""Unknown datum based upon the WGS 84 ellipsoid"",DATUM[""Not specified (based on WGS 84 spheroid)"",SPHEROID[""WGS 84"",6378137,298.257223563,AUTHORITY[""EPSG"",""7030""]]],PRIMEM[""Greenwich"",0],UNIT[""degree"",0.0174532925199433,AUTHORITY[""EPSG"",""9122""]]],PROJECTION[""Transverse_Mercator""],PARAMETER[""latitude_of_origin"",0],PARAMETER[""central_meridian"",-111],PARAMETER[""scale_factor"",0.9996],PARAMETER[""false_easting"",500000],PARAMETER[""false_northing"",0],UNIT[""metre"",1,AUTHORITY[""EPSG"",""9001""]],AXIS[""Easting"",EAST],AXIS[""Northing"",NORTH]]","POLYGON ((683430.0000000001 5217540.0, 683430.0000000001 5232900.0, 698790.0000000001 5232900.0, 698790.0000000001 5217540.0, 683430.0000000001 5217540.0))",7594,254550,0
training,subsetted_512x512_HLS.S30.T12TYK.2018220.v1.4,12TYK,2018-08-08,"PROJCS[""UTM Zone 12, Northern Hemisphere"",GEOGCS[""Unknown datum based upon the WGS 84 ellipsoid"",DATUM[""Not specified (based on WGS 84 spheroid)"",SPHEROID[""WGS 84"",6378137,298.257223563,AUTHORITY[""EPSG"",""7030""]]],PRIMEM[""Greenwich"",0],UNIT[""degree"",0.0174532925199433,AUTHORITY[""EPSG"",""9122""]]],PROJECTION[""Transverse_Mercator""],PARAMETER[""latitude_of_origin"",0],PARAMETER[""central_meridian"",-111],PARAMETER[""scale_factor"",0.9996],PARAMETER[""false_easting"",500000],PARAMETER[""false_northing"",0],UNIT[""metre"",1,AUTHORITY[""EPSG"",""9001""]],AXIS[""Easting"",EAST],AXIS[""Northing"",NORTH]]","POLYGON ((733110.0 4446810.0, 733110.0 4462170.0, 748470.0 4462170.0, 748470.0 4446810.0, 733110.0 4446810.0))",28697,233447,0
training,subsetted_512x512_HLS.S30.T12TYL.2018290.v1.4,12TYL,2018-10-17,"PROJCS[""UTM Zone 12, Northern Hemisphere"",GEOGCS[""Unknown datum based upon the WGS 84 ellipsoid"",DATUM[""Not specified (based on WGS 84 spheroid)"",SPHEROID[""WGS 84"",6378137,298.257223563,AUTHORITY[""EPSG"",""7030""]]],PRIMEM[""Greenwich"",0],UNIT[""degree"",0.0174532925199433,AUTHORITY[""EPSG"",""9122""]]],PROJECTION[""Transverse_Mercator""],PARAMETER[""latitude_of_origin"",0],PARAMETER[""central_meridian"",-111],PARAMETER[""scale_factor"",0.9996],PARAMETER[""false_easting"",500000],PARAMETER[""false_northing"",0],UNIT[""metre"",1,AUTHORITY[""EPSG"",""9001""]],AXIS[""Easting"",EAST],AXIS[""Northing"",NORTH]]","POLYGON ((700410.0 4498110.0, 700410.0 4513470.0, 715770.0 4513470.0, 715770.0 4498110.0, 700410.0 4498110.0))",38931,223213,0
training,subsetted_512x512_HLS.S30.T12TYP.2018220.v1.4,12TYP,2018-08-08,"PROJCS[""UTM Zone 12, Northern Hemisphere"",GEOGCS[""Unknown datum based upon the WGS 84 ellipsoid"",DATUM[""Not specified (based on WGS 84 spheroid)"",SPHEROID[""WGS 84"",6378137,298.257223563,AUTHORITY[""EPSG"",""7030""]]],PRIMEM[""Greenwich"",0],UNIT[""degree"",0.0174532925199433,AUTHORITY[""EPSG"",""9122""]]],PROJECTION[""Transverse_Mercator""],PARAMETER[""latitude_of_origin"",0],PARAMETER[""central_meridian"",-111],PARAMETER[""scale_factor"",0.9996],PARAMETER[""false_easting"",500000],PARAMETER[""false_northing"",0],UNIT[""metre"",1,AUTHORITY[""EPSG"",""9001""]],AXIS[""Easting"",EAST],AXIS[""Northing"",NORTH]]","POLYGON ((738120.0 4840830.0, 738120.0 4856190.0, 753480.0 4856190.0, 753480.0 4840830.0, 738120.0 4840830.0))",16459,245685,0
training,subsetted_512x512_HLS.S30.T12TYP.2018245.v1.4,12TYP,2018-09-02,"PROJCS[""UTM Zone 12, Northern Hemisphere"",GEOGCS[""Unknown datum based upon the WGS 84 ellipsoid"",DATUM[""Not specified (based on WGS 84 spheroid)"",SPHEROID[""WGS 84"",6378137,298.257223563,AUTHORITY[""EPSG"",""7030""]]],PRIMEM[""Greenwich"",0],UNIT[""degree"",0.0174532925199433,AUTHORITY[""EPSG"",""9122""]]],PROJECTION[""Transverse_Mercator""],PARAMETER[""latitude_of_origin"",0],PARAMETER[""central_meridian"",-111],PARAMETER[""scale_factor"",0.9996],PARAMETER[""false_easting"",500000],PARAMETER[""false_northing"",0],UNIT[""metre"",1,AUTHORITY[""EPSG"",""9001""]],AXIS[""Easting"",EAST],AXIS[""Northing"",NORTH]]","POLYGON ((751080.0 4845990.0, 751080.0 4861350.0, 766440.0 4861350.0, 766440.0 4845990.0, 751080.0 4845990.0))",31379,230765,0
training,subsetted_512x512_HLS.S30.T12TYP.2020215.v1.4,12TYP,2020-08-02,"PROJCS[""UTM Zone 12, Northern Hemisphere"",GEOGCS[""Unknown datum based upon the WGS 84 ellipsoid"",DATUM[""Not specified (based on WGS 84 spheroid)"",SPHEROID[""WGS 84"",6378137,298.257223563,AUTHORITY[""EPSG"",""7030""]]],PRIMEM[""Greenwich"",0],UNIT[""degree"",0.0174532925199433,AUTHORITY[""EPSG"",""9122""]]],PROJECTION[""Transverse_Mercator""],PARAMETER[""latitude_of_origin"",0],PARAMETER[""central_meridian"",-111],PARAMETER[""scale_factor"",0.9996],PARAMETER[""false_easting"",500000],PARAMETER[""false_northing"",0],UNIT[""metre"",1,AUTHORITY[""EPSG"",""9001""]],AXIS[""Easting"",EAST],AXIS[""Northing"",NORTH]]","POLYGON ((743460.0 4844250.0, 743460.0 4859610.0, 758820.0 4859610.0, 758820.0 4844250.0, 743460.0 4844250.0))",78229,183915,0
training,subsetted_512x512_HLS.S30.T12TYQ.2018185.v1.4,12TYQ,2018-07-04,"PROJCS[""UTM Zone 12, Northern Hemisphere"",GEOGCS[""Unknown datum based upon the WGS 84 ellipsoid"",DATUM[""Not specified (based on WGS 84 spheroid)"",SPHEROID[""WGS 84"",6378137,298.257223563,AUTHORITY[""EPSG"",""7030""]]],PRIMEM[""Greenwich"",0],UNIT[""degree"",0.0174532925199433,AUTHORITY[""EPSG"",""9122""]]],PROJECTION[""Transverse_Mercator""],PARAMETER[""latitude_of_origin"",0],PARAMETER[""central_meridian"",-111],PARAMETER[""scale_factor"",0.9996],PARAMETER[""false_easting"",500000],PARAMETER[""false_northing"",0],UNIT[""metre"",1,AUTHORITY[""EPSG"",""9001""]],AXIS[""Easting"",EAST],AXIS[""Northing"",NORTH]]","POLYGON ((758460.0 4891710.0, 758460.0 4907070.0, 773820.0 4907070.0, 773820.0 4891710.0, 758460.0 4891710.0))",9036,253108,0
training,subsetted_512x512_HLS.S30.T12TYS.2020248.v1.4,12TYS,2020-09-04,"PROJCS[""UTM Zone 12, Northern Hemisphere"",GEOGCS[""Unknown datum based upon the WGS 84 ellipsoid"",DATUM[""Not specified (based on WGS 84 spheroid)"",SPHEROID[""WGS 84"",6378137,298.257223563,AUTHORITY[""EPSG"",""7030""]]],PRIMEM[""Greenwich"",0],UNIT[""degree"",0.0174532925199433,AUTHORITY[""EPSG"",""9122""]]],PROJECTION[""Transverse_Mercator""],PARAMETER[""latitude_of_origin"",0],PARAMETER[""central_meridian"",-111],PARAMETER[""scale_factor"",0.9996],PARAMETER[""false_easting"",500000],PARAMETER[""false_northing"",0],UNIT[""metre"",1,AUTHORITY[""EPSG"",""9001""]],AXIS[""Easting"",EAST],AXIS[""Northing"",NORTH]]","POLYGON ((746880.0 5135190.0, 746880.0 5150550.0, 762240.0 5150550.0, 762240.0 5135190.0, 746880.0 5135190.0))",5586,256558,0
training,subsetted_512x512_HLS.S30.T12TYS.2020278.v1.4,12TYS,2020-10-04,"PROJCS[""UTM Zone 12, Northern Hemisphere"",GEOGCS[""Unknown datum based upon the WGS 84 ellipsoid"",DATUM[""Not specified (based on WGS 84 spheroid)"",SPHEROID[""WGS 84"",6378137,298.257223563,AUTHORITY[""EPSG"",""7030""]]],PRIMEM[""Greenwich"",0],UNIT[""degree"",0.0174532925199433,AUTHORITY[""EPSG"",""9122""]]],PROJECTION[""Transverse_Mercator""],PARAMETER[""latitude_of_origin"",0],PARAMETER[""central_meridian"",-111],PARAMETER[""scale_factor"",0.9996],PARAMETER[""false_easting"",500000],PARAMETER[""false_northing"",0],UNIT[""metre"",1,AUTHORITY[""EPSG"",""9001""]],AXIS[""Easting"",EAST],AXIS[""Northing"",NORTH]]","POLYGON ((747060.0 5173110.0, 747060.0 5188470.0, 762420.0 5188470.0, 762420.0 5173110.0, 747060.0 5173110.0))",14753,247391,0
training,subsetted_512x512_HLS.S30.T12TYT.2018213.v1.4,12TYT,2018-08-01,"PROJCS[""UTM Zone 12, Northern Hemisphere"",GEOGCS[""Unknown datum based upon the WGS 84 ellipsoid"",DATUM[""Not specified (based on WGS 84 spheroid)"",SPHEROID[""WGS 84"",6378137,298.257223563,AUTHORITY[""EPSG"",""7030""]]],PRIMEM[""Greenwich"",0],UNIT[""degree"",0.0174532925199433,AUTHORITY[""EPSG"",""9122""]]],PROJECTION[""Transverse_Mercator""],PARAMETER[""latitude_of_origin"",0],PARAMETER[""central_meridian"",-111],PARAMETER[""scale_factor"",0.9996],PARAMETER[""false_easting"",500000],PARAMETER[""false_northing"",0],UNIT[""metre"",1,AUTHORITY[""EPSG"",""9001""]],AXIS[""Easting"",EAST],AXIS[""Northing"",NORTH]]","POLYGON ((732780.0 5267730.0, 732780.0 5283090.0, 748140.0 5283090.0, 748140.0 5267730.0, 732780.0 5267730.0))",10735,251409,0
training,subsetted_512x512_HLS.S30.T12TYT.2019248.v1.4,12TYT,2019-09-05,"PROJCS[""UTM Zone 12, Northern Hemisphere"",GEOGCS[""Unknown datum based upon the WGS 84 ellipsoid"",DATUM[""Not specified (based on WGS 84 spheroid)"",SPHEROID[""WGS 84"",6378137,298.257223563,AUTHORITY[""EPSG"",""7030""]]],PRIMEM[""Greenwich"",0],UNIT[""degree"",0.0174532925199433,AUTHORITY[""EPSG"",""9122""]]],PROJECTION[""Transverse_Mercator""],PARAMETER[""latitude_of_origin"",0],PARAMETER[""central_meridian"",-111],PARAMETER[""scale_factor"",0.9996],PARAMETER[""false_easting"",500000],PARAMETER[""false_northing"",0],UNIT[""metre"",1,AUTHORITY[""EPSG"",""9001""]],AXIS[""Easting"",EAST],AXIS[""Northing"",NORTH]]","POLYGON ((723330.0 5254140.0, 723330.0 5269500.0, 738690.0 5269500.0, 738690.0 5254140.0, 723330.0 5254140.0))",8026,254118,0
training,subsetted_512x512_HLS.S30.T13REP.2018141.v1.4,13REP,2018-05-21,"PROJCS[""UTM Zone 13, Northern Hemisphere"",GEOGCS[""Unknown datum based upon the WGS 84 ellipsoid"",DATUM[""Not specified (based on WGS 84 spheroid)"",SPHEROID[""WGS 84"",6378137,298.257223563,AUTHORITY[""EPSG"",""7030""]]],PRIMEM[""Greenwich"",0],UNIT[""degree"",0.0174532925199433,AUTHORITY[""EPSG"",""9122""]]],PROJECTION[""Transverse_Mercator""],PARAMETER[""latitude_of_origin"",0],PARAMETER[""central_meridian"",-105],PARAMETER[""scale_factor"",0.9996],PARAMETER[""false_easting"",500000],PARAMETER[""false_northing"",0],UNIT[""metre"",1,AUTHORITY[""EPSG"",""9001""]],AXIS[""Easting"",EAST],AXIS[""Northing"",NORTH]]","POLYGON ((568830.0 3376140.0, 568830.0 3391500.0, 584190.0 3391500.0, 584190.0 3376140.0, 568830.0 3376140.0))",82274,179699,171
training,subsetted_512x512_HLS.S30.T13REP.2019241.v1.4,13REP,2019-08-29,"PROJCS[""UTM Zone 13, Northern Hemisphere"",GEOGCS[""Unknown datum based upon the WGS 84 ellipsoid"",DATUM[""Not specified (based on WGS 84 spheroid)"",SPHEROID[""WGS 84"",6378137,298.257223563,AUTHORITY[""EPSG"",""7030""]]],PRIMEM[""Greenwich"",0],UNIT[""degree"",0.0174532925199433,AUTHORITY[""EPSG"",""9122""]]],PROJECTION[""Transverse_Mercator""],PARAMETER[""latitude_of_origin"",0],PARAMETER[""central_meridian"",-105],PARAMETER[""scale_factor"",0.9996],PARAMETER[""false_easting"",500000],PARAMETER[""false_northing"",0],UNIT[""metre"",1,AUTHORITY[""EPSG"",""9001""]],AXIS[""Easting"",EAST],AXIS[""Northing"",NORTH]]","POLYGON ((538650.0 3322950.0, 538650.0 3338310.0, 554010.0 3338310.0, 554010.0 3322950.0, 538650.0 3322950.0))",5956,256188,0
training,subsetted_512x512_HLS.S30.T13SBS.2020217.v1.4,13SBS,2020-08-04,"PROJCS[""UTM Zone 13, Northern Hemisphere"",GEOGCS[""Unknown datum based upon the WGS 84 ellipsoid"",DATUM[""Not specified (based on WGS 84 spheroid)"",SPHEROID[""WGS 84"",6378137,298.257223563,AUTHORITY[""EPSG"",""7030""]]],PRIMEM[""Greenwich"",0],UNIT[""degree"",0.0174532925199433,AUTHORITY[""EPSG"",""9122""]]],PROJECTION[""Transverse_Mercator""],PARAMETER[""latitude_of_origin"",0],PARAMETER[""central_meridian"",-105],PARAMETER[""scale_factor"",0.9996],PARAMETER[""false_easting"",500000],PARAMETER[""false_northing"",0],UNIT[""metre"",1,AUTHORITY[""EPSG"",""9001""]],AXIS[""Easting"",EAST],AXIS[""Northing"",NORTH]]","POLYGON ((286500.0 3591390.0, 286500.0 3606750.0, 301860.0 3606750.0, 301860.0 3591390.0, 286500.0 3591390.0))",5505,256639,0
training,subsetted_512x512_HLS.S30.T13SBT.2019237.v1.4,13SBT,2019-08-25,"PROJCS[""UTM Zone 13, Northern Hemisphere"",GEOGCS[""Unknown datum based upon the WGS 84 ellipsoid"",DATUM[""Not specified (based on WGS 84 spheroid)"",SPHEROID[""WGS 84"",6378137,298.257223563,AUTHORITY[""EPSG"",""7030""]]],PRIMEM[""Greenwich"",0],UNIT[""degree"",0.0174532925199433,AUTHORITY[""EPSG"",""9122""]]],PROJECTION[""Transverse_Mercator""],PARAMETER[""latitude_of_origin"",0],PARAMETER[""central_meridian"",-105],PARAMETER[""scale_factor"",0.9996],PARAMETER[""false_easting"",500000],PARAMETER[""false_northing"",0],UNIT[""metre"",1,AUTHORITY[""EPSG"",""9001""]],AXIS[""Easting"",EAST],AXIS[""Northing"",NORTH]]","POLYGON ((270420.0 3714870.0, 270420.0 3730230.0, 285780.0 3730230.0, 285780.0 3714870.0, 270420.0 3714870.0))",19075,243069,0
training,subsetted_512x512_HLS.S30.T13SCR.2018214.v1.4,13SCR,2018-08-02,"PROJCS[""UTM Zone 13, Northern Hemisphere"",GEOGCS[""Unknown datum based upon the WGS 84 ellipsoid"",DATUM[""Not specified (based on WGS 84 spheroid)"",SPHEROID[""WGS 84"",6378137,298.257223563,AUTHORITY[""EPSG"",""7030""]]],PRIMEM[""Greenwich"",0],UNIT[""degree"",0.0174532925199433,AUTHORITY[""EPSG"",""9122""]]],PROJECTION[""Transverse_Mercator""],PARAMETER[""latitude_of_origin"",0],PARAMETER[""central_meridian"",-105],PARAMETER[""scale_factor"",0.9996],PARAMETER[""false_easting"",500000],PARAMETER[""false_northing"",0],UNIT[""metre"",1,AUTHORITY[""EPSG"",""9001""]],AXIS[""Easting"",EAST],AXIS[""Northing"",NORTH]]","POLYGON ((348120.0 3584430.0, 348120.0 3599790.0, 363480.0 3599790.0, 363480.0 3584430.0, 348120.0 3584430.0))",21943,240201,0
training,subsetted_512x512_HLS.S30.T13SDS.2018214.v1.4,13SDS,2018-08-02,"PROJCS[""UTM Zone 13, Northern Hemisphere"",GEOGCS[""Unknown datum based upon the WGS 84 ellipsoid"",DATUM[""Not specified (based on WGS 84 spheroid)"",SPHEROID[""WGS 84"",6378137,298.257223563,AUTHORITY[""EPSG"",""7030""]]],PRIMEM[""Greenwich"",0],UNIT[""degree"",0.0174532925199433,AUTHORITY[""EPSG"",""9122""]]],PROJECTION[""Transverse_Mercator""],PARAMETER[""latitude_of_origin"",0],PARAMETER[""central_meridian"",-105],PARAMETER[""scale_factor"",0.9996],PARAMETER[""false_easting"",500000],PARAMETER[""false_northing"",0],UNIT[""metre"",1,AUTHORITY[""EPSG"",""9001""]],AXIS[""Easting"",EAST],AXIS[""Northing"",NORTH]]","POLYGON ((491609.99999999994 3590700.0, 491609.99999999994 3606060.0, 506969.99999999994 3606060.0, 506969.99999999994 3590700.0, 491609.99999999994 3590700.0))",29771,232373,0
training,subsetted_512x512_HLS.S30.T13SDT.2018134.v1.4,13SDT,2018-05-14,"PROJCS[""UTM Zone 13, Northern Hemisphere"",GEOGCS[""Unknown datum based upon the WGS 84 ellipsoid"",DATUM[""Not specified (based on WGS 84 spheroid)"",SPHEROID[""WGS 84"",6378137,298.257223563,AUTHORITY[""EPSG"",""7030""]]],PRIMEM[""Greenwich"",0],UNIT[""degree"",0.0174532925199433,AUTHORITY[""EPSG"",""9122""]]],PROJECTION[""Transverse_Mercator""],PARAMETER[""latitude_of_origin"",0],PARAMETER[""central_meridian"",-105],PARAMETER[""scale_factor"",0.9996],PARAMETER[""false_easting"",500000],PARAMETER[""false_northing"",0],UNIT[""metre"",1,AUTHORITY[""EPSG"",""9001""]],AXIS[""Easting"",EAST],AXIS[""Northing"",NORTH]]","POLYGON ((443040.0 3709080.0, 443040.0 3724440.0, 458400.0 3724440.0, 458400.0 3709080.0, 443040.0 3709080.0))",16072,246072,0
training,subsetted_512x512_HLS.S30.T13SDT.2019184.v1.4,13SDT,2019-07-03,"PROJCS[""UTM Zone 13, Northern Hemisphere"",GEOGCS[""Unknown datum based upon the WGS 84 ellipsoid"",DATUM[""Not specified (based on WGS 84 spheroid)"",SPHEROID[""WGS 84"",6378137,298.257223563,AUTHORITY[""EPSG"",""7030""]]],PRIMEM[""Greenwich"",0],UNIT[""degree"",0.0174532925199433,AUTHORITY[""EPSG"",""9122""]]],PROJECTION[""Transverse_Mercator""],PARAMETER[""latitude_of_origin"",0],PARAMETER[""central_meridian"",-105],PARAMETER[""scale_factor"",0.9996],PARAMETER[""false_easting"",500000],PARAMETER[""false_northing"",0],UNIT[""metre"",1,AUTHORITY[""EPSG"",""9001""]],AXIS[""Easting"",EAST],AXIS[""Northing"",NORTH]]","POLYGON ((425640.0 3733770.0, 425640.0 3749130.0, 441000.0 3749130.0, 441000.0 3733770.0, 425640.0 3733770.0))",15476,246668,0
training,subsetted_512x512_HLS.S30.T13SDT.2020249.v1.4,13SDT,2020-09-05,"PROJCS[""UTM Zone 13, Northern Hemisphere"",GEOGCS[""Unknown datum based upon the WGS 84 ellipsoid"",DATUM[""Not specified (based on WGS 84 spheroid)"",SPHEROID[""WGS 84"",6378137,298.257223563,AUTHORITY[""EPSG"",""7030""]]],PRIMEM[""Greenwich"",0],UNIT[""degree"",0.0174532925199433,AUTHORITY[""EPSG"",""9122""]]],PROJECTION[""Transverse_Mercator""],PARAMETER[""latitude_of_origin"",0],PARAMETER[""central_meridian"",-105],PARAMETER[""scale_factor"",0.9996],PARAMETER[""false_easting"",500000],PARAMETER[""false_northing"",0],UNIT[""metre"",1,AUTHORITY[""EPSG"",""9001""]],AXIS[""Easting"",EAST],AXIS[""Northing"",NORTH]]","POLYGON ((433680.0 3717120.0, 433680.0 3732480.0, 449040.0 3732480.0, 449040.0 3717120.0, 433680.0 3717120.0))",9218,252926,0
training,subsetted_512x512_HLS.S30.T13SDU.2018219.v1.4,13SDU,2018-08-07,"PROJCS[""UTM Zone 13, Northern Hemisphere"",GEOGCS[""Unknown datum based upon the WGS 84 ellipsoid"",DATUM[""Not specified (based on WGS 84 spheroid)"",SPHEROID[""WGS 84"",6378137,298.257223563,AUTHORITY[""EPSG"",""7030""]]],PRIMEM[""Greenwich"",0],UNIT[""degree"",0.0174532925199433,AUTHORITY[""EPSG"",""9122""]]],PROJECTION[""Transverse_Mercator""],PARAMETER[""latitude_of_origin"",0],PARAMETER[""central_meridian"",-105],PARAMETER[""scale_factor"",0.9996],PARAMETER[""false_easting"",500000],PARAMETER[""false_northing"",0],UNIT[""metre"",1,AUTHORITY[""EPSG"",""9001""]],AXIS[""Easting"",EAST],AXIS[""Northing"",NORTH]]","POLYGON ((477720.0 3830970.0, 477720.0 3846330.0, 493080.0 3846330.0, 493080.0 3830970.0, 477720.0 3830970.0))",12286,249858,0
training,subsetted_512x512_HLS.S30.T13SDV.2020269.v1.4,13SDV,2020-09-25,"PROJCS[""UTM Zone 13, Northern Hemisphere"",GEOGCS[""Unknown datum based upon the WGS 84 ellipsoid"",DATUM[""Not specified (based on WGS 84 spheroid)"",SPHEROID[""WGS 84"",6378137,298.257223563,AUTHORITY[""EPSG"",""7030""]]],PRIMEM[""Greenwich"",0],UNIT[""degree"",0.0174532925199433,AUTHORITY[""EPSG"",""9122""]]],PROJECTION[""Transverse_Mercator""],PARAMETER[""latitude_of_origin"",0],PARAMETER[""central_meridian"",-105],PARAMETER[""scale_factor"",0.9996],PARAMETER[""false_easting"",500000],PARAMETER[""false_northing"",0],UNIT[""metre"",1,AUTHORITY[""EPSG"",""9001""]],AXIS[""Easting"",EAST],AXIS[""Northing"",NORTH]]","POLYGON ((415110.0 3956130.0, 415110.0 3971490.0, 430470.0 3971490.0, 430470.0 3956130.0, 415110.0 3956130.0))",19013,243131,0
training,subsetted_512x512_HLS.S30.T13SEA.2018144.v1.4,13SEA,2018-05-24,"PROJCS[""UTM Zone 13, Northern Hemisphere"",GEOGCS[""Unknown datum based upon the WGS 84 ellipsoid"",DATUM[""Not specified (based on WGS 84 spheroid)"",SPHEROID[""WGS 84"",6378137,298.257223563,AUTHORITY[""EPSG"",""7030""]]],PRIMEM[""Greenwich"",0],UNIT[""degree"",0.0174532925199433,AUTHORITY[""EPSG"",""9122""]]],PROJECTION[""Transverse_Mercator""],PARAMETER[""latitude_of_origin"",0],PARAMETER[""central_meridian"",-105],PARAMETER[""scale_factor"",0.9996],PARAMETER[""false_easting"",500000],PARAMETER[""false_northing"",0],UNIT[""metre"",1,AUTHORITY[""EPSG"",""9001""]],AXIS[""Easting"",EAST],AXIS[""Northing"",NORTH]]","POLYGON ((519990.0 4003200.0, 519990.0 4018560.0, 535350.0 4018560.0, 535350.0 4003200.0, 519990.0 4003200.0))",5199,256945,0
training,subsetted_512x512_HLS.S30.T13SEA.2020214.v1.4,13SEA,2020-08-01,"PROJCS[""UTM Zone 13, Northern Hemisphere"",GEOGCS[""Unknown datum based upon the WGS 84 ellipsoid"",DATUM[""Not specified (based on WGS 84 spheroid)"",SPHEROID[""WGS 84"",6378137,298.257223563,AUTHORITY[""EPSG"",""7030""]]],PRIMEM[""Greenwich"",0],UNIT[""degree"",0.0174532925199433,AUTHORITY[""EPSG"",""9122""]]],PROJECTION[""Transverse_Mercator""],PARAMETER[""latitude_of_origin"",0],PARAMETER[""central_meridian"",-105],PARAMETER[""scale_factor"",0.9996],PARAMETER[""false_easting"",500000],PARAMETER[""false_northing"",0],UNIT[""metre"",1,AUTHORITY[""EPSG"",""9001""]],AXIS[""Easting"",EAST],AXIS[""Northing"",NORTH]]","POLYGON ((561720.0 3996240.0000000005, 561720.0 4011600.0000000005, 577080.0 4011600.0000000005, 577080.0 3996240.0000000005, 561720.0 3996240.0000000005))",5891,256253,0
training,subsetted_512x512_HLS.S30.T13SEB.2018189.v1.4,13SEB,2018-07-08,"PROJCS[""UTM Zone 13, Northern Hemisphere"",GEOGCS[""Unknown datum based upon the WGS 84 ellipsoid"",DATUM[""Not specified (based on WGS 84 spheroid)"",SPHEROID[""WGS 84"",6378137,298.257223563,AUTHORITY[""EPSG"",""7030""]]],PRIMEM[""Greenwich"",0],UNIT[""degree"",0.0174532925199433,AUTHORITY[""EPSG"",""9122""]]],PROJECTION[""Transverse_Mercator""],PARAMETER[""latitude_of_origin"",0],PARAMETER[""central_meridian"",-105],PARAMETER[""scale_factor"",0.9996],PARAMETER[""false_easting"",500000],PARAMETER[""false_northing"",0],UNIT[""metre"",1,AUTHORITY[""EPSG"",""9001""]],AXIS[""Easting"",EAST],AXIS[""Northing"",NORTH]]","POLYGON ((586920.0 4090200.0, 586920.0 4105560.0, 602280.0 4105560.0, 602280.0 4090200.0, 586920.0 4090200.0))",6086,256019,39
training,subsetted_512x512_HLS.S30.T13SEC.2018164.v1.4,13SEC,2018-06-13,"PROJCS[""UTM Zone 13, Northern Hemisphere"",GEOGCS[""Unknown datum based upon the WGS 84 ellipsoid"",DATUM[""Not specified (based on WGS 84 spheroid)"",SPHEROID[""WGS 84"",6378137,298.257223563,AUTHORITY[""EPSG"",""7030""]]],PRIMEM[""Greenwich"",0],UNIT[""degree"",0.0174532925199433,AUTHORITY[""EPSG"",""9122""]]],PROJECTION[""Transverse_Mercator""],PARAMETER[""latitude_of_origin"",0],PARAMETER[""central_meridian"",-105],PARAMETER[""scale_factor"",0.9996],PARAMETER[""false_easting"",500000],PARAMETER[""false_northing"",0],UNIT[""metre"",1,AUTHORITY[""EPSG"",""9001""]],AXIS[""Easting"",EAST],AXIS[""Northing"",NORTH]]","POLYGON ((551940.0 4253730.0, 551940.0 4269090.0, 567300.0 4269090.0, 567300.0 4253730.0, 551940.0 4253730.0))",10278,251866,0
training,subsetted_512x512_HLS.S30.T13SER.2018156.v1.4,13SER,2018-06-05,"PROJCS[""UTM Zone 13, Northern Hemisphere"",GEOGCS[""Unknown datum based upon the WGS 84 ellipsoid"",DATUM[""Not specified (based on WGS 84 spheroid)"",SPHEROID[""WGS 84"",6378137,298.257223563,AUTHORITY[""EPSG"",""7030""]]],PRIMEM[""Greenwich"",0],UNIT[""degree"",0.0174532925199433,AUTHORITY[""EPSG"",""9122""]]],PROJECTION[""Transverse_Mercator""],PARAMETER[""latitude_of_origin"",0],PARAMETER[""central_meridian"",-105],PARAMETER[""scale_factor"",0.9996],PARAMETER[""false_easting"",500000],PARAMETER[""false_northing"",0],UNIT[""metre"",1,AUTHORITY[""EPSG"",""9001""]],AXIS[""Easting"",EAST],AXIS[""Northing"",NORTH]]","POLYGON ((518339.99999999994 3557970.0, 518339.99999999994 3573330.0, 533700.0 3573330.0, 533700.0 3557970.0, 518339.99999999994 3557970.0))",22693,239451,0
training,subsetted_512x512_HLS.S30.T13SEV.2020154.v1.4,13SEV,2020-06-02,"PROJCS[""UTM Zone 13, Northern Hemisphere"",GEOGCS[""Unknown datum based upon the WGS 84 ellipsoid"",DATUM[""Not specified (based on WGS 84 spheroid)"",SPHEROID[""WGS 84"",6378137,298.257223563,AUTHORITY[""EPSG"",""7030""]]],PRIMEM[""Greenwich"",0],UNIT[""degree"",0.0174532925199433,AUTHORITY[""EPSG"",""9122""]]],PROJECTION[""Transverse_Mercator""],PARAMETER[""latitude_of_origin"",0],PARAMETER[""central_meridian"",-105],PARAMETER[""scale_factor"",0.9996],PARAMETER[""false_easting"",500000],PARAMETER[""false_northing"",0],UNIT[""metre"",1,AUTHORITY[""EPSG"",""9001""]],AXIS[""Easting"",EAST],AXIS[""Northing"",NORTH]]","POLYGON ((545820.0 3967020.0, 545820.0 3982380.0, 561180.0 3982380.0, 561180.0 3967020.0, 545820.0 3967020.0))",30071,232073,0
training,subsetted_512x512_HLS.S30.T13SFA.2018134.v1.4,13SFA,2018-05-14,"PROJCS[""UTM Zone 13, Northern Hemisphere"",GEOGCS[""Unknown datum based upon the WGS 84 ellipsoid"",DATUM[""Not specified (based on WGS 84 spheroid)"",SPHEROID[""WGS 84"",6378137,298.257223563,AUTHORITY[""EPSG"",""7030""]]],PRIMEM[""Greenwich"",0],UNIT[""degree"",0.0174532925199433,AUTHORITY[""EPSG"",""9122""]]],PROJECTION[""Transverse_Mercator""],PARAMETER[""latitude_of_origin"",0],PARAMETER[""central_meridian"",-105],PARAMETER[""scale_factor"",0.9996],PARAMETER[""false_easting"",500000],PARAMETER[""false_northing"",0],UNIT[""metre"",1,AUTHORITY[""EPSG"",""9001""]],AXIS[""Easting"",EAST],AXIS[""Northing"",NORTH]]","POLYGON ((662280.0 4084620.0000000005, 662280.0 4099980.0000000005, 677640.0 4099980.0000000005, 677640.0 4084620.0000000005, 662280.0 4084620.0000000005))",118107,144037,0
training,subsetted_512x512_HLS.S30.T13SFA.2018184.v1.4,13SFA,2018-07-03,"PROJCS[""UTM Zone 13, Northern Hemisphere"",GEOGCS[""Unknown datum based upon the WGS 84 ellipsoid"",DATUM[""Not specified (based on WGS 84 spheroid)"",SPHEROID[""WGS 84"",6378137,298.257223563,AUTHORITY[""EPSG"",""7030""]]],PRIMEM[""Greenwich"",0],UNIT[""degree"",0.0174532925199433,AUTHORITY[""EPSG"",""9122""]]],PROJECTION[""Transverse_Mercator""],PARAMETER[""latitude_of_origin"",0],PARAMETER[""central_meridian"",-105],PARAMETER[""scale_factor"",0.9996],PARAMETER[""false_easting"",500000],PARAMETER[""false_northing"",0],UNIT[""metre"",1,AUTHORITY[""EPSG"",""9001""]],AXIS[""Easting"",EAST],AXIS[""Northing"",NORTH]]","POLYGON ((671670.0 4073220.0, 671670.0 4088580.0, 687030.0 4088580.0, 687030.0 4073220.0, 671670.0 4073220.0))",16999,245145,0
training,subsetted_512x512_HLS.S30.T13SFA.2019244.v1.4,13SFA,2019-09-01,"PROJCS[""UTM Zone 13, Northern Hemisphere"",GEOGCS[""Unknown datum based upon the WGS 84 ellipsoid"",DATUM[""Not specified (based on WGS 84 spheroid)"",SPHEROID[""WGS 84"",6378137,298.257223563,AUTHORITY[""EPSG"",""7030""]]],PRIMEM[""Greenwich"",0],UNIT[""degree"",0.0174532925199433,AUTHORITY[""EPSG"",""9122""]]],PROJECTION[""Transverse_Mercator""],PARAMETER[""latitude_of_origin"",0],PARAMETER[""central_meridian"",-105],PARAMETER[""scale_factor"",0.9996],PARAMETER[""false_easting"",500000],PARAMETER[""false_northing"",0],UNIT[""metre"",1,AUTHORITY[""EPSG"",""9001""]],AXIS[""Easting"",EAST],AXIS[""Northing"",NORTH]]","POLYGON ((662370.0 4038120.0, 662370.0 4053480.0, 677730.0 4053480.0, 677730.0 4038120.0, 662370.0 4038120.0))",9179,252965,0
training,subsetted_512x512_HLS.S30.T13SFA.2020154.v1.4,13SFA,2020-06-02,"PROJCS[""UTM Zone 13, Northern Hemisphere"",GEOGCS[""Unknown datum based upon the WGS 84 ellipsoid"",DATUM[""Not specified (based on WGS 84 spheroid)"",SPHEROID[""WGS 84"",6378137,298.257223563,AUTHORITY[""EPSG"",""7030""]]],PRIMEM[""Greenwich"",0],UNIT[""degree"",0.0174532925199433,AUTHORITY[""EPSG"",""9122""]]],PROJECTION[""Transverse_Mercator""],PARAMETER[""latitude_of_origin"",0],PARAMETER[""central_meridian"",-105],PARAMETER[""scale_factor"",0.9996],PARAMETER[""false_easting"",500000],PARAMETER[""false_northing"",0],UNIT[""metre"",1,AUTHORITY[""EPSG"",""9001""]],AXIS[""Easting"",EAST],AXIS[""Northing"",NORTH]]","POLYGON ((652440.0 4083270.0, 652440.0 4098630.0, 667800.0 4098630.0, 667800.0 4083270.0, 652440.0 4083270.0))",5521,256623,0
training,subsetted_512x512_HLS.S30.T13SFB.2019109.v1.4,13SFB,2019-04-19,"PROJCS[""UTM Zone 13, Northern Hemisphere"",GEOGCS[""Unknown datum based upon the WGS 84 ellipsoid"",DATUM[""Not specified (based on WGS 84 spheroid)"",SPHEROID[""WGS 84"",6378137,298.257223563,AUTHORITY[""EPSG"",""7030""]]],PRIMEM[""Greenwich"",0],UNIT[""degree"",0.0174532925199433,AUTHORITY[""EPSG"",""9122""]]],PROJECTION[""Transverse_Mercator""],PARAMETER[""latitude_of_origin"",0],PARAMETER[""central_meridian"",-105],PARAMETER[""scale_factor"",0.9996],PARAMETER[""false_easting"",500000],PARAMETER[""false_northing"",0],UNIT[""metre"",1,AUTHORITY[""EPSG"",""9001""]],AXIS[""Easting"",EAST],AXIS[""Northing"",NORTH]]","POLYGON ((622560.0 4115490.0, 622560.0 4130850.0, 637920.0 4130850.0, 637920.0 4115490.0, 622560.0 4115490.0))",4520,257624,0
training,subsetted_512x512_HLS.S30.T13SFB.2020189.v1.4,13SFB,2020-07-07,"PROJCS[""UTM Zone 13, Northern Hemisphere"",GEOGCS[""Unknown datum based upon the WGS 84 ellipsoid"",DATUM[""Not specified (based on WGS 84 spheroid)"",SPHEROID[""WGS 84"",6378137,298.257223563,AUTHORITY[""EPSG"",""7030""]]],PRIMEM[""Greenwich"",0],UNIT[""degree"",0.0174532925199433,AUTHORITY[""EPSG"",""9122""]]],PROJECTION[""Transverse_Mercator""],PARAMETER[""latitude_of_origin"",0],PARAMETER[""central_meridian"",-105],PARAMETER[""scale_factor"",0.9996],PARAMETER[""false_easting"",500000],PARAMETER[""false_northing"",0],UNIT[""metre"",1,AUTHORITY[""EPSG"",""9001""]],AXIS[""Easting"",EAST],AXIS[""Northing"",NORTH]]","POLYGON ((636810.0 4093500.0, 636810.0 4108860.0, 652170.0 4108860.0, 652170.0 4093500.0, 636810.0 4093500.0))",15350,246794,0
training,subsetted_512x512_HLS.S30.T13SFC.2019154.v1.4,13SFC,2019-06-03,"PROJCS[""UTM Zone 13, Northern Hemisphere"",GEOGCS[""Unknown datum based upon the WGS 84 ellipsoid"",DATUM[""Not specified (based on WGS 84 spheroid)"",SPHEROID[""WGS 84"",6378137,298.257223563,AUTHORITY[""EPSG"",""7030""]]],PRIMEM[""Greenwich"",0],UNIT[""degree"",0.0174532925199433,AUTHORITY[""EPSG"",""9122""]]],PROJECTION[""Transverse_Mercator""],PARAMETER[""latitude_of_origin"",0],PARAMETER[""central_meridian"",-105],PARAMETER[""scale_factor"",0.9996],PARAMETER[""false_easting"",500000],PARAMETER[""false_northing"",0],UNIT[""metre"",1,AUTHORITY[""EPSG"",""9001""]],AXIS[""Easting"",EAST],AXIS[""Northing"",NORTH]]","POLYGON ((652350.0 4207950.0, 652350.0 4223310.0, 667710.0 4223310.0, 667710.0 4207950.0, 652350.0 4207950.0))",7590,254435,119
training,subsetted_512x512_HLS.S30.T13SFC.2020124.v1.4,13SFC,2020-05-03,"PROJCS[""UTM Zone 13, Northern Hemisphere"",GEOGCS[""Unknown datum based upon the WGS 84 ellipsoid"",DATUM[""Not specified (based on WGS 84 spheroid)"",SPHEROID[""WGS 84"",6378137,298.257223563,AUTHORITY[""EPSG"",""7030""]]],PRIMEM[""Greenwich"",0],UNIT[""degree"",0.0174532925199433,AUTHORITY[""EPSG"",""9122""]]],PROJECTION[""Transverse_Mercator""],PARAMETER[""latitude_of_origin"",0],PARAMETER[""central_meridian"",-105],PARAMETER[""scale_factor"",0.9996],PARAMETER[""false_easting"",500000],PARAMETER[""false_northing"",0],UNIT[""metre"",1,AUTHORITY[""EPSG"",""9001""]],AXIS[""Easting"",EAST],AXIS[""Northing"",NORTH]]","POLYGON ((634470.0 4206060.0, 634470.0 4221420.0, 649830.0 4221420.0, 649830.0 4206060.0, 634470.0 4206060.0))",6473,255671,0
training,subsetted_512x512_HLS.S30.T13SFC.2020184.v1.4,13SFC,2020-07-02,"PROJCS[""UTM Zone 13, Northern Hemisphere"",GEOGCS[""Unknown datum based upon the WGS 84 ellipsoid"",DATUM[""Not specified (based on WGS 84 spheroid)"",SPHEROID[""WGS 84"",6378137,298.257223563,AUTHORITY[""EPSG"",""7030""]]],PRIMEM[""Greenwich"",0],UNIT[""degree"",0.0174532925199433,AUTHORITY[""EPSG"",""9122""]]],PROJECTION[""Transverse_Mercator""],PARAMETER[""latitude_of_origin"",0],PARAMETER[""central_meridian"",-105],PARAMETER[""scale_factor"",0.9996],PARAMETER[""false_easting"",500000],PARAMETER[""false_northing"",0],UNIT[""metre"",1,AUTHORITY[""EPSG"",""9001""]],AXIS[""Easting"",EAST],AXIS[""Northing"",NORTH]]","POLYGON ((694440.0 4257990.0, 694440.0 4273350.0, 709800.0 4273350.0, 709800.0 4257990.0, 694440.0 4257990.0))",6151,255993,0
training,subsetted_512x512_HLS.S30.T13SFR.2020216.v1.4,13SFR,2020-08-03,"PROJCS[""UTM Zone 13, Northern Hemisphere"",GEOGCS[""Unknown datum based upon the WGS 84 ellipsoid"",DATUM[""Not specified (based on WGS 84 spheroid)"",SPHEROID[""WGS 84"",6378137,298.257223563,AUTHORITY[""EPSG"",""7030""]]],PRIMEM[""Greenwich"",0],UNIT[""degree"",0.0174532925199433,AUTHORITY[""EPSG"",""9122""]]],PROJECTION[""Transverse_Mercator""],PARAMETER[""latitude_of_origin"",0],PARAMETER[""central_meridian"",-105],PARAMETER[""scale_factor"",0.9996],PARAMETER[""false_easting"",500000],PARAMETER[""false_northing"",0],UNIT[""metre"",1,AUTHORITY[""EPSG"",""9001""]],AXIS[""Easting"",EAST],AXIS[""Northing"",NORTH]]","POLYGON ((604830.0 3546990.0, 604830.0 3562350.0, 620190.0 3562350.0, 620190.0 3546990.0, 604830.0 3546990.0))",10468,251676,0
training,subsetted_512x512_HLS.S30.T13SFR.2020251.v1.4,13SFR,2020-09-07,"PROJCS[""UTM Zone 13, Northern Hemisphere"",GEOGCS[""Unknown datum based upon the WGS 84 ellipsoid"",DATUM[""Not specified (based on WGS 84 spheroid)"",SPHEROID[""WGS 84"",6378137,298.257223563,AUTHORITY[""EPSG"",""7030""]]],PRIMEM[""Greenwich"",0],UNIT[""degree"",0.0174532925199433,AUTHORITY[""EPSG"",""9122""]]],PROJECTION[""Transverse_Mercator""],PARAMETER[""latitude_of_origin"",0],PARAMETER[""central_meridian"",-105],PARAMETER[""scale_factor"",0.9996],PARAMETER[""false_easting"",500000],PARAMETER[""false_northing"",0],UNIT[""metre"",1,AUTHORITY[""EPSG"",""9001""]],AXIS[""Easting"",EAST],AXIS[""Northing"",NORTH]]","POLYGON ((673530.0 3496140.0, 673530.0 3511500.0, 688890.0 3511500.0, 688890.0 3496140.0, 673530.0 3496140.0))",5762,256382,0
training,subsetted_512x512_HLS.S30.T13SFS.2018136.v1.4,13SFS,2018-05-16,"PROJCS[""UTM Zone 13, Northern Hemisphere"",GEOGCS[""Unknown datum based upon the WGS 84 ellipsoid"",DATUM[""Not specified (based on WGS 84 spheroid)"",SPHEROID[""WGS 84"",6378137,298.257223563,AUTHORITY[""EPSG"",""7030""]]],PRIMEM[""Greenwich"",0],UNIT[""degree"",0.0174532925199433,AUTHORITY[""EPSG"",""9122""]]],PROJECTION[""Transverse_Mercator""],PARAMETER[""latitude_of_origin"",0],PARAMETER[""central_meridian"",-105],PARAMETER[""scale_factor"",0.9996],PARAMETER[""false_easting"",500000],PARAMETER[""false_northing"",0],UNIT[""metre"",1,AUTHORITY[""EPSG"",""9001""]],AXIS[""Easting"",EAST],AXIS[""Northing"",NORTH]]","POLYGON ((611130.0 3662670.0, 611130.0 3678030.0, 626490.0 3678030.0, 626490.0 3662670.0, 611130.0 3662670.0))",20355,241789,0
training,subsetted_512x512_HLS.S30.T13SFT.2018136.v1.4,13SFT,2018-05-16,"PROJCS[""UTM Zone 13, Northern Hemisphere"",GEOGCS[""Unknown datum based upon the WGS 84 ellipsoid"",DATUM[""Not specified (based on WGS 84 spheroid)"",SPHEROID[""WGS 84"",6378137,298.257223563,AUTHORITY[""EPSG"",""7030""]]],PRIMEM[""Greenwich"",0],UNIT[""degree"",0.0174532925199433,AUTHORITY[""EPSG"",""9122""]]],PROJECTION[""Transverse_Mercator""],PARAMETER[""latitude_of_origin"",0],PARAMETER[""central_meridian"",-105],PARAMETER[""scale_factor"",0.9996],PARAMETER[""false_easting"",500000],PARAMETER[""false_northing"",0],UNIT[""metre"",1,AUTHORITY[""EPSG"",""9001""]],AXIS[""Easting"",EAST],AXIS[""Northing"",NORTH]]","POLYGON ((664830.0 3712860.0, 664830.0 3728220.0, 680190.0 3728220.0, 680190.0 3712860.0, 664830.0 3712860.0))",112120,150024,0
training,subsetted_512x512_HLS.S30.T13SFT.2019096.v1.4,13SFT,2019-04-06,"PROJCS[""UTM Zone 13, Northern Hemisphere"",GEOGCS[""Unknown datum based upon the WGS 84 ellipsoid"",DATUM[""Not specified (based on WGS 84 spheroid)"",SPHEROID[""WGS 84"",6378137,298.257223563,AUTHORITY[""EPSG"",""7030""]]],PRIMEM[""Greenwich"",0],UNIT[""degree"",0.0174532925199433,AUTHORITY[""EPSG"",""9122""]]],PROJECTION[""Transverse_Mercator""],PARAMETER[""latitude_of_origin"",0],PARAMETER[""central_meridian"",-105],PARAMETER[""scale_factor"",0.9996],PARAMETER[""false_easting"",500000],PARAMETER[""false_northing"",0],UNIT[""metre"",1,AUTHORITY[""EPSG"",""9001""]],AXIS[""Easting"",EAST],AXIS[""Northing"",NORTH]]","POLYGON ((600060.0 3707280.0, 600060.0 3722640.0, 615420.0 3722640.0, 615420.0 3707280.0, 600060.0 3707280.0))",6336,255808,0
training,subsetted_512x512_HLS.S30.T13SGB.2018136.v1.4,13SGB,2018-05-16,"PROJCS[""UTM Zone 13, Northern Hemisphere"",GEOGCS[""Unknown datum based upon the WGS 84 ellipsoid"",DATUM[""Not specified (based on WGS 84 spheroid)"",SPHEROID[""WGS 84"",6378137,298.257223563,AUTHORITY[""EPSG"",""7030""]]],PRIMEM[""Greenwich"",0],UNIT[""degree"",0.0174532925199433,AUTHORITY[""EPSG"",""9122""]]],PROJECTION[""Transverse_Mercator""],PARAMETER[""latitude_of_origin"",0],PARAMETER[""central_meridian"",-105],PARAMETER[""scale_factor"",0.9996],PARAMETER[""false_easting"",500000],PARAMETER[""false_northing"",0],UNIT[""metre"",1,AUTHORITY[""EPSG"",""9001""]],AXIS[""Easting"",EAST],AXIS[""Northing"",NORTH]]","POLYGON ((728430.0 4178970.0, 728430.0 4194330.0, 743790.0 4194330.0, 743790.0 4178970.0, 728430.0 4178970.0))",46774,215370,0
training,subsetted_512x512_HLS.S30.T13SGB.2019076.v1.4,13SGB,2019-03-17,"PROJCS[""UTM Zone 13, Northern Hemisphere"",GEOGCS[""Unknown datum based upon the WGS 84 ellipsoid"",DATUM[""Not specified (based on WGS 84 spheroid)"",SPHEROID[""WGS 84"",6378137,298.257223563,AUTHORITY[""EPSG"",""7030""]]],PRIMEM[""Greenwich"",0],UNIT[""degree"",0.0174532925199433,AUTHORITY[""EPSG"",""9122""]]],PROJECTION[""Transverse_Mercator""],PARAMETER[""latitude_of_origin"",0],PARAMETER[""central_meridian"",-105],PARAMETER[""scale_factor"",0.9996],PARAMETER[""false_easting"",500000],PARAMETER[""false_northing"",0],UNIT[""metre"",1,AUTHORITY[""EPSG"",""9001""]],AXIS[""Easting"",EAST],AXIS[""Northing"",NORTH]]","POLYGON ((716370.0 4095960.0, 716370.0 4111320.0, 731730.0 4111320.0, 731730.0 4095960.0, 716370.0 4095960.0))",17461,244683,0
training,subsetted_512x512_HLS.S30.T13TBE.2018220.v1.4,13TBE,2018-08-08,"PROJCS[""UTM Zone 13, Northern Hemisphere"",GEOGCS[""Unknown datum based upon the WGS 84 ellipsoid"",DATUM[""Not specified (based on WGS 84 spheroid)"",SPHEROID[""WGS 84"",6378137,298.257223563,AUTHORITY[""EPSG"",""7030""]]],PRIMEM[""Greenwich"",0],UNIT[""degree"",0.0174532925199433,AUTHORITY[""EPSG"",""9122""]]],PROJECTION[""Transverse_Mercator""],PARAMETER[""latitude_of_origin"",0],PARAMETER[""central_meridian"",-105],PARAMETER[""scale_factor"",0.9996],PARAMETER[""false_easting"",500000],PARAMETER[""false_northing"",0],UNIT[""metre"",1,AUTHORITY[""EPSG"",""9001""]],AXIS[""Easting"",EAST],AXIS[""Northing"",NORTH]]","POLYGON ((271140.0 4414650.0, 271140.0 4430010.0, 286500.0 4430010.0, 286500.0 4414650.0, 271140.0 4414650.0))",25936,235912,296
training,subsetted_512x512_HLS.S30.T13TCG.2020247.v1.4,13TCG,2020-09-03,"PROJCS[""UTM Zone 13, Northern Hemisphere"",GEOGCS[""Unknown datum based upon the WGS 84 ellipsoid"",DATUM[""Not specified (based on WGS 84 spheroid)"",SPHEROID[""WGS 84"",6378137,298.257223563,AUTHORITY[""EPSG"",""7030""]]],PRIMEM[""Greenwich"",0],UNIT[""degree"",0.0174532925199433,AUTHORITY[""EPSG"",""9122""]]],PROJECTION[""Transverse_Mercator""],PARAMETER[""latitude_of_origin"",0],PARAMETER[""central_meridian"",-105],PARAMETER[""scale_factor"",0.9996],PARAMETER[""false_easting"",500000],PARAMETER[""false_northing"",0],UNIT[""metre"",1,AUTHORITY[""EPSG"",""9001""]],AXIS[""Easting"",EAST],AXIS[""Northing"",NORTH]]","POLYGON ((327540.0 4665450.0, 327540.0 4680810.0, 342900.0 4680810.0, 342900.0 4665450.0, 327540.0 4665450.0))",8568,253576,0
training,subsetted_512x512_HLS.S30.T13TCG.2020277.v1.4,13TCG,2020-10-03,"PROJCS[""UTM Zone 13, Northern Hemisphere"",GEOGCS[""Unknown datum based upon the WGS 84 ellipsoid"",DATUM[""Not specified (based on WGS 84 spheroid)"",SPHEROID[""WGS 84"",6378137,298.257223563,AUTHORITY[""EPSG"",""7030""]]],PRIMEM[""Greenwich"",0],UNIT[""degree"",0.0174532925199433,AUTHORITY[""EPSG"",""9122""]]],PROJECTION[""Transverse_Mercator""],PARAMETER[""latitude_of_origin"",0],PARAMETER[""central_meridian"",-105],PARAMETER[""scale_factor"",0.9996],PARAMETER[""false_easting"",500000],PARAMETER[""false_northing"",0],UNIT[""metre"",1,AUTHORITY[""EPSG"",""9001""]],AXIS[""Easting"",EAST],AXIS[""Northing"",NORTH]]","POLYGON ((361710.0 4624020.0, 361710.0 4639380.0, 377070.0 4639380.0, 377070.0 4624020.0, 361710.0 4624020.0))",64153,197991,0
training,subsetted_512x512_HLS.S30.T13TCJ.2020200.v1.4,13TCJ,2020-07-18,"PROJCS[""UTM Zone 13, Northern Hemisphere"",GEOGCS[""Unknown datum based upon the WGS 84 ellipsoid"",DATUM[""Not specified (based on WGS 84 spheroid)"",SPHEROID[""WGS 84"",6378137,298.257223563,AUTHORITY[""EPSG"",""7030""]]],PRIMEM[""Greenwich"",0],UNIT[""degree"",0.0174532925199433,AUTHORITY[""EPSG"",""9122""]]],PROJECTION[""Transverse_Mercator""],PARAMETER[""latitude_of_origin"",0],PARAMETER[""central_meridian"",-105],PARAMETER[""scale_factor"",0.9996],PARAMETER[""false_easting"",500000],PARAMETER[""false_northing"",0],UNIT[""metre"",1,AUTHORITY[""EPSG"",""9001""]],AXIS[""Easting"",EAST],AXIS[""Northing"",NORTH]]","POLYGON ((384750.0 4858650.0, 384750.0 4874010.0, 400110.0 4874010.0, 400110.0 4858650.0, 384750.0 4858650.0))",48369,213775,0
training,subsetted_512x512_HLS.S30.T13TCJ.2020230.v1.4,13TCJ,2020-08-17,"PROJCS[""UTM Zone 13, Northern Hemisphere"",GEOGCS[""Unknown datum based upon the WGS 84 ellipsoid"",DATUM[""Not specified (based on WGS 84 spheroid)"",SPHEROID[""WGS 84"",6378137,298.257223563,AUTHORITY[""EPSG"",""7030""]]],PRIMEM[""Greenwich"",0],UNIT[""degree"",0.0174532925199433,AUTHORITY[""EPSG"",""9122""]]],PROJECTION[""Transverse_Mercator""],PARAMETER[""latitude_of_origin"",0],PARAMETER[""central_meridian"",-105],PARAMETER[""scale_factor"",0.9996],PARAMETER[""false_easting"",500000],PARAMETER[""false_northing"",0],UNIT[""metre"",1,AUTHORITY[""EPSG"",""9001""]],AXIS[""Easting"",EAST],AXIS[""Northing"",NORTH]]","POLYGON ((359760.0 4860510.0, 359760.0 4875870.0, 375120.0 4875870.0, 375120.0 4860510.0, 359760.0 4860510.0))",9689,252455,0
training,subsetted_512x512_HLS.S30.T13TCK.2020215.v1.4,13TCK,2020-08-02,"PROJCS[""UTM Zone 13, Northern Hemisphere"",GEOGCS[""Unknown datum based upon the WGS 84 ellipsoid"",DATUM[""Not specified (based on WGS 84 spheroid)"",SPHEROID[""WGS 84"",6378137,298.257223563,AUTHORITY[""EPSG"",""7030""]]],PRIMEM[""Greenwich"",0],UNIT[""degree"",0.0174532925199433,AUTHORITY[""EPSG"",""9122""]]],PROJECTION[""Transverse_Mercator""],PARAMETER[""latitude_of_origin"",0],PARAMETER[""central_meridian"",-105],PARAMETER[""scale_factor"",0.9996],PARAMETER[""false_easting"",500000],PARAMETER[""false_northing"",0],UNIT[""metre"",1,AUTHORITY[""EPSG"",""9001""]],AXIS[""Easting"",EAST],AXIS[""Northing"",NORTH]]","POLYGON ((379110.0 4915530.0, 379110.0 4930890.0, 394470.0 4930890.0, 394470.0 4915530.0, 379110.0 4915530.0))",5107,257037,0
training,subsetted_512x512_HLS.S30.T13TCK.2020245.v1.4,13TCK,2020-09-01,"PROJCS[""UTM Zone 13, Northern Hemisphere"",GEOGCS[""Unknown datum based upon the WGS 84 ellipsoid"",DATUM[""Not specified (based on WGS 84 spheroid)"",SPHEROID[""WGS 84"",6378137,298.257223563,AUTHORITY[""EPSG"",""7030""]]],PRIMEM[""Greenwich"",0],UNIT[""degree"",0.0174532925199433,AUTHORITY[""EPSG"",""9122""]]],PROJECTION[""Transverse_Mercator""],PARAMETER[""latitude_of_origin"",0],PARAMETER[""central_meridian"",-105],PARAMETER[""scale_factor"",0.9996],PARAMETER[""false_easting"",500000],PARAMETER[""false_northing"",0],UNIT[""metre"",1,AUTHORITY[""EPSG"",""9001""]],AXIS[""Easting"",EAST],AXIS[""Northing"",NORTH]]","POLYGON ((373980.0 4966290.0, 373980.0 4981650.0, 389340.0 4981650.0, 389340.0 4966290.0, 373980.0 4966290.0))",112247,149897,0
training,subsetted_512x512_HLS.S30.T13TCL.2020245.v1.4,13TCL,2020-09-01,"PROJCS[""UTM Zone 13, Northern Hemisphere"",GEOGCS[""Unknown datum based upon the WGS 84 ellipsoid"",DATUM[""Not specified (based on WGS 84 spheroid)"",SPHEROID[""WGS 84"",6378137,298.257223563,AUTHORITY[""EPSG"",""7030""]]],PRIMEM[""Greenwich"",0],UNIT[""degree"",0.0174532925199433,AUTHORITY[""EPSG"",""9122""]]],PROJECTION[""Transverse_Mercator""],PARAMETER[""latitude_of_origin"",0],PARAMETER[""central_meridian"",-105],PARAMETER[""scale_factor"",0.9996],PARAMETER[""false_easting"",500000],PARAMETER[""false_northing"",0],UNIT[""metre"",1,AUTHORITY[""EPSG"",""9001""]],AXIS[""Easting"",EAST],AXIS[""Northing"",NORTH]]","POLYGON ((331230.0 5077620.0, 331230.0 5092980.0, 346590.0 5092980.0, 346590.0 5077620.0, 331230.0 5077620.0))",7151,254730,263
training,subsetted_512x512_HLS.S30.T13TCL.2020280.v1.4,13TCL,2020-10-06,"PROJCS[""UTM Zone 13, Northern Hemisphere"",GEOGCS[""Unknown datum based upon the WGS 84 ellipsoid"",DATUM[""Not specified (based on WGS 84 spheroid)"",SPHEROID[""WGS 84"",6378137,298.257223563,AUTHORITY[""EPSG"",""7030""]]],PRIMEM[""Greenwich"",0],UNIT[""degree"",0.0174532925199433,AUTHORITY[""EPSG"",""9122""]]],PROJECTION[""Transverse_Mercator""],PARAMETER[""latitude_of_origin"",0],PARAMETER[""central_meridian"",-105],PARAMETER[""scale_factor"",0.9996],PARAMETER[""false_easting"",500000],PARAMETER[""false_northing"",0],UNIT[""metre"",1,AUTHORITY[""EPSG"",""9001""]],AXIS[""Easting"",EAST],AXIS[""Northing"",NORTH]]","POLYGON ((319620.0 5083710.0, 319620.0 5099070.0, 334980.0 5099070.0, 334980.0 5083710.0, 319620.0 5083710.0))",43550,218594,0
training,subsetted_512x512_HLS.S30.T13TCM.2020215.v1.4,13TCM,2020-08-02,"PROJCS[""UTM Zone 13, Northern Hemisphere"",GEOGCS[""Unknown datum based upon the WGS 84 ellipsoid"",DATUM[""Not specified (based on WGS 84 spheroid)"",SPHEROID[""WGS 84"",6378137,298.257223563,AUTHORITY[""EPSG"",""7030""]]],PRIMEM[""Greenwich"",0],UNIT[""degree"",0.0174532925199433,AUTHORITY[""EPSG"",""9122""]]],PROJECTION[""Transverse_Mercator""],PARAMETER[""latitude_of_origin"",0],PARAMETER[""central_meridian"",-105],PARAMETER[""scale_factor"",0.9996],PARAMETER[""false_easting"",500000],PARAMETER[""false_northing"",0],UNIT[""metre"",1,AUTHORITY[""EPSG"",""9001""]],AXIS[""Easting"",EAST],AXIS[""Northing"",NORTH]]","POLYGON ((378240.0 5126610.0, 378240.0 5141970.0, 393600.0 5141970.0, 393600.0 5126610.0, 378240.0 5126610.0))",6283,255861,0
training,subsetted_512x512_HLS.S30.T13TCM.2020250.v1.4,13TCM,2020-09-06,"PROJCS[""UTM Zone 13, Northern Hemisphere"",GEOGCS[""Unknown datum based upon the WGS 84 ellipsoid"",DATUM[""Not specified (based on WGS 84 spheroid)"",SPHEROID[""WGS 84"",6378137,298.257223563,AUTHORITY[""EPSG"",""7030""]]],PRIMEM[""Greenwich"",0],UNIT[""degree"",0.0174532925199433,AUTHORITY[""EPSG"",""9122""]]],PROJECTION[""Transverse_Mercator""],PARAMETER[""latitude_of_origin"",0],PARAMETER[""central_meridian"",-105],PARAMETER[""scale_factor"",0.9996],PARAMETER[""false_easting"",500000],PARAMETER[""false_northing"",0],UNIT[""metre"",1,AUTHORITY[""EPSG"",""9001""]],AXIS[""Easting"",EAST],AXIS[""Northing"",NORTH]]","POLYGON ((336840.0 5171580.0, 336840.0 5186940.0, 352200.0 5186940.0, 352200.0 5171580.0, 336840.0 5171580.0))",24077,238067,0
training,subsetted_512x512_HLS.S30.T13TCN.2020278.v1.4,13TCN,2020-10-04,"PROJCS[""UTM Zone 13, Northern Hemisphere"",GEOGCS[""Unknown datum based upon the WGS 84 ellipsoid"",DATUM[""Not specified (based on WGS 84 spheroid)"",SPHEROID[""WGS 84"",6378137,298.257223563,AUTHORITY[""EPSG"",""7030""]]],PRIMEM[""Greenwich"",0],UNIT[""degree"",0.0174532925199433,AUTHORITY[""EPSG"",""9122""]]],PROJECTION[""Transverse_Mercator""],PARAMETER[""latitude_of_origin"",0],PARAMETER[""central_meridian"",-105],PARAMETER[""scale_factor"",0.9996],PARAMETER[""false_easting"",500000],PARAMETER[""false_northing"",0],UNIT[""metre"",1,AUTHORITY[""EPSG"",""9001""]],AXIS[""Easting"",EAST],AXIS[""Northing"",NORTH]]","POLYGON ((353610.0 5234370.0, 353610.0 5249730.0, 368970.0 5249730.0, 368970.0 5234370.0, 353610.0 5234370.0))",159421,102723,0
training,subsetted_512x512_HLS.S30.T13TDE.2020247.v1.4,13TDE,2020-09-03,"PROJCS[""UTM Zone 13, Northern Hemisphere"",GEOGCS[""Unknown datum based upon the WGS 84 ellipsoid"",DATUM[""Not specified (based on WGS 84 spheroid)"",SPHEROID[""WGS 84"",6378137,298.257223563,AUTHORITY[""EPSG"",""7030""]]],PRIMEM[""Greenwich"",0],UNIT[""degree"",0.0174532925199433,AUTHORITY[""EPSG"",""9122""]]],PROJECTION[""Transverse_Mercator""],PARAMETER[""latitude_of_origin"",0],PARAMETER[""central_meridian"",-105],PARAMETER[""scale_factor"",0.9996],PARAMETER[""false_easting"",500000],PARAMETER[""false_northing"",0],UNIT[""metre"",1,AUTHORITY[""EPSG"",""9001""]],AXIS[""Easting"",EAST],AXIS[""Northing"",NORTH]]","POLYGON ((405870.0 4402140.0, 405870.0 4417500.0, 421230.0 4417500.0, 421230.0 4402140.0, 405870.0 4402140.0))",62802,199328,14
training,subsetted_512x512_HLS.S30.T13TDF.2018222.v1.4,13TDF,2018-08-10,"PROJCS[""UTM Zone 13, Northern Hemisphere"",GEOGCS[""Unknown datum based upon the WGS 84 ellipsoid"",DATUM[""Not specified (based on WGS 84 spheroid)"",SPHEROID[""WGS 84"",6378137,298.257223563,AUTHORITY[""EPSG"",""7030""]]],PRIMEM[""Greenwich"",0],UNIT[""degree"",0.0174532925199433,AUTHORITY[""EPSG"",""9122""]]],PROJECTION[""Transverse_Mercator""],PARAMETER[""latitude_of_origin"",0],PARAMETER[""central_meridian"",-105],PARAMETER[""scale_factor"",0.9996],PARAMETER[""false_easting"",500000],PARAMETER[""false_northing"",0],UNIT[""metre"",1,AUTHORITY[""EPSG"",""9001""]],AXIS[""Easting"",EAST],AXIS[""Northing"",NORTH]]","POLYGON ((400410.0 4536840.0, 400410.0 4552200.0, 415770.0 4552200.0, 415770.0 4536840.0, 400410.0 4536840.0))",90439,171705,0
training,subsetted_512x512_HLS.S30.T13TDK.2020280.v1.4,13TDK,2020-10-06,"PROJCS[""UTM Zone 13, Northern Hemisphere"",GEOGCS[""Unknown datum based upon the WGS 84 ellipsoid"",DATUM[""Not specified (based on WGS 84 spheroid)"",SPHEROID[""WGS 84"",6378137,298.257223563,AUTHORITY[""EPSG"",""7030""]]],PRIMEM[""Greenwich"",0],UNIT[""degree"",0.0174532925199433,AUTHORITY[""EPSG"",""9122""]]],PROJECTION[""Transverse_Mercator""],PARAMETER[""latitude_of_origin"",0],PARAMETER[""central_meridian"",-105],PARAMETER[""scale_factor"",0.9996],PARAMETER[""false_easting"",500000],PARAMETER[""false_northing"",0],UNIT[""metre"",1,AUTHORITY[""EPSG"",""9001""]],AXIS[""Easting"",EAST],AXIS[""Northing"",NORTH]]","POLYGON ((433980.0 4934310.0, 433980.0 4949670.0, 449340.0 4949670.0, 449340.0 4934310.0, 433980.0 4934310.0))",15253,246891,0
training,subsetted_512x512_HLS.S30.T13TDL.2019150.v1.4,13TDL,2019-05-30,"PROJCS[""UTM Zone 13, Northern Hemisphere"",GEOGCS[""Unknown datum based upon the WGS 84 ellipsoid"",DATUM[""Not specified (based on WGS 84 spheroid)"",SPHEROID[""WGS 84"",6378137,298.257223563,AUTHORITY[""EPSG"",""7030""]]],PRIMEM[""Greenwich"",0],UNIT[""degree"",0.0174532925199433,AUTHORITY[""EPSG"",""9122""]]],PROJECTION[""Transverse_Mercator""],PARAMETER[""latitude_of_origin"",0],PARAMETER[""central_meridian"",-105],PARAMETER[""scale_factor"",0.9996],PARAMETER[""false_easting"",500000],PARAMETER[""false_northing"",0],UNIT[""metre"",1,AUTHORITY[""EPSG"",""9001""]],AXIS[""Easting"",EAST],AXIS[""Northing"",NORTH]]","POLYGON ((429660.0 5084580.0, 429660.0 5099940.0, 445020.0 5099940.0, 445020.0 5084580.0, 429660.0 5084580.0))",6538,255606,0
training,subsetted_512x512_HLS.S30.T13TDL.2020307.v1.4,13TDL,2020-11-02,"PROJCS[""UTM Zone 13, Northern Hemisphere"",GEOGCS[""Unknown datum based upon the WGS 84 ellipsoid"",DATUM[""Not specified (based on WGS 84 spheroid)"",SPHEROID[""WGS 84"",6378137,298.257223563,AUTHORITY[""EPSG"",""7030""]]],PRIMEM[""Greenwich"",0],UNIT[""degree"",0.0174532925199433,AUTHORITY[""EPSG"",""9122""]]],PROJECTION[""Transverse_Mercator""],PARAMETER[""latitude_of_origin"",0],PARAMETER[""central_meridian"",-105],PARAMETER[""scale_factor"",0.9996],PARAMETER[""false_easting"",500000],PARAMETER[""false_northing"",0],UNIT[""metre"",1,AUTHORITY[""EPSG"",""9001""]],AXIS[""Easting"",EAST],AXIS[""Northing"",NORTH]]","POLYGON ((444570.0 5019420.0, 444570.0 5034780.0, 459930.0 5034780.0, 459930.0 5019420.0, 444570.0 5019420.0))",15831,246313,0
training,subsetted_512x512_HLS.S30.T13TDM.2020250.v1.4,13TDM,2020-09-06,"PROJCS[""UTM Zone 13, Northern Hemisphere"",GEOGCS[""Unknown datum based upon the WGS 84 ellipsoid"",DATUM[""Not specified (based on WGS 84 spheroid)"",SPHEROID[""WGS 84"",6378137,298.257223563,AUTHORITY[""EPSG"",""7030""]]],PRIMEM[""Greenwich"",0],UNIT[""degree"",0.0174532925199433,AUTHORITY[""EPSG"",""9122""]]],PROJECTION[""Transverse_Mercator""],PARAMETER[""latitude_of_origin"",0],PARAMETER[""central_meridian"",-105],PARAMETER[""scale_factor"",0.9996],PARAMETER[""false_easting"",500000],PARAMETER[""false_northing"",0],UNIT[""metre"",1,AUTHORITY[""EPSG"",""9001""]],AXIS[""Easting"",EAST],AXIS[""Northing"",NORTH]]","POLYGON ((435390.0 5109540.0, 435390.0 5124900.0, 450750.0 5124900.0, 450750.0 5109540.0, 435390.0 5109540.0))",6024,256120,0
training,subsetted_512x512_HLS.S30.T13TEF.2019109.v1.4,13TEF,2019-04-19,"PROJCS[""UTM Zone 13, Northern Hemisphere"",GEOGCS[""Unknown datum based upon the WGS 84 ellipsoid"",DATUM[""Not specified (based on WGS 84 spheroid)"",SPHEROID[""WGS 84"",6378137,298.257223563,AUTHORITY[""EPSG"",""7030""]]],PRIMEM[""Greenwich"",0],UNIT[""degree"",0.0174532925199433,AUTHORITY[""EPSG"",""9122""]]],PROJECTION[""Transverse_Mercator""],PARAMETER[""latitude_of_origin"",0],PARAMETER[""central_meridian"",-105],PARAMETER[""scale_factor"",0.9996],PARAMETER[""false_easting"",500000],PARAMETER[""false_northing"",0],UNIT[""metre"",1,AUTHORITY[""EPSG"",""9001""]],AXIS[""Easting"",EAST],AXIS[""Northing"",NORTH]]","POLYGON ((577440.0 4495680.0, 577440.0 4511040.0, 592800.0 4511040.0, 592800.0 4495680.0, 577440.0 4495680.0))",5146,256998,0
training,subsetted_512x512_HLS.S30.T13TEG.2019157.v1.4,13TEG,2019-06-06,"PROJCS[""UTM Zone 13, Northern Hemisphere"",GEOGCS[""Unknown datum based upon the WGS 84 ellipsoid"",DATUM[""Not specified (based on WGS 84 spheroid)"",SPHEROID[""WGS 84"",6378137,298.257223563,AUTHORITY[""EPSG"",""7030""]]],PRIMEM[""Greenwich"",0],UNIT[""degree"",0.0174532925199433,AUTHORITY[""EPSG"",""9122""]]],PROJECTION[""Transverse_Mercator""],PARAMETER[""latitude_of_origin"",0],PARAMETER[""central_meridian"",-105],PARAMETER[""scale_factor"",0.9996],PARAMETER[""false_easting"",500000],PARAMETER[""false_northing"",0],UNIT[""metre"",1,AUTHORITY[""EPSG"",""9001""]],AXIS[""Easting"",EAST],AXIS[""Northing"",NORTH]]","POLYGON ((594420.0 4676370.0, 594420.0 4691730.0, 609780.0 4691730.0, 609780.0 4676370.0, 594420.0 4676370.0))",6618,255526,0
training,subsetted_512x512_HLS.S30.T13TEL.2020307.v1.4,13TEL,2020-11-02,"PROJCS[""UTM Zone 13, Northern Hemisphere"",GEOGCS[""Unknown datum based upon the WGS 84 ellipsoid"",DATUM[""Not specified (based on WGS 84 spheroid)"",SPHEROID[""WGS 84"",6378137,298.257223563,AUTHORITY[""EPSG"",""7030""]]],PRIMEM[""Greenwich"",0],UNIT[""degree"",0.0174532925199433,AUTHORITY[""EPSG"",""9122""]]],PROJECTION[""Transverse_Mercator""],PARAMETER[""latitude_of_origin"",0],PARAMETER[""central_meridian"",-105],PARAMETER[""scale_factor"",0.9996],PARAMETER[""false_easting"",500000],PARAMETER[""false_northing"",0],UNIT[""metre"",1,AUTHORITY[""EPSG"",""9001""]],AXIS[""Easting"",EAST],AXIS[""Northing"",NORTH]]","POLYGON ((538620.0 5054490.0, 538620.0 5069850.0, 553980.0 5069850.0, 553980.0 5054490.0, 538620.0 5054490.0))",15494,246650,0
training,subsetted_512x512_HLS.S30.T13TEN.2018245.v1.4,13TEN,2018-09-02,"PROJCS[""UTM Zone 13, Northern Hemisphere"",GEOGCS[""Unknown datum based upon the WGS 84 ellipsoid"",DATUM[""Not specified (based on WGS 84 spheroid)"",SPHEROID[""WGS 84"",6378137,298.257223563,AUTHORITY[""EPSG"",""7030""]]],PRIMEM[""Greenwich"",0],UNIT[""degree"",0.0174532925199433,AUTHORITY[""EPSG"",""9122""]]],PROJECTION[""Transverse_Mercator""],PARAMETER[""latitude_of_origin"",0],PARAMETER[""central_meridian"",-105],PARAMETER[""scale_factor"",0.9996],PARAMETER[""false_easting"",500000],PARAMETER[""false_northing"",0],UNIT[""metre"",1,AUTHORITY[""EPSG"",""9001""]],AXIS[""Easting"",EAST],AXIS[""Northing"",NORTH]]","POLYGON ((510929.99999999994 5237790.0, 510929.99999999994 5253150.0, 526290.0 5253150.0, 526290.0 5237790.0, 510929.99999999994 5237790.0))",6211,255933,0
training,subsetted_512x512_HLS.S30.T13TFH.2020204.v1.4,13TFH,2020-07-22,"PROJCS[""UTM Zone 13, Northern Hemisphere"",GEOGCS[""Unknown datum based upon the WGS 84 ellipsoid"",DATUM[""Not specified (based on WGS 84 spheroid)"",SPHEROID[""WGS 84"",6378137,298.257223563,AUTHORITY[""EPSG"",""7030""]]],PRIMEM[""Greenwich"",0],UNIT[""degree"",0.0174532925199433,AUTHORITY[""EPSG"",""9122""]]],PROJECTION[""Transverse_Mercator""],PARAMETER[""latitude_of_origin"",0],PARAMETER[""central_meridian"",-105],PARAMETER[""scale_factor"",0.9996],PARAMETER[""false_easting"",500000],PARAMETER[""false_northing"",0],UNIT[""metre"",1,AUTHORITY[""EPSG"",""9001""]],AXIS[""Easting"",EAST],AXIS[""Northing"",NORTH]]","POLYGON ((686460.0 4770150.0, 686460.0 4785510.0, 701820.0 4785510.0, 701820.0 4770150.0, 686460.0 4770150.0))",7390,254754,0
training,subsetted_512x512_HLS.S30.T13TFJ.2018319.v1.4,13TFJ,2018-11-15,"PROJCS[""UTM Zone 13, Northern Hemisphere"",GEOGCS[""Unknown datum based upon the WGS 84 ellipsoid"",DATUM[""Not specified (based on WGS 84 spheroid)"",SPHEROID[""WGS 84"",6378137,298.257223563,AUTHORITY[""EPSG"",""7030""]]],PRIMEM[""Greenwich"",0],UNIT[""degree"",0.0174532925199433,AUTHORITY[""EPSG"",""9122""]]],PROJECTION[""Transverse_Mercator""],PARAMETER[""latitude_of_origin"",0],PARAMETER[""central_meridian"",-105],PARAMETER[""scale_factor"",0.9996],PARAMETER[""false_easting"",500000],PARAMETER[""false_northing"",0],UNIT[""metre"",1,AUTHORITY[""EPSG"",""9001""]],AXIS[""Easting"",EAST],AXIS[""Northing"",NORTH]]","POLYGON ((688140.0 4835010.0, 688140.0 4850370.0, 703500.0 4850370.0, 703500.0 4835010.0, 688140.0 4835010.0))",9809,252335,0
training,subsetted_512x512_HLS.S30.T13TFJ.2020264.v1.4,13TFJ,2020-09-20,"PROJCS[""UTM Zone 13, Northern Hemisphere"",GEOGCS[""Unknown datum based upon the WGS 84 ellipsoid"",DATUM[""Not specified (based on WGS 84 spheroid)"",SPHEROID[""WGS 84"",6378137,298.257223563,AUTHORITY[""EPSG"",""7030""]]],PRIMEM[""Greenwich"",0],UNIT[""degree"",0.0174532925199433,AUTHORITY[""EPSG"",""9122""]]],PROJECTION[""Transverse_Mercator""],PARAMETER[""latitude_of_origin"",0],PARAMETER[""central_meridian"",-105],PARAMETER[""scale_factor"",0.9996],PARAMETER[""false_easting"",500000],PARAMETER[""false_northing"",0],UNIT[""metre"",1,AUTHORITY[""EPSG"",""9001""]],AXIS[""Easting"",EAST],AXIS[""Northing"",NORTH]]","POLYGON ((677790.0 4790220.0, 677790.0 4805580.0, 693150.0 4805580.0, 693150.0 4790220.0, 677790.0 4790220.0))",6500,255644,0
training,subsetted_512x512_HLS.S30.T13TGH.2020304.v1.4,13TGH,2020-10-30,"PROJCS[""UTM Zone 13, Northern Hemisphere"",GEOGCS[""Unknown datum based upon the WGS 84 ellipsoid"",DATUM[""Not specified (based on WGS 84 spheroid)"",SPHEROID[""WGS 84"",6378137,298.257223563,AUTHORITY[""EPSG"",""7030""]]],PRIMEM[""Greenwich"",0],UNIT[""degree"",0.0174532925199433,AUTHORITY[""EPSG"",""9122""]]],PROJECTION[""Transverse_Mercator""],PARAMETER[""latitude_of_origin"",0],PARAMETER[""central_meridian"",-105],PARAMETER[""scale_factor"",0.9996],PARAMETER[""false_easting"",500000],PARAMETER[""false_northing"",0],UNIT[""metre"",1,AUTHORITY[""EPSG"",""9001""]],AXIS[""Easting"",EAST],AXIS[""Northing"",NORTH]]","POLYGON ((779040.0 4734060.0, 779040.0 4749420.0, 794400.0 4749420.0, 794400.0 4734060.0, 779040.0 4734060.0))",18792,243302,50
training,subsetted_512x512_HLS.S30.T13UCP.2020248.v1.4,13UCP,2020-09-04,"PROJCS[""UTM Zone 13, Northern Hemisphere"",GEOGCS[""Unknown datum based upon the WGS 84 ellipsoid"",DATUM[""Not specified (based on WGS 84 spheroid)"",SPHEROID[""WGS 84"",6378137,298.257223563,AUTHORITY[""EPSG"",""7030""]]],PRIMEM[""Greenwich"",0],UNIT[""degree"",0.0174532925199433,AUTHORITY[""EPSG"",""9122""]]],PROJECTION[""Transverse_Mercator""],PARAMETER[""latitude_of_origin"",0],PARAMETER[""central_meridian"",-105],PARAMETER[""scale_factor"",0.9996],PARAMETER[""false_easting"",500000],PARAMETER[""false_northing"",0],UNIT[""metre"",1,AUTHORITY[""EPSG"",""9001""]],AXIS[""Easting"",EAST],AXIS[""Northing"",NORTH]]","POLYGON ((347220.0 5292240.0, 347220.0 5307600.0, 362580.0 5307600.0, 362580.0 5292240.0, 347220.0 5292240.0))",14258,247886,0
training,subsetted_512x512_HLS.S30.T13UDP.2018290.v1.4,13UDP,2018-10-17,"PROJCS[""UTM Zone 13, Northern Hemisphere"",GEOGCS[""Unknown datum based upon the WGS 84 ellipsoid"",DATUM[""Not specified (based on WGS 84 spheroid)"",SPHEROID[""WGS 84"",6378137,298.257223563,AUTHORITY[""EPSG"",""7030""]]],PRIMEM[""Greenwich"",0],UNIT[""degree"",0.0174532925199433,AUTHORITY[""EPSG"",""9122""]]],PROJECTION[""Transverse_Mercator""],PARAMETER[""latitude_of_origin"",0],PARAMETER[""central_meridian"",-105],PARAMETER[""scale_factor"",0.9996],PARAMETER[""false_easting"",500000],PARAMETER[""false_northing"",0],UNIT[""metre"",1,AUTHORITY[""EPSG"",""9001""]],AXIS[""Easting"",EAST],AXIS[""Northing"",NORTH]]","POLYGON ((472470.0 5346360.0, 472470.0 5361720.0, 487830.0 5361720.0, 487830.0 5346360.0, 472470.0 5346360.0))",34257,227887,0
training,subsetted_512x512_HLS.S30.T13UDP.2020255.v1.4,13UDP,2020-09-11,"PROJCS[""UTM Zone 13, Northern Hemisphere"",GEOGCS[""Unknown datum based upon the WGS 84 ellipsoid"",DATUM[""Not specified (based on WGS 84 spheroid)"",SPHEROID[""WGS 84"",6378137,298.257223563,AUTHORITY[""EPSG"",""7030""]]],PRIMEM[""Greenwich"",0],UNIT[""degree"",0.0174532925199433,AUTHORITY[""EPSG"",""9122""]]],PROJECTION[""Transverse_Mercator""],PARAMETER[""latitude_of_origin"",0],PARAMETER[""central_meridian"",-105],PARAMETER[""scale_factor"",0.9996],PARAMETER[""false_easting"",500000],PARAMETER[""false_northing"",0],UNIT[""metre"",1,AUTHORITY[""EPSG"",""9001""]],AXIS[""Easting"",EAST],AXIS[""Northing"",NORTH]]","POLYGON ((424800.0 5333040.0, 424800.0 5348400.0, 440160.0 5348400.0, 440160.0 5333040.0, 424800.0 5333040.0))",11458,250686,0
training,subsetted_512x512_HLS.S30.T13UEP.2018135.v1.4,13UEP,2018-05-15,"PROJCS[""UTM Zone 13, Northern Hemisphere"",GEOGCS[""Unknown datum based upon the WGS 84 ellipsoid"",DATUM[""Not specified (based on WGS 84 spheroid)"",SPHEROID[""WGS 84"",6378137,298.257223563,AUTHORITY[""EPSG"",""7030""]]],PRIMEM[""Greenwich"",0],UNIT[""degree"",0.0174532925199433,AUTHORITY[""EPSG"",""9122""]]],PROJECTION[""Transverse_Mercator""],PARAMETER[""latitude_of_origin"",0],PARAMETER[""central_meridian"",-105],PARAMETER[""scale_factor"",0.9996],PARAMETER[""false_easting"",500000],PARAMETER[""false_northing"",0],UNIT[""metre"",1,AUTHORITY[""EPSG"",""9001""]],AXIS[""Easting"",EAST],AXIS[""Northing"",NORTH]]","POLYGON ((540690.0 5361270.0, 540690.0 5376630.0, 556050.0 5376630.0, 556050.0 5361270.0, 540690.0 5361270.0))",9392,252748,4
training,subsetted_512x512_HLS.S30.T14RKU.2020158.v1.4,14RKU,2020-06-06,"PROJCS[""UTM Zone 14, Northern Hemisphere"",GEOGCS[""Unknown datum based upon the WGS 84 ellipsoid"",DATUM[""Not specified (based on WGS 84 spheroid)"",SPHEROID[""WGS 84"",6378137,298.257223563,AUTHORITY[""EPSG"",""7030""]]],PRIMEM[""Greenwich"",0],UNIT[""degree"",0.0174532925199433,AUTHORITY[""EPSG"",""9122""]]],PROJECTION[""Transverse_Mercator""],PARAMETER[""latitude_of_origin"",0],PARAMETER[""central_meridian"",-99],PARAMETER[""scale_factor"",0.9996],PARAMETER[""false_easting"",500000],PARAMETER[""false_northing"",0],UNIT[""metre"",1,AUTHORITY[""EPSG"",""9001""]],AXIS[""Easting"",EAST],AXIS[""Northing"",NORTH]]","POLYGON ((255239.99999999997 3347640.0, 255239.99999999997 3363000.0, 270600.0 3363000.0, 270600.0 3347640.0, 255239.99999999997 3347640.0))",115663,146410,71
training,subsetted_512x512_HLS.S30.T14RKV.2018143.v1.4,14RKV,2018-05-23,"PROJCS[""UTM Zone 14, Northern Hemisphere"",GEOGCS[""Unknown datum based upon the WGS 84 ellipsoid"",DATUM[""Not specified (based on WGS 84 spheroid)"",SPHEROID[""WGS 84"",6378137,298.257223563,AUTHORITY[""EPSG"",""7030""]]],PRIMEM[""Greenwich"",0],UNIT[""degree"",0.0174532925199433,AUTHORITY[""EPSG"",""9122""]]],PROJECTION[""Transverse_Mercator""],PARAMETER[""latitude_of_origin"",0],PARAMETER[""central_meridian"",-99],PARAMETER[""scale_factor"",0.9996],PARAMETER[""false_easting"",500000],PARAMETER[""false_northing"",0],UNIT[""metre"",1,AUTHORITY[""EPSG"",""9001""]],AXIS[""Easting"",EAST],AXIS[""Northing"",NORTH]]","POLYGON ((265650.0 3422550.0, 265650.0 3437910.0, 281010.0 3437910.0, 281010.0 3422550.0, 265650.0 3422550.0))",17863,244278,3
training,subsetted_512x512_HLS.S30.T14RKV.2018193.v1.4,14RKV,2018-07-12,"PROJCS[""UTM Zone 14, Northern Hemisphere"",GEOGCS[""Unknown datum based upon the WGS 84 ellipsoid"",DATUM[""Not specified (based on WGS 84 spheroid)"",SPHEROID[""WGS 84"",6378137,298.257223563,AUTHORITY[""EPSG"",""7030""]]],PRIMEM[""Greenwich"",0],UNIT[""degree"",0.0174532925199433,AUTHORITY[""EPSG"",""9122""]]],PROJECTION[""Transverse_Mercator""],PARAMETER[""latitude_of_origin"",0],PARAMETER[""central_meridian"",-99],PARAMETER[""scale_factor"",0.9996],PARAMETER[""false_easting"",500000],PARAMETER[""false_northing"",0],UNIT[""metre"",1,AUTHORITY[""EPSG"",""9001""]],AXIS[""Easting"",EAST],AXIS[""Northing"",NORTH]]","POLYGON ((274620.0 3411930.0, 274620.0 3427290.0, 289980.0 3427290.0, 289980.0 3411930.0, 274620.0 3411930.0))",8619,253506,19
training,subsetted_512x512_HLS.S30.T14RKV.2020268.v1.4,14RKV,2020-09-24,"PROJCS[""UTM Zone 14, Northern Hemisphere"",GEOGCS[""Unknown datum based upon the WGS 84 ellipsoid"",DATUM[""Not specified (based on WGS 84 spheroid)"",SPHEROID[""WGS 84"",6378137,298.257223563,AUTHORITY[""EPSG"",""7030""]]],PRIMEM[""Greenwich"",0],UNIT[""degree"",0.0174532925199433,AUTHORITY[""EPSG"",""9122""]]],PROJECTION[""Transverse_Mercator""],PARAMETER[""latitude_of_origin"",0],PARAMETER[""central_meridian"",-99],PARAMETER[""scale_factor"",0.9996],PARAMETER[""false_easting"",500000],PARAMETER[""false_northing"",0],UNIT[""metre"",1,AUTHORITY[""EPSG"",""9001""]],AXIS[""Easting"",EAST],AXIS[""Northing"",NORTH]]","POLYGON ((211260.0 3407550.0, 211260.0 3422910.0, 226620.0 3422910.0, 226620.0 3407550.0, 211260.0 3407550.0))",38670,223474,0
training,subsetted_512x512_HLS.S30.T14RLT.2020273.v1.4,14RLT,2020-09-29,"PROJCS[""UTM Zone 14, Northern Hemisphere"",GEOGCS[""Unknown datum based upon the WGS 84 ellipsoid"",DATUM[""Not specified (based on WGS 84 spheroid)"",SPHEROID[""WGS 84"",6378137,298.257223563,AUTHORITY[""EPSG"",""7030""]]],PRIMEM[""Greenwich"",0],UNIT[""degree"",0.0174532925199433,AUTHORITY[""EPSG"",""9122""]]],PROJECTION[""Transverse_Mercator""],PARAMETER[""latitude_of_origin"",0],PARAMETER[""central_meridian"",-99],PARAMETER[""scale_factor"",0.9996],PARAMETER[""false_easting"",500000],PARAMETER[""false_northing"",0],UNIT[""metre"",1,AUTHORITY[""EPSG"",""9001""]],AXIS[""Easting"",EAST],AXIS[""Northing"",NORTH]]","POLYGON ((310860.0 3238440.0, 310860.0 3253800.0, 326220.0 3253800.0, 326220.0 3238440.0, 310860.0 3238440.0))",4821,257323,0
training,subsetted_512x512_HLS.S30.T14RLU.2019293.v1.4,14RLU,2019-10-20,"PROJCS[""UTM Zone 14, Northern Hemisphere"",GEOGCS[""Unknown datum based upon the WGS 84 ellipsoid"",DATUM[""Not specified (based on WGS 84 spheroid)"",SPHEROID[""WGS 84"",6378137,298.257223563,AUTHORITY[""EPSG"",""7030""]]],PRIMEM[""Greenwich"",0],UNIT[""degree"",0.0174532925199433,AUTHORITY[""EPSG"",""9122""]]],PROJECTION[""Transverse_Mercator""],PARAMETER[""latitude_of_origin"",0],PARAMETER[""central_meridian"",-99],PARAMETER[""scale_factor"",0.9996],PARAMETER[""false_easting"",500000],PARAMETER[""false_northing"",0],UNIT[""metre"",1,AUTHORITY[""EPSG"",""9001""]],AXIS[""Easting"",EAST],AXIS[""Northing"",NORTH]]","POLYGON ((369450.0 3384600.0, 369450.0 3399960.0, 384810.0 3399960.0, 384810.0 3384600.0, 369450.0 3384600.0))",6464,255678,2
training,subsetted_512x512_HLS.S30.T14RLU.2020193.v1.4,14RLU,2020-07-11,"PROJCS[""UTM Zone 14, Northern Hemisphere"",GEOGCS[""Unknown datum based upon the WGS 84 ellipsoid"",DATUM[""Not specified (based on WGS 84 spheroid)"",SPHEROID[""WGS 84"",6378137,298.257223563,AUTHORITY[""EPSG"",""7030""]]],PRIMEM[""Greenwich"",0],UNIT[""degree"",0.0174532925199433,AUTHORITY[""EPSG"",""9122""]]],PROJECTION[""Transverse_Mercator""],PARAMETER[""latitude_of_origin"",0],PARAMETER[""central_meridian"",-99],PARAMETER[""scale_factor"",0.9996],PARAMETER[""false_easting"",500000],PARAMETER[""false_northing"",0],UNIT[""metre"",1,AUTHORITY[""EPSG"",""9001""]],AXIS[""Easting"",EAST],AXIS[""Northing"",NORTH]]","POLYGON ((307530.0 3383460.0, 307530.0 3398820.0, 322890.0 3398820.0, 322890.0 3383460.0, 307530.0 3383460.0))",21814,240330,0
training,subsetted_512x512_HLS.S30.T14RLU.2020278.v1.4,14RLU,2020-10-04,"PROJCS[""UTM Zone 14, Northern Hemisphere"",GEOGCS[""Unknown datum based upon the WGS 84 ellipsoid"",DATUM[""Not specified (based on WGS 84 spheroid)"",SPHEROID[""WGS 84"",6378137,298.257223563,AUTHORITY[""EPSG"",""7030""]]],PRIMEM[""Greenwich"",0],UNIT[""degree"",0.0174532925199433,AUTHORITY[""EPSG"",""9122""]]],PROJECTION[""Transverse_Mercator""],PARAMETER[""latitude_of_origin"",0],PARAMETER[""central_meridian"",-99],PARAMETER[""scale_factor"",0.9996],PARAMETER[""false_easting"",500000],PARAMETER[""false_northing"",0],UNIT[""metre"",1,AUTHORITY[""EPSG"",""9001""]],AXIS[""Easting"",EAST],AXIS[""Northing"",NORTH]]","POLYGON ((311190.0 3349770.0, 311190.0 3365130.0, 326550.0 3365130.0, 326550.0 3349770.0, 311190.0 3349770.0))",10777,251367,0
training,subsetted_512x512_HLS.S30.T14RLV.2018043.v1.4,14RLV,2018-02-12,"PROJCS[""UTM Zone 14, Northern Hemisphere"",GEOGCS[""Unknown datum based upon the WGS 84 ellipsoid"",DATUM[""Not specified (based on WGS 84 spheroid)"",SPHEROID[""WGS 84"",6378137,298.257223563,AUTHORITY[""EPSG"",""7030""]]],PRIMEM[""Greenwich"",0],UNIT[""degree"",0.0174532925199433,AUTHORITY[""EPSG"",""9122""]]],PROJECTION[""Transverse_Mercator""],PARAMETER[""latitude_of_origin"",0],PARAMETER[""central_meridian"",-99],PARAMETER[""scale_factor"",0.9996],PARAMETER[""false_easting"",500000],PARAMETER[""false_northing"",0],UNIT[""metre"",1,AUTHORITY[""EPSG"",""9001""]],AXIS[""Easting"",EAST],AXIS[""Northing"",NORTH]]","POLYGON ((354600.0 3419670.0, 354600.0 3435030.0, 369960.0 3435030.0, 369960.0 3419670.0, 354600.0 3419670.0))",4985,257159,0
training,subsetted_512x512_HLS.S30.T14RMV.2020220.v1.4,14RMV,2020-08-07,"PROJCS[""UTM Zone 14, Northern Hemisphere"",GEOGCS[""Unknown datum based upon the WGS 84 ellipsoid"",DATUM[""Not specified (based on WGS 84 spheroid)"",SPHEROID[""WGS 84"",6378137,298.257223563,AUTHORITY[""EPSG"",""7030""]]],PRIMEM[""Greenwich"",0],UNIT[""degree"",0.0174532925199433,AUTHORITY[""EPSG"",""9122""]]],PROJECTION[""Transverse_Mercator""],PARAMETER[""latitude_of_origin"",0],PARAMETER[""central_meridian"",-99],PARAMETER[""scale_factor"",0.9996],PARAMETER[""false_easting"",500000],PARAMETER[""false_northing"",0],UNIT[""metre"",1,AUTHORITY[""EPSG"",""9001""]],AXIS[""Easting"",EAST],AXIS[""Northing"",NORTH]]","POLYGON ((412110.0 3477150.0, 412110.0 3492510.0, 427470.0 3492510.0, 427470.0 3477150.0, 412110.0 3477150.0))",5300,256844,0
training,subsetted_512x512_HLS.S30.T14RNU.2018215.v1.4,14RNU,2018-08-03,"PROJCS[""UTM Zone 14, Northern Hemisphere"",GEOGCS[""Unknown datum based upon the WGS 84 ellipsoid"",DATUM[""Not specified (based on WGS 84 spheroid)"",SPHEROID[""WGS 84"",6378137,298.257223563,AUTHORITY[""EPSG"",""7030""]]],PRIMEM[""Greenwich"",0],UNIT[""degree"",0.0174532925199433,AUTHORITY[""EPSG"",""9122""]]],PROJECTION[""Transverse_Mercator""],PARAMETER[""latitude_of_origin"",0],PARAMETER[""central_meridian"",-99],PARAMETER[""scale_factor"",0.9996],PARAMETER[""false_easting"",500000],PARAMETER[""false_northing"",0],UNIT[""metre"",1,AUTHORITY[""EPSG"",""9001""]],AXIS[""Easting"",EAST],AXIS[""Northing"",NORTH]]","POLYGON ((532650.0 3383520.0, 532650.0 3398880.0, 548010.0 3398880.0, 548010.0 3383520.0, 532650.0 3383520.0))",4953,257191,0
training,subsetted_512x512_HLS.S30.T14RNV.2020220.v1.4,14RNV,2020-08-07,"PROJCS[""UTM Zone 14, Northern Hemisphere"",GEOGCS[""Unknown datum based upon the WGS 84 ellipsoid"",DATUM[""Not specified (based on WGS 84 spheroid)"",SPHEROID[""WGS 84"",6378137,298.257223563,AUTHORITY[""EPSG"",""7030""]]],PRIMEM[""Greenwich"",0],UNIT[""degree"",0.0174532925199433,AUTHORITY[""EPSG"",""9122""]]],PROJECTION[""Transverse_Mercator""],PARAMETER[""latitude_of_origin"",0],PARAMETER[""central_meridian"",-99],PARAMETER[""scale_factor"",0.9996],PARAMETER[""false_easting"",500000],PARAMETER[""false_northing"",0],UNIT[""metre"",1,AUTHORITY[""EPSG"",""9001""]],AXIS[""Easting"",EAST],AXIS[""Northing"",NORTH]]","POLYGON ((503850.00000000006 3476790.0000000005, 503850.00000000006 3492150.0000000005, 519210.00000000006 3492150.0000000005, 519210.00000000006 3476790.0000000005, 503850.00000000006 3476790.0000000005))",16311,245833,0
training,subsetted_512x512_HLS.S30.T14RPQ.2018107.v1.4,14RPQ,2018-04-17,"PROJCS[""UTM Zone 14, Northern Hemisphere"",GEOGCS[""Unknown datum based upon the WGS 84 ellipsoid"",DATUM[""Not specified (based on WGS 84 spheroid)"",SPHEROID[""WGS 84"",6378137,298.257223563,AUTHORITY[""EPSG"",""7030""]]],PRIMEM[""Greenwich"",0],UNIT[""degree"",0.0174532925199433,AUTHORITY[""EPSG"",""9122""]]],PROJECTION[""Transverse_Mercator""],PARAMETER[""latitude_of_origin"",0],PARAMETER[""central_meridian"",-99],PARAMETER[""scale_factor"",0.9996],PARAMETER[""false_easting"",500000],PARAMETER[""false_northing"",0],UNIT[""metre"",1,AUTHORITY[""EPSG"",""9001""]],AXIS[""Easting"",EAST],AXIS[""Northing"",NORTH]]","POLYGON ((631650.0 2984580.0, 631650.0 2999940.0, 647010.0 2999940.0, 647010.0 2984580.0, 631650.0 2984580.0))",29868,232276,0
training,subsetted_512x512_HLS.S30.T14RPR.2020187.v1.4,14RPR,2020-07-05,"PROJCS[""UTM Zone 14, Northern Hemisphere"",GEOGCS[""Unknown datum based upon the WGS 84 ellipsoid"",DATUM[""Not specified (based on WGS 84 spheroid)"",SPHEROID[""WGS 84"",6378137,298.257223563,AUTHORITY[""EPSG"",""7030""]]],PRIMEM[""Greenwich"",0],UNIT[""degree"",0.0174532925199433,AUTHORITY[""EPSG"",""9122""]]],PROJECTION[""Transverse_Mercator""],PARAMETER[""latitude_of_origin"",0],PARAMETER[""central_meridian"",-99],PARAMETER[""scale_factor"",0.9996],PARAMETER[""false_easting"",500000],PARAMETER[""false_northing"",0],UNIT[""metre"",1,AUTHORITY[""EPSG"",""9001""]],AXIS[""Easting"",EAST],AXIS[""Northing"",NORTH]]","POLYGON ((652890.0000000001 2995350.0, 652890.0000000001 3010710.0, 668250.0000000001 3010710.0, 668250.0000000001 2995350.0, 652890.0000000001 2995350.0))",6594,255550,0
training,subsetted_512x512_HLS.S30.T14RQS.2019322.v1.4,14RQS,2019-11-18,"PROJCS[""UTM Zone 14, Northern Hemisphere"",GEOGCS[""Unknown datum based upon the WGS 84 ellipsoid"",DATUM[""Not specified (based on WGS 84 spheroid)"",SPHEROID[""WGS 84"",6378137,298.257223563,AUTHORITY[""EPSG"",""7030""]]],PRIMEM[""Greenwich"",0],UNIT[""degree"",0.0174532925199433,AUTHORITY[""EPSG"",""9122""]]],PROJECTION[""Transverse_Mercator""],PARAMETER[""latitude_of_origin"",0],PARAMETER[""central_meridian"",-99],PARAMETER[""scale_factor"",0.9996],PARAMETER[""false_easting"",500000],PARAMETER[""false_northing"",0],UNIT[""metre"",1,AUTHORITY[""EPSG"",""9001""]],AXIS[""Easting"",EAST],AXIS[""Northing"",NORTH]]","POLYGON ((706470.0000000001 3102630.0, 706470.0000000001 3117990.0, 721830.0000000001 3117990.0, 721830.0000000001 3102630.0, 706470.0000000001 3102630.0))",13156,248988,0
training,subsetted_512x512_HLS.S30.T14RQS.2020032.v1.4,14RQS,2020-02-01,"PROJCS[""UTM Zone 14, Northern Hemisphere"",GEOGCS[""Unknown datum based upon the WGS 84 ellipsoid"",DATUM[""Not specified (based on WGS 84 spheroid)"",SPHEROID[""WGS 84"",6378137,298.257223563,AUTHORITY[""EPSG"",""7030""]]],PRIMEM[""Greenwich"",0],UNIT[""degree"",0.0174532925199433,AUTHORITY[""EPSG"",""9122""]]],PROJECTION[""Transverse_Mercator""],PARAMETER[""latitude_of_origin"",0],PARAMETER[""central_meridian"",-99],PARAMETER[""scale_factor"",0.9996],PARAMETER[""false_easting"",500000],PARAMETER[""false_northing"",0],UNIT[""metre"",1,AUTHORITY[""EPSG"",""9001""]],AXIS[""Easting"",EAST],AXIS[""Northing"",NORTH]]","POLYGON ((701430.0 3113010.0, 701430.0 3128370.0, 716790.0 3128370.0, 716790.0 3113010.0, 701430.0 3113010.0))",6294,255850,0
training,subsetted_512x512_HLS.S30.T14SKA.2020223.v1.4,14SKA,2020-08-10,"PROJCS[""UTM Zone 14, Northern Hemisphere"",GEOGCS[""Unknown datum based upon the WGS 84 ellipsoid"",DATUM[""Not specified (based on WGS 84 spheroid)"",SPHEROID[""WGS 84"",6378137,298.257223563,AUTHORITY[""EPSG"",""7030""]]],PRIMEM[""Greenwich"",0],UNIT[""degree"",0.0174532925199433,AUTHORITY[""EPSG"",""9122""]]],PROJECTION[""Transverse_Mercator""],PARAMETER[""latitude_of_origin"",0],PARAMETER[""central_meridian"",-99],PARAMETER[""scale_factor"",0.9996],PARAMETER[""false_easting"",500000],PARAMETER[""false_northing"",0],UNIT[""metre"",1,AUTHORITY[""EPSG"",""9001""]],AXIS[""Easting"",EAST],AXIS[""Northing"",NORTH]]","POLYGON ((280800.0 3490200.0, 280800.0 3505560.0, 296160.0 3505560.0, 296160.0 3490200.0, 280800.0 3490200.0))",23606,238538,0
training,subsetted_512x512_HLS.S30.T14SKE.2019111.v1.4,14SKE,2019-04-21,"PROJCS[""UTM Zone 14, Northern Hemisphere"",GEOGCS[""Unknown datum based upon the WGS 84 ellipsoid"",DATUM[""Not specified (based on WGS 84 spheroid)"",SPHEROID[""WGS 84"",6378137,298.257223563,AUTHORITY[""EPSG"",""7030""]]],PRIMEM[""Greenwich"",0],UNIT[""degree"",0.0174532925199433,AUTHORITY[""EPSG"",""9122""]]],PROJECTION[""Transverse_Mercator""],PARAMETER[""latitude_of_origin"",0],PARAMETER[""central_meridian"",-99],PARAMETER[""scale_factor"",0.9996],PARAMETER[""false_easting"",500000],PARAMETER[""false_northing"",0],UNIT[""metre"",1,AUTHORITY[""EPSG"",""9001""]],AXIS[""Easting"",EAST],AXIS[""Northing"",NORTH]]","POLYGON ((257129.99999999997 3953190.0, 257129.99999999997 3968550.0, 272490.0 3968550.0, 272490.0 3953190.0, 257129.99999999997 3953190.0))",11795,250349,0
training,subsetted_512x512_HLS.S30.T14SKE.2020216.v1.4,14SKE,2020-08-03,"PROJCS[""UTM Zone 14, Northern Hemisphere"",GEOGCS[""Unknown datum based upon the WGS 84 ellipsoid"",DATUM[""Not specified (based on WGS 84 spheroid)"",SPHEROID[""WGS 84"",6378137,298.257223563,AUTHORITY[""EPSG"",""7030""]]],PRIMEM[""Greenwich"",0],UNIT[""degree"",0.0174532925199433,AUTHORITY[""EPSG"",""9122""]]],PROJECTION[""Transverse_Mercator""],PARAMETER[""latitude_of_origin"",0],PARAMETER[""central_meridian"",-99],PARAMETER[""scale_factor"",0.9996],PARAMETER[""false_easting"",500000],PARAMETER[""false_northing"",0],UNIT[""metre"",1,AUTHORITY[""EPSG"",""9001""]],AXIS[""Easting"",EAST],AXIS[""Northing"",NORTH]]","POLYGON ((252330.0 3948210.0000000005, 252330.0 3963570.0000000005, 267690.0 3963570.0000000005, 267690.0 3948210.0000000005, 252330.0 3948210.0000000005))",18900,242979,265
training,subsetted_512x512_HLS.S30.T14SKE.2020281.v1.4,14SKE,2020-10-07,"PROJCS[""UTM Zone 14, Northern Hemisphere"",GEOGCS[""Unknown datum based upon the WGS 84 ellipsoid"",DATUM[""Not specified (based on WGS 84 spheroid)"",SPHEROID[""WGS 84"",6378137,298.257223563,AUTHORITY[""EPSG"",""7030""]]],PRIMEM[""Greenwich"",0],UNIT[""degree"",0.0174532925199433,AUTHORITY[""EPSG"",""9122""]]],PROJECTION[""Transverse_Mercator""],PARAMETER[""latitude_of_origin"",0],PARAMETER[""central_meridian"",-99],PARAMETER[""scale_factor"",0.9996],PARAMETER[""false_easting"",500000],PARAMETER[""false_northing"",0],UNIT[""metre"",1,AUTHORITY[""EPSG"",""9001""]],AXIS[""Easting"",EAST],AXIS[""Northing"",NORTH]]","POLYGON ((230340.0 3917490.0, 230340.0 3932850.0000000005, 245699.99999999997 3932850.0000000005, 245699.99999999997 3917490.0, 230340.0 3917490.0))",12352,249792,0
training,subsetted_512x512_HLS.S30.T14SLA.2020193.v1.4,14SLA,2020-07-11,"PROJCS[""UTM Zone 14, Northern Hemisphere"",GEOGCS[""Unknown datum based upon the WGS 84 ellipsoid"",DATUM[""Not specified (based on WGS 84 spheroid)"",SPHEROID[""WGS 84"",6378137,298.257223563,AUTHORITY[""EPSG"",""7030""]]],PRIMEM[""Greenwich"",0],UNIT[""degree"",0.0174532925199433,AUTHORITY[""EPSG"",""9122""]]],PROJECTION[""Transverse_Mercator""],PARAMETER[""latitude_of_origin"",0],PARAMETER[""central_meridian"",-99],PARAMETER[""scale_factor"",0.9996],PARAMETER[""false_easting"",500000],PARAMETER[""false_northing"",0],UNIT[""metre"",1,AUTHORITY[""EPSG"",""9001""]],AXIS[""Easting"",EAST],AXIS[""Northing"",NORTH]]","POLYGON ((315300.0 3542310.0, 315300.0 3557670.0, 330660.0 3557670.0, 330660.0 3542310.0, 315300.0 3542310.0))",21225,240919,0
training,subsetted_512x512_HLS.S30.T14SLA.2020223.v1.4,14SLA,2020-08-10,"PROJCS[""UTM Zone 14, Northern Hemisphere"",GEOGCS[""Unknown datum based upon the WGS 84 ellipsoid"",DATUM[""Not specified (based on WGS 84 spheroid)"",SPHEROID[""WGS 84"",6378137,298.257223563,AUTHORITY[""EPSG"",""7030""]]],PRIMEM[""Greenwich"",0],UNIT[""degree"",0.0174532925199433,AUTHORITY[""EPSG"",""9122""]]],PROJECTION[""Transverse_Mercator""],PARAMETER[""latitude_of_origin"",0],PARAMETER[""central_meridian"",-99],PARAMETER[""scale_factor"",0.9996],PARAMETER[""false_easting"",500000],PARAMETER[""false_northing"",0],UNIT[""metre"",1,AUTHORITY[""EPSG"",""9001""]],AXIS[""Easting"",EAST],AXIS[""Northing"",NORTH]]","POLYGON ((384690.0 3572910.0, 384690.0 3588270.0, 400050.0 3588270.0, 400050.0 3572910.0, 384690.0 3572910.0))",13640,248504,0
training,subsetted_512x512_HLS.S30.T14SLC.2018038.v1.4,14SLC,2018-02-07,"PROJCS[""UTM Zone 14, Northern Hemisphere"",GEOGCS[""Unknown datum based upon the WGS 84 ellipsoid"",DATUM[""Not specified (based on WGS 84 spheroid)"",SPHEROID[""WGS 84"",6378137,298.257223563,AUTHORITY[""EPSG"",""7030""]]],PRIMEM[""Greenwich"",0],UNIT[""degree"",0.0174532925199433,AUTHORITY[""EPSG"",""9122""]]],PROJECTION[""Transverse_Mercator""],PARAMETER[""latitude_of_origin"",0],PARAMETER[""central_meridian"",-99],PARAMETER[""scale_factor"",0.9996],PARAMETER[""false_easting"",500000],PARAMETER[""false_northing"",0],UNIT[""metre"",1,AUTHORITY[""EPSG"",""9001""]],AXIS[""Easting"",EAST],AXIS[""Northing"",NORTH]]","POLYGON ((348990.0 3760590.0, 348990.0 3775950.0, 364350.0 3775950.0, 364350.0 3760590.0, 348990.0 3760590.0))",26951,235193,0
training,subsetted_512x512_HLS.S30.T14SLD.2018138.v1.4,14SLD,2018-05-18,"PROJCS[""UTM Zone 14, Northern Hemisphere"",GEOGCS[""Unknown datum based upon the WGS 84 ellipsoid"",DATUM[""Not specified (based on WGS 84 spheroid)"",SPHEROID[""WGS 84"",6378137,298.257223563,AUTHORITY[""EPSG"",""7030""]]],PRIMEM[""Greenwich"",0],UNIT[""degree"",0.0174532925199433,AUTHORITY[""EPSG"",""9122""]]],PROJECTION[""Transverse_Mercator""],PARAMETER[""latitude_of_origin"",0],PARAMETER[""central_meridian"",-99],PARAMETER[""scale_factor"",0.9996],PARAMETER[""false_easting"",500000],PARAMETER[""false_northing"",0],UNIT[""metre"",1,AUTHORITY[""EPSG"",""9001""]],AXIS[""Easting"",EAST],AXIS[""Northing"",NORTH]]","POLYGON ((300060.0 3875970.0, 300060.0 3891330.0, 315420.0 3891330.0, 315420.0 3875970.0, 300060.0 3875970.0))",59614,202530,0
training,subsetted_512x512_HLS.S30.T14SLD.2018218.v1.4,14SLD,2018-08-06,"PROJCS[""UTM Zone 14, Northern Hemisphere"",GEOGCS[""Unknown datum based upon the WGS 84 ellipsoid"",DATUM[""Not specified (based on WGS 84 spheroid)"",SPHEROID[""WGS 84"",6378137,298.257223563,AUTHORITY[""EPSG"",""7030""]]],PRIMEM[""Greenwich"",0],UNIT[""degree"",0.0174532925199433,AUTHORITY[""EPSG"",""9122""]]],PROJECTION[""Transverse_Mercator""],PARAMETER[""latitude_of_origin"",0],PARAMETER[""central_meridian"",-99],PARAMETER[""scale_factor"",0.9996],PARAMETER[""false_easting"",500000],PARAMETER[""false_northing"",0],UNIT[""metre"",1,AUTHORITY[""EPSG"",""9001""]],AXIS[""Easting"",EAST],AXIS[""Northing"",NORTH]]","POLYGON ((300060.0 3821760.0, 300060.0 3837120.0, 315420.0 3837120.0, 315420.0 3821760.0, 300060.0 3821760.0))",11263,250881,0
training,subsetted_512x512_HLS.S30.T14SLD.2020218.v1.4,14SLD,2020-08-05,"PROJCS[""UTM Zone 14, Northern Hemisphere"",GEOGCS[""Unknown datum based upon the WGS 84 ellipsoid"",DATUM[""Not specified (based on WGS 84 spheroid)"",SPHEROID[""WGS 84"",6378137,298.257223563,AUTHORITY[""EPSG"",""7030""]]],PRIMEM[""Greenwich"",0],UNIT[""degree"",0.0174532925199433,AUTHORITY[""EPSG"",""9122""]]],PROJECTION[""Transverse_Mercator""],PARAMETER[""latitude_of_origin"",0],PARAMETER[""central_meridian"",-99],PARAMETER[""scale_factor"",0.9996],PARAMETER[""false_easting"",500000],PARAMETER[""false_northing"",0],UNIT[""metre"",1,AUTHORITY[""EPSG"",""9001""]],AXIS[""Easting"",EAST],AXIS[""Northing"",NORTH]]","POLYGON ((332670.0 3807750.0, 332670.0 3823110.0, 348030.0 3823110.0, 348030.0 3807750.0, 332670.0 3807750.0))",4600,257544,0
training,subsetted_512x512_HLS.S30.T14SLE.2018098.v1.4,14SLE,2018-04-08,"PROJCS[""UTM Zone 14, Northern Hemisphere"",GEOGCS[""Unknown datum based upon the WGS 84 ellipsoid"",DATUM[""Not specified (based on WGS 84 spheroid)"",SPHEROID[""WGS 84"",6378137,298.257223563,AUTHORITY[""EPSG"",""7030""]]],PRIMEM[""Greenwich"",0],UNIT[""degree"",0.0174532925199433,AUTHORITY[""EPSG"",""9122""]]],PROJECTION[""Transverse_Mercator""],PARAMETER[""latitude_of_origin"",0],PARAMETER[""central_meridian"",-99],PARAMETER[""scale_factor"",0.9996],PARAMETER[""false_easting"",500000],PARAMETER[""false_northing"",0],UNIT[""metre"",1,AUTHORITY[""EPSG"",""9001""]],AXIS[""Easting"",EAST],AXIS[""Northing"",NORTH]]","POLYGON ((329970.0 3922020.0, 329970.0 3937379.9999999995, 345330.0 3937379.9999999995, 345330.0 3922020.0, 329970.0 3922020.0))",32808,229336,0
training,subsetted_512x512_HLS.S30.T14SLE.2018138.v1.4,14SLE,2018-05-18,"PROJCS[""UTM Zone 14, Northern Hemisphere"",GEOGCS[""Unknown datum based upon the WGS 84 ellipsoid"",DATUM[""Not specified (based on WGS 84 spheroid)"",SPHEROID[""WGS 84"",6378137,298.257223563,AUTHORITY[""EPSG"",""7030""]]],PRIMEM[""Greenwich"",0],UNIT[""degree"",0.0174532925199433,AUTHORITY[""EPSG"",""9122""]]],PROJECTION[""Transverse_Mercator""],PARAMETER[""latitude_of_origin"",0],PARAMETER[""central_meridian"",-99],PARAMETER[""scale_factor"",0.9996],PARAMETER[""false_easting"",500000],PARAMETER[""false_northing"",0],UNIT[""metre"",1,AUTHORITY[""EPSG"",""9001""]],AXIS[""Easting"",EAST],AXIS[""Northing"",NORTH]]","POLYGON ((394440.0 3890220.0000000005, 394440.0 3905580.0000000005, 409800.0 3905580.0000000005, 409800.0 3890220.0000000005, 394440.0 3890220.0000000005))",53732,208412,0
training,subsetted_512x512_HLS.S30.T14SLE.2019098.v1.4,14SLE,2019-04-08,"PROJCS[""UTM Zone 14, Northern Hemisphere"",GEOGCS[""Unknown datum based upon the WGS 84 ellipsoid"",DATUM[""Not specified (based on WGS 84 spheroid)"",SPHEROID[""WGS 84"",6378137,298.257223563,AUTHORITY[""EPSG"",""7030""]]],PRIMEM[""Greenwich"",0],UNIT[""degree"",0.0174532925199433,AUTHORITY[""EPSG"",""9122""]]],PROJECTION[""Transverse_Mercator""],PARAMETER[""latitude_of_origin"",0],PARAMETER[""central_meridian"",-99],PARAMETER[""scale_factor"",0.9996],PARAMETER[""false_easting"",500000],PARAMETER[""false_northing"",0],UNIT[""metre"",1,AUTHORITY[""EPSG"",""9001""]],AXIS[""Easting"",EAST],AXIS[""Northing"",NORTH]]","POLYGON ((343560.0 3949020.0, 343560.0 3964380.0, 358920.0 3964380.0, 358920.0 3949020.0, 343560.0 3949020.0))",10209,251935,0
training,subsetted_512x512_HLS.S30.T14SLE.2019248.v1.4,14SLE,2019-09-05,"PROJCS[""UTM Zone 14, Northern Hemisphere"",GEOGCS[""Unknown datum based upon the WGS 84 ellipsoid"",DATUM[""Not specified (based on WGS 84 spheroid)"",SPHEROID[""WGS 84"",6378137,298.257223563,AUTHORITY[""EPSG"",""7030""]]],PRIMEM[""Greenwich"",0],UNIT[""degree"",0.0174532925199433,AUTHORITY[""EPSG"",""9122""]]],PROJECTION[""Transverse_Mercator""],PARAMETER[""latitude_of_origin"",0],PARAMETER[""central_meridian"",-99],PARAMETER[""scale_factor"",0.9996],PARAMETER[""false_easting"",500000],PARAMETER[""false_northing"",0],UNIT[""metre"",1,AUTHORITY[""EPSG"",""9001""]],AXIS[""Easting"",EAST],AXIS[""Northing"",NORTH]]","POLYGON ((311550.0 3958650.0, 311550.0 3974010.0, 326910.0 3974010.0, 326910.0 3958650.0, 311550.0 3958650.0))",7375,254769,0
training,subsetted_512x512_HLS.S30.T14SLE.2020323.v1.4,14SLE,2020-11-18,"PROJCS[""UTM Zone 14, Northern Hemisphere"",GEOGCS[""Unknown datum based upon the WGS 84 ellipsoid"",DATUM[""Not specified (based on WGS 84 spheroid)"",SPHEROID[""WGS 84"",6378137,298.257223563,AUTHORITY[""EPSG"",""7030""]]],PRIMEM[""Greenwich"",0],UNIT[""degree"",0.0174532925199433,AUTHORITY[""EPSG"",""9122""]]],PROJECTION[""Transverse_Mercator""],PARAMETER[""latitude_of_origin"",0],PARAMETER[""central_meridian"",-99],PARAMETER[""scale_factor"",0.9996],PARAMETER[""false_easting"",500000],PARAMETER[""false_northing"",0],UNIT[""metre"",1,AUTHORITY[""EPSG"",""9001""]],AXIS[""Easting"",EAST],AXIS[""Northing"",NORTH]]","POLYGON ((327390.0 3949350.0000000005, 327390.0 3964710.0000000005, 342750.0 3964710.0000000005, 342750.0 3949350.0000000005, 327390.0 3949350.0000000005))",42607,219537,0
training,subsetted_512x512_HLS.S30.T14SLF.2020108.v1.4,14SLF,2020-04-17,"PROJCS[""UTM Zone 14, Northern Hemisphere"",GEOGCS[""Unknown datum based upon the WGS 84 ellipsoid"",DATUM[""Not specified (based on WGS 84 spheroid)"",SPHEROID[""WGS 84"",6378137,298.257223563,AUTHORITY[""EPSG"",""7030""]]],PRIMEM[""Greenwich"",0],UNIT[""degree"",0.0174532925199433,AUTHORITY[""EPSG"",""9122""]]],PROJECTION[""Transverse_Mercator""],PARAMETER[""latitude_of_origin"",0],PARAMETER[""central_meridian"",-99],PARAMETER[""scale_factor"",0.9996],PARAMETER[""false_easting"",500000],PARAMETER[""false_northing"",0],UNIT[""metre"",1,AUTHORITY[""EPSG"",""9001""]],AXIS[""Easting"",EAST],AXIS[""Northing"",NORTH]]","POLYGON ((352260.0 4059840.0, 352260.0 4075200.0, 367620.0 4075200.0, 367620.0 4059840.0, 352260.0 4059840.0))",79982,182162,0
training,subsetted_512x512_HLS.S30.T14SMB.2018073.v1.4,14SMB,2018-03-14,"PROJCS[""UTM Zone 14, Northern Hemisphere"",GEOGCS[""Unknown datum based upon the WGS 84 ellipsoid"",DATUM[""Not specified (based on WGS 84 spheroid)"",SPHEROID[""WGS 84"",6378137,298.257223563,AUTHORITY[""EPSG"",""7030""]]],PRIMEM[""Greenwich"",0],UNIT[""degree"",0.0174532925199433,AUTHORITY[""EPSG"",""9122""]]],PROJECTION[""Transverse_Mercator""],PARAMETER[""latitude_of_origin"",0],PARAMETER[""central_meridian"",-99],PARAMETER[""scale_factor"",0.9996],PARAMETER[""false_easting"",500000],PARAMETER[""false_northing"",0],UNIT[""metre"",1,AUTHORITY[""EPSG"",""9001""]],AXIS[""Easting"",EAST],AXIS[""Northing"",NORTH]]","POLYGON ((447570.0 3615510.0, 447570.0 3630870.0, 462930.0 3630870.0, 462930.0 3615510.0, 447570.0 3615510.0))",18537,243607,0
training,subsetted_512x512_HLS.S30.T14SMB.2018138.v1.4,14SMB,2018-05-18,"PROJCS[""UTM Zone 14, Northern Hemisphere"",GEOGCS[""Unknown datum based upon the WGS 84 ellipsoid"",DATUM[""Not specified (based on WGS 84 spheroid)"",SPHEROID[""WGS 84"",6378137,298.257223563,AUTHORITY[""EPSG"",""7030""]]],PRIMEM[""Greenwich"",0],UNIT[""degree"",0.0174532925199433,AUTHORITY[""EPSG"",""9122""]]],PROJECTION[""Transverse_Mercator""],PARAMETER[""latitude_of_origin"",0],PARAMETER[""central_meridian"",-99],PARAMETER[""scale_factor"",0.9996],PARAMETER[""false_easting"",500000],PARAMETER[""false_northing"",0],UNIT[""metre"",1,AUTHORITY[""EPSG"",""9001""]],AXIS[""Easting"",EAST],AXIS[""Northing"",NORTH]]","POLYGON ((425730.0 3607860.0, 425730.0 3623220.0, 441090.0 3623220.0, 441090.0 3607860.0, 425730.0 3607860.0))",11135,251009,0
training,subsetted_512x512_HLS.S30.T14SMB.2020268.v1.4,14SMB,2020-09-24,"PROJCS[""UTM Zone 14, Northern Hemisphere"",GEOGCS[""Unknown datum based upon the WGS 84 ellipsoid"",DATUM[""Not specified (based on WGS 84 spheroid)"",SPHEROID[""WGS 84"",6378137,298.257223563,AUTHORITY[""EPSG"",""7030""]]],PRIMEM[""Greenwich"",0],UNIT[""degree"",0.0174532925199433,AUTHORITY[""EPSG"",""9122""]]],PROJECTION[""Transverse_Mercator""],PARAMETER[""latitude_of_origin"",0],PARAMETER[""central_meridian"",-99],PARAMETER[""scale_factor"",0.9996],PARAMETER[""false_easting"",500000],PARAMETER[""false_northing"",0],UNIT[""metre"",1,AUTHORITY[""EPSG"",""9001""]],AXIS[""Easting"",EAST],AXIS[""Northing"",NORTH]]","POLYGON ((479940.0 3609570.0, 479940.0 3624930.0, 495299.99999999994 3624930.0, 495299.99999999994 3609570.0, 479940.0 3609570.0))",17715,215870,28559
training,subsetted_512x512_HLS.S30.T14SMC.2019258.v1.4,14SMC,2019-09-15,"PROJCS[""UTM Zone 14, Northern Hemisphere"",GEOGCS[""Unknown datum based upon the WGS 84 ellipsoid"",DATUM[""Not specified (based on WGS 84 spheroid)"",SPHEROID[""WGS 84"",6378137,298.257223563,AUTHORITY[""EPSG"",""7030""]]],PRIMEM[""Greenwich"",0],UNIT[""degree"",0.0174532925199433,AUTHORITY[""EPSG"",""9122""]]],PROJECTION[""Transverse_Mercator""],PARAMETER[""latitude_of_origin"",0],PARAMETER[""central_meridian"",-99],PARAMETER[""scale_factor"",0.9996],PARAMETER[""false_easting"",500000],PARAMETER[""false_northing"",0],UNIT[""metre"",1,AUTHORITY[""EPSG"",""9001""]],AXIS[""Easting"",EAST],AXIS[""Northing"",NORTH]]","POLYGON ((408720.00000000006 3766830.0, 408720.00000000006 3782190.0, 424080.00000000006 3782190.0, 424080.00000000006 3766830.0, 408720.00000000006 3766830.0))",50862,211282,0
training,subsetted_512x512_HLS.S30.T14SMD.2018138.v1.4,14SMD,2018-05-18,"PROJCS[""UTM Zone 14, Northern Hemisphere"",GEOGCS[""Unknown datum based upon the WGS 84 ellipsoid"",DATUM[""Not specified (based on WGS 84 spheroid)"",SPHEROID[""WGS 84"",6378137,298.257223563,AUTHORITY[""EPSG"",""7030""]]],PRIMEM[""Greenwich"",0],UNIT[""degree"",0.0174532925199433,AUTHORITY[""EPSG"",""9122""]]],PROJECTION[""Transverse_Mercator""],PARAMETER[""latitude_of_origin"",0],PARAMETER[""central_meridian"",-99],PARAMETER[""scale_factor"",0.9996],PARAMETER[""false_easting"",500000],PARAMETER[""false_northing"",0],UNIT[""metre"",1,AUTHORITY[""EPSG"",""9001""]],AXIS[""Easting"",EAST],AXIS[""Northing"",NORTH]]","POLYGON ((402840.0 3856740.0, 402840.0 3872100.0, 418200.0 3872100.0, 418200.0 3856740.0, 402840.0 3856740.0))",59671,202473,0
training,subsetted_512x512_HLS.S30.T14SME.2018138.v1.4,14SME,2018-05-18,"PROJCS[""UTM Zone 14, Northern Hemisphere"",GEOGCS[""Unknown datum based upon the WGS 84 ellipsoid"",DATUM[""Not specified (based on WGS 84 spheroid)"",SPHEROID[""WGS 84"",6378137,298.257223563,AUTHORITY[""EPSG"",""7030""]]],PRIMEM[""Greenwich"",0],UNIT[""degree"",0.0174532925199433,AUTHORITY[""EPSG"",""9122""]]],PROJECTION[""Transverse_Mercator""],PARAMETER[""latitude_of_origin"",0],PARAMETER[""central_meridian"",-99],PARAMETER[""scale_factor"",0.9996],PARAMETER[""false_easting"",500000],PARAMETER[""false_northing"",0],UNIT[""metre"",1,AUTHORITY[""EPSG"",""9001""]],AXIS[""Easting"",EAST],AXIS[""Northing"",NORTH]]","POLYGON ((418380.0 3940920.0, 418380.0 3956280.0, 433740.0 3956280.0, 433740.0 3940920.0, 418380.0 3940920.0))",9645,252499,0
training,subsetted_512x512_HLS.S30.T14SMF.2018098.v1.4,14SMF,2018-04-08,"PROJCS[""UTM Zone 14, Northern Hemisphere"",GEOGCS[""Unknown datum based upon the WGS 84 ellipsoid"",DATUM[""Not specified (based on WGS 84 spheroid)"",SPHEROID[""WGS 84"",6378137,298.257223563,AUTHORITY[""EPSG"",""7030""]]],PRIMEM[""Greenwich"",0],UNIT[""degree"",0.0174532925199433,AUTHORITY[""EPSG"",""9122""]]],PROJECTION[""Transverse_Mercator""],PARAMETER[""latitude_of_origin"",0],PARAMETER[""central_meridian"",-99],PARAMETER[""scale_factor"",0.9996],PARAMETER[""false_easting"",500000],PARAMETER[""false_northing"",0],UNIT[""metre"",1,AUTHORITY[""EPSG"",""9001""]],AXIS[""Easting"",EAST],AXIS[""Northing"",NORTH]]","POLYGON ((490770.0 4065749.9999999995, 490770.0 4081109.9999999995, 506130.0 4081109.9999999995, 506130.0 4065749.9999999995, 490770.0 4065749.9999999995))",11613,250531,0
training,subsetted_512x512_HLS.S30.T14SNB.2018215.v1.4,14SNB,2018-08-03,"PROJCS[""UTM Zone 14, Northern Hemisphere"",GEOGCS[""Unknown datum based upon the WGS 84 ellipsoid"",DATUM[""Not specified (based on WGS 84 spheroid)"",SPHEROID[""WGS 84"",6378137,298.257223563,AUTHORITY[""EPSG"",""7030""]]],PRIMEM[""Greenwich"",0],UNIT[""degree"",0.0174532925199433,AUTHORITY[""EPSG"",""9122""]]],PROJECTION[""Transverse_Mercator""],PARAMETER[""latitude_of_origin"",0],PARAMETER[""central_meridian"",-99],PARAMETER[""scale_factor"",0.9996],PARAMETER[""false_easting"",500000],PARAMETER[""false_northing"",0],UNIT[""metre"",1,AUTHORITY[""EPSG"",""9001""]],AXIS[""Easting"",EAST],AXIS[""Northing"",NORTH]]","POLYGON ((552840.0 3646170.0, 552840.0 3661530.0, 568200.0 3661530.0, 568200.0 3646170.0, 552840.0 3646170.0))",5902,256242,0
training,subsetted_512x512_HLS.S30.T14SNB.2019280.v1.4,14SNB,2019-10-07,"PROJCS[""UTM Zone 14, Northern Hemisphere"",GEOGCS[""Unknown datum based upon the WGS 84 ellipsoid"",DATUM[""Not specified (based on WGS 84 spheroid)"",SPHEROID[""WGS 84"",6378137,298.257223563,AUTHORITY[""EPSG"",""7030""]]],PRIMEM[""Greenwich"",0],UNIT[""degree"",0.0174532925199433,AUTHORITY[""EPSG"",""9122""]]],PROJECTION[""Transverse_Mercator""],PARAMETER[""latitude_of_origin"",0],PARAMETER[""central_meridian"",-99],PARAMETER[""scale_factor"",0.9996],PARAMETER[""false_easting"",500000],PARAMETER[""false_northing"",0],UNIT[""metre"",1,AUTHORITY[""EPSG"",""9001""]],AXIS[""Easting"",EAST],AXIS[""Northing"",NORTH]]","POLYGON ((530280.0000000001 3596190.0, 530280.0000000001 3611550.0, 545640.0000000001 3611550.0, 545640.0000000001 3596190.0, 530280.0000000001 3596190.0))",5843,256291,10
training,subsetted_512x512_HLS.S30.T14SND.2018215.v1.4,14SND,2018-08-03,"PROJCS[""UTM Zone 14, Northern Hemisphere"",GEOGCS[""Unknown datum based upon the WGS 84 ellipsoid"",DATUM[""Not specified (based on WGS 84 spheroid)"",SPHEROID[""WGS 84"",6378137,298.257223563,AUTHORITY[""EPSG"",""7030""]]],PRIMEM[""Greenwich"",0],UNIT[""degree"",0.0174532925199433,AUTHORITY[""EPSG"",""9122""]]],PROJECTION[""Transverse_Mercator""],PARAMETER[""latitude_of_origin"",0],PARAMETER[""central_meridian"",-99],PARAMETER[""scale_factor"",0.9996],PARAMETER[""false_easting"",500000],PARAMETER[""false_northing"",0],UNIT[""metre"",1,AUTHORITY[""EPSG"",""9001""]],AXIS[""Easting"",EAST],AXIS[""Northing"",NORTH]]","POLYGON ((518339.99999999994 3839430.0, 518339.99999999994 3854790.0, 533700.0 3854790.0, 533700.0 3839430.0, 518339.99999999994 3839430.0))",17783,244349,12
training,subsetted_512x512_HLS.S30.T14SNF.2018095.v1.4,14SNF,2018-04-05,"PROJCS[""UTM Zone 14, Northern Hemisphere"",GEOGCS[""Unknown datum based upon the WGS 84 ellipsoid"",DATUM[""Not specified (based on WGS 84 spheroid)"",SPHEROID[""WGS 84"",6378137,298.257223563,AUTHORITY[""EPSG"",""7030""]]],PRIMEM[""Greenwich"",0],UNIT[""degree"",0.0174532925199433,AUTHORITY[""EPSG"",""9122""]]],PROJECTION[""Transverse_Mercator""],PARAMETER[""latitude_of_origin"",0],PARAMETER[""central_meridian"",-99],PARAMETER[""scale_factor"",0.9996],PARAMETER[""false_easting"",500000],PARAMETER[""false_northing"",0],UNIT[""metre"",1,AUTHORITY[""EPSG"",""9001""]],AXIS[""Easting"",EAST],AXIS[""Northing"",NORTH]]","POLYGON ((520200.0 4029600.0, 520200.0 4044960.0, 535560.0 4044960.0, 535560.0 4029600.0, 520200.0 4029600.0))",5025,207931,49188
training,subsetted_512x512_HLS.S30.T14SNF.2020183.v1.4,14SNF,2020-07-01,"PROJCS[""UTM Zone 14, Northern Hemisphere"",GEOGCS[""Unknown datum based upon the WGS 84 ellipsoid"",DATUM[""Not specified (based on WGS 84 spheroid)"",SPHEROID[""WGS 84"",6378137,298.257223563,AUTHORITY[""EPSG"",""7030""]]],PRIMEM[""Greenwich"",0],UNIT[""degree"",0.0174532925199433,AUTHORITY[""EPSG"",""9122""]]],PROJECTION[""Transverse_Mercator""],PARAMETER[""latitude_of_origin"",0],PARAMETER[""central_meridian"",-99],PARAMETER[""scale_factor"",0.9996],PARAMETER[""false_easting"",500000],PARAMETER[""false_northing"",0],UNIT[""metre"",1,AUTHORITY[""EPSG"",""9001""]],AXIS[""Easting"",EAST],AXIS[""Northing"",NORTH]]","POLYGON ((549300.0 4013310.0, 549300.0 4028670.0, 564660.0 4028670.0, 564660.0 4013310.0, 549300.0 4013310.0))",18780,243363,1
training,subsetted_512x512_HLS.S30.T14SNG.2020183.v1.4,14SNG,2020-07-01,"PROJCS[""UTM Zone 14, Northern Hemisphere"",GEOGCS[""Unknown datum based upon the WGS 84 ellipsoid"",DATUM[""Not specified (based on WGS 84 spheroid)"",SPHEROID[""WGS 84"",6378137,298.257223563,AUTHORITY[""EPSG"",""7030""]]],PRIMEM[""Greenwich"",0],UNIT[""degree"",0.0174532925199433,AUTHORITY[""EPSG"",""9122""]]],PROJECTION[""Transverse_Mercator""],PARAMETER[""latitude_of_origin"",0],PARAMETER[""central_meridian"",-99],PARAMETER[""scale_factor"",0.9996],PARAMETER[""false_easting"",500000],PARAMETER[""false_northing"",0],UNIT[""metre"",1,AUTHORITY[""EPSG"",""9001""]],AXIS[""Easting"",EAST],AXIS[""Northing"",NORTH]]","POLYGON ((551820.0 4090200.0, 551820.0 4105560.0, 567180.0 4105560.0, 567180.0 4090200.0, 551820.0 4090200.0))",7525,254619,0
training,subsetted_512x512_HLS.S30.T14SPB.2018035.v1.4,14SPB,2018-02-04,"PROJCS[""UTM Zone 14, Northern Hemisphere"",GEOGCS[""Unknown datum based upon the WGS 84 ellipsoid"",DATUM[""Not specified (based on WGS 84 spheroid)"",SPHEROID[""WGS 84"",6378137,298.257223563,AUTHORITY[""EPSG"",""7030""]]],PRIMEM[""Greenwich"",0],UNIT[""degree"",0.0174532925199433,AUTHORITY[""EPSG"",""9122""]]],PROJECTION[""Transverse_Mercator""],PARAMETER[""latitude_of_origin"",0],PARAMETER[""central_meridian"",-99],PARAMETER[""scale_factor"",0.9996],PARAMETER[""false_easting"",500000],PARAMETER[""false_northing"",0],UNIT[""metre"",1,AUTHORITY[""EPSG"",""9001""]],AXIS[""Easting"",EAST],AXIS[""Northing"",NORTH]]","POLYGON ((623730.0 3615330.0, 623730.0 3630690.0, 639090.0 3630690.0, 639090.0 3615330.0, 623730.0 3615330.0))",10732,251411,1
training,subsetted_512x512_HLS.S30.T14SPH.2018095.v1.4,14SPH,2018-04-05,"PROJCS[""UTM Zone 14, Northern Hemisphere"",GEOGCS[""Unknown datum based upon the WGS 84 ellipsoid"",DATUM[""Not specified (based on WGS 84 spheroid)"",SPHEROID[""WGS 84"",6378137,298.257223563,AUTHORITY[""EPSG"",""7030""]]],PRIMEM[""Greenwich"",0],UNIT[""degree"",0.0174532925199433,AUTHORITY[""EPSG"",""9122""]]],PROJECTION[""Transverse_Mercator""],PARAMETER[""latitude_of_origin"",0],PARAMETER[""central_meridian"",-99],PARAMETER[""scale_factor"",0.9996],PARAMETER[""false_easting"",500000],PARAMETER[""false_northing"",0],UNIT[""metre"",1,AUTHORITY[""EPSG"",""9001""]],AXIS[""Easting"",EAST],AXIS[""Northing"",NORTH]]","POLYGON ((681780.0 4190220.0, 681780.0 4205580.0, 697140.0 4205580.0, 697140.0 4190220.0, 681780.0 4190220.0))",15213,246931,0
training,subsetted_512x512_HLS.S30.T14SPJ.2018125.v1.4,14SPJ,2018-05-05,"PROJCS[""UTM Zone 14, Northern Hemisphere"",GEOGCS[""Unknown datum based upon the WGS 84 ellipsoid"",DATUM[""Not specified (based on WGS 84 spheroid)"",SPHEROID[""WGS 84"",6378137,298.257223563,AUTHORITY[""EPSG"",""7030""]]],PRIMEM[""Greenwich"",0],UNIT[""degree"",0.0174532925199433,AUTHORITY[""EPSG"",""9122""]]],PROJECTION[""Transverse_Mercator""],PARAMETER[""latitude_of_origin"",0],PARAMETER[""central_meridian"",-99],PARAMETER[""scale_factor"",0.9996],PARAMETER[""false_easting"",500000],PARAMETER[""false_northing"",0],UNIT[""metre"",1,AUTHORITY[""EPSG"",""9001""]],AXIS[""Easting"",EAST],AXIS[""Northing"",NORTH]]","POLYGON ((694440.0 4352160.0, 694440.0 4367520.0, 709800.0 4367520.0, 709800.0 4352160.0, 694440.0 4352160.0))",8237,253907,0
training,subsetted_512x512_HLS.S30.T14SQE.2020065.v1.4,14SQE,2020-03-05,"PROJCS[""UTM Zone 14, Northern Hemisphere"",GEOGCS[""Unknown datum based upon the WGS 84 ellipsoid"",DATUM[""Not specified (based on WGS 84 spheroid)"",SPHEROID[""WGS 84"",6378137,298.257223563,AUTHORITY[""EPSG"",""7030""]]],PRIMEM[""Greenwich"",0],UNIT[""degree"",0.0174532925199433,AUTHORITY[""EPSG"",""9122""]]],PROJECTION[""Transverse_Mercator""],PARAMETER[""latitude_of_origin"",0],PARAMETER[""central_meridian"",-99],PARAMETER[""scale_factor"",0.9996],PARAMETER[""false_easting"",500000],PARAMETER[""false_northing"",0],UNIT[""metre"",1,AUTHORITY[""EPSG"",""9001""]],AXIS[""Easting"",EAST],AXIS[""Northing"",NORTH]]","POLYGON ((768150.0 3899850.0, 768150.0 3915210.0, 783510.0 3915210.0, 783510.0 3899850.0, 768150.0 3899850.0))",5681,256462,1
training,subsetted_512x512_HLS.S30.T14SQF.2018075.v1.4,14SQF,2018-03-16,"PROJCS[""UTM Zone 14, Northern Hemisphere"",GEOGCS[""Unknown datum based upon the WGS 84 ellipsoid"",DATUM[""Not specified (based on WGS 84 spheroid)"",SPHEROID[""WGS 84"",6378137,298.257223563,AUTHORITY[""EPSG"",""7030""]]],PRIMEM[""Greenwich"",0],UNIT[""degree"",0.0174532925199433,AUTHORITY[""EPSG"",""9122""]]],PROJECTION[""Transverse_Mercator""],PARAMETER[""latitude_of_origin"",0],PARAMETER[""central_meridian"",-99],PARAMETER[""scale_factor"",0.9996],PARAMETER[""false_easting"",500000],PARAMETER[""false_northing"",0],UNIT[""metre"",1,AUTHORITY[""EPSG"",""9001""]],AXIS[""Easting"",EAST],AXIS[""Northing"",NORTH]]","POLYGON ((718740.0 4029540.0, 718740.0 4044900.0, 734100.0 4044900.0, 734100.0 4029540.0, 718740.0 4029540.0))",31611,230533,0
training,subsetted_512x512_HLS.S30.T14SQF.2018100.v1.4,14SQF,2018-04-10,"PROJCS[""UTM Zone 14, Northern Hemisphere"",GEOGCS[""Unknown datum based upon the WGS 84 ellipsoid"",DATUM[""Not specified (based on WGS 84 spheroid)"",SPHEROID[""WGS 84"",6378137,298.257223563,AUTHORITY[""EPSG"",""7030""]]],PRIMEM[""Greenwich"",0],UNIT[""degree"",0.0174532925199433,AUTHORITY[""EPSG"",""9122""]]],PROJECTION[""Transverse_Mercator""],PARAMETER[""latitude_of_origin"",0],PARAMETER[""central_meridian"",-99],PARAMETER[""scale_factor"",0.9996],PARAMETER[""false_easting"",500000],PARAMETER[""false_northing"",0],UNIT[""metre"",1,AUTHORITY[""EPSG"",""9001""]],AXIS[""Easting"",EAST],AXIS[""Northing"",NORTH]]","POLYGON ((734310.0 4031640.0, 734310.0 4047000.0, 749670.0 4047000.0, 749670.0 4031640.0, 734310.0 4031640.0))",136779,125354,11
training,subsetted_512x512_HLS.S30.T14SQF.2018125.v1.4,14SQF,2018-05-05,"PROJCS[""UTM Zone 14, Northern Hemisphere"",GEOGCS[""Unknown datum based upon the WGS 84 ellipsoid"",DATUM[""Not specified (based on WGS 84 spheroid)"",SPHEROID[""WGS 84"",6378137,298.257223563,AUTHORITY[""EPSG"",""7030""]]],PRIMEM[""Greenwich"",0],UNIT[""degree"",0.0174532925199433,AUTHORITY[""EPSG"",""9122""]]],PROJECTION[""Transverse_Mercator""],PARAMETER[""latitude_of_origin"",0],PARAMETER[""central_meridian"",-99],PARAMETER[""scale_factor"",0.9996],PARAMETER[""false_easting"",500000],PARAMETER[""false_northing"",0],UNIT[""metre"",1,AUTHORITY[""EPSG"",""9001""]],AXIS[""Easting"",EAST],AXIS[""Northing"",NORTH]]","POLYGON ((703920.0 4058340.0, 703920.0 4073700.0, 719280.0 4073700.0, 719280.0 4058340.0, 703920.0 4058340.0))",51182,210962,0
training,subsetted_512x512_HLS.S30.T14SQG.2018125.v1.4,14SQG,2018-05-05,"PROJCS[""UTM Zone 14, Northern Hemisphere"",GEOGCS[""Unknown datum based upon the WGS 84 ellipsoid"",DATUM[""Not specified (based on WGS 84 spheroid)"",SPHEROID[""WGS 84"",6378137,298.257223563,AUTHORITY[""EPSG"",""7030""]]],PRIMEM[""Greenwich"",0],UNIT[""degree"",0.0174532925199433,AUTHORITY[""EPSG"",""9122""]]],PROJECTION[""Transverse_Mercator""],PARAMETER[""latitude_of_origin"",0],PARAMETER[""central_meridian"",-99],PARAMETER[""scale_factor"",0.9996],PARAMETER[""false_easting"",500000],PARAMETER[""false_northing"",0],UNIT[""metre"",1,AUTHORITY[""EPSG"",""9001""]],AXIS[""Easting"",EAST],AXIS[""Northing"",NORTH]]","POLYGON ((717510.0 4108470.0, 717510.0 4123830.0, 732870.0 4123830.0, 732870.0 4108470.0, 717510.0 4108470.0))",8314,253830,0
training,subsetted_512x512_HLS.S30.T14SQJ.2020340.v1.4,14SQJ,2020-12-05,"PROJCS[""UTM Zone 14, Northern Hemisphere"",GEOGCS[""Unknown datum based upon the WGS 84 ellipsoid"",DATUM[""Not specified (based on WGS 84 spheroid)"",SPHEROID[""WGS 84"",6378137,298.257223563,AUTHORITY[""EPSG"",""7030""]]],PRIMEM[""Greenwich"",0],UNIT[""degree"",0.0174532925199433,AUTHORITY[""EPSG"",""9122""]]],PROJECTION[""Transverse_Mercator""],PARAMETER[""latitude_of_origin"",0],PARAMETER[""central_meridian"",-99],PARAMETER[""scale_factor"",0.9996],PARAMETER[""false_easting"",500000],PARAMETER[""false_northing"",0],UNIT[""metre"",1,AUTHORITY[""EPSG"",""9001""]],AXIS[""Easting"",EAST],AXIS[""Northing"",NORTH]]","POLYGON ((751020.0 4336110.0, 751020.0 4351470.0, 766380.0 4351470.0, 766380.0 4336110.0, 751020.0 4336110.0))",12626,249518,0
training,subsetted_512x512_HLS.S30.T14TQT.2021112.v1.4,14TQT,2021-04-22,"PROJCS[""UTM Zone 14, Northern Hemisphere"",GEOGCS[""Unknown datum based upon the WGS 84 ellipsoid"",DATUM[""Not specified (based on WGS 84 spheroid)"",SPHEROID[""WGS 84"",6378137,298.257223563,AUTHORITY[""EPSG"",""7030""]]],PRIMEM[""Greenwich"",0],UNIT[""degree"",0.0174532925199433,AUTHORITY[""EPSG"",""9122""]]],PROJECTION[""Transverse_Mercator""],PARAMETER[""latitude_of_origin"",0],PARAMETER[""central_meridian"",-99],PARAMETER[""scale_factor"",0.9996],PARAMETER[""false_easting"",500000],PARAMETER[""false_northing"",0],UNIT[""metre"",1,AUTHORITY[""EPSG"",""9001""]],AXIS[""Easting"",EAST],AXIS[""Northing"",NORTH]]","POLYGON ((700020.0 5281530.0, 700020.0 5296890.0, 715380.0 5296890.0, 715380.0 5281530.0, 700020.0 5281530.0))",50520,211621,3
training,subsetted_512x512_HLS.S30.T14UPU.2021112.v1.4,14UPU,2021-04-22,"PROJCS[""UTM Zone 14, Northern Hemisphere"",GEOGCS[""Unknown datum based upon the WGS 84 ellipsoid"",DATUM[""Not specified (based on WGS 84 spheroid)"",SPHEROID[""WGS 84"",6378137,298.257223563,AUTHORITY[""EPSG"",""7030""]]],PRIMEM[""Greenwich"",0],UNIT[""degree"",0.0174532925199433,AUTHORITY[""EPSG"",""9122""]]],PROJECTION[""Transverse_Mercator""],PARAMETER[""latitude_of_origin"",0],PARAMETER[""central_meridian"",-99],PARAMETER[""scale_factor"",0.9996],PARAMETER[""false_easting"",500000],PARAMETER[""false_northing"",0],UNIT[""metre"",1,AUTHORITY[""EPSG"",""9001""]],AXIS[""Easting"",EAST],AXIS[""Northing"",NORTH]]","POLYGON ((672840.0 5384580.0, 672840.0 5399940.0, 688200.0 5399940.0, 688200.0 5384580.0, 672840.0 5384580.0))",2928,259210,6
training,subsetted_512x512_HLS.S30.T14UPV.2018136.v1.4,14UPV,2018-05-16,"PROJCS[""UTM Zone 14, Northern Hemisphere"",GEOGCS[""Unknown datum based upon the WGS 84 ellipsoid"",DATUM[""Not specified (based on WGS 84 spheroid)"",SPHEROID[""WGS 84"",6378137,298.257223563,AUTHORITY[""EPSG"",""7030""]]],PRIMEM[""Greenwich"",0],UNIT[""degree"",0.0174532925199433,AUTHORITY[""EPSG"",""9122""]]],PROJECTION[""Transverse_Mercator""],PARAMETER[""latitude_of_origin"",0],PARAMETER[""central_meridian"",-99],PARAMETER[""scale_factor"",0.9996],PARAMETER[""false_easting"",500000],PARAMETER[""false_northing"",0],UNIT[""metre"",1,AUTHORITY[""EPSG"",""9001""]],AXIS[""Easting"",EAST],AXIS[""Northing"",NORTH]]","POLYGON ((679800.0 5414520.0, 679800.0 5429880.0, 695160.0 5429880.0, 695160.0 5414520.0, 679800.0 5414520.0))",12299,249845,0
training,subsetted_512x512_HLS.S30.T14UQU.2021112.v1.4,14UQU,2021-04-22,"PROJCS[""UTM Zone 14, Northern Hemisphere"",GEOGCS[""Unknown datum based upon the WGS 84 ellipsoid"",DATUM[""Not specified (based on WGS 84 spheroid)"",SPHEROID[""WGS 84"",6378137,298.257223563,AUTHORITY[""EPSG"",""7030""]]],PRIMEM[""Greenwich"",0],UNIT[""degree"",0.0174532925199433,AUTHORITY[""EPSG"",""9122""]]],PROJECTION[""Transverse_Mercator""],PARAMETER[""latitude_of_origin"",0],PARAMETER[""central_meridian"",-99],PARAMETER[""scale_factor"",0.9996],PARAMETER[""false_easting"",500000],PARAMETER[""false_northing"",0],UNIT[""metre"",1,AUTHORITY[""EPSG"",""9001""]],AXIS[""Easting"",EAST],AXIS[""Northing"",NORTH]]","POLYGON ((765450.0 5309430.0, 765450.0 5324790.0, 780810.0 5324790.0, 780810.0 5309430.0, 765450.0 5309430.0))",28638,233484,22
training,subsetted_512x512_HLS.S30.T15RTM.2020059.v1.4,15RTM,2020-02-28,"PROJCS[""UTM Zone 15, Northern Hemisphere"",GEOGCS[""Unknown datum based upon the WGS 84 ellipsoid"",DATUM[""Not specified (based on WGS 84 spheroid)"",SPHEROID[""WGS 84"",6378137,298.257223563,AUTHORITY[""EPSG"",""7030""]]],PRIMEM[""Greenwich"",0],UNIT[""degree"",0.0174532925199433,AUTHORITY[""EPSG"",""9122""]]],PROJECTION[""Transverse_Mercator""],PARAMETER[""latitude_of_origin"",0],PARAMETER[""central_meridian"",-93],PARAMETER[""scale_factor"",0.9996],PARAMETER[""false_easting"",500000],PARAMETER[""false_northing"",0],UNIT[""metre"",1,AUTHORITY[""EPSG"",""9001""]],AXIS[""Easting"",EAST],AXIS[""Northing"",NORTH]]","POLYGON ((241650.0 3183000.0, 241650.0 3198360.0, 257010.0 3198360.0, 257010.0 3183000.0, 241650.0 3183000.0))",8941,253203,0
training,subsetted_512x512_HLS.S30.T15RTN.2020032.v1.4,15RTN,2020-02-01,"PROJCS[""UTM Zone 15, Northern Hemisphere"",GEOGCS[""Unknown datum based upon the WGS 84 ellipsoid"",DATUM[""Not specified (based on WGS 84 spheroid)"",SPHEROID[""WGS 84"",6378137,298.257223563,AUTHORITY[""EPSG"",""7030""]]],PRIMEM[""Greenwich"",0],UNIT[""degree"",0.0174532925199433,AUTHORITY[""EPSG"",""9122""]]],PROJECTION[""Transverse_Mercator""],PARAMETER[""latitude_of_origin"",0],PARAMETER[""central_meridian"",-93],PARAMETER[""scale_factor"",0.9996],PARAMETER[""false_easting"",500000],PARAMETER[""false_northing"",0],UNIT[""metre"",1,AUTHORITY[""EPSG"",""9001""]],AXIS[""Easting"",EAST],AXIS[""Northing"",NORTH]]","POLYGON ((277500.0 3222630.0, 277500.0 3237990.0, 292860.0 3237990.0, 292860.0 3222630.0, 277500.0 3222630.0))",16306,245838,0
training,subsetted_512x512_HLS.S30.T15RTQ.2021101.v1.4,15RTQ,2021-04-11,"PROJCS[""UTM Zone 15, Northern Hemisphere"",GEOGCS[""Unknown datum based upon the WGS 84 ellipsoid"",DATUM[""Not specified (based on WGS 84 spheroid)"",SPHEROID[""WGS 84"",6378137,298.257223563,AUTHORITY[""EPSG"",""7030""]]],PRIMEM[""Greenwich"",0],UNIT[""degree"",0.0174532925199433,AUTHORITY[""EPSG"",""9122""]]],PROJECTION[""Transverse_Mercator""],PARAMETER[""latitude_of_origin"",0],PARAMETER[""central_meridian"",-93],PARAMETER[""scale_factor"",0.9996],PARAMETER[""false_easting"",500000],PARAMETER[""false_northing"",0],UNIT[""metre"",1,AUTHORITY[""EPSG"",""9001""]],AXIS[""Easting"",EAST],AXIS[""Northing"",NORTH]]","POLYGON ((277440.0 3455760.0, 277440.0 3471120.0, 292800.0 3471120.0, 292800.0 3455760.0, 277440.0 3455760.0))",32681,229463,0
training,subsetted_512x512_HLS.S30.T15RUQ.2018094.v1.4,15RUQ,2018-04-04,"PROJCS[""UTM Zone 15, Northern Hemisphere"",GEOGCS[""Unknown datum based upon the WGS 84 ellipsoid"",DATUM[""Not specified (based on WGS 84 spheroid)"",SPHEROID[""WGS 84"",6378137,298.257223563,AUTHORITY[""EPSG"",""7030""]]],PRIMEM[""Greenwich"",0],UNIT[""degree"",0.0174532925199433,AUTHORITY[""EPSG"",""9122""]]],PROJECTION[""Transverse_Mercator""],PARAMETER[""latitude_of_origin"",0],PARAMETER[""central_meridian"",-93],PARAMETER[""scale_factor"",0.9996],PARAMETER[""false_easting"",500000],PARAMETER[""false_northing"",0],UNIT[""metre"",1,AUTHORITY[""EPSG"",""9001""]],AXIS[""Easting"",EAST],AXIS[""Northing"",NORTH]]","POLYGON ((362550.0 3437340.0, 362550.0 3452700.0, 377910.0 3452700.0, 377910.0 3437340.0, 362550.0 3437340.0))",19064,243080,0
training,subsetted_512x512_HLS.S30.T15RUQ.2018129.v1.4,15RUQ,2018-05-09,"PROJCS[""UTM Zone 15, Northern Hemisphere"",GEOGCS[""Unknown datum based upon the WGS 84 ellipsoid"",DATUM[""Not specified (based on WGS 84 spheroid)"",SPHEROID[""WGS 84"",6378137,298.257223563,AUTHORITY[""EPSG"",""7030""]]],PRIMEM[""Greenwich"",0],UNIT[""degree"",0.0174532925199433,AUTHORITY[""EPSG"",""9122""]]],PROJECTION[""Transverse_Mercator""],PARAMETER[""latitude_of_origin"",0],PARAMETER[""central_meridian"",-93],PARAMETER[""scale_factor"",0.9996],PARAMETER[""false_easting"",500000],PARAMETER[""false_northing"",0],UNIT[""metre"",1,AUTHORITY[""EPSG"",""9001""]],AXIS[""Easting"",EAST],AXIS[""Northing"",NORTH]]","POLYGON ((382530.0 3443280.0, 382530.0 3458640.0, 397890.0 3458640.0, 397890.0 3443280.0, 382530.0 3443280.0))",14985,247159,0
training,subsetted_512x512_HLS.S30.T15RUQ.2019099.v1.4,15RUQ,2019-04-09,"PROJCS[""UTM Zone 15, Northern Hemisphere"",GEOGCS[""Unknown datum based upon the WGS 84 ellipsoid"",DATUM[""Not specified (based on WGS 84 spheroid)"",SPHEROID[""WGS 84"",6378137,298.257223563,AUTHORITY[""EPSG"",""7030""]]],PRIMEM[""Greenwich"",0],UNIT[""degree"",0.0174532925199433,AUTHORITY[""EPSG"",""9122""]]],PROJECTION[""Transverse_Mercator""],PARAMETER[""latitude_of_origin"",0],PARAMETER[""central_meridian"",-93],PARAMETER[""scale_factor"",0.9996],PARAMETER[""false_easting"",500000],PARAMETER[""false_northing"",0],UNIT[""metre"",1,AUTHORITY[""EPSG"",""9001""]],AXIS[""Easting"",EAST],AXIS[""Northing"",NORTH]]","POLYGON ((375450.0 3428910.0, 375450.0 3444270.0, 390810.0 3444270.0, 390810.0 3428910.0, 375450.0 3428910.0))",5384,256760,0
training,subsetted_512x512_HLS.S30.T15RUQ.2021088.v1.4,15RUQ,2021-03-29,"PROJCS[""UTM Zone 15, Northern Hemisphere"",GEOGCS[""Unknown datum based upon the WGS 84 ellipsoid"",DATUM[""Not specified (based on WGS 84 spheroid)"",SPHEROID[""WGS 84"",6378137,298.257223563,AUTHORITY[""EPSG"",""7030""]]],PRIMEM[""Greenwich"",0],UNIT[""degree"",0.0174532925199433,AUTHORITY[""EPSG"",""9122""]]],PROJECTION[""Transverse_Mercator""],PARAMETER[""latitude_of_origin"",0],PARAMETER[""central_meridian"",-93],PARAMETER[""scale_factor"",0.9996],PARAMETER[""false_easting"",500000],PARAMETER[""false_northing"",0],UNIT[""metre"",1,AUTHORITY[""EPSG"",""9001""]],AXIS[""Easting"",EAST],AXIS[""Northing"",NORTH]]","POLYGON ((373020.0 3430710.0000000005, 373020.0 3446070.0000000005, 388380.0 3446070.0000000005, 388380.0 3430710.0000000005, 373020.0 3430710.0000000005))",9381,252763,0
training,subsetted_512x512_HLS.S30.T15RVP.2021063.v1.4,15RVP,2021-03-04,"PROJCS[""UTM Zone 15, Northern Hemisphere"",GEOGCS[""Unknown datum based upon the WGS 84 ellipsoid"",DATUM[""Not specified (based on WGS 84 spheroid)"",SPHEROID[""WGS 84"",6378137,298.257223563,AUTHORITY[""EPSG"",""7030""]]],PRIMEM[""Greenwich"",0],UNIT[""degree"",0.0174532925199433,AUTHORITY[""EPSG"",""9122""]]],PROJECTION[""Transverse_Mercator""],PARAMETER[""latitude_of_origin"",0],PARAMETER[""central_meridian"",-93],PARAMETER[""scale_factor"",0.9996],PARAMETER[""false_easting"",500000],PARAMETER[""false_northing"",0],UNIT[""metre"",1,AUTHORITY[""EPSG"",""9001""]],AXIS[""Easting"",EAST],AXIS[""Northing"",NORTH]]","POLYGON ((458130.0 3300900.0, 458130.0 3316260.0, 473490.0 3316260.0, 473490.0 3300900.0, 458130.0 3300900.0))",4104,258040,0
training,subsetted_512x512_HLS.S30.T15RVQ.2018094.v1.4,15RVQ,2018-04-04,"PROJCS[""UTM Zone 15, Northern Hemisphere"",GEOGCS[""Unknown datum based upon the WGS 84 ellipsoid"",DATUM[""Not specified (based on WGS 84 spheroid)"",SPHEROID[""WGS 84"",6378137,298.257223563,AUTHORITY[""EPSG"",""7030""]]],PRIMEM[""Greenwich"",0],UNIT[""degree"",0.0174532925199433,AUTHORITY[""EPSG"",""9122""]]],PROJECTION[""Transverse_Mercator""],PARAMETER[""latitude_of_origin"",0],PARAMETER[""central_meridian"",-93],PARAMETER[""scale_factor"",0.9996],PARAMETER[""false_easting"",500000],PARAMETER[""false_northing"",0],UNIT[""metre"",1,AUTHORITY[""EPSG"",""9001""]],AXIS[""Easting"",EAST],AXIS[""Northing"",NORTH]]","POLYGON ((480930.0 3470790.0, 480930.0 3486150.0, 496290.00000000006 3486150.0, 496290.00000000006 3470790.0, 480930.0 3470790.0))",15404,246740,0
training,subsetted_512x512_HLS.S30.T15RVQ.2019099.v1.4,15RVQ,2019-04-09,"PROJCS[""UTM Zone 15, Northern Hemisphere"",GEOGCS[""Unknown datum based upon the WGS 84 ellipsoid"",DATUM[""Not specified (based on WGS 84 spheroid)"",SPHEROID[""WGS 84"",6378137,298.257223563,AUTHORITY[""EPSG"",""7030""]]],PRIMEM[""Greenwich"",0],UNIT[""degree"",0.0174532925199433,AUTHORITY[""EPSG"",""9122""]]],PROJECTION[""Transverse_Mercator""],PARAMETER[""latitude_of_origin"",0],PARAMETER[""central_meridian"",-93],PARAMETER[""scale_factor"",0.9996],PARAMETER[""false_easting"",500000],PARAMETER[""false_northing"",0],UNIT[""metre"",1,AUTHORITY[""EPSG"",""9001""]],AXIS[""Easting"",EAST],AXIS[""Northing"",NORTH]]","POLYGON ((491939.99999999994 3472860.0, 491939.99999999994 3488220.0, 507299.99999999994 3488220.0, 507299.99999999994 3472860.0, 491939.99999999994 3472860.0))",7123,255016,5
training,subsetted_512x512_HLS.S30.T15RVQ.2020059.v1.4,15RVQ,2020-02-28,"PROJCS[""UTM Zone 15, Northern Hemisphere"",GEOGCS[""Unknown datum based upon the WGS 84 ellipsoid"",DATUM[""Not specified (based on WGS 84 spheroid)"",SPHEROID[""WGS 84"",6378137,298.257223563,AUTHORITY[""EPSG"",""7030""]]],PRIMEM[""Greenwich"",0],UNIT[""degree"",0.0174532925199433,AUTHORITY[""EPSG"",""9122""]]],PROJECTION[""Transverse_Mercator""],PARAMETER[""latitude_of_origin"",0],PARAMETER[""central_meridian"",-93],PARAMETER[""scale_factor"",0.9996],PARAMETER[""false_easting"",500000],PARAMETER[""false_northing"",0],UNIT[""metre"",1,AUTHORITY[""EPSG"",""9001""]],AXIS[""Easting"",EAST],AXIS[""Northing"",NORTH]]","POLYGON ((490650.0 3427110.0, 490650.0 3442470.0, 506010.0 3442470.0, 506010.0 3427110.0, 490650.0 3427110.0))",4848,257296,0
training,subsetted_512x512_HLS.S30.T15RWQ.2019134.v1.4,15RWQ,2019-05-14,"PROJCS[""UTM Zone 15, Northern Hemisphere"",GEOGCS[""Unknown datum based upon the WGS 84 ellipsoid"",DATUM[""Not specified (based on WGS 84 spheroid)"",SPHEROID[""WGS 84"",6378137,298.257223563,AUTHORITY[""EPSG"",""7030""]]],PRIMEM[""Greenwich"",0],UNIT[""degree"",0.0174532925199433,AUTHORITY[""EPSG"",""9122""]]],PROJECTION[""Transverse_Mercator""],PARAMETER[""latitude_of_origin"",0],PARAMETER[""central_meridian"",-93],PARAMETER[""scale_factor"",0.9996],PARAMETER[""false_easting"",500000],PARAMETER[""false_northing"",0],UNIT[""metre"",1,AUTHORITY[""EPSG"",""9001""]],AXIS[""Easting"",EAST],AXIS[""Northing"",NORTH]]","POLYGON ((500040.00000000006 3425430.0, 500040.00000000006 3440790.0, 515400.00000000006 3440790.0, 515400.00000000006 3425430.0, 500040.00000000006 3425430.0))",13583,248561,0
training,subsetted_512x512_HLS.S30.T15RXQ.2021095.v1.4,15RXQ,2021-04-05,"PROJCS[""UTM Zone 15, Northern Hemisphere"",GEOGCS[""Unknown datum based upon the WGS 84 ellipsoid"",DATUM[""Not specified (based on WGS 84 spheroid)"",SPHEROID[""WGS 84"",6378137,298.257223563,AUTHORITY[""EPSG"",""7030""]]],PRIMEM[""Greenwich"",0],UNIT[""degree"",0.0174532925199433,AUTHORITY[""EPSG"",""9122""]]],PROJECTION[""Transverse_Mercator""],PARAMETER[""latitude_of_origin"",0],PARAMETER[""central_meridian"",-93],PARAMETER[""scale_factor"",0.9996],PARAMETER[""false_easting"",500000],PARAMETER[""false_northing"",0],UNIT[""metre"",1,AUTHORITY[""EPSG"",""9001""]],AXIS[""Easting"",EAST],AXIS[""Northing"",NORTH]]","POLYGON ((694440.0 3466650.0, 694440.0 3482010.0, 709800.0 3482010.0, 709800.0 3466650.0, 694440.0 3466650.0))",6491,255653,0
training,subsetted_512x512_HLS.S30.T15RYQ.2021095.v1.4,15RYQ,2021-04-05,"PROJCS[""UTM Zone 15, Northern Hemisphere"",GEOGCS[""Unknown datum based upon the WGS 84 ellipsoid"",DATUM[""Not specified (based on WGS 84 spheroid)"",SPHEROID[""WGS 84"",6378137,298.257223563,AUTHORITY[""EPSG"",""7030""]]],PRIMEM[""Greenwich"",0],UNIT[""degree"",0.0174532925199433,AUTHORITY[""EPSG"",""9122""]]],PROJECTION[""Transverse_Mercator""],PARAMETER[""latitude_of_origin"",0],PARAMETER[""central_meridian"",-93],PARAMETER[""scale_factor"",0.9996],PARAMETER[""false_easting"",500000],PARAMETER[""false_northing"",0],UNIT[""metre"",1,AUTHORITY[""EPSG"",""9001""]],AXIS[""Easting"",EAST],AXIS[""Northing"",NORTH]]","POLYGON ((700230.0 3484620.0, 700230.0 3499980.0, 715590.0 3499980.0, 715590.0 3484620.0, 700230.0 3484620.0))",8946,253198,0
training,subsetted_512x512_HLS.S30.T15STC.2018125.v1.4,15STC,2018-05-05,"PROJCS[""UTM Zone 15, Northern Hemisphere"",GEOGCS[""Unknown datum based upon the WGS 84 ellipsoid"",DATUM[""Not specified (based on WGS 84 spheroid)"",SPHEROID[""WGS 84"",6378137,298.257223563,AUTHORITY[""EPSG"",""7030""]]],PRIMEM[""Greenwich"",0],UNIT[""degree"",0.0174532925199433,AUTHORITY[""EPSG"",""9122""]]],PROJECTION[""Transverse_Mercator""],PARAMETER[""latitude_of_origin"",0],PARAMETER[""central_meridian"",-93],PARAMETER[""scale_factor"",0.9996],PARAMETER[""false_easting"",500000],PARAMETER[""false_northing"",0],UNIT[""metre"",1,AUTHORITY[""EPSG"",""9001""]],AXIS[""Easting"",EAST],AXIS[""Northing"",NORTH]]","POLYGON ((236160.0 4267800.0, 236160.0 4283160.0, 251519.99999999997 4283160.0, 251519.99999999997 4267800.0, 236160.0 4267800.0))",27713,234431,0
training,subsetted_512x512_HLS.S30.T15STD.2018125.v1.4,15STD,2018-05-05,"PROJCS[""UTM Zone 15, Northern Hemisphere"",GEOGCS[""Unknown datum based upon the WGS 84 ellipsoid"",DATUM[""Not specified (based on WGS 84 spheroid)"",SPHEROID[""WGS 84"",6378137,298.257223563,AUTHORITY[""EPSG"",""7030""]]],PRIMEM[""Greenwich"",0],UNIT[""degree"",0.0174532925199433,AUTHORITY[""EPSG"",""9122""]]],PROJECTION[""Transverse_Mercator""],PARAMETER[""latitude_of_origin"",0],PARAMETER[""central_meridian"",-93],PARAMETER[""scale_factor"",0.9996],PARAMETER[""false_easting"",500000],PARAMETER[""false_northing"",0],UNIT[""metre"",1,AUTHORITY[""EPSG"",""9001""]],AXIS[""Easting"",EAST],AXIS[""Northing"",NORTH]]","POLYGON ((241410.0 4316790.0, 241410.0 4332150.0, 256770.0 4332150.0, 256770.0 4316790.0, 241410.0 4316790.0))",11333,250811,0
training,subsetted_512x512_HLS.S30.T15STU.2018237.v1.4,15STU,2018-08-25,"PROJCS[""UTM Zone 15, Northern Hemisphere"",GEOGCS[""Unknown datum based upon the WGS 84 ellipsoid"",DATUM[""Not specified (based on WGS 84 spheroid)"",SPHEROID[""WGS 84"",6378137,298.257223563,AUTHORITY[""EPSG"",""7030""]]],PRIMEM[""Greenwich"",0],UNIT[""degree"",0.0174532925199433,AUTHORITY[""EPSG"",""9122""]]],PROJECTION[""Transverse_Mercator""],PARAMETER[""latitude_of_origin"",0],PARAMETER[""central_meridian"",-93],PARAMETER[""scale_factor"",0.9996],PARAMETER[""false_easting"",500000],PARAMETER[""false_northing"",0],UNIT[""metre"",1,AUTHORITY[""EPSG"",""9001""]],AXIS[""Easting"",EAST],AXIS[""Northing"",NORTH]]","POLYGON ((279000.0 3791670.0, 279000.0 3807030.0, 294360.0 3807030.0, 294360.0 3791670.0, 279000.0 3791670.0))",6081,256050,13
training,subsetted_512x512_HLS.S30.T15STV.2018102.v1.4,15STV,2018-04-12,"PROJCS[""UTM Zone 15, Northern Hemisphere"",GEOGCS[""Unknown datum based upon the WGS 84 ellipsoid"",DATUM[""Not specified (based on WGS 84 spheroid)"",SPHEROID[""WGS 84"",6378137,298.257223563,AUTHORITY[""EPSG"",""7030""]]],PRIMEM[""Greenwich"",0],UNIT[""degree"",0.0174532925199433,AUTHORITY[""EPSG"",""9122""]]],PROJECTION[""Transverse_Mercator""],PARAMETER[""latitude_of_origin"",0],PARAMETER[""central_meridian"",-93],PARAMETER[""scale_factor"",0.9996],PARAMETER[""false_easting"",500000],PARAMETER[""false_northing"",0],UNIT[""metre"",1,AUTHORITY[""EPSG"",""9001""]],AXIS[""Easting"",EAST],AXIS[""Northing"",NORTH]]","POLYGON ((231420.0 3909690.0, 231420.0 3925049.9999999995, 246780.0 3925049.9999999995, 246780.0 3909690.0, 231420.0 3909690.0))",8265,253879,0
training,subsetted_512x512_HLS.S30.T15SUB.2018127.v1.4,15SUB,2018-05-07,"PROJCS[""UTM Zone 15, Northern Hemisphere"",GEOGCS[""Unknown datum based upon the WGS 84 ellipsoid"",DATUM[""Not specified (based on WGS 84 spheroid)"",SPHEROID[""WGS 84"",6378137,298.257223563,AUTHORITY[""EPSG"",""7030""]]],PRIMEM[""Greenwich"",0],UNIT[""degree"",0.0174532925199433,AUTHORITY[""EPSG"",""9122""]]],PROJECTION[""Transverse_Mercator""],PARAMETER[""latitude_of_origin"",0],PARAMETER[""central_meridian"",-93],PARAMETER[""scale_factor"",0.9996],PARAMETER[""false_easting"",500000],PARAMETER[""false_northing"",0],UNIT[""metre"",1,AUTHORITY[""EPSG"",""9001""]],AXIS[""Easting"",EAST],AXIS[""Northing"",NORTH]]","POLYGON ((311700.0 4173570.0, 311700.0 4188930.0, 327060.0 4188930.0, 327060.0 4173570.0, 311700.0 4173570.0))",28688,233456,0
training,subsetted_512x512_HLS.S30.T15SUC.2018127.v1.4,15SUC,2018-05-07,"PROJCS[""UTM Zone 15, Northern Hemisphere"",GEOGCS[""Unknown datum based upon the WGS 84 ellipsoid"",DATUM[""Not specified (based on WGS 84 spheroid)"",SPHEROID[""WGS 84"",6378137,298.257223563,AUTHORITY[""EPSG"",""7030""]]],PRIMEM[""Greenwich"",0],UNIT[""degree"",0.0174532925199433,AUTHORITY[""EPSG"",""9122""]]],PROJECTION[""Transverse_Mercator""],PARAMETER[""latitude_of_origin"",0],PARAMETER[""central_meridian"",-93],PARAMETER[""scale_factor"",0.9996],PARAMETER[""false_easting"",500000],PARAMETER[""false_northing"",0],UNIT[""metre"",1,AUTHORITY[""EPSG"",""9001""]],AXIS[""Easting"",EAST],AXIS[""Northing"",NORTH]]","POLYGON ((300060.0 4218630.0, 300060.0 4233990.0, 315420.0 4233990.0, 315420.0 4218630.0, 300060.0 4218630.0))",28675,233469,0
training,subsetted_512x512_HLS.S30.T15SUU.2018062.v1.4,15SUU,2018-03-03,"PROJCS[""UTM Zone 15, Northern Hemisphere"",GEOGCS[""Unknown datum based upon the WGS 84 ellipsoid"",DATUM[""Not specified (based on WGS 84 spheroid)"",SPHEROID[""WGS 84"",6378137,298.257223563,AUTHORITY[""EPSG"",""7030""]]],PRIMEM[""Greenwich"",0],UNIT[""degree"",0.0174532925199433,AUTHORITY[""EPSG"",""9122""]]],PROJECTION[""Transverse_Mercator""],PARAMETER[""latitude_of_origin"",0],PARAMETER[""central_meridian"",-93],PARAMETER[""scale_factor"",0.9996],PARAMETER[""false_easting"",500000],PARAMETER[""false_northing"",0],UNIT[""metre"",1,AUTHORITY[""EPSG"",""9001""]],AXIS[""Easting"",EAST],AXIS[""Northing"",NORTH]]","POLYGON ((386460.0 3863340.0, 386460.0 3878700.0, 401820.0 3878700.0, 401820.0 3863340.0, 386460.0 3863340.0))",4745,257399,0
training,subsetted_512x512_HLS.S30.T15SUU.2020107.v1.4,15SUU,2020-04-16,"PROJCS[""UTM Zone 15, Northern Hemisphere"",GEOGCS[""Unknown datum based upon the WGS 84 ellipsoid"",DATUM[""Not specified (based on WGS 84 spheroid)"",SPHEROID[""WGS 84"",6378137,298.257223563,AUTHORITY[""EPSG"",""7030""]]],PRIMEM[""Greenwich"",0],UNIT[""degree"",0.0174532925199433,AUTHORITY[""EPSG"",""9122""]]],PROJECTION[""Transverse_Mercator""],PARAMETER[""latitude_of_origin"",0],PARAMETER[""central_meridian"",-93],PARAMETER[""scale_factor"",0.9996],PARAMETER[""false_easting"",500000],PARAMETER[""false_northing"",0],UNIT[""metre"",1,AUTHORITY[""EPSG"",""9001""]],AXIS[""Easting"",EAST],AXIS[""Northing"",NORTH]]","POLYGON ((338130.0 3798060.0, 338130.0 3813420.0, 353490.0 3813420.0, 353490.0 3798060.0, 338130.0 3798060.0))",6914,255230,0
training,subsetted_512x512_HLS.S30.T15SUV.2018102.v1.4,15SUV,2018-04-12,"PROJCS[""UTM Zone 15, Northern Hemisphere"",GEOGCS[""Unknown datum based upon the WGS 84 ellipsoid"",DATUM[""Not specified (based on WGS 84 spheroid)"",SPHEROID[""WGS 84"",6378137,298.257223563,AUTHORITY[""EPSG"",""7030""]]],PRIMEM[""Greenwich"",0],UNIT[""degree"",0.0174532925199433,AUTHORITY[""EPSG"",""9122""]]],PROJECTION[""Transverse_Mercator""],PARAMETER[""latitude_of_origin"",0],PARAMETER[""central_meridian"",-93],PARAMETER[""scale_factor"",0.9996],PARAMETER[""false_easting"",500000],PARAMETER[""false_northing"",0],UNIT[""metre"",1,AUTHORITY[""EPSG"",""9001""]],AXIS[""Easting"",EAST],AXIS[""Northing"",NORTH]]","POLYGON ((377760.0 3949320.0, 377760.0 3964680.0, 393120.0 3964680.0, 393120.0 3949320.0, 377760.0 3949320.0))",12481,249663,0
training,subsetted_512x512_HLS.S30.T15SUV.2020107.v1.4,15SUV,2020-04-16,"PROJCS[""UTM Zone 15, Northern Hemisphere"",GEOGCS[""Unknown datum based upon the WGS 84 ellipsoid"",DATUM[""Not specified (based on WGS 84 spheroid)"",SPHEROID[""WGS 84"",6378137,298.257223563,AUTHORITY[""EPSG"",""7030""]]],PRIMEM[""Greenwich"",0],UNIT[""degree"",0.0174532925199433,AUTHORITY[""EPSG"",""9122""]]],PROJECTION[""Transverse_Mercator""],PARAMETER[""latitude_of_origin"",0],PARAMETER[""central_meridian"",-93],PARAMETER[""scale_factor"",0.9996],PARAMETER[""false_easting"",500000],PARAMETER[""false_northing"",0],UNIT[""metre"",1,AUTHORITY[""EPSG"",""9001""]],AXIS[""Easting"",EAST],AXIS[""Northing"",NORTH]]","POLYGON ((364230.0 3933420.0000000005, 364230.0 3948780.0000000005, 379590.0 3948780.0000000005, 379590.0 3933420.0000000005, 364230.0 3933420.0000000005))",11289,250850,5
training,subsetted_512x512_HLS.S30.T15SVA.2018102.v1.4,15SVA,2018-04-12,"PROJCS[""UTM Zone 15, Northern Hemisphere"",GEOGCS[""Unknown datum based upon the WGS 84 ellipsoid"",DATUM[""Not specified (based on WGS 84 spheroid)"",SPHEROID[""WGS 84"",6378137,298.257223563,AUTHORITY[""EPSG"",""7030""]]],PRIMEM[""Greenwich"",0],UNIT[""degree"",0.0174532925199433,AUTHORITY[""EPSG"",""9122""]]],PROJECTION[""Transverse_Mercator""],PARAMETER[""latitude_of_origin"",0],PARAMETER[""central_meridian"",-93],PARAMETER[""scale_factor"",0.9996],PARAMETER[""false_easting"",500000],PARAMETER[""false_northing"",0],UNIT[""metre"",1,AUTHORITY[""EPSG"",""9001""]],AXIS[""Easting"",EAST],AXIS[""Northing"",NORTH]]","POLYGON ((425130.0 4047359.9999999995, 425130.0 4062719.9999999995, 440490.0 4062719.9999999995, 440490.0 4047359.9999999995, 425130.0 4047359.9999999995))",8797,253347,0
training,subsetted_512x512_HLS.S30.T15SVA.2019092.v1.4,15SVA,2019-04-02,"PROJCS[""UTM Zone 15, Northern Hemisphere"",GEOGCS[""Unknown datum based upon the WGS 84 ellipsoid"",DATUM[""Not specified (based on WGS 84 spheroid)"",SPHEROID[""WGS 84"",6378137,298.257223563,AUTHORITY[""EPSG"",""7030""]]],PRIMEM[""Greenwich"",0],UNIT[""degree"",0.0174532925199433,AUTHORITY[""EPSG"",""9122""]]],PROJECTION[""Transverse_Mercator""],PARAMETER[""latitude_of_origin"",0],PARAMETER[""central_meridian"",-93],PARAMETER[""scale_factor"",0.9996],PARAMETER[""false_easting"",500000],PARAMETER[""false_northing"",0],UNIT[""metre"",1,AUTHORITY[""EPSG"",""9001""]],AXIS[""Easting"",EAST],AXIS[""Northing"",NORTH]]","POLYGON ((494400.0 4071810.0000000005, 494400.0 4087170.0000000005, 509760.0 4087170.0000000005, 509760.0 4071810.0000000005, 494400.0 4071810.0000000005))",10627,251517,0
training,subsetted_512x512_HLS.S30.T15SVU.2019144.v1.4,15SVU,2019-05-24,"PROJCS[""UTM Zone 15, Northern Hemisphere"",GEOGCS[""Unknown datum based upon the WGS 84 ellipsoid"",DATUM[""Not specified (based on WGS 84 spheroid)"",SPHEROID[""WGS 84"",6378137,298.257223563,AUTHORITY[""EPSG"",""7030""]]],PRIMEM[""Greenwich"",0],UNIT[""degree"",0.0174532925199433,AUTHORITY[""EPSG"",""9122""]]],PROJECTION[""Transverse_Mercator""],PARAMETER[""latitude_of_origin"",0],PARAMETER[""central_meridian"",-93],PARAMETER[""scale_factor"",0.9996],PARAMETER[""false_easting"",500000],PARAMETER[""false_northing"",0],UNIT[""metre"",1,AUTHORITY[""EPSG"",""9001""]],AXIS[""Easting"",EAST],AXIS[""Northing"",NORTH]]","POLYGON ((405060.0 3849750.0, 405060.0 3865110.0, 420420.0 3865110.0, 420420.0 3849750.0, 405060.0 3849750.0))",5323,256819,2
training,subsetted_512x512_HLS.S30.T15SVU.2020109.v1.4,15SVU,2020-04-18,"PROJCS[""UTM Zone 15, Northern Hemisphere"",GEOGCS[""Unknown datum based upon the WGS 84 ellipsoid"",DATUM[""Not specified (based on WGS 84 spheroid)"",SPHEROID[""WGS 84"",6378137,298.257223563,AUTHORITY[""EPSG"",""7030""]]],PRIMEM[""Greenwich"",0],UNIT[""degree"",0.0174532925199433,AUTHORITY[""EPSG"",""9122""]]],PROJECTION[""Transverse_Mercator""],PARAMETER[""latitude_of_origin"",0],PARAMETER[""central_meridian"",-93],PARAMETER[""scale_factor"",0.9996],PARAMETER[""false_easting"",500000],PARAMETER[""false_northing"",0],UNIT[""metre"",1,AUTHORITY[""EPSG"",""9001""]],AXIS[""Easting"",EAST],AXIS[""Northing"",NORTH]]","POLYGON ((454320.0 3884580.0, 454320.0 3899940.0, 469680.0 3899940.0, 469680.0 3884580.0, 454320.0 3884580.0))",4456,257686,2
training,subsetted_512x512_HLS.S30.T15SWA.2019099.v1.4,15SWA,2019-04-09,"PROJCS[""UTM Zone 15, Northern Hemisphere"",GEOGCS[""Unknown datum based upon the WGS 84 ellipsoid"",DATUM[""Not specified (based on WGS 84 spheroid)"",SPHEROID[""WGS 84"",6378137,298.257223563,AUTHORITY[""EPSG"",""7030""]]],PRIMEM[""Greenwich"",0],UNIT[""degree"",0.0174532925199433,AUTHORITY[""EPSG"",""9122""]]],PROJECTION[""Transverse_Mercator""],PARAMETER[""latitude_of_origin"",0],PARAMETER[""central_meridian"",-93],PARAMETER[""scale_factor"",0.9996],PARAMETER[""false_easting"",500000],PARAMETER[""false_northing"",0],UNIT[""metre"",1,AUTHORITY[""EPSG"",""9001""]],AXIS[""Easting"",EAST],AXIS[""Northing"",NORTH]]","POLYGON ((515040.00000000006 4059569.9999999995, 515040.00000000006 4074929.9999999995, 530400.0 4074929.9999999995, 530400.0 4059569.9999999995, 515040.00000000006 4059569.9999999995))",7532,254612,0
training,subsetted_512x512_HLS.S30.T15SWA.2020109.v1.4,15SWA,2020-04-18,"PROJCS[""UTM Zone 15, Northern Hemisphere"",GEOGCS[""Unknown datum based upon the WGS 84 ellipsoid"",DATUM[""Not specified (based on WGS 84 spheroid)"",SPHEROID[""WGS 84"",6378137,298.257223563,AUTHORITY[""EPSG"",""7030""]]],PRIMEM[""Greenwich"",0],UNIT[""degree"",0.0174532925199433,AUTHORITY[""EPSG"",""9122""]]],PROJECTION[""Transverse_Mercator""],PARAMETER[""latitude_of_origin"",0],PARAMETER[""central_meridian"",-93],PARAMETER[""scale_factor"",0.9996],PARAMETER[""false_easting"",500000],PARAMETER[""false_northing"",0],UNIT[""metre"",1,AUTHORITY[""EPSG"",""9001""]],AXIS[""Easting"",EAST],AXIS[""Northing"",NORTH]]","POLYGON ((509400.0 4049339.9999999995, 509400.0 4064699.9999999995, 524760.0 4064699.9999999995, 524760.0 4049339.9999999995, 509400.0 4049339.9999999995))",28748,233396,0
training,subsetted_512x512_HLS.S30.T15SWA.2021093.v1.4,15SWA,2021-04-03,"PROJCS[""UTM Zone 15, Northern Hemisphere"",GEOGCS[""Unknown datum based upon the WGS 84 ellipsoid"",DATUM[""Not specified (based on WGS 84 spheroid)"",SPHEROID[""WGS 84"",6378137,298.257223563,AUTHORITY[""EPSG"",""7030""]]],PRIMEM[""Greenwich"",0],UNIT[""degree"",0.0174532925199433,AUTHORITY[""EPSG"",""9122""]]],PROJECTION[""Transverse_Mercator""],PARAMETER[""latitude_of_origin"",0],PARAMETER[""central_meridian"",-93],PARAMETER[""scale_factor"",0.9996],PARAMETER[""false_easting"",500000],PARAMETER[""false_northing"",0],UNIT[""metre"",1,AUTHORITY[""EPSG"",""9001""]],AXIS[""Easting"",EAST],AXIS[""Northing"",NORTH]]","POLYGON ((577950.0 4078290.0, 577950.0 4093650.0, 593310.0 4093650.0, 593310.0 4078290.0, 577950.0 4078290.0))",22809,239335,0
training,subsetted_512x512_HLS.S30.T15SWR.2018129.v1.4,15SWR,2018-05-09,"PROJCS[""UTM Zone 15, Northern Hemisphere"",GEOGCS[""Unknown datum based upon the WGS 84 ellipsoid"",DATUM[""Not specified (based on WGS 84 spheroid)"",SPHEROID[""WGS 84"",6378137,298.257223563,AUTHORITY[""EPSG"",""7030""]]],PRIMEM[""Greenwich"",0],UNIT[""degree"",0.0174532925199433,AUTHORITY[""EPSG"",""9122""]]],PROJECTION[""Transverse_Mercator""],PARAMETER[""latitude_of_origin"",0],PARAMETER[""central_meridian"",-93],PARAMETER[""scale_factor"",0.9996],PARAMETER[""false_easting"",500000],PARAMETER[""false_northing"",0],UNIT[""metre"",1,AUTHORITY[""EPSG"",""9001""]],AXIS[""Easting"",EAST],AXIS[""Northing"",NORTH]]","POLYGON ((507119.99999999994 3538860.0, 507119.99999999994 3554220.0, 522479.99999999994 3554220.0, 522479.99999999994 3538860.0, 507119.99999999994 3538860.0))",11337,250807,0
training,subsetted_512x512_HLS.S30.T15SWS.2021128.v1.4,15SWS,2021-05-08,"PROJCS[""UTM Zone 15, Northern Hemisphere"",GEOGCS[""Unknown datum based upon the WGS 84 ellipsoid"",DATUM[""Not specified (based on WGS 84 spheroid)"",SPHEROID[""WGS 84"",6378137,298.257223563,AUTHORITY[""EPSG"",""7030""]]],PRIMEM[""Greenwich"",0],UNIT[""degree"",0.0174532925199433,AUTHORITY[""EPSG"",""9122""]]],PROJECTION[""Transverse_Mercator""],PARAMETER[""latitude_of_origin"",0],PARAMETER[""central_meridian"",-93],PARAMETER[""scale_factor"",0.9996],PARAMETER[""false_easting"",500000],PARAMETER[""false_northing"",0],UNIT[""metre"",1,AUTHORITY[""EPSG"",""9001""]],AXIS[""Easting"",EAST],AXIS[""Northing"",NORTH]]","POLYGON ((564870.0 3663660.0, 564870.0 3679020.0, 580230.0 3679020.0, 580230.0 3663660.0, 564870.0 3663660.0))",3269,258849,26
training,subsetted_512x512_HLS.S30.T15SWV.2018099.v1.4,15SWV,2018-04-09,"PROJCS[""UTM Zone 15, Northern Hemisphere"",GEOGCS[""Unknown datum based upon the WGS 84 ellipsoid"",DATUM[""Not specified (based on WGS 84 spheroid)"",SPHEROID[""WGS 84"",6378137,298.257223563,AUTHORITY[""EPSG"",""7030""]]],PRIMEM[""Greenwich"",0],UNIT[""degree"",0.0174532925199433,AUTHORITY[""EPSG"",""9122""]]],PROJECTION[""Transverse_Mercator""],PARAMETER[""latitude_of_origin"",0],PARAMETER[""central_meridian"",-93],PARAMETER[""scale_factor"",0.9996],PARAMETER[""false_easting"",500000],PARAMETER[""false_northing"",0],UNIT[""metre"",1,AUTHORITY[""EPSG"",""9001""]],AXIS[""Easting"",EAST],AXIS[""Northing"",NORTH]]","POLYGON ((566010.0 3972360.0, 566010.0 3987720.0, 581370.0 3987720.0, 581370.0 3972360.0, 566010.0 3972360.0))",9602,252542,0
training,subsetted_512x512_HLS.S30.T15SWV.2019099.v1.4,15SWV,2019-04-09,"PROJCS[""UTM Zone 15, Northern Hemisphere"",GEOGCS[""Unknown datum based upon the WGS 84 ellipsoid"",DATUM[""Not specified (based on WGS 84 spheroid)"",SPHEROID[""WGS 84"",6378137,298.257223563,AUTHORITY[""EPSG"",""7030""]]],PRIMEM[""Greenwich"",0],UNIT[""degree"",0.0174532925199433,AUTHORITY[""EPSG"",""9122""]]],PROJECTION[""Transverse_Mercator""],PARAMETER[""latitude_of_origin"",0],PARAMETER[""central_meridian"",-93],PARAMETER[""scale_factor"",0.9996],PARAMETER[""false_easting"",500000],PARAMETER[""false_northing"",0],UNIT[""metre"",1,AUTHORITY[""EPSG"",""9001""]],AXIS[""Easting"",EAST],AXIS[""Northing"",NORTH]]","POLYGON ((562950.0 3974249.9999999995, 562950.0 3989610.0000000005, 578310.0 3989610.0000000005, 578310.0 3974249.9999999995, 562950.0 3974249.9999999995))",8617,253527,0
training,subsetted_512x512_HLS.S30.T15SXA.2018154.v1.4,15SXA,2018-06-03,"PROJCS[""UTM Zone 15, Northern Hemisphere"",GEOGCS[""Unknown datum based upon the WGS 84 ellipsoid"",DATUM[""Not specified (based on WGS 84 spheroid)"",SPHEROID[""WGS 84"",6378137,298.257223563,AUTHORITY[""EPSG"",""7030""]]],PRIMEM[""Greenwich"",0],UNIT[""degree"",0.0174532925199433,AUTHORITY[""EPSG"",""9122""]]],PROJECTION[""Transverse_Mercator""],PARAMETER[""latitude_of_origin"",0],PARAMETER[""central_meridian"",-93],PARAMETER[""scale_factor"",0.9996],PARAMETER[""false_easting"",500000],PARAMETER[""false_northing"",0],UNIT[""metre"",1,AUTHORITY[""EPSG"",""9001""]],AXIS[""Easting"",EAST],AXIS[""Northing"",NORTH]]","POLYGON ((625920.0 4080210.0, 625920.0 4095570.0, 641280.0 4095570.0, 641280.0 4080210.0, 625920.0 4080210.0))",3799,258340,5
training,subsetted_512x512_HLS.S30.T15SXB.2018154.v1.4,15SXB,2018-06-03,"PROJCS[""UTM Zone 15, Northern Hemisphere"",GEOGCS[""Unknown datum based upon the WGS 84 ellipsoid"",DATUM[""Not specified (based on WGS 84 spheroid)"",SPHEROID[""WGS 84"",6378137,298.257223563,AUTHORITY[""EPSG"",""7030""]]],PRIMEM[""Greenwich"",0],UNIT[""degree"",0.0174532925199433,AUTHORITY[""EPSG"",""9122""]]],PROJECTION[""Transverse_Mercator""],PARAMETER[""latitude_of_origin"",0],PARAMETER[""central_meridian"",-93],PARAMETER[""scale_factor"",0.9996],PARAMETER[""false_easting"",500000],PARAMETER[""false_northing"",0],UNIT[""metre"",1,AUTHORITY[""EPSG"",""9001""]],AXIS[""Easting"",EAST],AXIS[""Northing"",NORTH]]","POLYGON ((650070.0 4136519.9999999995, 650070.0 4151879.9999999995, 665430.0 4151879.9999999995, 665430.0 4136519.9999999995, 650070.0 4136519.9999999995))",2406,259733,5
training,subsetted_512x512_HLS.S30.T15SXB.2019099.v1.4,15SXB,2019-04-09,"PROJCS[""UTM Zone 15, Northern Hemisphere"",GEOGCS[""Unknown datum based upon the WGS 84 ellipsoid"",DATUM[""Not specified (based on WGS 84 spheroid)"",SPHEROID[""WGS 84"",6378137,298.257223563,AUTHORITY[""EPSG"",""7030""]]],PRIMEM[""Greenwich"",0],UNIT[""degree"",0.0174532925199433,AUTHORITY[""EPSG"",""9122""]]],PROJECTION[""Transverse_Mercator""],PARAMETER[""latitude_of_origin"",0],PARAMETER[""central_meridian"",-93],PARAMETER[""scale_factor"",0.9996],PARAMETER[""false_easting"",500000],PARAMETER[""false_northing"",0],UNIT[""metre"",1,AUTHORITY[""EPSG"",""9001""]],AXIS[""Easting"",EAST],AXIS[""Northing"",NORTH]]","POLYGON ((652260.0 4101750.0000000005, 652260.0 4117110.0000000005, 667620.0 4117110.0000000005, 667620.0 4101750.0000000005, 652260.0 4101750.0000000005))",4200,257944,0
training,subsetted_512x512_HLS.S30.T15SXB.2020099.v1.4,15SXB,2020-04-08,"PROJCS[""UTM Zone 15, Northern Hemisphere"",GEOGCS[""Unknown datum based upon the WGS 84 ellipsoid"",DATUM[""Not specified (based on WGS 84 spheroid)"",SPHEROID[""WGS 84"",6378137,298.257223563,AUTHORITY[""EPSG"",""7030""]]],PRIMEM[""Greenwich"",0],UNIT[""degree"",0.0174532925199433,AUTHORITY[""EPSG"",""9122""]]],PROJECTION[""Transverse_Mercator""],PARAMETER[""latitude_of_origin"",0],PARAMETER[""central_meridian"",-93],PARAMETER[""scale_factor"",0.9996],PARAMETER[""false_easting"",500000],PARAMETER[""false_northing"",0],UNIT[""metre"",1,AUTHORITY[""EPSG"",""9001""]],AXIS[""Easting"",EAST],AXIS[""Northing"",NORTH]]","POLYGON ((638850.0 4148670.0, 638850.0 4164030.0, 654210.0 4164030.0, 654210.0 4148670.0, 638850.0 4148670.0))",6559,255585,0
training,subsetted_512x512_HLS.S30.T15SXB.2021093.v1.4,15SXB,2021-04-03,"PROJCS[""UTM Zone 15, Northern Hemisphere"",GEOGCS[""Unknown datum based upon the WGS 84 ellipsoid"",DATUM[""Not specified (based on WGS 84 spheroid)"",SPHEROID[""WGS 84"",6378137,298.257223563,AUTHORITY[""EPSG"",""7030""]]],PRIMEM[""Greenwich"",0],UNIT[""degree"",0.0174532925199433,AUTHORITY[""EPSG"",""9122""]]],PROJECTION[""Transverse_Mercator""],PARAMETER[""latitude_of_origin"",0],PARAMETER[""central_meridian"",-93],PARAMETER[""scale_factor"",0.9996],PARAMETER[""false_easting"",500000],PARAMETER[""false_northing"",0],UNIT[""metre"",1,AUTHORITY[""EPSG"",""9001""]],AXIS[""Easting"",EAST],AXIS[""Northing"",NORTH]]","POLYGON ((635160.0 4141350.0, 635160.0 4156710.0, 650520.0 4156710.0, 650520.0 4141350.0, 635160.0 4141350.0))",13171,248973,0
training,subsetted_512x512_HLS.S30.T15SXC.2019099.v1.4,15SXC,2019-04-09,"PROJCS[""UTM Zone 15, Northern Hemisphere"",GEOGCS[""Unknown datum based upon the WGS 84 ellipsoid"",DATUM[""Not specified (based on WGS 84 spheroid)"",SPHEROID[""WGS 84"",6378137,298.257223563,AUTHORITY[""EPSG"",""7030""]]],PRIMEM[""Greenwich"",0],UNIT[""degree"",0.0174532925199433,AUTHORITY[""EPSG"",""9122""]]],PROJECTION[""Transverse_Mercator""],PARAMETER[""latitude_of_origin"",0],PARAMETER[""central_meridian"",-93],PARAMETER[""scale_factor"",0.9996],PARAMETER[""false_easting"",500000],PARAMETER[""false_northing"",0],UNIT[""metre"",1,AUTHORITY[""EPSG"",""9001""]],AXIS[""Easting"",EAST],AXIS[""Northing"",NORTH]]","POLYGON ((663000.0 4196400.0, 663000.0 4211760.0, 678360.0 4211760.0, 678360.0 4196400.0, 663000.0 4196400.0))",12089,250055,0
training,subsetted_512x512_HLS.S30.T15TXM.2019157.v1.4,15TXM,2019-06-06,"PROJCS[""UTM Zone 15, Northern Hemisphere"",GEOGCS[""Unknown datum based upon the WGS 84 ellipsoid"",DATUM[""Not specified (based on WGS 84 spheroid)"",SPHEROID[""WGS 84"",6378137,298.257223563,AUTHORITY[""EPSG"",""7030""]]],PRIMEM[""Greenwich"",0],UNIT[""degree"",0.0174532925199433,AUTHORITY[""EPSG"",""9122""]]],PROJECTION[""Transverse_Mercator""],PARAMETER[""latitude_of_origin"",0],PARAMETER[""central_meridian"",-93],PARAMETER[""scale_factor"",0.9996],PARAMETER[""false_easting"",500000],PARAMETER[""false_northing"",0],UNIT[""metre"",1,AUTHORITY[""EPSG"",""9001""]],AXIS[""Easting"",EAST],AXIS[""Northing"",NORTH]]","POLYGON ((623160.0 5158260.0, 623160.0 5173620.0, 638520.0 5173620.0, 638520.0 5158260.0, 623160.0 5158260.0))",15231,246911,2
training,subsetted_512x512_HLS.S30.T15TYJ.2018124.v1.4,15TYJ,2018-05-04,"PROJCS[""UTM Zone 15, Northern Hemisphere"",GEOGCS[""Unknown datum based upon the WGS 84 ellipsoid"",DATUM[""Not specified (based on WGS 84 spheroid)"",SPHEROID[""WGS 84"",6378137,298.257223563,AUTHORITY[""EPSG"",""7030""]]],PRIMEM[""Greenwich"",0],UNIT[""degree"",0.0174532925199433,AUTHORITY[""EPSG"",""9122""]]],PROJECTION[""Transverse_Mercator""],PARAMETER[""latitude_of_origin"",0],PARAMETER[""central_meridian"",-93],PARAMETER[""scale_factor"",0.9996],PARAMETER[""false_easting"",500000],PARAMETER[""false_northing"",0],UNIT[""metre"",1,AUTHORITY[""EPSG"",""9001""]],AXIS[""Easting"",EAST],AXIS[""Northing"",NORTH]]","POLYGON ((755460.0 4799820.0, 755460.0 4815180.0, 770820.0 4815180.0, 770820.0 4799820.0, 755460.0 4799820.0))",2970,259161,13
training,subsetted_512x512_HLS.S30.T16RBU.2018133.v1.4,16RBU,2018-05-13,"PROJCS[""UTM Zone 16, Northern Hemisphere"",GEOGCS[""Unknown datum based upon the WGS 84 ellipsoid"",DATUM[""Not specified (based on WGS 84 spheroid)"",SPHEROID[""WGS 84"",6378137,298.257223563,AUTHORITY[""EPSG"",""7030""]]],PRIMEM[""Greenwich"",0],UNIT[""degree"",0.0174532925199433,AUTHORITY[""EPSG"",""9122""]]],PROJECTION[""Transverse_Mercator""],PARAMETER[""latitude_of_origin"",0],PARAMETER[""central_meridian"",-87],PARAMETER[""scale_factor"",0.9996],PARAMETER[""false_easting"",500000],PARAMETER[""false_northing"",0],UNIT[""metre"",1,AUTHORITY[""EPSG"",""9001""]],AXIS[""Easting"",EAST],AXIS[""Northing"",NORTH]]","POLYGON ((292050.0 3372480.0, 292050.0 3387840.0, 307410.0 3387840.0, 307410.0 3372480.0, 292050.0 3372480.0))",2323,259821,0
training,subsetted_512x512_HLS.S30.T16RBU.2019133.v1.4,16RBU,2019-05-13,"PROJCS[""UTM Zone 16, Northern Hemisphere"",GEOGCS[""Unknown datum based upon the WGS 84 ellipsoid"",DATUM[""Not specified (based on WGS 84 spheroid)"",SPHEROID[""WGS 84"",6378137,298.257223563,AUTHORITY[""EPSG"",""7030""]]],PRIMEM[""Greenwich"",0],UNIT[""degree"",0.0174532925199433,AUTHORITY[""EPSG"",""9122""]]],PROJECTION[""Transverse_Mercator""],PARAMETER[""latitude_of_origin"",0],PARAMETER[""central_meridian"",-87],PARAMETER[""scale_factor"",0.9996],PARAMETER[""false_easting"",500000],PARAMETER[""false_northing"",0],UNIT[""metre"",1,AUTHORITY[""EPSG"",""9001""]],AXIS[""Easting"",EAST],AXIS[""Northing"",NORTH]]","POLYGON ((290580.0 3384600.0, 290580.0 3399960.0, 305940.0 3399960.0, 305940.0 3384600.0, 290580.0 3384600.0))",4435,257708,1
training,subsetted_512x512_HLS.S30.T16RBU.2020123.v1.4,16RBU,2020-05-02,"PROJCS[""UTM Zone 16, Northern Hemisphere"",GEOGCS[""Unknown datum based upon the WGS 84 ellipsoid"",DATUM[""Not specified (based on WGS 84 spheroid)"",SPHEROID[""WGS 84"",6378137,298.257223563,AUTHORITY[""EPSG"",""7030""]]],PRIMEM[""Greenwich"",0],UNIT[""degree"",0.0174532925199433,AUTHORITY[""EPSG"",""9122""]]],PROJECTION[""Transverse_Mercator""],PARAMETER[""latitude_of_origin"",0],PARAMETER[""central_meridian"",-87],PARAMETER[""scale_factor"",0.9996],PARAMETER[""false_easting"",500000],PARAMETER[""false_northing"",0],UNIT[""metre"",1,AUTHORITY[""EPSG"",""9001""]],AXIS[""Easting"",EAST],AXIS[""Northing"",NORTH]]","POLYGON ((286020.0 3358110.0, 286020.0 3373470.0, 301380.0 3373470.0, 301380.0 3358110.0, 286020.0 3358110.0))",6270,255874,0
training,subsetted_512x512_HLS.S30.T16RBV.2020033.v1.4,16RBV,2020-02-02,"PROJCS[""UTM Zone 16, Northern Hemisphere"",GEOGCS[""Unknown datum based upon the WGS 84 ellipsoid"",DATUM[""Not specified (based on WGS 84 spheroid)"",SPHEROID[""WGS 84"",6378137,298.257223563,AUTHORITY[""EPSG"",""7030""]]],PRIMEM[""Greenwich"",0],UNIT[""degree"",0.0174532925199433,AUTHORITY[""EPSG"",""9122""]]],PROJECTION[""Transverse_Mercator""],PARAMETER[""latitude_of_origin"",0],PARAMETER[""central_meridian"",-87],PARAMETER[""scale_factor"",0.9996],PARAMETER[""false_easting"",500000],PARAMETER[""false_northing"",0],UNIT[""metre"",1,AUTHORITY[""EPSG"",""9001""]],AXIS[""Easting"",EAST],AXIS[""Northing"",NORTH]]","POLYGON ((279360.0 3416040.0, 279360.0 3431400.0, 294720.0 3431400.0, 294720.0 3416040.0, 279360.0 3416040.0))",4427,257715,2
training,subsetted_512x512_HLS.S30.T16RBV.2021127.v1.4,16RBV,2021-05-07,"PROJCS[""UTM Zone 16, Northern Hemisphere"",GEOGCS[""Unknown datum based upon the WGS 84 ellipsoid"",DATUM[""Not specified (based on WGS 84 spheroid)"",SPHEROID[""WGS 84"",6378137,298.257223563,AUTHORITY[""EPSG"",""7030""]]],PRIMEM[""Greenwich"",0],UNIT[""degree"",0.0174532925199433,AUTHORITY[""EPSG"",""9122""]]],PROJECTION[""Transverse_Mercator""],PARAMETER[""latitude_of_origin"",0],PARAMETER[""central_meridian"",-87],PARAMETER[""scale_factor"",0.9996],PARAMETER[""false_easting"",500000],PARAMETER[""false_northing"",0],UNIT[""metre"",1,AUTHORITY[""EPSG"",""9001""]],AXIS[""Easting"",EAST],AXIS[""Northing"",NORTH]]","POLYGON ((286800.0 3421320.0, 286800.0 3436680.0, 302160.0 3436680.0, 302160.0 3421320.0, 286800.0 3421320.0))",3763,258381,0
training,subsetted_512x512_HLS.S30.T16RCU.2019133.v1.4,16RCU,2019-05-13,"PROJCS[""UTM Zone 16, Northern Hemisphere"",GEOGCS[""Unknown datum based upon the WGS 84 ellipsoid"",DATUM[""Not specified (based on WGS 84 spheroid)"",SPHEROID[""WGS 84"",6378137,298.257223563,AUTHORITY[""EPSG"",""7030""]]],PRIMEM[""Greenwich"",0],UNIT[""degree"",0.0174532925199433,AUTHORITY[""EPSG"",""9122""]]],PROJECTION[""Transverse_Mercator""],PARAMETER[""latitude_of_origin"",0],PARAMETER[""central_meridian"",-87],PARAMETER[""scale_factor"",0.9996],PARAMETER[""false_easting"",500000],PARAMETER[""false_northing"",0],UNIT[""metre"",1,AUTHORITY[""EPSG"",""9001""]],AXIS[""Easting"",EAST],AXIS[""Northing"",NORTH]]","POLYGON ((300060.0 3384210.0, 300060.0 3399570.0, 315420.0 3399570.0, 315420.0 3384210.0, 300060.0 3384210.0))",2365,259778,1
training,subsetted_512x512_HLS.S30.T16RCU.2020033.v1.4,16RCU,2020-02-02,"PROJCS[""UTM Zone 16, Northern Hemisphere"",GEOGCS[""Unknown datum based upon the WGS 84 ellipsoid"",DATUM[""Not specified (based on WGS 84 spheroid)"",SPHEROID[""WGS 84"",6378137,298.257223563,AUTHORITY[""EPSG"",""7030""]]],PRIMEM[""Greenwich"",0],UNIT[""degree"",0.0174532925199433,AUTHORITY[""EPSG"",""9122""]]],PROJECTION[""Transverse_Mercator""],PARAMETER[""latitude_of_origin"",0],PARAMETER[""central_meridian"",-87],PARAMETER[""scale_factor"",0.9996],PARAMETER[""false_easting"",500000],PARAMETER[""false_northing"",0],UNIT[""metre"",1,AUTHORITY[""EPSG"",""9001""]],AXIS[""Easting"",EAST],AXIS[""Northing"",NORTH]]","POLYGON ((310290.0 3381750.0, 310290.0 3397110.0, 325650.0 3397110.0, 325650.0 3381750.0, 310290.0 3381750.0))",3373,258766,5
training,subsetted_512x512_HLS.S30.T16RCU.2021077.v1.4,16RCU,2021-03-18,"PROJCS[""UTM Zone 16, Northern Hemisphere"",GEOGCS[""Unknown datum based upon the WGS 84 ellipsoid"",DATUM[""Not specified (based on WGS 84 spheroid)"",SPHEROID[""WGS 84"",6378137,298.257223563,AUTHORITY[""EPSG"",""7030""]]],PRIMEM[""Greenwich"",0],UNIT[""degree"",0.0174532925199433,AUTHORITY[""EPSG"",""9122""]]],PROJECTION[""Transverse_Mercator""],PARAMETER[""latitude_of_origin"",0],PARAMETER[""central_meridian"",-87],PARAMETER[""scale_factor"",0.9996],PARAMETER[""false_easting"",500000],PARAMETER[""false_northing"",0],UNIT[""metre"",1,AUTHORITY[""EPSG"",""9001""]],AXIS[""Easting"",EAST],AXIS[""Northing"",NORTH]]","POLYGON ((309960.0 3378450.0, 309960.0 3393810.0, 325320.0 3393810.0, 325320.0 3378450.0, 309960.0 3378450.0))",7888,254256,0
training,subsetted_512x512_HLS.S30.T16RCV.2020118.v1.4,16RCV,2020-04-27,"PROJCS[""UTM Zone 16, Northern Hemisphere"",GEOGCS[""Unknown datum based upon the WGS 84 ellipsoid"",DATUM[""Not specified (based on WGS 84 spheroid)"",SPHEROID[""WGS 84"",6378137,298.257223563,AUTHORITY[""EPSG"",""7030""]]],PRIMEM[""Greenwich"",0],UNIT[""degree"",0.0174532925199433,AUTHORITY[""EPSG"",""9122""]]],PROJECTION[""Transverse_Mercator""],PARAMETER[""latitude_of_origin"",0],PARAMETER[""central_meridian"",-87],PARAMETER[""scale_factor"",0.9996],PARAMETER[""false_easting"",500000],PARAMETER[""false_northing"",0],UNIT[""metre"",1,AUTHORITY[""EPSG"",""9001""]],AXIS[""Easting"",EAST],AXIS[""Northing"",NORTH]]","POLYGON ((314190.0 3390240.0, 314190.0 3405600.0, 329550.0 3405600.0, 329550.0 3390240.0, 314190.0 3390240.0))",6645,255498,1
training,subsetted_512x512_HLS.S30.T16RCV.2021167.v1.4,16RCV,2021-06-16,"PROJCS[""UTM Zone 16, Northern Hemisphere"",GEOGCS[""Unknown datum based upon the WGS 84 ellipsoid"",DATUM[""Not specified (based on WGS 84 spheroid)"",SPHEROID[""WGS 84"",6378137,298.257223563,AUTHORITY[""EPSG"",""7030""]]],PRIMEM[""Greenwich"",0],UNIT[""degree"",0.0174532925199433,AUTHORITY[""EPSG"",""9122""]]],PROJECTION[""Transverse_Mercator""],PARAMETER[""latitude_of_origin"",0],PARAMETER[""central_meridian"",-87],PARAMETER[""scale_factor"",0.9996],PARAMETER[""false_easting"",500000],PARAMETER[""false_northing"",0],UNIT[""metre"",1,AUTHORITY[""EPSG"",""9001""]],AXIS[""Easting"",EAST],AXIS[""Northing"",NORTH]]","POLYGON ((334620.0 3468630.0, 334620.0 3483990.0, 349980.0 3483990.0, 349980.0 3468630.0, 334620.0 3468630.0))",10707,251429,8
training,subsetted_512x512_HLS.S30.T16REV.2018095.v1.4,16REV,2018-04-05,"PROJCS[""UTM Zone 16, Northern Hemisphere"",GEOGCS[""Unknown datum based upon the WGS 84 ellipsoid"",DATUM[""Not specified (based on WGS 84 spheroid)"",SPHEROID[""WGS 84"",6378137,298.257223563,AUTHORITY[""EPSG"",""7030""]]],PRIMEM[""Greenwich"",0],UNIT[""degree"",0.0174532925199433,AUTHORITY[""EPSG"",""9122""]]],PROJECTION[""Transverse_Mercator""],PARAMETER[""latitude_of_origin"",0],PARAMETER[""central_meridian"",-87],PARAMETER[""scale_factor"",0.9996],PARAMETER[""false_easting"",500000],PARAMETER[""false_northing"",0],UNIT[""metre"",1,AUTHORITY[""EPSG"",""9001""]],AXIS[""Easting"",EAST],AXIS[""Northing"",NORTH]]","POLYGON ((514649.99999999994 3431790.0, 514649.99999999994 3447150.0, 530010.0 3447150.0, 530010.0 3431790.0, 514649.99999999994 3431790.0))",7037,255056,51
training,subsetted_512x512_HLS.S30.T16REV.2019080.v1.4,16REV,2019-03-21,"PROJCS[""UTM Zone 16, Northern Hemisphere"",GEOGCS[""Unknown datum based upon the WGS 84 ellipsoid"",DATUM[""Not specified (based on WGS 84 spheroid)"",SPHEROID[""WGS 84"",6378137,298.257223563,AUTHORITY[""EPSG"",""7030""]]],PRIMEM[""Greenwich"",0],UNIT[""degree"",0.0174532925199433,AUTHORITY[""EPSG"",""9122""]]],PROJECTION[""Transverse_Mercator""],PARAMETER[""latitude_of_origin"",0],PARAMETER[""central_meridian"",-87],PARAMETER[""scale_factor"",0.9996],PARAMETER[""false_easting"",500000],PARAMETER[""false_northing"",0],UNIT[""metre"",1,AUTHORITY[""EPSG"",""9001""]],AXIS[""Easting"",EAST],AXIS[""Northing"",NORTH]]","POLYGON ((516780.0 3431760.0, 516780.0 3447120.0, 532140.0 3447120.0, 532140.0 3431760.0, 516780.0 3431760.0))",4411,257733,0
training,subsetted_512x512_HLS.S30.T16REV.2019100.v1.4,16REV,2019-04-10,"PROJCS[""UTM Zone 16, Northern Hemisphere"",GEOGCS[""Unknown datum based upon the WGS 84 ellipsoid"",DATUM[""Not specified (based on WGS 84 spheroid)"",SPHEROID[""WGS 84"",6378137,298.257223563,AUTHORITY[""EPSG"",""7030""]]],PRIMEM[""Greenwich"",0],UNIT[""degree"",0.0174532925199433,AUTHORITY[""EPSG"",""9122""]]],PROJECTION[""Transverse_Mercator""],PARAMETER[""latitude_of_origin"",0],PARAMETER[""central_meridian"",-87],PARAMETER[""scale_factor"",0.9996],PARAMETER[""false_easting"",500000],PARAMETER[""false_northing"",0],UNIT[""metre"",1,AUTHORITY[""EPSG"",""9001""]],AXIS[""Easting"",EAST],AXIS[""Northing"",NORTH]]","POLYGON ((530070.0 3432960.0, 530070.0 3448320.0, 545430.0 3448320.0, 545430.0 3432960.0, 530070.0 3432960.0))",7709,254435,0
training,subsetted_512x512_HLS.S30.T16REV.2019165.v1.4,16REV,2019-06-14,"PROJCS[""UTM Zone 16, Northern Hemisphere"",GEOGCS[""Unknown datum based upon the WGS 84 ellipsoid"",DATUM[""Not specified (based on WGS 84 spheroid)"",SPHEROID[""WGS 84"",6378137,298.257223563,AUTHORITY[""EPSG"",""7030""]]],PRIMEM[""Greenwich"",0],UNIT[""degree"",0.0174532925199433,AUTHORITY[""EPSG"",""9122""]]],PROJECTION[""Transverse_Mercator""],PARAMETER[""latitude_of_origin"",0],PARAMETER[""central_meridian"",-87],PARAMETER[""scale_factor"",0.9996],PARAMETER[""false_easting"",500000],PARAMETER[""false_northing"",0],UNIT[""metre"",1,AUTHORITY[""EPSG"",""9001""]],AXIS[""Easting"",EAST],AXIS[""Northing"",NORTH]]","POLYGON ((533850.0 3438840.0, 533850.0 3454200.0, 549210.0 3454200.0, 549210.0 3438840.0, 533850.0 3438840.0))",8833,253295,16
training,subsetted_512x512_HLS.S30.T16REV.2020100.v1.4,16REV,2020-04-09,"PROJCS[""UTM Zone 16, Northern Hemisphere"",GEOGCS[""Unknown datum based upon the WGS 84 ellipsoid"",DATUM[""Not specified (based on WGS 84 spheroid)"",SPHEROID[""WGS 84"",6378137,298.257223563,AUTHORITY[""EPSG"",""7030""]]],PRIMEM[""Greenwich"",0],UNIT[""degree"",0.0174532925199433,AUTHORITY[""EPSG"",""9122""]]],PROJECTION[""Transverse_Mercator""],PARAMETER[""latitude_of_origin"",0],PARAMETER[""central_meridian"",-87],PARAMETER[""scale_factor"",0.9996],PARAMETER[""false_easting"",500000],PARAMETER[""false_northing"",0],UNIT[""metre"",1,AUTHORITY[""EPSG"",""9001""]],AXIS[""Easting"",EAST],AXIS[""Northing"",NORTH]]","POLYGON ((537690.0 3434610.0, 537690.0 3449970.0, 553050.0 3449970.0, 553050.0 3434610.0, 537690.0 3434610.0))",2303,259836,5
training,subsetted_512x512_HLS.S30.T16REV.2021314.v1.4,16REV,2021-11-10,"PROJCS[""UTM Zone 16, Northern Hemisphere"",GEOGCS[""Unknown datum based upon the WGS 84 ellipsoid"",DATUM[""Not specified (based on WGS 84 spheroid)"",SPHEROID[""WGS 84"",6378137,298.257223563,AUTHORITY[""EPSG"",""7030""]]],PRIMEM[""Greenwich"",0],UNIT[""degree"",0.0174532925199433,AUTHORITY[""EPSG"",""9122""]]],PROJECTION[""Transverse_Mercator""],PARAMETER[""latitude_of_origin"",0],PARAMETER[""central_meridian"",-87],PARAMETER[""scale_factor"",0.9996],PARAMETER[""false_easting"",500000],PARAMETER[""false_northing"",0],UNIT[""metre"",1,AUTHORITY[""EPSG"",""9001""]],AXIS[""Easting"",EAST],AXIS[""Northing"",NORTH]]","POLYGON ((513570.0 3426900.0, 513570.0 3442260.0, 528930.0 3442260.0, 528930.0 3426900.0, 513570.0 3426900.0))",11643,250491,10
training,subsetted_512x512_HLS.S30.T16RFT.2019250.v1.4,16RFT,2019-09-07,"PROJCS[""UTM Zone 16, Northern Hemisphere"",GEOGCS[""Unknown datum based upon the WGS 84 ellipsoid"",DATUM[""Not specified (based on WGS 84 spheroid)"",SPHEROID[""WGS 84"",6378137,298.257223563,AUTHORITY[""EPSG"",""7030""]]],PRIMEM[""Greenwich"",0],UNIT[""degree"",0.0174532925199433,AUTHORITY[""EPSG"",""9122""]]],PROJECTION[""Transverse_Mercator""],PARAMETER[""latitude_of_origin"",0],PARAMETER[""central_meridian"",-87],PARAMETER[""scale_factor"",0.9996],PARAMETER[""false_easting"",500000],PARAMETER[""false_northing"",0],UNIT[""metre"",1,AUTHORITY[""EPSG"",""9001""]],AXIS[""Easting"",EAST],AXIS[""Northing"",NORTH]]","POLYGON ((673770.0 3273840.0, 673770.0 3289200.0, 689130.0 3289200.0, 689130.0 3273840.0, 673770.0 3273840.0))",21220,240924,0
training,subsetted_512x512_HLS.S30.T16RFU.2021054.v1.4,16RFU,2021-02-23,"PROJCS[""UTM Zone 16, Northern Hemisphere"",GEOGCS[""Unknown datum based upon the WGS 84 ellipsoid"",DATUM[""Not specified (based on WGS 84 spheroid)"",SPHEROID[""WGS 84"",6378137,298.257223563,AUTHORITY[""EPSG"",""7030""]]],PRIMEM[""Greenwich"",0],UNIT[""degree"",0.0174532925199433,AUTHORITY[""EPSG"",""9122""]]],PROJECTION[""Transverse_Mercator""],PARAMETER[""latitude_of_origin"",0],PARAMETER[""central_meridian"",-87],PARAMETER[""scale_factor"",0.9996],PARAMETER[""false_easting"",500000],PARAMETER[""false_northing"",0],UNIT[""metre"",1,AUTHORITY[""EPSG"",""9001""]],AXIS[""Easting"",EAST],AXIS[""Northing"",NORTH]]","POLYGON ((687570.0 3324990.0, 687570.0 3340350.0, 702930.0 3340350.0, 702930.0 3324990.0, 687570.0 3324990.0))",12697,249447,0
training,subsetted_512x512_HLS.S30.T16RFU.2021109.v1.4,16RFU,2021-04-19,"PROJCS[""UTM Zone 16, Northern Hemisphere"",GEOGCS[""Unknown datum based upon the WGS 84 ellipsoid"",DATUM[""Not specified (based on WGS 84 spheroid)"",SPHEROID[""WGS 84"",6378137,298.257223563,AUTHORITY[""EPSG"",""7030""]]],PRIMEM[""Greenwich"",0],UNIT[""degree"",0.0174532925199433,AUTHORITY[""EPSG"",""9122""]]],PROJECTION[""Transverse_Mercator""],PARAMETER[""latitude_of_origin"",0],PARAMETER[""central_meridian"",-87],PARAMETER[""scale_factor"",0.9996],PARAMETER[""false_easting"",500000],PARAMETER[""false_northing"",0],UNIT[""metre"",1,AUTHORITY[""EPSG"",""9001""]],AXIS[""Easting"",EAST],AXIS[""Northing"",NORTH]]","POLYGON ((694440.0 3341610.0, 694440.0 3356970.0, 709800.0 3356970.0, 709800.0 3341610.0, 694440.0 3341610.0))",21423,240721,0
training,subsetted_512x512_HLS.S30.T16RGU.2019112.v1.4,16RGU,2019-04-22,"PROJCS[""UTM Zone 16, Northern Hemisphere"",GEOGCS[""Unknown datum based upon the WGS 84 ellipsoid"",DATUM[""Not specified (based on WGS 84 spheroid)"",SPHEROID[""WGS 84"",6378137,298.257223563,AUTHORITY[""EPSG"",""7030""]]],PRIMEM[""Greenwich"",0],UNIT[""degree"",0.0174532925199433,AUTHORITY[""EPSG"",""9122""]]],PROJECTION[""Transverse_Mercator""],PARAMETER[""latitude_of_origin"",0],PARAMETER[""central_meridian"",-87],PARAMETER[""scale_factor"",0.9996],PARAMETER[""false_easting"",500000],PARAMETER[""false_northing"",0],UNIT[""metre"",1,AUTHORITY[""EPSG"",""9001""]],AXIS[""Easting"",EAST],AXIS[""Northing"",NORTH]]","POLYGON ((747090.0 3323490.0000000005, 747090.0 3338850.0000000005, 762450.0 3338850.0000000005, 762450.0 3323490.0000000005, 747090.0 3323490.0000000005))",5936,256207,1
training,subsetted_512x512_HLS.S30.T16RGU.2019267.v1.4,16RGU,2019-09-24,"PROJCS[""UTM Zone 16, Northern Hemisphere"",GEOGCS[""Unknown datum based upon the WGS 84 ellipsoid"",DATUM[""Not specified (based on WGS 84 spheroid)"",SPHEROID[""WGS 84"",6378137,298.257223563,AUTHORITY[""EPSG"",""7030""]]],PRIMEM[""Greenwich"",0],UNIT[""degree"",0.0174532925199433,AUTHORITY[""EPSG"",""9122""]]],PROJECTION[""Transverse_Mercator""],PARAMETER[""latitude_of_origin"",0],PARAMETER[""central_meridian"",-87],PARAMETER[""scale_factor"",0.9996],PARAMETER[""false_easting"",500000],PARAMETER[""false_northing"",0],UNIT[""metre"",1,AUTHORITY[""EPSG"",""9001""]],AXIS[""Easting"",EAST],AXIS[""Northing"",NORTH]]","POLYGON ((738930.0 3331710.0, 738930.0 3347070.0, 754290.0 3347070.0, 754290.0 3331710.0, 738930.0 3331710.0))",12505,249617,22
training,subsetted_512x512_HLS.S30.T16RGU.2021096.v1.4,16RGU,2021-04-06,"PROJCS[""UTM Zone 16, Northern Hemisphere"",GEOGCS[""Unknown datum based upon the WGS 84 ellipsoid"",DATUM[""Not specified (based on WGS 84 spheroid)"",SPHEROID[""WGS 84"",6378137,298.257223563,AUTHORITY[""EPSG"",""7030""]]],PRIMEM[""Greenwich"",0],UNIT[""degree"",0.0174532925199433,AUTHORITY[""EPSG"",""9122""]]],PROJECTION[""Transverse_Mercator""],PARAMETER[""latitude_of_origin"",0],PARAMETER[""central_meridian"",-87],PARAMETER[""scale_factor"",0.9996],PARAMETER[""false_easting"",500000],PARAMETER[""false_northing"",0],UNIT[""metre"",1,AUTHORITY[""EPSG"",""9001""]],AXIS[""Easting"",EAST],AXIS[""Northing"",NORTH]]","POLYGON ((704040.0 3319590.0, 704040.0 3334950.0, 719400.0 3334950.0, 719400.0 3319590.0, 704040.0 3319590.0))",47604,214540,0
training,subsetted_512x512_HLS.S30.T16RGU.2021206.v1.4,16RGU,2021-07-25,"PROJCS[""UTM Zone 16, Northern Hemisphere"",GEOGCS[""Unknown datum based upon the WGS 84 ellipsoid"",DATUM[""Not specified (based on WGS 84 spheroid)"",SPHEROID[""WGS 84"",6378137,298.257223563,AUTHORITY[""EPSG"",""7030""]]],PRIMEM[""Greenwich"",0],UNIT[""degree"",0.0174532925199433,AUTHORITY[""EPSG"",""9122""]]],PROJECTION[""Transverse_Mercator""],PARAMETER[""latitude_of_origin"",0],PARAMETER[""central_meridian"",-87],PARAMETER[""scale_factor"",0.9996],PARAMETER[""false_easting"",500000],PARAMETER[""false_northing"",0],UNIT[""metre"",1,AUTHORITY[""EPSG"",""9001""]],AXIS[""Easting"",EAST],AXIS[""Northing"",NORTH]]","POLYGON ((700020.0 3345870.0, 700020.0 3361230.0, 715380.0 3361230.0, 715380.0 3345870.0, 700020.0 3345870.0))",12054,250087,3
training,subsetted_512x512_HLS.S30.T16SBA.2018106.v1.4,16SBA,2018-04-16,"PROJCS[""UTM Zone 16, Northern Hemisphere"",GEOGCS[""Unknown datum based upon the WGS 84 ellipsoid"",DATUM[""Not specified (based on WGS 84 spheroid)"",SPHEROID[""WGS 84"",6378137,298.257223563,AUTHORITY[""EPSG"",""7030""]]],PRIMEM[""Greenwich"",0],UNIT[""degree"",0.0174532925199433,AUTHORITY[""EPSG"",""9122""]]],PROJECTION[""Transverse_Mercator""],PARAMETER[""latitude_of_origin"",0],PARAMETER[""central_meridian"",-87],PARAMETER[""scale_factor"",0.9996],PARAMETER[""false_easting"",500000],PARAMETER[""false_northing"",0],UNIT[""metre"",1,AUTHORITY[""EPSG"",""9001""]],AXIS[""Easting"",EAST],AXIS[""Northing"",NORTH]]","POLYGON ((250290.0 3573240.0, 250290.0 3588600.0, 265650.0 3588600.0, 265650.0 3573240.0, 250290.0 3573240.0))",4762,257366,16
training,subsetted_512x512_HLS.S30.T16SBA.2019206.v1.4,16SBA,2019-07-25,"PROJCS[""UTM Zone 16, Northern Hemisphere"",GEOGCS[""Unknown datum based upon the WGS 84 ellipsoid"",DATUM[""Not specified (based on WGS 84 spheroid)"",SPHEROID[""WGS 84"",6378137,298.257223563,AUTHORITY[""EPSG"",""7030""]]],PRIMEM[""Greenwich"",0],UNIT[""degree"",0.0174532925199433,AUTHORITY[""EPSG"",""9122""]]],PROJECTION[""Transverse_Mercator""],PARAMETER[""latitude_of_origin"",0],PARAMETER[""central_meridian"",-87],PARAMETER[""scale_factor"",0.9996],PARAMETER[""false_easting"",500000],PARAMETER[""false_northing"",0],UNIT[""metre"",1,AUTHORITY[""EPSG"",""9001""]],AXIS[""Easting"",EAST],AXIS[""Northing"",NORTH]]","POLYGON ((278010.0 3552570.0, 278010.0 3567930.0, 293370.0 3567930.0, 293370.0 3552570.0, 278010.0 3552570.0))",2261,259839,44
training,subsetted_512x512_HLS.S30.T16SBB.2019111.v1.4,16SBB,2019-04-21,"PROJCS[""UTM Zone 16, Northern Hemisphere"",GEOGCS[""Unknown datum based upon the WGS 84 ellipsoid"",DATUM[""Not specified (based on WGS 84 spheroid)"",SPHEROID[""WGS 84"",6378137,298.257223563,AUTHORITY[""EPSG"",""7030""]]],PRIMEM[""Greenwich"",0],UNIT[""degree"",0.0174532925199433,AUTHORITY[""EPSG"",""9122""]]],PROJECTION[""Transverse_Mercator""],PARAMETER[""latitude_of_origin"",0],PARAMETER[""central_meridian"",-87],PARAMETER[""scale_factor"",0.9996],PARAMETER[""false_easting"",500000],PARAMETER[""false_northing"",0],UNIT[""metre"",1,AUTHORITY[""EPSG"",""9001""]],AXIS[""Easting"",EAST],AXIS[""Northing"",NORTH]]","POLYGON ((249930.00000000003 3605370.0, 249930.00000000003 3620730.0, 265290.0 3620730.0, 265290.0 3605370.0, 249930.00000000003 3605370.0))",2659,259459,26
training,subsetted_512x512_HLS.S30.T16SBB.2021145.v1.4,16SBB,2021-05-25,"PROJCS[""UTM Zone 16, Northern Hemisphere"",GEOGCS[""Unknown datum based upon the WGS 84 ellipsoid"",DATUM[""Not specified (based on WGS 84 spheroid)"",SPHEROID[""WGS 84"",6378137,298.257223563,AUTHORITY[""EPSG"",""7030""]]],PRIMEM[""Greenwich"",0],UNIT[""degree"",0.0174532925199433,AUTHORITY[""EPSG"",""9122""]]],PROJECTION[""Transverse_Mercator""],PARAMETER[""latitude_of_origin"",0],PARAMETER[""central_meridian"",-87],PARAMETER[""scale_factor"",0.9996],PARAMETER[""false_easting"",500000],PARAMETER[""false_northing"",0],UNIT[""metre"",1,AUTHORITY[""EPSG"",""9001""]],AXIS[""Easting"",EAST],AXIS[""Northing"",NORTH]]","POLYGON ((245849.99999999997 3593820.0, 245849.99999999997 3609180.0, 261209.99999999997 3609180.0, 261209.99999999997 3593820.0, 245849.99999999997 3593820.0))",2692,259410,42
training,subsetted_512x512_HLS.S30.T16SCA.2018133.v1.4,16SCA,2018-05-13,"PROJCS[""UTM Zone 16, Northern Hemisphere"",GEOGCS[""Unknown datum based upon the WGS 84 ellipsoid"",DATUM[""Not specified (based on WGS 84 spheroid)"",SPHEROID[""WGS 84"",6378137,298.257223563,AUTHORITY[""EPSG"",""7030""]]],PRIMEM[""Greenwich"",0],UNIT[""degree"",0.0174532925199433,AUTHORITY[""EPSG"",""9122""]]],PROJECTION[""Transverse_Mercator""],PARAMETER[""latitude_of_origin"",0],PARAMETER[""central_meridian"",-87],PARAMETER[""scale_factor"",0.9996],PARAMETER[""false_easting"",500000],PARAMETER[""false_northing"",0],UNIT[""metre"",1,AUTHORITY[""EPSG"",""9001""]],AXIS[""Easting"",EAST],AXIS[""Northing"",NORTH]]","POLYGON ((301470.0 3490200.0, 301470.0 3505560.0, 316830.0 3505560.0, 316830.0 3490200.0, 301470.0 3490200.0))",8728,253416,0
training,subsetted_512x512_HLS.S30.T16SDB.2018063.v1.4,16SDB,2018-03-04,"PROJCS[""UTM Zone 16, Northern Hemisphere"",GEOGCS[""Unknown datum based upon the WGS 84 ellipsoid"",DATUM[""Not specified (based on WGS 84 spheroid)"",SPHEROID[""WGS 84"",6378137,298.257223563,AUTHORITY[""EPSG"",""7030""]]],PRIMEM[""Greenwich"",0],UNIT[""degree"",0.0174532925199433,AUTHORITY[""EPSG"",""9122""]]],PROJECTION[""Transverse_Mercator""],PARAMETER[""latitude_of_origin"",0],PARAMETER[""central_meridian"",-87],PARAMETER[""scale_factor"",0.9996],PARAMETER[""false_easting"",500000],PARAMETER[""false_northing"",0],UNIT[""metre"",1,AUTHORITY[""EPSG"",""9001""]],AXIS[""Easting"",EAST],AXIS[""Northing"",NORTH]]","POLYGON ((448920.00000000006 3633510.0, 448920.00000000006 3648870.0, 464280.00000000006 3648870.0, 464280.00000000006 3633510.0, 448920.00000000006 3633510.0))",7597,254547,0
training,subsetted_512x512_HLS.S30.T16SDB.2018098.v1.4,16SDB,2018-04-08,"PROJCS[""UTM Zone 16, Northern Hemisphere"",GEOGCS[""Unknown datum based upon the WGS 84 ellipsoid"",DATUM[""Not specified (based on WGS 84 spheroid)"",SPHEROID[""WGS 84"",6378137,298.257223563,AUTHORITY[""EPSG"",""7030""]]],PRIMEM[""Greenwich"",0],UNIT[""degree"",0.0174532925199433,AUTHORITY[""EPSG"",""9122""]]],PROJECTION[""Transverse_Mercator""],PARAMETER[""latitude_of_origin"",0],PARAMETER[""central_meridian"",-87],PARAMETER[""scale_factor"",0.9996],PARAMETER[""false_easting"",500000],PARAMETER[""false_northing"",0],UNIT[""metre"",1,AUTHORITY[""EPSG"",""9001""]],AXIS[""Easting"",EAST],AXIS[""Northing"",NORTH]]","POLYGON ((459210.0 3642390.0, 459210.0 3657750.0, 474570.0 3657750.0, 474570.0 3642390.0, 459210.0 3642390.0))",5697,256447,0
training,subsetted_512x512_HLS.S30.T16SDB.2021062.v1.4,16SDB,2021-03-03,"PROJCS[""UTM Zone 16, Northern Hemisphere"",GEOGCS[""Unknown datum based upon the WGS 84 ellipsoid"",DATUM[""Not specified (based on WGS 84 spheroid)"",SPHEROID[""WGS 84"",6378137,298.257223563,AUTHORITY[""EPSG"",""7030""]]],PRIMEM[""Greenwich"",0],UNIT[""degree"",0.0174532925199433,AUTHORITY[""EPSG"",""9122""]]],PROJECTION[""Transverse_Mercator""],PARAMETER[""latitude_of_origin"",0],PARAMETER[""central_meridian"",-87],PARAMETER[""scale_factor"",0.9996],PARAMETER[""false_easting"",500000],PARAMETER[""false_northing"",0],UNIT[""metre"",1,AUTHORITY[""EPSG"",""9001""]],AXIS[""Easting"",EAST],AXIS[""Northing"",NORTH]]","POLYGON ((453570.0 3629250.0, 453570.0 3644610.0, 468930.0 3644610.0, 468930.0 3629250.0, 453570.0 3629250.0))",9932,252212,0
training,subsetted_512x512_HLS.S30.T16SDC.2020118.v1.4,16SDC,2020-04-27,"PROJCS[""UTM Zone 16, Northern Hemisphere"",GEOGCS[""Unknown datum based upon the WGS 84 ellipsoid"",DATUM[""Not specified (based on WGS 84 spheroid)"",SPHEROID[""WGS 84"",6378137,298.257223563,AUTHORITY[""EPSG"",""7030""]]],PRIMEM[""Greenwich"",0],UNIT[""degree"",0.0174532925199433,AUTHORITY[""EPSG"",""9122""]]],PROJECTION[""Transverse_Mercator""],PARAMETER[""latitude_of_origin"",0],PARAMETER[""central_meridian"",-87],PARAMETER[""scale_factor"",0.9996],PARAMETER[""false_easting"",500000],PARAMETER[""false_northing"",0],UNIT[""metre"",1,AUTHORITY[""EPSG"",""9001""]],AXIS[""Easting"",EAST],AXIS[""Northing"",NORTH]]","POLYGON ((463080.0 3778140.0, 463080.0 3793500.0, 478440.0 3793500.0, 478440.0 3778140.0, 463080.0 3778140.0))",4715,257426,3
training,subsetted_512x512_HLS.S30.T16SDD.2020093.v1.4,16SDD,2020-04-02,"PROJCS[""UTM Zone 16, Northern Hemisphere"",GEOGCS[""Unknown datum based upon the WGS 84 ellipsoid"",DATUM[""Not specified (based on WGS 84 spheroid)"",SPHEROID[""WGS 84"",6378137,298.257223563,AUTHORITY[""EPSG"",""7030""]]],PRIMEM[""Greenwich"",0],UNIT[""degree"",0.0174532925199433,AUTHORITY[""EPSG"",""9122""]]],PROJECTION[""Transverse_Mercator""],PARAMETER[""latitude_of_origin"",0],PARAMETER[""central_meridian"",-87],PARAMETER[""scale_factor"",0.9996],PARAMETER[""false_easting"",500000],PARAMETER[""false_northing"",0],UNIT[""metre"",1,AUTHORITY[""EPSG"",""9001""]],AXIS[""Easting"",EAST],AXIS[""Northing"",NORTH]]","POLYGON ((467640.0 3790530.0, 467640.0 3805890.0, 483000.0 3805890.0, 483000.0 3790530.0, 467640.0 3790530.0))",12749,249395,0
training,subsetted_512x512_HLS.S30.T16SEB.2019135.v1.4,16SEB,2019-05-15,"PROJCS[""UTM Zone 16, Northern Hemisphere"",GEOGCS[""Unknown datum based upon the WGS 84 ellipsoid"",DATUM[""Not specified (based on WGS 84 spheroid)"",SPHEROID[""WGS 84"",6378137,298.257223563,AUTHORITY[""EPSG"",""7030""]]],PRIMEM[""Greenwich"",0],UNIT[""degree"",0.0174532925199433,AUTHORITY[""EPSG"",""9122""]]],PROJECTION[""Transverse_Mercator""],PARAMETER[""latitude_of_origin"",0],PARAMETER[""central_meridian"",-87],PARAMETER[""scale_factor"",0.9996],PARAMETER[""false_easting"",500000],PARAMETER[""false_northing"",0],UNIT[""metre"",1,AUTHORITY[""EPSG"",""9001""]],AXIS[""Easting"",EAST],AXIS[""Northing"",NORTH]]","POLYGON ((573540.0 3664980.0, 573540.0 3680340.0, 588900.0 3680340.0, 588900.0 3664980.0, 573540.0 3664980.0))",5607,256533,4
training,subsetted_512x512_HLS.S30.T16SEC.2021094.v1.4,16SEC,2021-04-04,"PROJCS[""UTM Zone 16, Northern Hemisphere"",GEOGCS[""Unknown datum based upon the WGS 84 ellipsoid"",DATUM[""Not specified (based on WGS 84 spheroid)"",SPHEROID[""WGS 84"",6378137,298.257223563,AUTHORITY[""EPSG"",""7030""]]],PRIMEM[""Greenwich"",0],UNIT[""degree"",0.0174532925199433,AUTHORITY[""EPSG"",""9122""]]],PROJECTION[""Transverse_Mercator""],PARAMETER[""latitude_of_origin"",0],PARAMETER[""central_meridian"",-87],PARAMETER[""scale_factor"",0.9996],PARAMETER[""false_easting"",500000],PARAMETER[""false_northing"",0],UNIT[""metre"",1,AUTHORITY[""EPSG"",""9001""]],AXIS[""Easting"",EAST],AXIS[""Northing"",NORTH]]","POLYGON ((593280.0 3690390.0, 593280.0 3705750.0, 608640.0 3705750.0, 608640.0 3690390.0, 593280.0 3690390.0))",5701,256443,0
training,subsetted_512x512_HLS.S30.T16SFB.2021094.v1.4,16SFB,2021-04-04,"PROJCS[""UTM Zone 16, Northern Hemisphere"",GEOGCS[""Unknown datum based upon the WGS 84 ellipsoid"",DATUM[""Not specified (based on WGS 84 spheroid)"",SPHEROID[""WGS 84"",6378137,298.257223563,AUTHORITY[""EPSG"",""7030""]]],PRIMEM[""Greenwich"",0],UNIT[""degree"",0.0174532925199433,AUTHORITY[""EPSG"",""9122""]]],PROJECTION[""Transverse_Mercator""],PARAMETER[""latitude_of_origin"",0],PARAMETER[""central_meridian"",-87],PARAMETER[""scale_factor"",0.9996],PARAMETER[""false_easting"",500000],PARAMETER[""false_northing"",0],UNIT[""metre"",1,AUTHORITY[""EPSG"",""9001""]],AXIS[""Easting"",EAST],AXIS[""Northing"",NORTH]]","POLYGON ((624600.0 3590220.0, 624600.0 3605580.0, 639960.0 3605580.0, 639960.0 3590220.0, 624600.0 3590220.0))",3706,258395,43
training,subsetted_512x512_HLS.S30.T16SFC.2019165.v1.4,16SFC,2019-06-14,"PROJCS[""UTM Zone 16, Northern Hemisphere"",GEOGCS[""Unknown datum based upon the WGS 84 ellipsoid"",DATUM[""Not specified (based on WGS 84 spheroid)"",SPHEROID[""WGS 84"",6378137,298.257223563,AUTHORITY[""EPSG"",""7030""]]],PRIMEM[""Greenwich"",0],UNIT[""degree"",0.0174532925199433,AUTHORITY[""EPSG"",""9122""]]],PROJECTION[""Transverse_Mercator""],PARAMETER[""latitude_of_origin"",0],PARAMETER[""central_meridian"",-87],PARAMETER[""scale_factor"",0.9996],PARAMETER[""false_easting"",500000],PARAMETER[""false_northing"",0],UNIT[""metre"",1,AUTHORITY[""EPSG"",""9001""]],AXIS[""Easting"",EAST],AXIS[""Northing"",NORTH]]","POLYGON ((627510.0 3732480.0, 627510.0 3747840.0, 642870.0 3747840.0, 642870.0 3732480.0, 627510.0 3732480.0))",2308,259833,3
training,subsetted_512x512_HLS.S30.T16SFC.2020045.v1.4,16SFC,2020-02-14,"PROJCS[""UTM Zone 16, Northern Hemisphere"",GEOGCS[""Unknown datum based upon the WGS 84 ellipsoid"",DATUM[""Not specified (based on WGS 84 spheroid)"",SPHEROID[""WGS 84"",6378137,298.257223563,AUTHORITY[""EPSG"",""7030""]]],PRIMEM[""Greenwich"",0],UNIT[""degree"",0.0174532925199433,AUTHORITY[""EPSG"",""9122""]]],PROJECTION[""Transverse_Mercator""],PARAMETER[""latitude_of_origin"",0],PARAMETER[""central_meridian"",-87],PARAMETER[""scale_factor"",0.9996],PARAMETER[""false_easting"",500000],PARAMETER[""false_northing"",0],UNIT[""metre"",1,AUTHORITY[""EPSG"",""9001""]],AXIS[""Easting"",EAST],AXIS[""Northing"",NORTH]]","POLYGON ((628470.0 3734130.0, 628470.0 3749490.0, 643830.0 3749490.0, 643830.0 3734130.0, 628470.0 3734130.0))",3894,258236,14
training,subsetted_512x512_HLS.S30.T16SFC.2020105.v1.4,16SFC,2020-04-14,"PROJCS[""UTM Zone 16, Northern Hemisphere"",GEOGCS[""Unknown datum based upon the WGS 84 ellipsoid"",DATUM[""Not specified (based on WGS 84 spheroid)"",SPHEROID[""WGS 84"",6378137,298.257223563,AUTHORITY[""EPSG"",""7030""]]],PRIMEM[""Greenwich"",0],UNIT[""degree"",0.0174532925199433,AUTHORITY[""EPSG"",""9122""]]],PROJECTION[""Transverse_Mercator""],PARAMETER[""latitude_of_origin"",0],PARAMETER[""central_meridian"",-87],PARAMETER[""scale_factor"",0.9996],PARAMETER[""false_easting"",500000],PARAMETER[""false_northing"",0],UNIT[""metre"",1,AUTHORITY[""EPSG"",""9001""]],AXIS[""Easting"",EAST],AXIS[""Northing"",NORTH]]","POLYGON ((627450.0 3730380.0, 627450.0 3745740.0, 642810.0 3745740.0, 642810.0 3730380.0, 627450.0 3730380.0))",6837,255307,0
training,subsetted_512x512_HLS.S30.T16SFC.2021094.v1.4,16SFC,2021-04-04,"PROJCS[""UTM Zone 16, Northern Hemisphere"",GEOGCS[""Unknown datum based upon the WGS 84 ellipsoid"",DATUM[""Not specified (based on WGS 84 spheroid)"",SPHEROID[""WGS 84"",6378137,298.257223563,AUTHORITY[""EPSG"",""7030""]]],PRIMEM[""Greenwich"",0],UNIT[""degree"",0.0174532925199433,AUTHORITY[""EPSG"",""9122""]]],PROJECTION[""Transverse_Mercator""],PARAMETER[""latitude_of_origin"",0],PARAMETER[""central_meridian"",-87],PARAMETER[""scale_factor"",0.9996],PARAMETER[""false_easting"",500000],PARAMETER[""false_northing"",0],UNIT[""metre"",1,AUTHORITY[""EPSG"",""9001""]],AXIS[""Easting"",EAST],AXIS[""Northing"",NORTH]]","POLYGON ((625110.0 3733290.0, 625110.0 3748650.0, 640470.0 3748650.0, 640470.0 3733290.0, 625110.0 3733290.0))",4081,258063,0
training,subsetted_512x512_HLS.S30.T16SFD.2018100.v1.4,16SFD,2018-04-10,"PROJCS[""UTM Zone 16, Northern Hemisphere"",GEOGCS[""Unknown datum based upon the WGS 84 ellipsoid"",DATUM[""Not specified (based on WGS 84 spheroid)"",SPHEROID[""WGS 84"",6378137,298.257223563,AUTHORITY[""EPSG"",""7030""]]],PRIMEM[""Greenwich"",0],UNIT[""degree"",0.0174532925199433,AUTHORITY[""EPSG"",""9122""]]],PROJECTION[""Transverse_Mercator""],PARAMETER[""latitude_of_origin"",0],PARAMETER[""central_meridian"",-87],PARAMETER[""scale_factor"",0.9996],PARAMETER[""false_easting"",500000],PARAMETER[""false_northing"",0],UNIT[""metre"",1,AUTHORITY[""EPSG"",""9001""]],AXIS[""Easting"",EAST],AXIS[""Northing"",NORTH]]","POLYGON ((623040.0 3802980.0, 623040.0 3818340.0, 638400.0 3818340.0, 638400.0 3802980.0, 623040.0 3802980.0))",2761,259379,4
training,subsetted_512x512_HLS.S30.T16SGA.2018107.v1.4,16SGA,2018-04-17,"PROJCS[""UTM Zone 16, Northern Hemisphere"",GEOGCS[""Unknown datum based upon the WGS 84 ellipsoid"",DATUM[""Not specified (based on WGS 84 spheroid)"",SPHEROID[""WGS 84"",6378137,298.257223563,AUTHORITY[""EPSG"",""7030""]]],PRIMEM[""Greenwich"",0],UNIT[""degree"",0.0174532925199433,AUTHORITY[""EPSG"",""9122""]]],PROJECTION[""Transverse_Mercator""],PARAMETER[""latitude_of_origin"",0],PARAMETER[""central_meridian"",-87],PARAMETER[""scale_factor"",0.9996],PARAMETER[""false_easting"",500000],PARAMETER[""false_northing"",0],UNIT[""metre"",1,AUTHORITY[""EPSG"",""9001""]],AXIS[""Easting"",EAST],AXIS[""Northing"",NORTH]]","POLYGON ((712800.0 3581100.0, 712800.0 3596460.0, 728160.0 3596460.0, 728160.0 3581100.0, 712800.0 3581100.0))",3316,256285,2543
training,subsetted_512x512_HLS.S30.T16SGD.2019100.v1.4,16SGD,2019-04-10,"PROJCS[""UTM Zone 16, Northern Hemisphere"",GEOGCS[""Unknown datum based upon the WGS 84 ellipsoid"",DATUM[""Not specified (based on WGS 84 spheroid)"",SPHEROID[""WGS 84"",6378137,298.257223563,AUTHORITY[""EPSG"",""7030""]]],PRIMEM[""Greenwich"",0],UNIT[""degree"",0.0174532925199433,AUTHORITY[""EPSG"",""9122""]]],PROJECTION[""Transverse_Mercator""],PARAMETER[""latitude_of_origin"",0],PARAMETER[""central_meridian"",-87],PARAMETER[""scale_factor"",0.9996],PARAMETER[""false_easting"",500000],PARAMETER[""false_northing"",0],UNIT[""metre"",1,AUTHORITY[""EPSG"",""9001""]],AXIS[""Easting"",EAST],AXIS[""Northing"",NORTH]]","POLYGON ((756690.0 3878130.0, 756690.0 3893490.0, 772050.0 3893490.0, 772050.0 3878130.0, 756690.0 3878130.0))",14052,248084,8
training,subsetted_512x512_HLS.S30.T16SGF.2018155.v1.4,16SGF,2018-06-04,"PROJCS[""UTM Zone 16, Northern Hemisphere"",GEOGCS[""Unknown datum based upon the WGS 84 ellipsoid"",DATUM[""Not specified (based on WGS 84 spheroid)"",SPHEROID[""WGS 84"",6378137,298.257223563,AUTHORITY[""EPSG"",""7030""]]],PRIMEM[""Greenwich"",0],UNIT[""degree"",0.0174532925199433,AUTHORITY[""EPSG"",""9122""]]],PROJECTION[""Transverse_Mercator""],PARAMETER[""latitude_of_origin"",0],PARAMETER[""central_meridian"",-87],PARAMETER[""scale_factor"",0.9996],PARAMETER[""false_easting"",500000],PARAMETER[""false_northing"",0],UNIT[""metre"",1,AUTHORITY[""EPSG"",""9001""]],AXIS[""Easting"",EAST],AXIS[""Northing"",NORTH]]","POLYGON ((710520.0 4050810.0, 710520.0 4066170.0, 725880.0 4066170.0, 725880.0 4050810.0, 710520.0 4050810.0))",4806,257164,174
training,subsetted_512x512_HLS.S30.T16TGQ.2019158.v1.4,16TGQ,2019-06-07,"PROJCS[""UTM Zone 16, Northern Hemisphere"",GEOGCS[""Unknown datum based upon the WGS 84 ellipsoid"",DATUM[""Not specified (based on WGS 84 spheroid)"",SPHEROID[""WGS 84"",6378137,298.257223563,AUTHORITY[""EPSG"",""7030""]]],PRIMEM[""Greenwich"",0],UNIT[""degree"",0.0174532925199433,AUTHORITY[""EPSG"",""9122""]]],PROJECTION[""Transverse_Mercator""],PARAMETER[""latitude_of_origin"",0],PARAMETER[""central_meridian"",-87],PARAMETER[""scale_factor"",0.9996],PARAMETER[""false_easting"",500000],PARAMETER[""false_northing"",0],UNIT[""metre"",1,AUTHORITY[""EPSG"",""9001""]],AXIS[""Easting"",EAST],AXIS[""Northing"",NORTH]]","POLYGON ((752190.0 4918920.0, 752190.0 4934280.0, 767550.0 4934280.0, 767550.0 4918920.0, 752190.0 4918920.0))",2542,259602,0
training,subsetted_512x512_HLS.S30.T16TGQ.2021167.v1.4,16TGQ,2021-06-16,"PROJCS[""UTM Zone 16, Northern Hemisphere"",GEOGCS[""Unknown datum based upon the WGS 84 ellipsoid"",DATUM[""Not specified (based on WGS 84 spheroid)"",SPHEROID[""WGS 84"",6378137,298.257223563,AUTHORITY[""EPSG"",""7030""]]],PRIMEM[""Greenwich"",0],UNIT[""degree"",0.0174532925199433,AUTHORITY[""EPSG"",""9122""]]],PROJECTION[""Transverse_Mercator""],PARAMETER[""latitude_of_origin"",0],PARAMETER[""central_meridian"",-87],PARAMETER[""scale_factor"",0.9996],PARAMETER[""false_easting"",500000],PARAMETER[""false_northing"",0],UNIT[""metre"",1,AUTHORITY[""EPSG"",""9001""]],AXIS[""Easting"",EAST],AXIS[""Northing"",NORTH]]","POLYGON ((779610.0 4916910.0, 779610.0 4932270.0, 794970.0 4932270.0, 794970.0 4916910.0, 779610.0 4916910.0))",7884,254234,26
training,subsetted_512x512_HLS.S30.T17RKN.2018087.v1.4,17RKN,2018-03-28,"PROJCS[""UTM Zone 17, Northern Hemisphere"",GEOGCS[""Unknown datum based upon the WGS 84 ellipsoid"",DATUM[""Not specified (based on WGS 84 spheroid)"",SPHEROID[""WGS 84"",6378137,298.257223563,AUTHORITY[""EPSG"",""7030""]]],PRIMEM[""Greenwich"",0],UNIT[""degree"",0.0174532925199433,AUTHORITY[""EPSG"",""9122""]]],PROJECTION[""Transverse_Mercator""],PARAMETER[""latitude_of_origin"",0],PARAMETER[""central_meridian"",-81],PARAMETER[""scale_factor"",0.9996],PARAMETER[""false_easting"",500000],PARAMETER[""false_northing"",0],UNIT[""metre"",1,AUTHORITY[""EPSG"",""9001""]],AXIS[""Easting"",EAST],AXIS[""Northing"",NORTH]]","POLYGON ((293550.0 3236880.0, 293550.0 3252240.0, 308910.0 3252240.0, 308910.0 3236880.0, 293550.0 3236880.0))",3675,258469,0
training,subsetted_512x512_HLS.S30.T17RKN.2019112.v1.4,17RKN,2019-04-22,"PROJCS[""UTM Zone 17, Northern Hemisphere"",GEOGCS[""Unknown datum based upon the WGS 84 ellipsoid"",DATUM[""Not specified (based on WGS 84 spheroid)"",SPHEROID[""WGS 84"",6378137,298.257223563,AUTHORITY[""EPSG"",""7030""]]],PRIMEM[""Greenwich"",0],UNIT[""degree"",0.0174532925199433,AUTHORITY[""EPSG"",""9122""]]],PROJECTION[""Transverse_Mercator""],PARAMETER[""latitude_of_origin"",0],PARAMETER[""central_meridian"",-81],PARAMETER[""scale_factor"",0.9996],PARAMETER[""false_easting"",500000],PARAMETER[""false_northing"",0],UNIT[""metre"",1,AUTHORITY[""EPSG"",""9001""]],AXIS[""Easting"",EAST],AXIS[""Northing"",NORTH]]","POLYGON ((293700.0 3241920.0, 293700.0 3257280.0, 309060.0 3257280.0, 309060.0 3241920.0, 293700.0 3241920.0))",4523,257621,0
training,subsetted_512x512_HLS.S30.T17RLP.2018082.v1.4,17RLP,2018-03-23,"PROJCS[""UTM Zone 17, Northern Hemisphere"",GEOGCS[""Unknown datum based upon the WGS 84 ellipsoid"",DATUM[""Not specified (based on WGS 84 spheroid)"",SPHEROID[""WGS 84"",6378137,298.257223563,AUTHORITY[""EPSG"",""7030""]]],PRIMEM[""Greenwich"",0],UNIT[""degree"",0.0174532925199433,AUTHORITY[""EPSG"",""9122""]]],PROJECTION[""Transverse_Mercator""],PARAMETER[""latitude_of_origin"",0],PARAMETER[""central_meridian"",-81],PARAMETER[""scale_factor"",0.9996],PARAMETER[""false_easting"",500000],PARAMETER[""false_northing"",0],UNIT[""metre"",1,AUTHORITY[""EPSG"",""9001""]],AXIS[""Easting"",EAST],AXIS[""Northing"",NORTH]]","POLYGON ((360510.0 3357900.0, 360510.0 3373260.0, 375870.0 3373260.0, 375870.0 3357900.0, 360510.0 3357900.0))",13605,248504,35
training,subsetted_512x512_HLS.S30.T17RLP.2018102.v1.4,17RLP,2018-04-12,"PROJCS[""UTM Zone 17, Northern Hemisphere"",GEOGCS[""Unknown datum based upon the WGS 84 ellipsoid"",DATUM[""Not specified (based on WGS 84 spheroid)"",SPHEROID[""WGS 84"",6378137,298.257223563,AUTHORITY[""EPSG"",""7030""]]],PRIMEM[""Greenwich"",0],UNIT[""degree"",0.0174532925199433,AUTHORITY[""EPSG"",""9122""]]],PROJECTION[""Transverse_Mercator""],PARAMETER[""latitude_of_origin"",0],PARAMETER[""central_meridian"",-81],PARAMETER[""scale_factor"",0.9996],PARAMETER[""false_easting"",500000],PARAMETER[""false_northing"",0],UNIT[""metre"",1,AUTHORITY[""EPSG"",""9001""]],AXIS[""Easting"",EAST],AXIS[""Northing"",NORTH]]","POLYGON ((371160.0 3357600.0, 371160.0 3372960.0, 386520.0 3372960.0, 386520.0 3357600.0, 371160.0 3357600.0))",4208,257840,96
training,subsetted_512x512_HLS.S30.T17RLP.2018127.v1.4,17RLP,2018-05-07,"PROJCS[""UTM Zone 17, Northern Hemisphere"",GEOGCS[""Unknown datum based upon the WGS 84 ellipsoid"",DATUM[""Not specified (based on WGS 84 spheroid)"",SPHEROID[""WGS 84"",6378137,298.257223563,AUTHORITY[""EPSG"",""7030""]]],PRIMEM[""Greenwich"",0],UNIT[""degree"",0.0174532925199433,AUTHORITY[""EPSG"",""9122""]]],PROJECTION[""Transverse_Mercator""],PARAMETER[""latitude_of_origin"",0],PARAMETER[""central_meridian"",-81],PARAMETER[""scale_factor"",0.9996],PARAMETER[""false_easting"",500000],PARAMETER[""false_northing"",0],UNIT[""metre"",1,AUTHORITY[""EPSG"",""9001""]],AXIS[""Easting"",EAST],AXIS[""Northing"",NORTH]]","POLYGON ((364800.0 3355830.0, 364800.0 3371190.0, 380160.0 3371190.0, 380160.0 3355830.0, 364800.0 3355830.0))",9135,252735,274
training,subsetted_512x512_HLS.S30.T17RLP.2019112.v1.4,17RLP,2019-04-22,"PROJCS[""UTM Zone 17, Northern Hemisphere"",GEOGCS[""Unknown datum based upon the WGS 84 ellipsoid"",DATUM[""Not specified (based on WGS 84 spheroid)"",SPHEROID[""WGS 84"",6378137,298.257223563,AUTHORITY[""EPSG"",""7030""]]],PRIMEM[""Greenwich"",0],UNIT[""degree"",0.0174532925199433,AUTHORITY[""EPSG"",""9122""]]],PROJECTION[""Transverse_Mercator""],PARAMETER[""latitude_of_origin"",0],PARAMETER[""central_meridian"",-81],PARAMETER[""scale_factor"",0.9996],PARAMETER[""false_easting"",500000],PARAMETER[""false_northing"",0],UNIT[""metre"",1,AUTHORITY[""EPSG"",""9001""]],AXIS[""Easting"",EAST],AXIS[""Northing"",NORTH]]","POLYGON ((357960.0 3337380.0, 357960.0 3352740.0, 373320.0 3352740.0, 373320.0 3337380.0, 357960.0 3337380.0))",5308,256836,0
training,subsetted_512x512_HLS.S30.T17RLP.2021111.v1.4,17RLP,2021-04-21,"PROJCS[""UTM Zone 17, Northern Hemisphere"",GEOGCS[""Unknown datum based upon the WGS 84 ellipsoid"",DATUM[""Not specified (based on WGS 84 spheroid)"",SPHEROID[""WGS 84"",6378137,298.257223563,AUTHORITY[""EPSG"",""7030""]]],PRIMEM[""Greenwich"",0],UNIT[""degree"",0.0174532925199433,AUTHORITY[""EPSG"",""9122""]]],PROJECTION[""Transverse_Mercator""],PARAMETER[""latitude_of_origin"",0],PARAMETER[""central_meridian"",-81],PARAMETER[""scale_factor"",0.9996],PARAMETER[""false_easting"",500000],PARAMETER[""false_northing"",0],UNIT[""metre"",1,AUTHORITY[""EPSG"",""9001""]],AXIS[""Easting"",EAST],AXIS[""Northing"",NORTH]]","POLYGON ((362850.0 3369420.0000000005, 362850.0 3384780.0000000005, 378210.0 3384780.0000000005, 378210.0 3369420.0000000005, 362850.0 3369420.0000000005))",20611,241212,321
training,subsetted_512x512_HLS.S30.T17RMJ.2018064.v1.4,17RMJ,2018-03-05,"PROJCS[""UTM Zone 17, Northern Hemisphere"",GEOGCS[""Unknown datum based upon the WGS 84 ellipsoid"",DATUM[""Not specified (based on WGS 84 spheroid)"",SPHEROID[""WGS 84"",6378137,298.257223563,AUTHORITY[""EPSG"",""7030""]]],PRIMEM[""Greenwich"",0],UNIT[""degree"",0.0174532925199433,AUTHORITY[""EPSG"",""9122""]]],PROJECTION[""Transverse_Mercator""],PARAMETER[""latitude_of_origin"",0],PARAMETER[""central_meridian"",-81],PARAMETER[""scale_factor"",0.9996],PARAMETER[""false_easting"",500000],PARAMETER[""false_northing"",0],UNIT[""metre"",1,AUTHORITY[""EPSG"",""9001""]],AXIS[""Easting"",EAST],AXIS[""Northing"",NORTH]]","POLYGON ((446190.0 2884620.0, 446190.0 2899980.0, 461550.0 2899980.0, 461550.0 2884620.0, 446190.0 2884620.0))",7829,254306,9
training,subsetted_512x512_HLS.S30.T17RML.2018064.v1.4,17RML,2018-03-05,"PROJCS[""UTM Zone 17, Northern Hemisphere"",GEOGCS[""Unknown datum based upon the WGS 84 ellipsoid"",DATUM[""Not specified (based on WGS 84 spheroid)"",SPHEROID[""WGS 84"",6378137,298.257223563,AUTHORITY[""EPSG"",""7030""]]],PRIMEM[""Greenwich"",0],UNIT[""degree"",0.0174532925199433,AUTHORITY[""EPSG"",""9122""]]],PROJECTION[""Transverse_Mercator""],PARAMETER[""latitude_of_origin"",0],PARAMETER[""central_meridian"",-81],PARAMETER[""scale_factor"",0.9996],PARAMETER[""false_easting"",500000],PARAMETER[""false_northing"",0],UNIT[""metre"",1,AUTHORITY[""EPSG"",""9001""]],AXIS[""Easting"",EAST],AXIS[""Northing"",NORTH]]","POLYGON ((474810.0 3036870.0, 474810.0 3052230.0, 490170.0 3052230.0, 490170.0 3036870.0, 474810.0 3036870.0))",6383,255680,81
training,subsetted_512x512_HLS.S30.T17RML.2021103.v1.4,17RML,2021-04-13,"PROJCS[""UTM Zone 17, Northern Hemisphere"",GEOGCS[""Unknown datum based upon the WGS 84 ellipsoid"",DATUM[""Not specified (based on WGS 84 spheroid)"",SPHEROID[""WGS 84"",6378137,298.257223563,AUTHORITY[""EPSG"",""7030""]]],PRIMEM[""Greenwich"",0],UNIT[""degree"",0.0174532925199433,AUTHORITY[""EPSG"",""9122""]]],PROJECTION[""Transverse_Mercator""],PARAMETER[""latitude_of_origin"",0],PARAMETER[""central_meridian"",-81],PARAMETER[""scale_factor"",0.9996],PARAMETER[""false_easting"",500000],PARAMETER[""false_northing"",0],UNIT[""metre"",1,AUTHORITY[""EPSG"",""9001""]],AXIS[""Easting"",EAST],AXIS[""Northing"",NORTH]]","POLYGON ((462540.0 3052920.0, 462540.0 3068280.0, 477900.0 3068280.0, 477900.0 3052920.0, 462540.0 3052920.0))",6408,255736,0
training,subsetted_512x512_HLS.S30.T17RMN.2020034.v1.4,17RMN,2020-02-03,"PROJCS[""UTM Zone 17, Northern Hemisphere"",GEOGCS[""Unknown datum based upon the WGS 84 ellipsoid"",DATUM[""Not specified (based on WGS 84 spheroid)"",SPHEROID[""WGS 84"",6378137,298.257223563,AUTHORITY[""EPSG"",""7030""]]],PRIMEM[""Greenwich"",0],UNIT[""degree"",0.0174532925199433,AUTHORITY[""EPSG"",""9122""]]],PROJECTION[""Transverse_Mercator""],PARAMETER[""latitude_of_origin"",0],PARAMETER[""central_meridian"",-81],PARAMETER[""scale_factor"",0.9996],PARAMETER[""false_easting"",500000],PARAMETER[""false_northing"",0],UNIT[""metre"",1,AUTHORITY[""EPSG"",""9001""]],AXIS[""Easting"",EAST],AXIS[""Northing"",NORTH]]","POLYGON ((426210.0 3244530.0, 426210.0 3259890.0, 441570.0 3259890.0, 441570.0 3244530.0, 426210.0 3244530.0))",9069,253052,23
training,subsetted_512x512_HLS.S30.T17RMN.2020094.v1.4,17RMN,2020-04-03,"PROJCS[""UTM Zone 17, Northern Hemisphere"",GEOGCS[""Unknown datum based upon the WGS 84 ellipsoid"",DATUM[""Not specified (based on WGS 84 spheroid)"",SPHEROID[""WGS 84"",6378137,298.257223563,AUTHORITY[""EPSG"",""7030""]]],PRIMEM[""Greenwich"",0],UNIT[""degree"",0.0174532925199433,AUTHORITY[""EPSG"",""9122""]]],PROJECTION[""Transverse_Mercator""],PARAMETER[""latitude_of_origin"",0],PARAMETER[""central_meridian"",-81],PARAMETER[""scale_factor"",0.9996],PARAMETER[""false_easting"",500000],PARAMETER[""false_northing"",0],UNIT[""metre"",1,AUTHORITY[""EPSG"",""9001""]],AXIS[""Easting"",EAST],AXIS[""Northing"",NORTH]]","POLYGON ((436020.0 3207090.0, 436020.0 3222450.0, 451380.0 3222450.0, 451380.0 3207090.0, 436020.0 3207090.0))",6039,256105,0
training,subsetted_512x512_HLS.S30.T17RMN.2021063.v1.4,17RMN,2021-03-04,"PROJCS[""UTM Zone 17, Northern Hemisphere"",GEOGCS[""Unknown datum based upon the WGS 84 ellipsoid"",DATUM[""Not specified (based on WGS 84 spheroid)"",SPHEROID[""WGS 84"",6378137,298.257223563,AUTHORITY[""EPSG"",""7030""]]],PRIMEM[""Greenwich"",0],UNIT[""degree"",0.0174532925199433,AUTHORITY[""EPSG"",""9122""]]],PROJECTION[""Transverse_Mercator""],PARAMETER[""latitude_of_origin"",0],PARAMETER[""central_meridian"",-81],PARAMETER[""scale_factor"",0.9996],PARAMETER[""false_easting"",500000],PARAMETER[""false_northing"",0],UNIT[""metre"",1,AUTHORITY[""EPSG"",""9001""]],AXIS[""Easting"",EAST],AXIS[""Northing"",NORTH]]","POLYGON ((412590.00000000006 3250530.0, 412590.00000000006 3265890.0, 427950.00000000006 3265890.0, 427950.00000000006 3250530.0, 412590.00000000006 3250530.0))",4416,257715,13
training,subsetted_512x512_HLS.S30.T17RNK.2019081.v1.4,17RNK,2019-03-22,"PROJCS[""UTM Zone 17, Northern Hemisphere"",GEOGCS[""Unknown datum based upon the WGS 84 ellipsoid"",DATUM[""Not specified (based on WGS 84 spheroid)"",SPHEROID[""WGS 84"",6378137,298.257223563,AUTHORITY[""EPSG"",""7030""]]],PRIMEM[""Greenwich"",0],UNIT[""degree"",0.0174532925199433,AUTHORITY[""EPSG"",""9122""]]],PROJECTION[""Transverse_Mercator""],PARAMETER[""latitude_of_origin"",0],PARAMETER[""central_meridian"",-81],PARAMETER[""scale_factor"",0.9996],PARAMETER[""false_easting"",500000],PARAMETER[""false_northing"",0],UNIT[""metre"",1,AUTHORITY[""EPSG"",""9001""]],AXIS[""Easting"",EAST],AXIS[""Northing"",NORTH]]","POLYGON ((527820.0 2906580.0, 527820.0 2921940.0, 543180.0 2921940.0, 543180.0 2906580.0, 527820.0 2906580.0))",3734,258393,17
training,subsetted_512x512_HLS.S30.T17RNK.2020126.v1.4,17RNK,2020-05-05,"PROJCS[""UTM Zone 17, Northern Hemisphere"",GEOGCS[""Unknown datum based upon the WGS 84 ellipsoid"",DATUM[""Not specified (based on WGS 84 spheroid)"",SPHEROID[""WGS 84"",6378137,298.257223563,AUTHORITY[""EPSG"",""7030""]]],PRIMEM[""Greenwich"",0],UNIT[""degree"",0.0174532925199433,AUTHORITY[""EPSG"",""9122""]]],PROJECTION[""Transverse_Mercator""],PARAMETER[""latitude_of_origin"",0],PARAMETER[""central_meridian"",-81],PARAMETER[""scale_factor"",0.9996],PARAMETER[""false_easting"",500000],PARAMETER[""false_northing"",0],UNIT[""metre"",1,AUTHORITY[""EPSG"",""9001""]],AXIS[""Easting"",EAST],AXIS[""Northing"",NORTH]]","POLYGON ((500040.00000000006 2894100.0, 500040.00000000006 2909460.0, 515400.00000000006 2909460.0, 515400.00000000006 2894100.0, 500040.00000000006 2894100.0))",2657,259409,78
training,subsetted_512x512_HLS.S30.T17RNM.2021103.v1.4,17RNM,2021-04-13,"PROJCS[""UTM Zone 17, Northern Hemisphere"",GEOGCS[""Unknown datum based upon the WGS 84 ellipsoid"",DATUM[""Not specified (based on WGS 84 spheroid)"",SPHEROID[""WGS 84"",6378137,298.257223563,AUTHORITY[""EPSG"",""7030""]]],PRIMEM[""Greenwich"",0],UNIT[""degree"",0.0174532925199433,AUTHORITY[""EPSG"",""9122""]]],PROJECTION[""Transverse_Mercator""],PARAMETER[""latitude_of_origin"",0],PARAMETER[""central_meridian"",-81],PARAMETER[""scale_factor"",0.9996],PARAMETER[""false_easting"",500000],PARAMETER[""false_northing"",0],UNIT[""metre"",1,AUTHORITY[""EPSG"",""9001""]],AXIS[""Easting"",EAST],AXIS[""Northing"",NORTH]]","POLYGON ((522660.00000000006 3161040.0, 522660.00000000006 3176400.0, 538020.0 3176400.0, 538020.0 3161040.0, 522660.00000000006 3161040.0))",4098,258046,0
training,subsetted_512x512_HLS.S30.T17SKS.2021126.v1.4,17SKS,2021-05-06,"PROJCS[""UTM Zone 17, Northern Hemisphere"",GEOGCS[""Unknown datum based upon the WGS 84 ellipsoid"",DATUM[""Not specified (based on WGS 84 spheroid)"",SPHEROID[""WGS 84"",6378137,298.257223563,AUTHORITY[""EPSG"",""7030""]]],PRIMEM[""Greenwich"",0],UNIT[""degree"",0.0174532925199433,AUTHORITY[""EPSG"",""9122""]]],PROJECTION[""Transverse_Mercator""],PARAMETER[""latitude_of_origin"",0],PARAMETER[""central_meridian"",-81],PARAMETER[""scale_factor"",0.9996],PARAMETER[""false_easting"",500000],PARAMETER[""false_northing"",0],UNIT[""metre"",1,AUTHORITY[""EPSG"",""9001""]],AXIS[""Easting"",EAST],AXIS[""Northing"",NORTH]]","POLYGON ((236850.0 3666510.0, 236850.0 3681870.0, 252210.00000000003 3681870.0, 252210.00000000003 3666510.0, 236850.0 3666510.0))",4904,257191,49
training,subsetted_512x512_HLS.S30.T17SKT.2018132.v1.4,17SKT,2018-05-12,"PROJCS[""UTM Zone 17, Northern Hemisphere"",GEOGCS[""Unknown datum based upon the WGS 84 ellipsoid"",DATUM[""Not specified (based on WGS 84 spheroid)"",SPHEROID[""WGS 84"",6378137,298.257223563,AUTHORITY[""EPSG"",""7030""]]],PRIMEM[""Greenwich"",0],UNIT[""degree"",0.0174532925199433,AUTHORITY[""EPSG"",""9122""]]],PROJECTION[""Transverse_Mercator""],PARAMETER[""latitude_of_origin"",0],PARAMETER[""central_meridian"",-81],PARAMETER[""scale_factor"",0.9996],PARAMETER[""false_easting"",500000],PARAMETER[""false_northing"",0],UNIT[""metre"",1,AUTHORITY[""EPSG"",""9001""]],AXIS[""Easting"",EAST],AXIS[""Northing"",NORTH]]","POLYGON ((282510.0 3729690.0, 282510.0 3745050.0, 297870.0 3745050.0, 297870.0 3729690.0, 282510.0 3729690.0))",7378,254762,4
training,subsetted_512x512_HLS.S30.T17SKU.2021094.v1.4,17SKU,2021-04-04,"PROJCS[""UTM Zone 17, Northern Hemisphere"",GEOGCS[""Unknown datum based upon the WGS 84 ellipsoid"",DATUM[""Not specified (based on WGS 84 spheroid)"",SPHEROID[""WGS 84"",6378137,298.257223563,AUTHORITY[""EPSG"",""7030""]]],PRIMEM[""Greenwich"",0],UNIT[""degree"",0.0174532925199433,AUTHORITY[""EPSG"",""9122""]]],PROJECTION[""Transverse_Mercator""],PARAMETER[""latitude_of_origin"",0],PARAMETER[""central_meridian"",-81],PARAMETER[""scale_factor"",0.9996],PARAMETER[""false_easting"",500000],PARAMETER[""false_northing"",0],UNIT[""metre"",1,AUTHORITY[""EPSG"",""9001""]],AXIS[""Easting"",EAST],AXIS[""Northing"",NORTH]]","POLYGON ((271170.0 3816630.0, 271170.0 3831990.0, 286530.0 3831990.0, 286530.0 3816630.0, 271170.0 3816630.0))",6895,161983,93266
training,subsetted_512x512_HLS.S30.T17SKV.2019100.v1.4,17SKV,2019-04-10,"PROJCS[""UTM Zone 17, Northern Hemisphere"",GEOGCS[""Unknown datum based upon the WGS 84 ellipsoid"",DATUM[""Not specified (based on WGS 84 spheroid)"",SPHEROID[""WGS 84"",6378137,298.257223563,AUTHORITY[""EPSG"",""7030""]]],PRIMEM[""Greenwich"",0],UNIT[""degree"",0.0174532925199433,AUTHORITY[""EPSG"",""9122""]]],PROJECTION[""Transverse_Mercator""],PARAMETER[""latitude_of_origin"",0],PARAMETER[""central_meridian"",-81],PARAMETER[""scale_factor"",0.9996],PARAMETER[""false_easting"",500000],PARAMETER[""false_northing"",0],UNIT[""metre"",1,AUTHORITY[""EPSG"",""9001""]],AXIS[""Easting"",EAST],AXIS[""Northing"",NORTH]]","POLYGON ((278010.0 3905910.0, 278010.0 3921270.0, 293370.0 3921270.0, 293370.0 3905910.0, 278010.0 3905910.0))",3454,258690,0
training,subsetted_512x512_HLS.S30.T17SKV.2021094.v1.4,17SKV,2021-04-04,"PROJCS[""UTM Zone 17, Northern Hemisphere"",GEOGCS[""Unknown datum based upon the WGS 84 ellipsoid"",DATUM[""Not specified (based on WGS 84 spheroid)"",SPHEROID[""WGS 84"",6378137,298.257223563,AUTHORITY[""EPSG"",""7030""]]],PRIMEM[""Greenwich"",0],UNIT[""degree"",0.0174532925199433,AUTHORITY[""EPSG"",""9122""]]],PROJECTION[""Transverse_Mercator""],PARAMETER[""latitude_of_origin"",0],PARAMETER[""central_meridian"",-81],PARAMETER[""scale_factor"",0.9996],PARAMETER[""false_easting"",500000],PARAMETER[""false_northing"",0],UNIT[""metre"",1,AUTHORITY[""EPSG"",""9001""]],AXIS[""Easting"",EAST],AXIS[""Northing"",NORTH]]","POLYGON ((253409.99999999997 3915660.0, 253409.99999999997 3931020.0, 268770.0 3931020.0, 268770.0 3915660.0, 253409.99999999997 3915660.0))",6614,255528,2
training,subsetted_512x512_HLS.S30.T17SLB.2019287.v1.4,17SLB,2019-10-14,"PROJCS[""UTM Zone 17, Northern Hemisphere"",GEOGCS[""Unknown datum based upon the WGS 84 ellipsoid"",DATUM[""Not specified (based on WGS 84 spheroid)"",SPHEROID[""WGS 84"",6378137,298.257223563,AUTHORITY[""EPSG"",""7030""]]],PRIMEM[""Greenwich"",0],UNIT[""degree"",0.0174532925199433,AUTHORITY[""EPSG"",""9122""]]],PROJECTION[""Transverse_Mercator""],PARAMETER[""latitude_of_origin"",0],PARAMETER[""central_meridian"",-81],PARAMETER[""scale_factor"",0.9996],PARAMETER[""false_easting"",500000],PARAMETER[""false_northing"",0],UNIT[""metre"",1,AUTHORITY[""EPSG"",""9001""]],AXIS[""Easting"",EAST],AXIS[""Northing"",NORTH]]","POLYGON ((349170.0 4154969.9999999995, 349170.0 4170329.9999999995, 364530.0 4170329.9999999995, 364530.0 4154969.9999999995, 349170.0 4154969.9999999995))",5885,256201,58
training,subsetted_512x512_HLS.S30.T17SLS.2020097.v1.4,17SLS,2020-04-06,"PROJCS[""UTM Zone 17, Northern Hemisphere"",GEOGCS[""Unknown datum based upon the WGS 84 ellipsoid"",DATUM[""Not specified (based on WGS 84 spheroid)"",SPHEROID[""WGS 84"",6378137,298.257223563,AUTHORITY[""EPSG"",""7030""]]],PRIMEM[""Greenwich"",0],UNIT[""degree"",0.0174532925199433,AUTHORITY[""EPSG"",""9122""]]],PROJECTION[""Transverse_Mercator""],PARAMETER[""latitude_of_origin"",0],PARAMETER[""central_meridian"",-81],PARAMETER[""scale_factor"",0.9996],PARAMETER[""false_easting"",500000],PARAMETER[""false_northing"",0],UNIT[""metre"",1,AUTHORITY[""EPSG"",""9001""]],AXIS[""Easting"",EAST],AXIS[""Northing"",NORTH]]","POLYGON ((374160.0 3684570.0, 374160.0 3699930.0, 389520.0 3699930.0, 389520.0 3684570.0, 374160.0 3684570.0))",3470,258540,134
training,subsetted_512x512_HLS.S30.T17SLT.2018107.v1.4,17SLT,2018-04-17,"PROJCS[""UTM Zone 17, Northern Hemisphere"",GEOGCS[""Unknown datum based upon the WGS 84 ellipsoid"",DATUM[""Not specified (based on WGS 84 spheroid)"",SPHEROID[""WGS 84"",6378137,298.257223563,AUTHORITY[""EPSG"",""7030""]]],PRIMEM[""Greenwich"",0],UNIT[""degree"",0.0174532925199433,AUTHORITY[""EPSG"",""9122""]]],PROJECTION[""Transverse_Mercator""],PARAMETER[""latitude_of_origin"",0],PARAMETER[""central_meridian"",-81],PARAMETER[""scale_factor"",0.9996],PARAMETER[""false_easting"",500000],PARAMETER[""false_northing"",0],UNIT[""metre"",1,AUTHORITY[""EPSG"",""9001""]],AXIS[""Easting"",EAST],AXIS[""Northing"",NORTH]]","POLYGON ((375900.0 3760680.0, 375900.0 3776040.0, 391260.0 3776040.0, 391260.0 3760680.0, 375900.0 3760680.0))",5396,256748,0
training,subsetted_512x512_HLS.S30.T17SLT.2020097.v1.4,17SLT,2020-04-06,"PROJCS[""UTM Zone 17, Northern Hemisphere"",GEOGCS[""Unknown datum based upon the WGS 84 ellipsoid"",DATUM[""Not specified (based on WGS 84 spheroid)"",SPHEROID[""WGS 84"",6378137,298.257223563,AUTHORITY[""EPSG"",""7030""]]],PRIMEM[""Greenwich"",0],UNIT[""degree"",0.0174532925199433,AUTHORITY[""EPSG"",""9122""]]],PROJECTION[""Transverse_Mercator""],PARAMETER[""latitude_of_origin"",0],PARAMETER[""central_meridian"",-81],PARAMETER[""scale_factor"",0.9996],PARAMETER[""false_easting"",500000],PARAMETER[""false_northing"",0],UNIT[""metre"",1,AUTHORITY[""EPSG"",""9001""]],AXIS[""Easting"",EAST],AXIS[""Northing"",NORTH]]","POLYGON ((354840.0 3748410.0, 354840.0 3763770.0, 370200.0 3763770.0, 370200.0 3748410.0, 354840.0 3748410.0))",8842,253302,0
training,subsetted_512x512_HLS.S30.T17SLV.2019112.v1.4,17SLV,2019-04-22,"PROJCS[""UTM Zone 17, Northern Hemisphere"",GEOGCS[""Unknown datum based upon the WGS 84 ellipsoid"",DATUM[""Not specified (based on WGS 84 spheroid)"",SPHEROID[""WGS 84"",6378137,298.257223563,AUTHORITY[""EPSG"",""7030""]]],PRIMEM[""Greenwich"",0],UNIT[""degree"",0.0174532925199433,AUTHORITY[""EPSG"",""9122""]]],PROJECTION[""Transverse_Mercator""],PARAMETER[""latitude_of_origin"",0],PARAMETER[""central_meridian"",-81],PARAMETER[""scale_factor"",0.9996],PARAMETER[""false_easting"",500000],PARAMETER[""false_northing"",0],UNIT[""metre"",1,AUTHORITY[""EPSG"",""9001""]],AXIS[""Easting"",EAST],AXIS[""Northing"",NORTH]]","POLYGON ((303060.0 3906210.0, 303060.0 3921570.0, 318420.0 3921570.0, 318420.0 3906210.0, 303060.0 3906210.0))",3055,259087,2
training,subsetted_512x512_HLS.S30.T17SMA.2021096.v1.4,17SMA,2021-04-06,"PROJCS[""UTM Zone 17, Northern Hemisphere"",GEOGCS[""Unknown datum based upon the WGS 84 ellipsoid"",DATUM[""Not specified (based on WGS 84 spheroid)"",SPHEROID[""WGS 84"",6378137,298.257223563,AUTHORITY[""EPSG"",""7030""]]],PRIMEM[""Greenwich"",0],UNIT[""degree"",0.0174532925199433,AUTHORITY[""EPSG"",""9122""]]],PROJECTION[""Transverse_Mercator""],PARAMETER[""latitude_of_origin"",0],PARAMETER[""central_meridian"",-81],PARAMETER[""scale_factor"",0.9996],PARAMETER[""false_easting"",500000],PARAMETER[""false_northing"",0],UNIT[""metre"",1,AUTHORITY[""EPSG"",""9001""]],AXIS[""Easting"",EAST],AXIS[""Northing"",NORTH]]","POLYGON ((401430.0 4041270.0000000005, 401430.0 4056630.0000000005, 416790.0 4056630.0000000005, 416790.0 4041270.0000000005, 401430.0 4041270.0000000005))",3541,258603,0
training,subsetted_512x512_HLS.S30.T17SMR.2021128.v1.4,17SMR,2021-05-08,"PROJCS[""UTM Zone 17, Northern Hemisphere"",GEOGCS[""Unknown datum based upon the WGS 84 ellipsoid"",DATUM[""Not specified (based on WGS 84 spheroid)"",SPHEROID[""WGS 84"",6378137,298.257223563,AUTHORITY[""EPSG"",""7030""]]],PRIMEM[""Greenwich"",0],UNIT[""degree"",0.0174532925199433,AUTHORITY[""EPSG"",""9122""]]],PROJECTION[""Transverse_Mercator""],PARAMETER[""latitude_of_origin"",0],PARAMETER[""central_meridian"",-81],PARAMETER[""scale_factor"",0.9996],PARAMETER[""false_easting"",500000],PARAMETER[""false_northing"",0],UNIT[""metre"",1,AUTHORITY[""EPSG"",""9001""]],AXIS[""Easting"",EAST],AXIS[""Northing"",NORTH]]","POLYGON ((482970.0 3550020.0, 482970.0 3565380.0, 498330.0 3565380.0, 498330.0 3550020.0, 482970.0 3550020.0))",3541,258600,3
training,subsetted_512x512_HLS.S30.T17SMS.2019094.v1.4,17SMS,2019-04-04,"PROJCS[""UTM Zone 17, Northern Hemisphere"",GEOGCS[""Unknown datum based upon the WGS 84 ellipsoid"",DATUM[""Not specified (based on WGS 84 spheroid)"",SPHEROID[""WGS 84"",6378137,298.257223563,AUTHORITY[""EPSG"",""7030""]]],PRIMEM[""Greenwich"",0],UNIT[""degree"",0.0174532925199433,AUTHORITY[""EPSG"",""9122""]]],PROJECTION[""Transverse_Mercator""],PARAMETER[""latitude_of_origin"",0],PARAMETER[""central_meridian"",-81],PARAMETER[""scale_factor"",0.9996],PARAMETER[""false_easting"",500000],PARAMETER[""false_northing"",0],UNIT[""metre"",1,AUTHORITY[""EPSG"",""9001""]],AXIS[""Easting"",EAST],AXIS[""Northing"",NORTH]]","POLYGON ((443580.0 3664350.0, 443580.0 3679710.0, 458940.0 3679710.0, 458940.0 3664350.0, 443580.0 3664350.0))",3269,258871,4
training,subsetted_512x512_HLS.S30.T17SMS.2021103.v1.4,17SMS,2021-04-13,"PROJCS[""UTM Zone 17, Northern Hemisphere"",GEOGCS[""Unknown datum based upon the WGS 84 ellipsoid"",DATUM[""Not specified (based on WGS 84 spheroid)"",SPHEROID[""WGS 84"",6378137,298.257223563,AUTHORITY[""EPSG"",""7030""]]],PRIMEM[""Greenwich"",0],UNIT[""degree"",0.0174532925199433,AUTHORITY[""EPSG"",""9122""]]],PROJECTION[""Transverse_Mercator""],PARAMETER[""latitude_of_origin"",0],PARAMETER[""central_meridian"",-81],PARAMETER[""scale_factor"",0.9996],PARAMETER[""false_easting"",500000],PARAMETER[""false_northing"",0],UNIT[""metre"",1,AUTHORITY[""EPSG"",""9001""]],AXIS[""Easting"",EAST],AXIS[""Northing"",NORTH]]","POLYGON ((421950.0 3674880.0, 421950.0 3690240.0, 437310.0 3690240.0, 437310.0 3674880.0, 421950.0 3674880.0))",7435,254706,3
training,subsetted_512x512_HLS.S30.T17SMU.2018132.v1.4,17SMU,2018-05-12,"PROJCS[""UTM Zone 17, Northern Hemisphere"",GEOGCS[""Unknown datum based upon the WGS 84 ellipsoid"",DATUM[""Not specified (based on WGS 84 spheroid)"",SPHEROID[""WGS 84"",6378137,298.257223563,AUTHORITY[""EPSG"",""7030""]]],PRIMEM[""Greenwich"",0],UNIT[""degree"",0.0174532925199433,AUTHORITY[""EPSG"",""9122""]]],PROJECTION[""Transverse_Mercator""],PARAMETER[""latitude_of_origin"",0],PARAMETER[""central_meridian"",-81],PARAMETER[""scale_factor"",0.9996],PARAMETER[""false_easting"",500000],PARAMETER[""false_northing"",0],UNIT[""metre"",1,AUTHORITY[""EPSG"",""9001""]],AXIS[""Easting"",EAST],AXIS[""Northing"",NORTH]]","POLYGON ((430230.0 3801600.0, 430230.0 3816960.0, 445590.0 3816960.0, 445590.0 3801600.0, 430230.0 3801600.0))",4841,257303,0
training,subsetted_512x512_HLS.S30.T17SMV.2021096.v1.4,17SMV,2021-04-06,"PROJCS[""UTM Zone 17, Northern Hemisphere"",GEOGCS[""Unknown datum based upon the WGS 84 ellipsoid"",DATUM[""Not specified (based on WGS 84 spheroid)"",SPHEROID[""WGS 84"",6378137,298.257223563,AUTHORITY[""EPSG"",""7030""]]],PRIMEM[""Greenwich"",0],UNIT[""degree"",0.0174532925199433,AUTHORITY[""EPSG"",""9122""]]],PROJECTION[""Transverse_Mercator""],PARAMETER[""latitude_of_origin"",0],PARAMETER[""central_meridian"",-81],PARAMETER[""scale_factor"",0.9996],PARAMETER[""false_easting"",500000],PARAMETER[""false_northing"",0],UNIT[""metre"",1,AUTHORITY[""EPSG"",""9001""]],AXIS[""Easting"",EAST],AXIS[""Northing"",NORTH]]","POLYGON ((417570.0 3964740.0000000005, 417570.0 3980100.0000000005, 432930.0 3980100.0000000005, 432930.0 3964740.0000000005, 417570.0 3964740.0000000005))",6061,256083,0
training,subsetted_512x512_HLS.S30.T17SNB.2019162.v1.4,17SNB,2019-06-11,"PROJCS[""UTM Zone 17, Northern Hemisphere"",GEOGCS[""Unknown datum based upon the WGS 84 ellipsoid"",DATUM[""Not specified (based on WGS 84 spheroid)"",SPHEROID[""WGS 84"",6378137,298.257223563,AUTHORITY[""EPSG"",""7030""]]],PRIMEM[""Greenwich"",0],UNIT[""degree"",0.0174532925199433,AUTHORITY[""EPSG"",""9122""]]],PROJECTION[""Transverse_Mercator""],PARAMETER[""latitude_of_origin"",0],PARAMETER[""central_meridian"",-81],PARAMETER[""scale_factor"",0.9996],PARAMETER[""false_easting"",500000],PARAMETER[""false_northing"",0],UNIT[""metre"",1,AUTHORITY[""EPSG"",""9001""]],AXIS[""Easting"",EAST],AXIS[""Northing"",NORTH]]","POLYGON ((549600.0 4124609.9999999995, 549600.0 4139969.9999999995, 564960.0 4139969.9999999995, 564960.0 4124609.9999999995, 549600.0 4124609.9999999995))",3581,258561,2
training,subsetted_512x512_HLS.S30.T17SNC.2019112.v1.4,17SNC,2019-04-22,"PROJCS[""UTM Zone 17, Northern Hemisphere"",GEOGCS[""Unknown datum based upon the WGS 84 ellipsoid"",DATUM[""Not specified (based on WGS 84 spheroid)"",SPHEROID[""WGS 84"",6378137,298.257223563,AUTHORITY[""EPSG"",""7030""]]],PRIMEM[""Greenwich"",0],UNIT[""degree"",0.0174532925199433,AUTHORITY[""EPSG"",""9122""]]],PROJECTION[""Transverse_Mercator""],PARAMETER[""latitude_of_origin"",0],PARAMETER[""central_meridian"",-81],PARAMETER[""scale_factor"",0.9996],PARAMETER[""false_easting"",500000],PARAMETER[""false_northing"",0],UNIT[""metre"",1,AUTHORITY[""EPSG"",""9001""]],AXIS[""Easting"",EAST],AXIS[""Northing"",NORTH]]","POLYGON ((594420.0 4213050.0, 594420.0 4228410.0, 609780.0 4228410.0, 609780.0 4213050.0, 594420.0 4213050.0))",16032,246110,2
training,subsetted_512x512_HLS.S30.T17SNS.2021128.v1.4,17SNS,2021-05-08,"PROJCS[""UTM Zone 17, Northern Hemisphere"",GEOGCS[""Unknown datum based upon the WGS 84 ellipsoid"",DATUM[""Not specified (based on WGS 84 spheroid)"",SPHEROID[""WGS 84"",6378137,298.257223563,AUTHORITY[""EPSG"",""7030""]]],PRIMEM[""Greenwich"",0],UNIT[""degree"",0.0174532925199433,AUTHORITY[""EPSG"",""9122""]]],PROJECTION[""Transverse_Mercator""],PARAMETER[""latitude_of_origin"",0],PARAMETER[""central_meridian"",-81],PARAMETER[""scale_factor"",0.9996],PARAMETER[""false_easting"",500000],PARAMETER[""false_northing"",0],UNIT[""metre"",1,AUTHORITY[""EPSG"",""9001""]],AXIS[""Easting"",EAST],AXIS[""Northing"",NORTH]]","POLYGON ((520320.0 3608760.0, 520320.0 3624120.0, 535680.0 3624120.0, 535680.0 3608760.0, 520320.0 3608760.0))",5658,256462,24
training,subsetted_512x512_HLS.S30.T17SPS.2018074.v1.4,17SPS,2018-03-15,"PROJCS[""UTM Zone 17, Northern Hemisphere"",GEOGCS[""Unknown datum based upon the WGS 84 ellipsoid"",DATUM[""Not specified (based on WGS 84 spheroid)"",SPHEROID[""WGS 84"",6378137,298.257223563,AUTHORITY[""EPSG"",""7030""]]],PRIMEM[""Greenwich"",0],UNIT[""degree"",0.0174532925199433,AUTHORITY[""EPSG"",""9122""]]],PROJECTION[""Transverse_Mercator""],PARAMETER[""latitude_of_origin"",0],PARAMETER[""central_meridian"",-81],PARAMETER[""scale_factor"",0.9996],PARAMETER[""false_easting"",500000],PARAMETER[""false_northing"",0],UNIT[""metre"",1,AUTHORITY[""EPSG"",""9001""]],AXIS[""Easting"",EAST],AXIS[""Northing"",NORTH]]","POLYGON ((621090.0 3670140.0, 621090.0 3685500.0, 636450.0 3685500.0, 636450.0 3670140.0, 621090.0 3670140.0))",2698,259446,0
training,subsetted_512x512_HLS.S30.T17SPS.2019094.v1.4,17SPS,2019-04-04,"PROJCS[""UTM Zone 17, Northern Hemisphere"",GEOGCS[""Unknown datum based upon the WGS 84 ellipsoid"",DATUM[""Not specified (based on WGS 84 spheroid)"",SPHEROID[""WGS 84"",6378137,298.257223563,AUTHORITY[""EPSG"",""7030""]]],PRIMEM[""Greenwich"",0],UNIT[""degree"",0.0174532925199433,AUTHORITY[""EPSG"",""9122""]]],PROJECTION[""Transverse_Mercator""],PARAMETER[""latitude_of_origin"",0],PARAMETER[""central_meridian"",-81],PARAMETER[""scale_factor"",0.9996],PARAMETER[""false_easting"",500000],PARAMETER[""false_northing"",0],UNIT[""metre"",1,AUTHORITY[""EPSG"",""9001""]],AXIS[""Easting"",EAST],AXIS[""Northing"",NORTH]]","POLYGON ((628530.0 3668250.0, 628530.0 3683610.0, 643890.0 3683610.0, 643890.0 3668250.0, 628530.0 3668250.0))",6287,255857,0
training,subsetted_512x512_HLS.S30.T17SPS.2020039.v1.4,17SPS,2020-02-08,"PROJCS[""UTM Zone 17, Northern Hemisphere"",GEOGCS[""Unknown datum based upon the WGS 84 ellipsoid"",DATUM[""Not specified (based on WGS 84 spheroid)"",SPHEROID[""WGS 84"",6378137,298.257223563,AUTHORITY[""EPSG"",""7030""]]],PRIMEM[""Greenwich"",0],UNIT[""degree"",0.0174532925199433,AUTHORITY[""EPSG"",""9122""]]],PROJECTION[""Transverse_Mercator""],PARAMETER[""latitude_of_origin"",0],PARAMETER[""central_meridian"",-81],PARAMETER[""scale_factor"",0.9996],PARAMETER[""false_easting"",500000],PARAMETER[""false_northing"",0],UNIT[""metre"",1,AUTHORITY[""EPSG"",""9001""]],AXIS[""Easting"",EAST],AXIS[""Northing"",NORTH]]","POLYGON ((635010.0 3668850.0, 635010.0 3684210.0, 650370.0 3684210.0, 650370.0 3668850.0, 635010.0 3668850.0))",2568,259576,0
training,subsetted_512x512_HLS.S30.T17SQD.2020094.v1.4,17SQD,2020-04-03,"PROJCS[""UTM Zone 17, Northern Hemisphere"",GEOGCS[""Unknown datum based upon the WGS 84 ellipsoid"",DATUM[""Not specified (based on WGS 84 spheroid)"",SPHEROID[""WGS 84"",6378137,298.257223563,AUTHORITY[""EPSG"",""7030""]]],PRIMEM[""Greenwich"",0],UNIT[""degree"",0.0174532925199433,AUTHORITY[""EPSG"",""9122""]]],PROJECTION[""Transverse_Mercator""],PARAMETER[""latitude_of_origin"",0],PARAMETER[""central_meridian"",-81],PARAMETER[""scale_factor"",0.9996],PARAMETER[""false_easting"",500000],PARAMETER[""false_northing"",0],UNIT[""metre"",1,AUTHORITY[""EPSG"",""9001""]],AXIS[""Easting"",EAST],AXIS[""Northing"",NORTH]]","POLYGON ((700020.0 4303560.0, 700020.0 4318920.0, 715380.0 4318920.0, 715380.0 4303560.0, 700020.0 4303560.0))",7072,255063,9
training,subsetted_512x512_HLS.S30.T18SUD.2020061.v1.4,18SUD,2020-03-01,"PROJCS[""UTM Zone 18, Northern Hemisphere"",GEOGCS[""Unknown datum based upon the WGS 84 ellipsoid"",DATUM[""Not specified (based on WGS 84 spheroid)"",SPHEROID[""WGS 84"",6378137,298.257223563,AUTHORITY[""EPSG"",""7030""]]],PRIMEM[""Greenwich"",0],UNIT[""degree"",0.0174532925199433,AUTHORITY[""EPSG"",""9122""]]],PROJECTION[""Transverse_Mercator""],PARAMETER[""latitude_of_origin"",0],PARAMETER[""central_meridian"",-75],PARAMETER[""scale_factor"",0.9996],PARAMETER[""false_easting"",500000],PARAMETER[""false_northing"",0],UNIT[""metre"",1,AUTHORITY[""EPSG"",""9001""]],AXIS[""Easting"",EAST],AXIS[""Northing"",NORTH]]","POLYGON ((309420.0 3840510.0, 309420.0 3855870.0, 324780.0 3855870.0, 324780.0 3840510.0, 309420.0 3840510.0))",5837,256307,0
training,subsetted_512x512_HLS.S30.T18TWK.2018121.v1.4,18TWK,2018-05-01,"PROJCS[""UTM Zone 18, Northern Hemisphere"",GEOGCS[""Unknown datum based upon the WGS 84 ellipsoid"",DATUM[""Not specified (based on WGS 84 spheroid)"",SPHEROID[""WGS 84"",6378137,298.257223563,AUTHORITY[""EPSG"",""7030""]]],PRIMEM[""Greenwich"",0],UNIT[""degree"",0.0174532925199433,AUTHORITY[""EPSG"",""9122""]]],PROJECTION[""Transverse_Mercator""],PARAMETER[""latitude_of_origin"",0],PARAMETER[""central_meridian"",-75],PARAMETER[""scale_factor"",0.9996],PARAMETER[""false_easting"",500000],PARAMETER[""false_northing"",0],UNIT[""metre"",1,AUTHORITY[""EPSG"",""9001""]],AXIS[""Easting"",EAST],AXIS[""Northing"",NORTH]]","POLYGON ((536430.0 4392480.0, 536430.0 4407840.0, 551790.0 4407840.0, 551790.0 4392480.0, 536430.0 4392480.0))",3722,258421,1
training,subsetted_512x512_HLS.S30.T18TWK.2019093.v1.4,18TWK,2019-04-03,"PROJCS[""UTM Zone 18, Northern Hemisphere"",GEOGCS[""Unknown datum based upon the WGS 84 ellipsoid"",DATUM[""Not specified (based on WGS 84 spheroid)"",SPHEROID[""WGS 84"",6378137,298.257223563,AUTHORITY[""EPSG"",""7030""]]],PRIMEM[""Greenwich"",0],UNIT[""degree"",0.0174532925199433,AUTHORITY[""EPSG"",""9122""]]],PROJECTION[""Transverse_Mercator""],PARAMETER[""latitude_of_origin"",0],PARAMETER[""central_meridian"",-75],PARAMETER[""scale_factor"",0.9996],PARAMETER[""false_easting"",500000],PARAMETER[""false_northing"",0],UNIT[""metre"",1,AUTHORITY[""EPSG"",""9001""]],AXIS[""Easting"",EAST],AXIS[""Northing"",NORTH]]","POLYGON ((540210.0 4397280.0, 540210.0 4412640.0, 555570.0 4412640.0, 555570.0 4397280.0, 540210.0 4397280.0))",36774,225370,0
training,subsetted_512x512_HLS.S30.T18TXQ.2018266.v1.4,18TXQ,2018-09-23,"PROJCS[""UTM Zone 18, Northern Hemisphere"",GEOGCS[""Unknown datum based upon the WGS 84 ellipsoid"",DATUM[""Not specified (based on WGS 84 spheroid)"",SPHEROID[""WGS 84"",6378137,298.257223563,AUTHORITY[""EPSG"",""7030""]]],PRIMEM[""Greenwich"",0],UNIT[""degree"",0.0174532925199433,AUTHORITY[""EPSG"",""9122""]]],PROJECTION[""Transverse_Mercator""],PARAMETER[""latitude_of_origin"",0],PARAMETER[""central_meridian"",-75],PARAMETER[""scale_factor"",0.9996],PARAMETER[""false_easting"",500000],PARAMETER[""false_northing"",0],UNIT[""metre"",1,AUTHORITY[""EPSG"",""9001""]],AXIS[""Easting"",EAST],AXIS[""Northing"",NORTH]]","POLYGON ((600060.0 4961490.0, 600060.0 4976850.0, 615420.0 4976850.0, 615420.0 4961490.0, 600060.0 4961490.0))",2958,257727,1459
validation,subsetted_512x512_HLS.S30.T10SEH.2018190.v1.4,10SEH,2018-07-09,"PROJCS[""UTM Zone 10, Northern Hemisphere"",GEOGCS[""Unknown datum based upon the WGS 84 ellipsoid"",DATUM[""Not specified (based on WGS 84 spheroid)"",SPHEROID[""WGS 84"",6378137,298.257223563,AUTHORITY[""EPSG"",""7030""]]],PRIMEM[""Greenwich"",0],UNIT[""degree"",0.0174532925199433,AUTHORITY[""EPSG"",""9122""]]],PROJECTION[""Transverse_Mercator""],PARAMETER[""latitude_of_origin"",0],PARAMETER[""central_meridian"",-123],PARAMETER[""scale_factor"",0.9996],PARAMETER[""false_easting"",500000],PARAMETER[""false_northing"",0],UNIT[""metre"",1,AUTHORITY[""EPSG"",""9001""]],AXIS[""Easting"",EAST],AXIS[""Northing"",NORTH]]","POLYGON ((564870.0 4271790.0, 564870.0 4287150.0, 580230.0 4287150.0, 580230.0 4271790.0, 564870.0 4271790.0))",207373,54771,0
validation,subsetted_512x512_HLS.S30.T10SFE.2021166.v1.4,10SFE,2021-06-15,"PROJCS[""UTM Zone 10, Northern Hemisphere"",GEOGCS[""Unknown datum based upon the WGS 84 ellipsoid"",DATUM[""Not specified (based on WGS 84 spheroid)"",SPHEROID[""WGS 84"",6378137,298.257223563,AUTHORITY[""EPSG"",""7030""]]],PRIMEM[""Greenwich"",0],UNIT[""degree"",0.0174532925199433,AUTHORITY[""EPSG"",""9122""]]],PROJECTION[""Transverse_Mercator""],PARAMETER[""latitude_of_origin"",0],PARAMETER[""central_meridian"",-123],PARAMETER[""scale_factor"",0.9996],PARAMETER[""false_easting"",500000],PARAMETER[""false_northing"",0],UNIT[""metre"",1,AUTHORITY[""EPSG"",""9001""]],AXIS[""Easting"",EAST],AXIS[""Northing"",NORTH]]","POLYGON ((693210.0 3979560.0, 693210.0 3994920.0, 708570.0 3994920.0, 708570.0 3979560.0, 693210.0 3979560.0))",5542,256602,0
validation,subsetted_512x512_HLS.S30.T10SFF.2020215.v1.4,10SFF,2020-08-02,"PROJCS[""UTM Zone 10, Northern Hemisphere"",GEOGCS[""Unknown datum based upon the WGS 84 ellipsoid"",DATUM[""Not specified (based on WGS 84 spheroid)"",SPHEROID[""WGS 84"",6378137,298.257223563,AUTHORITY[""EPSG"",""7030""]]],PRIMEM[""Greenwich"",0],UNIT[""degree"",0.0174532925199433,AUTHORITY[""EPSG"",""9122""]]],PROJECTION[""Transverse_Mercator""],PARAMETER[""latitude_of_origin"",0],PARAMETER[""central_meridian"",-123],PARAMETER[""scale_factor"",0.9996],PARAMETER[""false_easting"",500000],PARAMETER[""false_northing"",0],UNIT[""metre"",1,AUTHORITY[""EPSG"",""9001""]],AXIS[""Easting"",EAST],AXIS[""Northing"",NORTH]]","POLYGON ((671130.0 4053000.0000000005, 671130.0 4068360.0000000005, 686490.0 4068360.0000000005, 686490.0 4053000.0000000005, 671130.0 4053000.0000000005))",7010,255134,0
validation,subsetted_512x512_HLS.S30.T10SFG.2020185.v1.4,10SFG,2020-07-03,"PROJCS[""UTM Zone 10, Northern Hemisphere"",GEOGCS[""Unknown datum based upon the WGS 84 ellipsoid"",DATUM[""Not specified (based on WGS 84 spheroid)"",SPHEROID[""WGS 84"",6378137,298.257223563,AUTHORITY[""EPSG"",""7030""]]],PRIMEM[""Greenwich"",0],UNIT[""degree"",0.0174532925199433,AUTHORITY[""EPSG"",""9122""]]],PROJECTION[""Transverse_Mercator""],PARAMETER[""latitude_of_origin"",0],PARAMETER[""central_meridian"",-123],PARAMETER[""scale_factor"",0.9996],PARAMETER[""false_easting"",500000],PARAMETER[""false_northing"",0],UNIT[""metre"",1,AUTHORITY[""EPSG"",""9001""]],AXIS[""Easting"",EAST],AXIS[""Northing"",NORTH]]","POLYGON ((655590.0 4094100.0, 655590.0 4109460.0, 670950.0 4109460.0, 670950.0 4094100.0, 655590.0 4094100.0))",10107,250268,1769
validation,subsetted_512x512_HLS.S30.T10SFG.2020215.v1.4,10SFG,2020-08-02,"PROJCS[""UTM Zone 10, Northern Hemisphere"",GEOGCS[""Unknown datum based upon the WGS 84 ellipsoid"",DATUM[""Not specified (based on WGS 84 spheroid)"",SPHEROID[""WGS 84"",6378137,298.257223563,AUTHORITY[""EPSG"",""7030""]]],PRIMEM[""Greenwich"",0],UNIT[""degree"",0.0174532925199433,AUTHORITY[""EPSG"",""9122""]]],PROJECTION[""Transverse_Mercator""],PARAMETER[""latitude_of_origin"",0],PARAMETER[""central_meridian"",-123],PARAMETER[""scale_factor"",0.9996],PARAMETER[""false_easting"",500000],PARAMETER[""false_northing"",0],UNIT[""metre"",1,AUTHORITY[""EPSG"",""9001""]],AXIS[""Easting"",EAST],AXIS[""Northing"",NORTH]]","POLYGON ((629790.0 4090229.9999999995, 629790.0 4105589.9999999995, 645150.0 4105589.9999999995, 645150.0 4090229.9999999995, 629790.0 4090229.9999999995))",26062,236070,12
validation,subsetted_512x512_HLS.S30.T10SGD.2018257.v1.4,10SGD,2018-09-14,"PROJCS[""UTM Zone 10, Northern Hemisphere"",GEOGCS[""Unknown datum based upon the WGS 84 ellipsoid"",DATUM[""Not specified (based on WGS 84 spheroid)"",SPHEROID[""WGS 84"",6378137,298.257223563,AUTHORITY[""EPSG"",""7030""]]],PRIMEM[""Greenwich"",0],UNIT[""degree"",0.0174532925199433,AUTHORITY[""EPSG"",""9122""]]],PROJECTION[""Transverse_Mercator""],PARAMETER[""latitude_of_origin"",0],PARAMETER[""central_meridian"",-123],PARAMETER[""scale_factor"",0.9996],PARAMETER[""false_easting"",500000],PARAMETER[""false_northing"",0],UNIT[""metre"",1,AUTHORITY[""EPSG"",""9001""]],AXIS[""Easting"",EAST],AXIS[""Northing"",NORTH]]","POLYGON ((757170.0 3882450.0, 757170.0 3897810.0, 772530.0 3897810.0, 772530.0 3882450.0, 757170.0 3882450.0))",5073,257069,2
validation,subsetted_512x512_HLS.S30.T10SGF.2020217.v1.4,10SGF,2020-08-04,"PROJCS[""UTM Zone 10, Northern Hemisphere"",GEOGCS[""Unknown datum based upon the WGS 84 ellipsoid"",DATUM[""Not specified (based on WGS 84 spheroid)"",SPHEROID[""WGS 84"",6378137,298.257223563,AUTHORITY[""EPSG"",""7030""]]],PRIMEM[""Greenwich"",0],UNIT[""degree"",0.0174532925199433,AUTHORITY[""EPSG"",""9122""]]],PROJECTION[""Transverse_Mercator""],PARAMETER[""latitude_of_origin"",0],PARAMETER[""central_meridian"",-123],PARAMETER[""scale_factor"",0.9996],PARAMETER[""false_easting"",500000],PARAMETER[""false_northing"",0],UNIT[""metre"",1,AUTHORITY[""EPSG"",""9001""]],AXIS[""Easting"",EAST],AXIS[""Northing"",NORTH]]","POLYGON ((711720.0 3998580.0, 711720.0 4013940.0, 727080.0 4013940.0, 727080.0 3998580.0, 711720.0 3998580.0))",112644,149494,6
validation,subsetted_512x512_HLS.S30.T10SGG.2018187.v1.4,10SGG,2018-07-06,"PROJCS[""UTM Zone 10, Northern Hemisphere"",GEOGCS[""Unknown datum based upon the WGS 84 ellipsoid"",DATUM[""Not specified (based on WGS 84 spheroid)"",SPHEROID[""WGS 84"",6378137,298.257223563,AUTHORITY[""EPSG"",""7030""]]],PRIMEM[""Greenwich"",0],UNIT[""degree"",0.0174532925199433,AUTHORITY[""EPSG"",""9122""]]],PROJECTION[""Transverse_Mercator""],PARAMETER[""latitude_of_origin"",0],PARAMETER[""central_meridian"",-123],PARAMETER[""scale_factor"",0.9996],PARAMETER[""false_easting"",500000],PARAMETER[""false_northing"",0],UNIT[""metre"",1,AUTHORITY[""EPSG"",""9001""]],AXIS[""Easting"",EAST],AXIS[""Northing"",NORTH]]","POLYGON ((731730.0 4136399.9999999995, 731730.0 4151759.9999999995, 747090.0 4151759.9999999995, 747090.0 4136399.9999999995, 731730.0 4136399.9999999995))",20930,241214,0
validation,subsetted_512x512_HLS.S30.T10SGG.2020247.v1.4,10SGG,2020-09-03,"PROJCS[""UTM Zone 10, Northern Hemisphere"",GEOGCS[""Unknown datum based upon the WGS 84 ellipsoid"",DATUM[""Not specified (based on WGS 84 spheroid)"",SPHEROID[""WGS 84"",6378137,298.257223563,AUTHORITY[""EPSG"",""7030""]]],PRIMEM[""Greenwich"",0],UNIT[""degree"",0.0174532925199433,AUTHORITY[""EPSG"",""9122""]]],PROJECTION[""Transverse_Mercator""],PARAMETER[""latitude_of_origin"",0],PARAMETER[""central_meridian"",-123],PARAMETER[""scale_factor"",0.9996],PARAMETER[""false_easting"",500000],PARAMETER[""false_northing"",0],UNIT[""metre"",1,AUTHORITY[""EPSG"",""9001""]],AXIS[""Easting"",EAST],AXIS[""Northing"",NORTH]]","POLYGON ((732570.0 4178010.0, 732570.0 4193370.0, 747930.0 4193370.0, 747930.0 4178010.0, 732570.0 4178010.0))",14173,247971,0
validation,subsetted_512x512_HLS.S30.T10TFL.2018215.v1.4,10TFL,2018-08-03,"PROJCS[""UTM Zone 10, Northern Hemisphere"",GEOGCS[""Unknown datum based upon the WGS 84 ellipsoid"",DATUM[""Not specified (based on WGS 84 spheroid)"",SPHEROID[""WGS 84"",6378137,298.257223563,AUTHORITY[""EPSG"",""7030""]]],PRIMEM[""Greenwich"",0],UNIT[""degree"",0.0174532925199433,AUTHORITY[""EPSG"",""9122""]]],PROJECTION[""Transverse_Mercator""],PARAMETER[""latitude_of_origin"",0],PARAMETER[""central_meridian"",-123],PARAMETER[""scale_factor"",0.9996],PARAMETER[""false_easting"",500000],PARAMETER[""false_northing"",0],UNIT[""metre"",1,AUTHORITY[""EPSG"",""9001""]],AXIS[""Easting"",EAST],AXIS[""Northing"",NORTH]]","POLYGON ((676140.0 4492080.0, 676140.0 4507440.0, 691500.0 4507440.0, 691500.0 4492080.0, 676140.0 4492080.0))",83821,178323,0
validation,subsetted_512x512_HLS.S30.T10TFM.2018110.v1.4,10TFM,2018-04-20,"PROJCS[""UTM Zone 10, Northern Hemisphere"",GEOGCS[""Unknown datum based upon the WGS 84 ellipsoid"",DATUM[""Not specified (based on WGS 84 spheroid)"",SPHEROID[""WGS 84"",6378137,298.257223563,AUTHORITY[""EPSG"",""7030""]]],PRIMEM[""Greenwich"",0],UNIT[""degree"",0.0174532925199433,AUTHORITY[""EPSG"",""9122""]]],PROJECTION[""Transverse_Mercator""],PARAMETER[""latitude_of_origin"",0],PARAMETER[""central_meridian"",-123],PARAMETER[""scale_factor"",0.9996],PARAMETER[""false_easting"",500000],PARAMETER[""false_northing"",0],UNIT[""metre"",1,AUTHORITY[""EPSG"",""9001""]],AXIS[""Easting"",EAST],AXIS[""Northing"",NORTH]]","POLYGON ((615750.0 4634670.0, 615750.0 4650030.0, 631110.0 4650030.0, 631110.0 4634670.0, 615750.0 4634670.0))",10195,251937,12
validation,subsetted_512x512_HLS.S30.T10TFM.2019215.v1.4,10TFM,2019-08-03,"PROJCS[""UTM Zone 10, Northern Hemisphere"",GEOGCS[""Unknown datum based upon the WGS 84 ellipsoid"",DATUM[""Not specified (based on WGS 84 spheroid)"",SPHEROID[""WGS 84"",6378137,298.257223563,AUTHORITY[""EPSG"",""7030""]]],PRIMEM[""Greenwich"",0],UNIT[""degree"",0.0174532925199433,AUTHORITY[""EPSG"",""9122""]]],PROJECTION[""Transverse_Mercator""],PARAMETER[""latitude_of_origin"",0],PARAMETER[""central_meridian"",-123],PARAMETER[""scale_factor"",0.9996],PARAMETER[""false_easting"",500000],PARAMETER[""false_northing"",0],UNIT[""metre"",1,AUTHORITY[""EPSG"",""9001""]],AXIS[""Easting"",EAST],AXIS[""Northing"",NORTH]]","POLYGON ((638400.0 4621770.0, 638400.0 4637130.0, 653760.0 4637130.0, 653760.0 4621770.0, 638400.0 4621770.0))",63402,198742,0
validation,subsetted_512x512_HLS.S30.T10TFM.2020215.v1.4,10TFM,2020-08-02,"PROJCS[""UTM Zone 10, Northern Hemisphere"",GEOGCS[""Unknown datum based upon the WGS 84 ellipsoid"",DATUM[""Not specified (based on WGS 84 spheroid)"",SPHEROID[""WGS 84"",6378137,298.257223563,AUTHORITY[""EPSG"",""7030""]]],PRIMEM[""Greenwich"",0],UNIT[""degree"",0.0174532925199433,AUTHORITY[""EPSG"",""9122""]]],PROJECTION[""Transverse_Mercator""],PARAMETER[""latitude_of_origin"",0],PARAMETER[""central_meridian"",-123],PARAMETER[""scale_factor"",0.9996],PARAMETER[""false_easting"",500000],PARAMETER[""false_northing"",0],UNIT[""metre"",1,AUTHORITY[""EPSG"",""9001""]],AXIS[""Easting"",EAST],AXIS[""Northing"",NORTH]]","POLYGON ((653670.0 4613400.0, 653670.0 4628760.0, 669030.0 4628760.0, 669030.0 4613400.0, 653670.0 4613400.0))",7364,254780,0
validation,subsetted_512x512_HLS.S30.T10TFN.2018175.v1.4,10TFN,2018-06-24,"PROJCS[""UTM Zone 10, Northern Hemisphere"",GEOGCS[""Unknown datum based upon the WGS 84 ellipsoid"",DATUM[""Not specified (based on WGS 84 spheroid)"",SPHEROID[""WGS 84"",6378137,298.257223563,AUTHORITY[""EPSG"",""7030""]]],PRIMEM[""Greenwich"",0],UNIT[""degree"",0.0174532925199433,AUTHORITY[""EPSG"",""9122""]]],PROJECTION[""Transverse_Mercator""],PARAMETER[""latitude_of_origin"",0],PARAMETER[""central_meridian"",-123],PARAMETER[""scale_factor"",0.9996],PARAMETER[""false_easting"",500000],PARAMETER[""false_northing"",0],UNIT[""metre"",1,AUTHORITY[""EPSG"",""9001""]],AXIS[""Easting"",EAST],AXIS[""Northing"",NORTH]]","POLYGON ((629550.0 4711920.0, 629550.0 4727280.0, 644910.0 4727280.0, 644910.0 4711920.0, 629550.0 4711920.0))",13365,248779,0
validation,subsetted_512x512_HLS.S30.T10TFP.2019278.v1.4,10TFP,2019-10-05,"PROJCS[""UTM Zone 10, Northern Hemisphere"",GEOGCS[""Unknown datum based upon the WGS 84 ellipsoid"",DATUM[""Not specified (based on WGS 84 spheroid)"",SPHEROID[""WGS 84"",6378137,298.257223563,AUTHORITY[""EPSG"",""7030""]]],PRIMEM[""Greenwich"",0],UNIT[""degree"",0.0174532925199433,AUTHORITY[""EPSG"",""9122""]]],PROJECTION[""Transverse_Mercator""],PARAMETER[""latitude_of_origin"",0],PARAMETER[""central_meridian"",-123],PARAMETER[""scale_factor"",0.9996],PARAMETER[""false_easting"",500000],PARAMETER[""false_northing"",0],UNIT[""metre"",1,AUTHORITY[""EPSG"",""9001""]],AXIS[""Easting"",EAST],AXIS[""Northing"",NORTH]]","POLYGON ((656040.0 4821780.0, 656040.0 4837140.0, 671400.0 4837140.0, 671400.0 4821780.0, 656040.0 4821780.0))",9194,252950,0
validation,subsetted_512x512_HLS.S30.T10TFQ.2018183.v1.4,10TFQ,2018-07-02,"PROJCS[""UTM Zone 10, Northern Hemisphere"",GEOGCS[""Unknown datum based upon the WGS 84 ellipsoid"",DATUM[""Not specified (based on WGS 84 spheroid)"",SPHEROID[""WGS 84"",6378137,298.257223563,AUTHORITY[""EPSG"",""7030""]]],PRIMEM[""Greenwich"",0],UNIT[""degree"",0.0174532925199433,AUTHORITY[""EPSG"",""9122""]]],PROJECTION[""Transverse_Mercator""],PARAMETER[""latitude_of_origin"",0],PARAMETER[""central_meridian"",-123],PARAMETER[""scale_factor"",0.9996],PARAMETER[""false_easting"",500000],PARAMETER[""false_northing"",0],UNIT[""metre"",1,AUTHORITY[""EPSG"",""9001""]],AXIS[""Easting"",EAST],AXIS[""Northing"",NORTH]]","POLYGON ((619350.0 4926300.0, 619350.0 4941660.0, 634710.0 4941660.0, 634710.0 4926300.0, 619350.0 4926300.0))",9459,252648,37
validation,subsetted_512x512_HLS.S30.T10TFQ.2019305.v1.4,10TFQ,2019-11-01,"PROJCS[""UTM Zone 10, Northern Hemisphere"",GEOGCS[""Unknown datum based upon the WGS 84 ellipsoid"",DATUM[""Not specified (based on WGS 84 spheroid)"",SPHEROID[""WGS 84"",6378137,298.257223563,AUTHORITY[""EPSG"",""7030""]]],PRIMEM[""Greenwich"",0],UNIT[""degree"",0.0174532925199433,AUTHORITY[""EPSG"",""9122""]]],PROJECTION[""Transverse_Mercator""],PARAMETER[""latitude_of_origin"",0],PARAMETER[""central_meridian"",-123],PARAMETER[""scale_factor"",0.9996],PARAMETER[""false_easting"",500000],PARAMETER[""false_northing"",0],UNIT[""metre"",1,AUTHORITY[""EPSG"",""9001""]],AXIS[""Easting"",EAST],AXIS[""Northing"",NORTH]]","POLYGON ((672540.0 4912230.0, 672540.0 4927590.0, 687900.0 4927590.0, 687900.0 4912230.0, 672540.0 4912230.0))",8943,253166,35
validation,subsetted_512x512_HLS.S30.T10TFR.2018188.v1.4,10TFR,2018-07-07,"PROJCS[""UTM Zone 10, Northern Hemisphere"",GEOGCS[""Unknown datum based upon the WGS 84 ellipsoid"",DATUM[""Not specified (based on WGS 84 spheroid)"",SPHEROID[""WGS 84"",6378137,298.257223563,AUTHORITY[""EPSG"",""7030""]]],PRIMEM[""Greenwich"",0],UNIT[""degree"",0.0174532925199433,AUTHORITY[""EPSG"",""9122""]]],PROJECTION[""Transverse_Mercator""],PARAMETER[""latitude_of_origin"",0],PARAMETER[""central_meridian"",-123],PARAMETER[""scale_factor"",0.9996],PARAMETER[""false_easting"",500000],PARAMETER[""false_northing"",0],UNIT[""metre"",1,AUTHORITY[""EPSG"",""9001""]],AXIS[""Easting"",EAST],AXIS[""Northing"",NORTH]]","POLYGON ((681450.0 5008830.0, 681450.0 5024190.0, 696810.0 5024190.0, 696810.0 5008830.0, 681450.0 5008830.0))",72313,189831,0
validation,subsetted_512x512_HLS.S30.T10TFR.2020173.v1.4,10TFR,2020-06-21,"PROJCS[""UTM Zone 10, Northern Hemisphere"",GEOGCS[""Unknown datum based upon the WGS 84 ellipsoid"",DATUM[""Not specified (based on WGS 84 spheroid)"",SPHEROID[""WGS 84"",6378137,298.257223563,AUTHORITY[""EPSG"",""7030""]]],PRIMEM[""Greenwich"",0],UNIT[""degree"",0.0174532925199433,AUTHORITY[""EPSG"",""9122""]]],PROJECTION[""Transverse_Mercator""],PARAMETER[""latitude_of_origin"",0],PARAMETER[""central_meridian"",-123],PARAMETER[""scale_factor"",0.9996],PARAMETER[""false_easting"",500000],PARAMETER[""false_northing"",0],UNIT[""metre"",1,AUTHORITY[""EPSG"",""9001""]],AXIS[""Easting"",EAST],AXIS[""Northing"",NORTH]]","POLYGON ((694440.0 5039820.0, 694440.0 5055180.0, 709800.0 5055180.0, 709800.0 5039820.0, 694440.0 5039820.0))",4651,257493,0
validation,subsetted_512x512_HLS.S30.T10TGK.2019245.v1.4,10TGK,2019-09-02,"PROJCS[""UTM Zone 10, Northern Hemisphere"",GEOGCS[""Unknown datum based upon the WGS 84 ellipsoid"",DATUM[""Not specified (based on WGS 84 spheroid)"",SPHEROID[""WGS 84"",6378137,298.257223563,AUTHORITY[""EPSG"",""7030""]]],PRIMEM[""Greenwich"",0],UNIT[""degree"",0.0174532925199433,AUTHORITY[""EPSG"",""9122""]]],PROJECTION[""Transverse_Mercator""],PARAMETER[""latitude_of_origin"",0],PARAMETER[""central_meridian"",-123],PARAMETER[""scale_factor"",0.9996],PARAMETER[""false_easting"",500000],PARAMETER[""false_northing"",0],UNIT[""metre"",1,AUTHORITY[""EPSG"",""9001""]],AXIS[""Easting"",EAST],AXIS[""Northing"",NORTH]]","POLYGON ((749640.0 4411170.0, 749640.0 4426530.0, 765000.0 4426530.0, 765000.0 4411170.0, 749640.0 4411170.0))",11033,251111,0
validation,subsetted_512x512_HLS.S30.T10TGK.2020285.v1.4,10TGK,2020-10-11,"PROJCS[""UTM Zone 10, Northern Hemisphere"",GEOGCS[""Unknown datum based upon the WGS 84 ellipsoid"",DATUM[""Not specified (based on WGS 84 spheroid)"",SPHEROID[""WGS 84"",6378137,298.257223563,AUTHORITY[""EPSG"",""7030""]]],PRIMEM[""Greenwich"",0],UNIT[""degree"",0.0174532925199433,AUTHORITY[""EPSG"",""9122""]]],PROJECTION[""Transverse_Mercator""],PARAMETER[""latitude_of_origin"",0],PARAMETER[""central_meridian"",-123],PARAMETER[""scale_factor"",0.9996],PARAMETER[""false_easting"",500000],PARAMETER[""false_northing"",0],UNIT[""metre"",1,AUTHORITY[""EPSG"",""9001""]],AXIS[""Easting"",EAST],AXIS[""Northing"",NORTH]]","POLYGON ((740100.0 4391610.0, 740100.0 4406970.0, 755460.0 4406970.0, 755460.0 4391610.0, 740100.0 4391610.0))",179857,82287,0
validation,subsetted_512x512_HLS.S30.T10TGL.2018215.v1.4,10TGL,2018-08-03,"PROJCS[""UTM Zone 10, Northern Hemisphere"",GEOGCS[""Unknown datum based upon the WGS 84 ellipsoid"",DATUM[""Not specified (based on WGS 84 spheroid)"",SPHEROID[""WGS 84"",6378137,298.257223563,AUTHORITY[""EPSG"",""7030""]]],PRIMEM[""Greenwich"",0],UNIT[""degree"",0.0174532925199433,AUTHORITY[""EPSG"",""9122""]]],PROJECTION[""Transverse_Mercator""],PARAMETER[""latitude_of_origin"",0],PARAMETER[""central_meridian"",-123],PARAMETER[""scale_factor"",0.9996],PARAMETER[""false_easting"",500000],PARAMETER[""false_northing"",0],UNIT[""metre"",1,AUTHORITY[""EPSG"",""9001""]],AXIS[""Easting"",EAST],AXIS[""Northing"",NORTH]]","POLYGON ((734820.0 4564920.0, 734820.0 4580280.0, 750180.0 4580280.0, 750180.0 4564920.0, 734820.0 4564920.0))",9522,252622,0
validation,subsetted_512x512_HLS.S30.T10TGL.2020265.v1.4,10TGL,2020-09-21,"PROJCS[""UTM Zone 10, Northern Hemisphere"",GEOGCS[""Unknown datum based upon the WGS 84 ellipsoid"",DATUM[""Not specified (based on WGS 84 spheroid)"",SPHEROID[""WGS 84"",6378137,298.257223563,AUTHORITY[""EPSG"",""7030""]]],PRIMEM[""Greenwich"",0],UNIT[""degree"",0.0174532925199433,AUTHORITY[""EPSG"",""9122""]]],PROJECTION[""Transverse_Mercator""],PARAMETER[""latitude_of_origin"",0],PARAMETER[""central_meridian"",-123],PARAMETER[""scale_factor"",0.9996],PARAMETER[""false_easting"",500000],PARAMETER[""false_northing"",0],UNIT[""metre"",1,AUTHORITY[""EPSG"",""9001""]],AXIS[""Easting"",EAST],AXIS[""Northing"",NORTH]]","POLYGON ((737550.0 4545780.0, 737550.0 4561140.0, 752910.0 4561140.0, 752910.0 4545780.0, 737550.0 4545780.0))",218991,43153,0
validation,subsetted_512x512_HLS.S30.T10TGM.2020215.v1.4,10TGM,2020-08-02,"PROJCS[""UTM Zone 10, Northern Hemisphere"",GEOGCS[""Unknown datum based upon the WGS 84 ellipsoid"",DATUM[""Not specified (based on WGS 84 spheroid)"",SPHEROID[""WGS 84"",6378137,298.257223563,AUTHORITY[""EPSG"",""7030""]]],PRIMEM[""Greenwich"",0],UNIT[""degree"",0.0174532925199433,AUTHORITY[""EPSG"",""9122""]]],PROJECTION[""Transverse_Mercator""],PARAMETER[""latitude_of_origin"",0],PARAMETER[""central_meridian"",-123],PARAMETER[""scale_factor"",0.9996],PARAMETER[""false_easting"",500000],PARAMETER[""false_northing"",0],UNIT[""metre"",1,AUTHORITY[""EPSG"",""9001""]],AXIS[""Easting"",EAST],AXIS[""Northing"",NORTH]]","POLYGON ((769590.0 4625370.0, 769590.0 4640730.0, 784950.0 4640730.0, 784950.0 4625370.0, 769590.0 4625370.0))",8591,253553,0
validation,subsetted_512x512_HLS.S30.T10TGR.2018215.v1.4,10TGR,2018-08-03,"PROJCS[""UTM Zone 10, Northern Hemisphere"",GEOGCS[""Unknown datum based upon the WGS 84 ellipsoid"",DATUM[""Not specified (based on WGS 84 spheroid)"",SPHEROID[""WGS 84"",6378137,298.257223563,AUTHORITY[""EPSG"",""7030""]]],PRIMEM[""Greenwich"",0],UNIT[""degree"",0.0174532925199433,AUTHORITY[""EPSG"",""9122""]]],PROJECTION[""Transverse_Mercator""],PARAMETER[""latitude_of_origin"",0],PARAMETER[""central_meridian"",-123],PARAMETER[""scale_factor"",0.9996],PARAMETER[""false_easting"",500000],PARAMETER[""false_northing"",0],UNIT[""metre"",1,AUTHORITY[""EPSG"",""9001""]],AXIS[""Easting"",EAST],AXIS[""Northing"",NORTH]]","POLYGON ((719430.0 5064900.0, 719430.0 5080260.0, 734790.0 5080260.0, 734790.0 5064900.0, 719430.0 5064900.0))",6981,255163,0
validation,subsetted_512x512_HLS.S30.T10TGR.2019215.v1.4,10TGR,2019-08-03,"PROJCS[""UTM Zone 10, Northern Hemisphere"",GEOGCS[""Unknown datum based upon the WGS 84 ellipsoid"",DATUM[""Not specified (based on WGS 84 spheroid)"",SPHEROID[""WGS 84"",6378137,298.257223563,AUTHORITY[""EPSG"",""7030""]]],PRIMEM[""Greenwich"",0],UNIT[""degree"",0.0174532925199433,AUTHORITY[""EPSG"",""9122""]]],PROJECTION[""Transverse_Mercator""],PARAMETER[""latitude_of_origin"",0],PARAMETER[""central_meridian"",-123],PARAMETER[""scale_factor"",0.9996],PARAMETER[""false_easting"",500000],PARAMETER[""false_northing"",0],UNIT[""metre"",1,AUTHORITY[""EPSG"",""9001""]],AXIS[""Easting"",EAST],AXIS[""Northing"",NORTH]]","POLYGON ((714480.0 5059890.0, 714480.0 5075250.0, 729840.0 5075250.0, 729840.0 5059890.0, 714480.0 5059890.0))",5743,256401,0
validation,subsetted_512x512_HLS.S30.T10TGR.2019245.v1.4,10TGR,2019-09-02,"PROJCS[""UTM Zone 10, Northern Hemisphere"",GEOGCS[""Unknown datum based upon the WGS 84 ellipsoid"",DATUM[""Not specified (based on WGS 84 spheroid)"",SPHEROID[""WGS 84"",6378137,298.257223563,AUTHORITY[""EPSG"",""7030""]]],PRIMEM[""Greenwich"",0],UNIT[""degree"",0.0174532925199433,AUTHORITY[""EPSG"",""9122""]]],PROJECTION[""Transverse_Mercator""],PARAMETER[""latitude_of_origin"",0],PARAMETER[""central_meridian"",-123],PARAMETER[""scale_factor"",0.9996],PARAMETER[""false_easting"",500000],PARAMETER[""false_northing"",0],UNIT[""metre"",1,AUTHORITY[""EPSG"",""9001""]],AXIS[""Easting"",EAST],AXIS[""Northing"",NORTH]]","POLYGON ((774960.0 4990200.0, 774960.0 5005560.0, 790320.0 5005560.0, 790320.0 4990200.0, 774960.0 4990200.0))",9442,252702,0
validation,subsetted_512x512_HLS.S30.T10TGS.2018245.v1.4,10TGS,2018-09-02,"PROJCS[""UTM Zone 10, Northern Hemisphere"",GEOGCS[""Unknown datum based upon the WGS 84 ellipsoid"",DATUM[""Not specified (based on WGS 84 spheroid)"",SPHEROID[""WGS 84"",6378137,298.257223563,AUTHORITY[""EPSG"",""7030""]]],PRIMEM[""Greenwich"",0],UNIT[""degree"",0.0174532925199433,AUTHORITY[""EPSG"",""9122""]]],PROJECTION[""Transverse_Mercator""],PARAMETER[""latitude_of_origin"",0],PARAMETER[""central_meridian"",-123],PARAMETER[""scale_factor"",0.9996],PARAMETER[""false_easting"",500000],PARAMETER[""false_northing"",0],UNIT[""metre"",1,AUTHORITY[""EPSG"",""9001""]],AXIS[""Easting"",EAST],AXIS[""Northing"",NORTH]]","POLYGON ((773340.0 5175780.0, 773340.0 5191140.0, 788700.0 5191140.0, 788700.0 5175780.0, 773340.0 5175780.0))",8207,253869,68
validation,subsetted_512x512_HLS.S30.T10TGS.2019215.v1.4,10TGS,2019-08-03,"PROJCS[""UTM Zone 10, Northern Hemisphere"",GEOGCS[""Unknown datum based upon the WGS 84 ellipsoid"",DATUM[""Not specified (based on WGS 84 spheroid)"",SPHEROID[""WGS 84"",6378137,298.257223563,AUTHORITY[""EPSG"",""7030""]]],PRIMEM[""Greenwich"",0],UNIT[""degree"",0.0174532925199433,AUTHORITY[""EPSG"",""9122""]]],PROJECTION[""Transverse_Mercator""],PARAMETER[""latitude_of_origin"",0],PARAMETER[""central_meridian"",-123],PARAMETER[""scale_factor"",0.9996],PARAMETER[""false_easting"",500000],PARAMETER[""false_northing"",0],UNIT[""metre"",1,AUTHORITY[""EPSG"",""9001""]],AXIS[""Easting"",EAST],AXIS[""Northing"",NORTH]]","POLYGON ((702750.0 5171340.0, 702750.0 5186700.0, 718110.0 5186700.0, 718110.0 5171340.0, 702750.0 5171340.0))",13654,248490,0
validation,subsetted_512x512_HLS.S30.T10TGS.2020215.v1.4,10TGS,2020-08-02,"PROJCS[""UTM Zone 10, Northern Hemisphere"",GEOGCS[""Unknown datum based upon the WGS 84 ellipsoid"",DATUM[""Not specified (based on WGS 84 spheroid)"",SPHEROID[""WGS 84"",6378137,298.257223563,AUTHORITY[""EPSG"",""7030""]]],PRIMEM[""Greenwich"",0],UNIT[""degree"",0.0174532925199433,AUTHORITY[""EPSG"",""9122""]]],PROJECTION[""Transverse_Mercator""],PARAMETER[""latitude_of_origin"",0],PARAMETER[""central_meridian"",-123],PARAMETER[""scale_factor"",0.9996],PARAMETER[""false_easting"",500000],PARAMETER[""false_northing"",0],UNIT[""metre"",1,AUTHORITY[""EPSG"",""9001""]],AXIS[""Easting"",EAST],AXIS[""Northing"",NORTH]]","POLYGON ((756180.0000000001 5180340.0, 756180.0000000001 5195700.0, 771540.0000000001 5195700.0, 771540.0000000001 5180340.0, 756180.0000000001 5180340.0))",35187,226575,382
validation,subsetted_512x512_HLS.S30.T10TGT.2018188.v1.4,10TGT,2018-07-07,"PROJCS[""UTM Zone 10, Northern Hemisphere"",GEOGCS[""Unknown datum based upon the WGS 84 ellipsoid"",DATUM[""Not specified (based on WGS 84 spheroid)"",SPHEROID[""WGS 84"",6378137,298.257223563,AUTHORITY[""EPSG"",""7030""]]],PRIMEM[""Greenwich"",0],UNIT[""degree"",0.0174532925199433,AUTHORITY[""EPSG"",""9122""]]],PROJECTION[""Transverse_Mercator""],PARAMETER[""latitude_of_origin"",0],PARAMETER[""central_meridian"",-123],PARAMETER[""scale_factor"",0.9996],PARAMETER[""false_easting"",500000],PARAMETER[""false_northing"",0],UNIT[""metre"",1,AUTHORITY[""EPSG"",""9001""]],AXIS[""Easting"",EAST],AXIS[""Northing"",NORTH]]","POLYGON ((716760.0 5197830.0, 716760.0 5213190.0, 732120.0 5213190.0, 732120.0 5197830.0, 716760.0 5197830.0))",33305,228839,0
validation,subsetted_512x512_HLS.S30.T10TGT.2018285.v1.4,10TGT,2018-10-12,"PROJCS[""UTM Zone 10, Northern Hemisphere"",GEOGCS[""Unknown datum based upon the WGS 84 ellipsoid"",DATUM[""Not specified (based on WGS 84 spheroid)"",SPHEROID[""WGS 84"",6378137,298.257223563,AUTHORITY[""EPSG"",""7030""]]],PRIMEM[""Greenwich"",0],UNIT[""degree"",0.0174532925199433,AUTHORITY[""EPSG"",""9122""]]],PROJECTION[""Transverse_Mercator""],PARAMETER[""latitude_of_origin"",0],PARAMETER[""central_meridian"",-123],PARAMETER[""scale_factor"",0.9996],PARAMETER[""false_easting"",500000],PARAMETER[""false_northing"",0],UNIT[""metre"",1,AUTHORITY[""EPSG"",""9001""]],AXIS[""Easting"",EAST],AXIS[""Northing"",NORTH]]","POLYGON ((703140.0 5249160.0, 703140.0 5264520.0, 718500.0 5264520.0, 718500.0 5249160.0, 703140.0 5249160.0))",11730,250134,280
validation,subsetted_512x512_HLS.S30.T10TGT.2020218.v1.4,10TGT,2020-08-05,"PROJCS[""UTM Zone 10, Northern Hemisphere"",GEOGCS[""Unknown datum based upon the WGS 84 ellipsoid"",DATUM[""Not specified (based on WGS 84 spheroid)"",SPHEROID[""WGS 84"",6378137,298.257223563,AUTHORITY[""EPSG"",""7030""]]],PRIMEM[""Greenwich"",0],UNIT[""degree"",0.0174532925199433,AUTHORITY[""EPSG"",""9122""]]],PROJECTION[""Transverse_Mercator""],PARAMETER[""latitude_of_origin"",0],PARAMETER[""central_meridian"",-123],PARAMETER[""scale_factor"",0.9996],PARAMETER[""false_easting"",500000],PARAMETER[""false_northing"",0],UNIT[""metre"",1,AUTHORITY[""EPSG"",""9001""]],AXIS[""Easting"",EAST],AXIS[""Northing"",NORTH]]","POLYGON ((705060.0 5234490.0, 705060.0 5249850.0, 720420.0 5249850.0, 720420.0 5234490.0, 705060.0 5234490.0))",12271,249739,134
validation,subsetted_512x512_HLS.S30.T10UGV.2020218.v1.4,10UGV,2020-08-05,"PROJCS[""UTM Zone 10, Northern Hemisphere"",GEOGCS[""Unknown datum based upon the WGS 84 ellipsoid"",DATUM[""Not specified (based on WGS 84 spheroid)"",SPHEROID[""WGS 84"",6378137,298.257223563,AUTHORITY[""EPSG"",""7030""]]],PRIMEM[""Greenwich"",0],UNIT[""degree"",0.0174532925199433,AUTHORITY[""EPSG"",""9122""]]],PROJECTION[""Transverse_Mercator""],PARAMETER[""latitude_of_origin"",0],PARAMETER[""central_meridian"",-123],PARAMETER[""scale_factor"",0.9996],PARAMETER[""false_easting"",500000],PARAMETER[""false_northing"",0],UNIT[""metre"",1,AUTHORITY[""EPSG"",""9001""]],AXIS[""Easting"",EAST],AXIS[""Northing"",NORTH]]","POLYGON ((766710.0 5391120.0, 766710.0 5406480.0, 782070.0 5406480.0, 782070.0 5391120.0, 766710.0 5391120.0))",9227,252917,0
validation,subsetted_512x512_HLS.S30.T11SKU.2019002.v1.4,11SKU,2019-01-02,"PROJCS[""UTM Zone 11, Northern Hemisphere"",GEOGCS[""Unknown datum based upon the WGS 84 ellipsoid"",DATUM[""Not specified (based on WGS 84 spheroid)"",SPHEROID[""WGS 84"",6378137,298.257223563,AUTHORITY[""EPSG"",""7030""]]],PRIMEM[""Greenwich"",0],UNIT[""degree"",0.0174532925199433,AUTHORITY[""EPSG"",""9122""]]],PROJECTION[""Transverse_Mercator""],PARAMETER[""latitude_of_origin"",0],PARAMETER[""central_meridian"",-117],PARAMETER[""scale_factor"",0.9996],PARAMETER[""false_easting"",500000],PARAMETER[""false_northing"",0],UNIT[""metre"",1,AUTHORITY[""EPSG"",""9001""]],AXIS[""Easting"",EAST],AXIS[""Northing"",NORTH]]","POLYGON ((238290.0 3812220.0, 238290.0 3827580.0, 253649.99999999997 3827580.0, 253649.99999999997 3812220.0, 238290.0 3812220.0))",12444,249522,178
validation,subsetted_512x512_HLS.S30.T11SLB.2018197.v1.4,11SLB,2018-07-16,"PROJCS[""UTM Zone 11, Northern Hemisphere"",GEOGCS[""Unknown datum based upon the WGS 84 ellipsoid"",DATUM[""Not specified (based on WGS 84 spheroid)"",SPHEROID[""WGS 84"",6378137,298.257223563,AUTHORITY[""EPSG"",""7030""]]],PRIMEM[""Greenwich"",0],UNIT[""degree"",0.0174532925199433,AUTHORITY[""EPSG"",""9122""]]],PROJECTION[""Transverse_Mercator""],PARAMETER[""latitude_of_origin"",0],PARAMETER[""central_meridian"",-117],PARAMETER[""scale_factor"",0.9996],PARAMETER[""false_easting"",500000],PARAMETER[""false_northing"",0],UNIT[""metre"",1,AUTHORITY[""EPSG"",""9001""]],AXIS[""Easting"",EAST],AXIS[""Northing"",NORTH]]","POLYGON ((300870.0 4153469.9999999995, 300870.0 4168829.9999999995, 316230.0 4168829.9999999995, 316230.0 4153469.9999999995, 300870.0 4153469.9999999995))",64097,197987,60
validation,subsetted_512x512_HLS.S30.T11SLT.2019309.v1.4,11SLT,2019-11-05,"PROJCS[""UTM Zone 11, Northern Hemisphere"",GEOGCS[""Unknown datum based upon the WGS 84 ellipsoid"",DATUM[""Not specified (based on WGS 84 spheroid)"",SPHEROID[""WGS 84"",6378137,298.257223563,AUTHORITY[""EPSG"",""7030""]]],PRIMEM[""Greenwich"",0],UNIT[""degree"",0.0174532925199433,AUTHORITY[""EPSG"",""9122""]]],PROJECTION[""Transverse_Mercator""],PARAMETER[""latitude_of_origin"",0],PARAMETER[""central_meridian"",-117],PARAMETER[""scale_factor"",0.9996],PARAMETER[""false_easting"",500000],PARAMETER[""false_northing"",0],UNIT[""metre"",1,AUTHORITY[""EPSG"",""9001""]],AXIS[""Easting"",EAST],AXIS[""Northing"",NORTH]]","POLYGON ((324390.0 3784620.0, 324390.0 3799980.0, 339750.0 3799980.0, 339750.0 3784620.0, 324390.0 3784620.0))",9463,252652,29
validation,subsetted_512x512_HLS.S30.T11SLU.2018274.v1.4,11SLU,2018-10-01,"PROJCS[""UTM Zone 11, Northern Hemisphere"",GEOGCS[""Unknown datum based upon the WGS 84 ellipsoid"",DATUM[""Not specified (based on WGS 84 spheroid)"",SPHEROID[""WGS 84"",6378137,298.257223563,AUTHORITY[""EPSG"",""7030""]]],PRIMEM[""Greenwich"",0],UNIT[""degree"",0.0174532925199433,AUTHORITY[""EPSG"",""9122""]]],PROJECTION[""Transverse_Mercator""],PARAMETER[""latitude_of_origin"",0],PARAMETER[""central_meridian"",-117],PARAMETER[""scale_factor"",0.9996],PARAMETER[""false_easting"",500000],PARAMETER[""false_northing"",0],UNIT[""metre"",1,AUTHORITY[""EPSG"",""9001""]],AXIS[""Easting"",EAST],AXIS[""Northing"",NORTH]]","POLYGON ((349410.00000000006 3813120.0, 349410.00000000006 3828480.0, 364770.00000000006 3828480.0, 364770.00000000006 3813120.0, 349410.00000000006 3813120.0))",15136,247008,0
validation,subsetted_512x512_HLS.S30.T11SLU.2021188.v1.4,11SLU,2021-07-07,"PROJCS[""UTM Zone 11, Northern Hemisphere"",GEOGCS[""Unknown datum based upon the WGS 84 ellipsoid"",DATUM[""Not specified (based on WGS 84 spheroid)"",SPHEROID[""WGS 84"",6378137,298.257223563,AUTHORITY[""EPSG"",""7030""]]],PRIMEM[""Greenwich"",0],UNIT[""degree"",0.0174532925199433,AUTHORITY[""EPSG"",""9122""]]],PROJECTION[""Transverse_Mercator""],PARAMETER[""latitude_of_origin"",0],PARAMETER[""central_meridian"",-117],PARAMETER[""scale_factor"",0.9996],PARAMETER[""false_easting"",500000],PARAMETER[""false_northing"",0],UNIT[""metre"",1,AUTHORITY[""EPSG"",""9001""]],AXIS[""Easting"",EAST],AXIS[""Northing"",NORTH]]","POLYGON ((317880.0 3856140.0, 317880.0 3871500.0, 333240.0 3871500.0, 333240.0 3856140.0, 317880.0 3856140.0))",9210,252929,5
validation,subsetted_512x512_HLS.S30.T11SLV.2018249.v1.4,11SLV,2018-09-06,"PROJCS[""UTM Zone 11, Northern Hemisphere"",GEOGCS[""Unknown datum based upon the WGS 84 ellipsoid"",DATUM[""Not specified (based on WGS 84 spheroid)"",SPHEROID[""WGS 84"",6378137,298.257223563,AUTHORITY[""EPSG"",""7030""]]],PRIMEM[""Greenwich"",0],UNIT[""degree"",0.0174532925199433,AUTHORITY[""EPSG"",""9122""]]],PROJECTION[""Transverse_Mercator""],PARAMETER[""latitude_of_origin"",0],PARAMETER[""central_meridian"",-117],PARAMETER[""scale_factor"",0.9996],PARAMETER[""false_easting"",500000],PARAMETER[""false_northing"",0],UNIT[""metre"",1,AUTHORITY[""EPSG"",""9001""]],AXIS[""Easting"",EAST],AXIS[""Northing"",NORTH]]","POLYGON ((333000.0 3910080.0, 333000.0 3925440.0, 348360.0 3925440.0, 348360.0 3910080.0, 333000.0 3910080.0))",22346,239798,0
validation,subsetted_512x512_HLS.S30.T11SLV.2020222.v1.4,11SLV,2020-08-09,"PROJCS[""UTM Zone 11, Northern Hemisphere"",GEOGCS[""Unknown datum based upon the WGS 84 ellipsoid"",DATUM[""Not specified (based on WGS 84 spheroid)"",SPHEROID[""WGS 84"",6378137,298.257223563,AUTHORITY[""EPSG"",""7030""]]],PRIMEM[""Greenwich"",0],UNIT[""degree"",0.0174532925199433,AUTHORITY[""EPSG"",""9122""]]],PROJECTION[""Transverse_Mercator""],PARAMETER[""latitude_of_origin"",0],PARAMETER[""central_meridian"",-117],PARAMETER[""scale_factor"",0.9996],PARAMETER[""false_easting"",500000],PARAMETER[""false_northing"",0],UNIT[""metre"",1,AUTHORITY[""EPSG"",""9001""]],AXIS[""Easting"",EAST],AXIS[""Northing"",NORTH]]","POLYGON ((342240.0 3900630.0, 342240.0 3915990.0, 357600.0 3915990.0, 357600.0 3900630.0, 342240.0 3900630.0))",14019,248125,0
validation,subsetted_512x512_HLS.S30.T11SLV.2021186.v1.4,11SLV,2021-07-05,"PROJCS[""UTM Zone 11, Northern Hemisphere"",GEOGCS[""Unknown datum based upon the WGS 84 ellipsoid"",DATUM[""Not specified (based on WGS 84 spheroid)"",SPHEROID[""WGS 84"",6378137,298.257223563,AUTHORITY[""EPSG"",""7030""]]],PRIMEM[""Greenwich"",0],UNIT[""degree"",0.0174532925199433,AUTHORITY[""EPSG"",""9122""]]],PROJECTION[""Transverse_Mercator""],PARAMETER[""latitude_of_origin"",0],PARAMETER[""central_meridian"",-117],PARAMETER[""scale_factor"",0.9996],PARAMETER[""false_easting"",500000],PARAMETER[""false_northing"",0],UNIT[""metre"",1,AUTHORITY[""EPSG"",""9001""]],AXIS[""Easting"",EAST],AXIS[""Northing"",NORTH]]","POLYGON ((333390.0 3978240.0, 333390.0 3993600.0, 348750.0 3993600.0, 348750.0 3978240.0, 333390.0 3978240.0))",6174,255968,2
validation,subsetted_512x512_HLS.S30.T11SLV.2021216.v1.4,11SLV,2021-08-04,"PROJCS[""UTM Zone 11, Northern Hemisphere"",GEOGCS[""Unknown datum based upon the WGS 84 ellipsoid"",DATUM[""Not specified (based on WGS 84 spheroid)"",SPHEROID[""WGS 84"",6378137,298.257223563,AUTHORITY[""EPSG"",""7030""]]],PRIMEM[""Greenwich"",0],UNIT[""degree"",0.0174532925199433,AUTHORITY[""EPSG"",""9122""]]],PROJECTION[""Transverse_Mercator""],PARAMETER[""latitude_of_origin"",0],PARAMETER[""central_meridian"",-117],PARAMETER[""scale_factor"",0.9996],PARAMETER[""false_easting"",500000],PARAMETER[""false_northing"",0],UNIT[""metre"",1,AUTHORITY[""EPSG"",""9001""]],AXIS[""Easting"",EAST],AXIS[""Northing"",NORTH]]","POLYGON ((364650.0 3912960.0, 364650.0 3928320.0, 380010.0 3928320.0, 380010.0 3912960.0, 364650.0 3912960.0))",10409,197094,54641
validation,subsetted_512x512_HLS.S30.T11SLV.2021331.v1.4,11SLV,2021-11-27,"PROJCS[""UTM Zone 11, Northern Hemisphere"",GEOGCS[""Unknown datum based upon the WGS 84 ellipsoid"",DATUM[""Not specified (based on WGS 84 spheroid)"",SPHEROID[""WGS 84"",6378137,298.257223563,AUTHORITY[""EPSG"",""7030""]]],PRIMEM[""Greenwich"",0],UNIT[""degree"",0.0174532925199433,AUTHORITY[""EPSG"",""9122""]]],PROJECTION[""Transverse_Mercator""],PARAMETER[""latitude_of_origin"",0],PARAMETER[""central_meridian"",-117],PARAMETER[""scale_factor"",0.9996],PARAMETER[""false_easting"",500000],PARAMETER[""false_northing"",0],UNIT[""metre"",1,AUTHORITY[""EPSG"",""9001""]],AXIS[""Easting"",EAST],AXIS[""Northing"",NORTH]]","POLYGON ((348000.0 3975360.0, 348000.0 3990720.0, 363360.0 3990720.0, 363360.0 3975360.0, 348000.0 3975360.0))",229729,32414,1
validation,subsetted_512x512_HLS.S30.T11SMS.2018259.v1.4,11SMS,2018-09-16,"PROJCS[""UTM Zone 11, Northern Hemisphere"",GEOGCS[""Unknown datum based upon the WGS 84 ellipsoid"",DATUM[""Not specified (based on WGS 84 spheroid)"",SPHEROID[""WGS 84"",6378137,298.257223563,AUTHORITY[""EPSG"",""7030""]]],PRIMEM[""Greenwich"",0],UNIT[""degree"",0.0174532925199433,AUTHORITY[""EPSG"",""9122""]]],PROJECTION[""Transverse_Mercator""],PARAMETER[""latitude_of_origin"",0],PARAMETER[""central_meridian"",-117],PARAMETER[""scale_factor"",0.9996],PARAMETER[""false_easting"",500000],PARAMETER[""false_northing"",0],UNIT[""metre"",1,AUTHORITY[""EPSG"",""9001""]],AXIS[""Easting"",EAST],AXIS[""Northing"",NORTH]]","POLYGON ((453360.0 3684390.0, 453360.0 3699750.0, 468720.0 3699750.0, 468720.0 3684390.0, 453360.0 3684390.0))",13307,248836,1
validation,subsetted_512x512_HLS.S30.T11SMS.2020029.v1.4,11SMS,2020-01-29,"PROJCS[""UTM Zone 11, Northern Hemisphere"",GEOGCS[""Unknown datum based upon the WGS 84 ellipsoid"",DATUM[""Not specified (based on WGS 84 spheroid)"",SPHEROID[""WGS 84"",6378137,298.257223563,AUTHORITY[""EPSG"",""7030""]]],PRIMEM[""Greenwich"",0],UNIT[""degree"",0.0174532925199433,AUTHORITY[""EPSG"",""9122""]]],PROJECTION[""Transverse_Mercator""],PARAMETER[""latitude_of_origin"",0],PARAMETER[""central_meridian"",-117],PARAMETER[""scale_factor"",0.9996],PARAMETER[""false_easting"",500000],PARAMETER[""false_northing"",0],UNIT[""metre"",1,AUTHORITY[""EPSG"",""9001""]],AXIS[""Easting"",EAST],AXIS[""Northing"",NORTH]]","POLYGON ((465240.0 3684600.0, 465240.0 3699960.0, 480600.0 3699960.0, 480600.0 3684600.0, 465240.0 3684600.0))",19803,241959,382
validation,subsetted_512x512_HLS.S30.T11SMT.2019309.v1.4,11SMT,2019-11-05,"PROJCS[""UTM Zone 11, Northern Hemisphere"",GEOGCS[""Unknown datum based upon the WGS 84 ellipsoid"",DATUM[""Not specified (based on WGS 84 spheroid)"",SPHEROID[""WGS 84"",6378137,298.257223563,AUTHORITY[""EPSG"",""7030""]]],PRIMEM[""Greenwich"",0],UNIT[""degree"",0.0174532925199433,AUTHORITY[""EPSG"",""9122""]]],PROJECTION[""Transverse_Mercator""],PARAMETER[""latitude_of_origin"",0],PARAMETER[""central_meridian"",-117],PARAMETER[""scale_factor"",0.9996],PARAMETER[""false_easting"",500000],PARAMETER[""false_northing"",0],UNIT[""metre"",1,AUTHORITY[""EPSG"",""9001""]],AXIS[""Easting"",EAST],AXIS[""Northing"",NORTH]]","POLYGON ((484320.0 3754320.0, 484320.0 3769680.0, 499680.00000000006 3769680.0, 499680.00000000006 3754320.0, 484320.0 3754320.0))",4719,257402,23
validation,subsetted_512x512_HLS.S30.T11SMT.2021248.v1.4,11SMT,2021-09-05,"PROJCS[""UTM Zone 11, Northern Hemisphere"",GEOGCS[""Unknown datum based upon the WGS 84 ellipsoid"",DATUM[""Not specified (based on WGS 84 spheroid)"",SPHEROID[""WGS 84"",6378137,298.257223563,AUTHORITY[""EPSG"",""7030""]]],PRIMEM[""Greenwich"",0],UNIT[""degree"",0.0174532925199433,AUTHORITY[""EPSG"",""9122""]]],PROJECTION[""Transverse_Mercator""],PARAMETER[""latitude_of_origin"",0],PARAMETER[""central_meridian"",-117],PARAMETER[""scale_factor"",0.9996],PARAMETER[""false_easting"",500000],PARAMETER[""false_northing"",0],UNIT[""metre"",1,AUTHORITY[""EPSG"",""9001""]],AXIS[""Easting"",EAST],AXIS[""Northing"",NORTH]]","POLYGON ((456750.0 3698190.0, 456750.0 3713550.0, 472110.0 3713550.0, 472110.0 3698190.0, 456750.0 3698190.0))",7196,254944,4
validation,subsetted_512x512_HLS.S30.T11SMU.2020299.v1.4,11SMU,2020-10-25,"PROJCS[""UTM Zone 11, Northern Hemisphere"",GEOGCS[""Unknown datum based upon the WGS 84 ellipsoid"",DATUM[""Not specified (based on WGS 84 spheroid)"",SPHEROID[""WGS 84"",6378137,298.257223563,AUTHORITY[""EPSG"",""7030""]]],PRIMEM[""Greenwich"",0],UNIT[""degree"",0.0174532925199433,AUTHORITY[""EPSG"",""9122""]]],PROJECTION[""Transverse_Mercator""],PARAMETER[""latitude_of_origin"",0],PARAMETER[""central_meridian"",-117],PARAMETER[""scale_factor"",0.9996],PARAMETER[""false_easting"",500000],PARAMETER[""false_northing"",0],UNIT[""metre"",1,AUTHORITY[""EPSG"",""9001""]],AXIS[""Easting"",EAST],AXIS[""Northing"",NORTH]]","POLYGON ((408120.0 3796020.0, 408120.0 3811380.0, 423480.0 3811380.0, 423480.0 3796020.0, 408120.0 3796020.0))",194575,60462,7107
validation,subsetted_512x512_HLS.S30.T11SMV.2020234.v1.4,11SMV,2020-08-21,"PROJCS[""UTM Zone 11, Northern Hemisphere"",GEOGCS[""Unknown datum based upon the WGS 84 ellipsoid"",DATUM[""Not specified (based on WGS 84 spheroid)"",SPHEROID[""WGS 84"",6378137,298.257223563,AUTHORITY[""EPSG"",""7030""]]],PRIMEM[""Greenwich"",0],UNIT[""degree"",0.0174532925199433,AUTHORITY[""EPSG"",""9122""]]],PROJECTION[""Transverse_Mercator""],PARAMETER[""latitude_of_origin"",0],PARAMETER[""central_meridian"",-117],PARAMETER[""scale_factor"",0.9996],PARAMETER[""false_easting"",500000],PARAMETER[""false_northing"",0],UNIT[""metre"",1,AUTHORITY[""EPSG"",""9001""]],AXIS[""Easting"",EAST],AXIS[""Northing"",NORTH]]","POLYGON ((450510.0 3977700.0, 450510.0 3993060.0, 465870.0 3993060.0, 465870.0 3977700.0, 450510.0 3977700.0))",41933,219621,590
validation,subsetted_512x512_HLS.S30.T11SNT.2020221.v1.4,11SNT,2020-08-08,"PROJCS[""UTM Zone 11, Northern Hemisphere"",GEOGCS[""Unknown datum based upon the WGS 84 ellipsoid"",DATUM[""Not specified (based on WGS 84 spheroid)"",SPHEROID[""WGS 84"",6378137,298.257223563,AUTHORITY[""EPSG"",""7030""]]],PRIMEM[""Greenwich"",0],UNIT[""degree"",0.0174532925199433,AUTHORITY[""EPSG"",""9122""]]],PROJECTION[""Transverse_Mercator""],PARAMETER[""latitude_of_origin"",0],PARAMETER[""central_meridian"",-117],PARAMETER[""scale_factor"",0.9996],PARAMETER[""false_easting"",500000],PARAMETER[""false_northing"",0],UNIT[""metre"",1,AUTHORITY[""EPSG"",""9001""]],AXIS[""Easting"",EAST],AXIS[""Northing"",NORTH]]","POLYGON ((505350.0 3757170.0, 505350.0 3772530.0, 520710.0 3772530.0, 520710.0 3757170.0, 505350.0 3757170.0))",139761,122335,48
validation,subsetted_512x512_HLS.S30.T11SPB.2019281.v1.4,11SPB,2019-10-08,"PROJCS[""UTM Zone 11, Northern Hemisphere"",GEOGCS[""Unknown datum based upon the WGS 84 ellipsoid"",DATUM[""Not specified (based on WGS 84 spheroid)"",SPHEROID[""WGS 84"",6378137,298.257223563,AUTHORITY[""EPSG"",""7030""]]],PRIMEM[""Greenwich"",0],UNIT[""degree"",0.0174532925199433,AUTHORITY[""EPSG"",""9122""]]],PROJECTION[""Transverse_Mercator""],PARAMETER[""latitude_of_origin"",0],PARAMETER[""central_meridian"",-117],PARAMETER[""scale_factor"",0.9996],PARAMETER[""false_easting"",500000],PARAMETER[""false_northing"",0],UNIT[""metre"",1,AUTHORITY[""EPSG"",""9001""]],AXIS[""Easting"",EAST],AXIS[""Northing"",NORTH]]","POLYGON ((677970.0 4112730.0, 677970.0 4128090.0, 693330.0 4128090.0, 693330.0 4112730.0, 677970.0 4112730.0))",14411,247731,2
validation,subsetted_512x512_HLS.S30.T11SPB.2020241.v1.4,11SPB,2020-08-28,"PROJCS[""UTM Zone 11, Northern Hemisphere"",GEOGCS[""Unknown datum based upon the WGS 84 ellipsoid"",DATUM[""Not specified (based on WGS 84 spheroid)"",SPHEROID[""WGS 84"",6378137,298.257223563,AUTHORITY[""EPSG"",""7030""]]],PRIMEM[""Greenwich"",0],UNIT[""degree"",0.0174532925199433,AUTHORITY[""EPSG"",""9122""]]],PROJECTION[""Transverse_Mercator""],PARAMETER[""latitude_of_origin"",0],PARAMETER[""central_meridian"",-117],PARAMETER[""scale_factor"",0.9996],PARAMETER[""false_easting"",500000],PARAMETER[""false_northing"",0],UNIT[""metre"",1,AUTHORITY[""EPSG"",""9001""]],AXIS[""Easting"",EAST],AXIS[""Northing"",NORTH]]","POLYGON ((688500.0 4126589.9999999995, 688500.0 4141949.9999999995, 703860.0 4141949.9999999995, 703860.0 4126589.9999999995, 688500.0 4126589.9999999995))",56407,205737,0
validation,subsetted_512x512_HLS.S30.T11SPD.2020184.v1.4,11SPD,2020-07-02,"PROJCS[""UTM Zone 11, Northern Hemisphere"",GEOGCS[""Unknown datum based upon the WGS 84 ellipsoid"",DATUM[""Not specified (based on WGS 84 spheroid)"",SPHEROID[""WGS 84"",6378137,298.257223563,AUTHORITY[""EPSG"",""7030""]]],PRIMEM[""Greenwich"",0],UNIT[""degree"",0.0174532925199433,AUTHORITY[""EPSG"",""9122""]]],PROJECTION[""Transverse_Mercator""],PARAMETER[""latitude_of_origin"",0],PARAMETER[""central_meridian"",-117],PARAMETER[""scale_factor"",0.9996],PARAMETER[""false_easting"",500000],PARAMETER[""false_northing"",0],UNIT[""metre"",1,AUTHORITY[""EPSG"",""9001""]],AXIS[""Easting"",EAST],AXIS[""Northing"",NORTH]]","POLYGON ((666240.0 4291530.0, 666240.0 4306890.0, 681600.0 4306890.0, 681600.0 4291530.0, 666240.0 4291530.0))",37985,224159,0
validation,subsetted_512x512_HLS.S30.T11SQA.2019226.v1.4,11SQA,2019-08-14,"PROJCS[""UTM Zone 11, Northern Hemisphere"",GEOGCS[""Unknown datum based upon the WGS 84 ellipsoid"",DATUM[""Not specified (based on WGS 84 spheroid)"",SPHEROID[""WGS 84"",6378137,298.257223563,AUTHORITY[""EPSG"",""7030""]]],PRIMEM[""Greenwich"",0],UNIT[""degree"",0.0174532925199433,AUTHORITY[""EPSG"",""9122""]]],PROJECTION[""Transverse_Mercator""],PARAMETER[""latitude_of_origin"",0],PARAMETER[""central_meridian"",-117],PARAMETER[""scale_factor"",0.9996],PARAMETER[""false_easting"",500000],PARAMETER[""false_northing"",0],UNIT[""metre"",1,AUTHORITY[""EPSG"",""9001""]],AXIS[""Easting"",EAST],AXIS[""Northing"",NORTH]]","POLYGON ((739770.0 3998460.0, 739770.0 4013820.0, 755130.0 4013820.0, 755130.0 3998460.0, 739770.0 3998460.0))",18442,243702,0
validation,subsetted_512x512_HLS.S30.T11SQB.2020241.v1.4,11SQB,2020-08-28,"PROJCS[""UTM Zone 11, Northern Hemisphere"",GEOGCS[""Unknown datum based upon the WGS 84 ellipsoid"",DATUM[""Not specified (based on WGS 84 spheroid)"",SPHEROID[""WGS 84"",6378137,298.257223563,AUTHORITY[""EPSG"",""7030""]]],PRIMEM[""Greenwich"",0],UNIT[""degree"",0.0174532925199433,AUTHORITY[""EPSG"",""9122""]]],PROJECTION[""Transverse_Mercator""],PARAMETER[""latitude_of_origin"",0],PARAMETER[""central_meridian"",-117],PARAMETER[""scale_factor"",0.9996],PARAMETER[""false_easting"",500000],PARAMETER[""false_northing"",0],UNIT[""metre"",1,AUTHORITY[""EPSG"",""9001""]],AXIS[""Easting"",EAST],AXIS[""Northing"",NORTH]]","POLYGON ((705630.0 4111230.0, 705630.0 4126590.0, 720990.0 4126590.0, 720990.0 4111230.0, 705630.0 4111230.0))",184294,77850,0
validation,subsetted_512x512_HLS.S30.T11TLE.2019257.v1.4,11TLE,2019-09-14,"PROJCS[""UTM Zone 11, Northern Hemisphere"",GEOGCS[""Unknown datum based upon the WGS 84 ellipsoid"",DATUM[""Not specified (based on WGS 84 spheroid)"",SPHEROID[""WGS 84"",6378137,298.257223563,AUTHORITY[""EPSG"",""7030""]]],PRIMEM[""Greenwich"",0],UNIT[""degree"",0.0174532925199433,AUTHORITY[""EPSG"",""9122""]]],PROJECTION[""Transverse_Mercator""],PARAMETER[""latitude_of_origin"",0],PARAMETER[""central_meridian"",-117],PARAMETER[""scale_factor"",0.9996],PARAMETER[""false_easting"",500000],PARAMETER[""false_northing"",0],UNIT[""metre"",1,AUTHORITY[""EPSG"",""9001""]],AXIS[""Easting"",EAST],AXIS[""Northing"",NORTH]]","POLYGON ((388980.0 4392510.0, 388980.0 4407870.0, 404340.0 4407870.0, 404340.0 4392510.0, 388980.0 4392510.0))",5758,256386,0
validation,subsetted_512x512_HLS.S30.T11TLG.2018247.v1.4,11TLG,2018-09-04,"PROJCS[""UTM Zone 11, Northern Hemisphere"",GEOGCS[""Unknown datum based upon the WGS 84 ellipsoid"",DATUM[""Not specified (based on WGS 84 spheroid)"",SPHEROID[""WGS 84"",6378137,298.257223563,AUTHORITY[""EPSG"",""7030""]]],PRIMEM[""Greenwich"",0],UNIT[""degree"",0.0174532925199433,AUTHORITY[""EPSG"",""9122""]]],PROJECTION[""Transverse_Mercator""],PARAMETER[""latitude_of_origin"",0],PARAMETER[""central_meridian"",-117],PARAMETER[""scale_factor"",0.9996],PARAMETER[""false_easting"",500000],PARAMETER[""false_northing"",0],UNIT[""metre"",1,AUTHORITY[""EPSG"",""9001""]],AXIS[""Easting"",EAST],AXIS[""Northing"",NORTH]]","POLYGON ((355230.0 4628610.0, 355230.0 4643970.0, 370590.0 4643970.0, 370590.0 4628610.0, 355230.0 4628610.0))",10436,251708,0
validation,subsetted_512x512_HLS.S30.T11TLH.2018152.v1.4,11TLH,2018-06-01,"PROJCS[""UTM Zone 11, Northern Hemisphere"",GEOGCS[""Unknown datum based upon the WGS 84 ellipsoid"",DATUM[""Not specified (based on WGS 84 spheroid)"",SPHEROID[""WGS 84"",6378137,298.257223563,AUTHORITY[""EPSG"",""7030""]]],PRIMEM[""Greenwich"",0],UNIT[""degree"",0.0174532925199433,AUTHORITY[""EPSG"",""9122""]]],PROJECTION[""Transverse_Mercator""],PARAMETER[""latitude_of_origin"",0],PARAMETER[""central_meridian"",-117],PARAMETER[""scale_factor"",0.9996],PARAMETER[""false_easting"",500000],PARAMETER[""false_northing"",0],UNIT[""metre"",1,AUTHORITY[""EPSG"",""9001""]],AXIS[""Easting"",EAST],AXIS[""Northing"",NORTH]]","POLYGON ((344100.0 4784580.0, 344100.0 4799940.0, 359460.0 4799940.0, 359460.0 4784580.0, 344100.0 4784580.0))",4654,257490,0
validation,subsetted_512x512_HLS.S30.T11TLL.2018215.v1.4,11TLL,2018-08-03,"PROJCS[""UTM Zone 11, Northern Hemisphere"",GEOGCS[""Unknown datum based upon the WGS 84 ellipsoid"",DATUM[""Not specified (based on WGS 84 spheroid)"",SPHEROID[""WGS 84"",6378137,298.257223563,AUTHORITY[""EPSG"",""7030""]]],PRIMEM[""Greenwich"",0],UNIT[""degree"",0.0174532925199433,AUTHORITY[""EPSG"",""9122""]]],PROJECTION[""Transverse_Mercator""],PARAMETER[""latitude_of_origin"",0],PARAMETER[""central_meridian"",-117],PARAMETER[""scale_factor"",0.9996],PARAMETER[""false_easting"",500000],PARAMETER[""false_northing"",0],UNIT[""metre"",1,AUTHORITY[""EPSG"",""9001""]],AXIS[""Easting"",EAST],AXIS[""Northing"",NORTH]]","POLYGON ((336360.0 5082570.0, 336360.0 5097930.0, 351720.0 5097930.0, 351720.0 5082570.0, 336360.0 5082570.0))",53821,208322,1
validation,subsetted_512x512_HLS.S30.T11TLM.2018245.v1.4,11TLM,2018-09-02,"PROJCS[""UTM Zone 11, Northern Hemisphere"",GEOGCS[""Unknown datum based upon the WGS 84 ellipsoid"",DATUM[""Not specified (based on WGS 84 spheroid)"",SPHEROID[""WGS 84"",6378137,298.257223563,AUTHORITY[""EPSG"",""7030""]]],PRIMEM[""Greenwich"",0],UNIT[""degree"",0.0174532925199433,AUTHORITY[""EPSG"",""9122""]]],PROJECTION[""Transverse_Mercator""],PARAMETER[""latitude_of_origin"",0],PARAMETER[""central_meridian"",-117],PARAMETER[""scale_factor"",0.9996],PARAMETER[""false_easting"",500000],PARAMETER[""false_northing"",0],UNIT[""metre"",1,AUTHORITY[""EPSG"",""9001""]],AXIS[""Easting"",EAST],AXIS[""Northing"",NORTH]]","POLYGON ((339990.0 5138010.0, 339990.0 5153370.0, 355350.0 5153370.0, 355350.0 5138010.0, 339990.0 5138010.0))",7719,254412,13
validation,subsetted_512x512_HLS.S30.T11TLM.2019245.v1.4,11TLM,2019-09-02,"PROJCS[""UTM Zone 11, Northern Hemisphere"",GEOGCS[""Unknown datum based upon the WGS 84 ellipsoid"",DATUM[""Not specified (based on WGS 84 spheroid)"",SPHEROID[""WGS 84"",6378137,298.257223563,AUTHORITY[""EPSG"",""7030""]]],PRIMEM[""Greenwich"",0],UNIT[""degree"",0.0174532925199433,AUTHORITY[""EPSG"",""9122""]]],PROJECTION[""Transverse_Mercator""],PARAMETER[""latitude_of_origin"",0],PARAMETER[""central_meridian"",-117],PARAMETER[""scale_factor"",0.9996],PARAMETER[""false_easting"",500000],PARAMETER[""false_northing"",0],UNIT[""metre"",1,AUTHORITY[""EPSG"",""9001""]],AXIS[""Easting"",EAST],AXIS[""Northing"",NORTH]]","POLYGON ((363420.0 5158050.0, 363420.0 5173410.0, 378780.0 5173410.0, 378780.0 5158050.0, 363420.0 5158050.0))",5341,256803,0
validation,subsetted_512x512_HLS.S30.T11TME.2019222.v1.4,11TME,2019-08-10,"PROJCS[""UTM Zone 11, Northern Hemisphere"",GEOGCS[""Unknown datum based upon the WGS 84 ellipsoid"",DATUM[""Not specified (based on WGS 84 spheroid)"",SPHEROID[""WGS 84"",6378137,298.257223563,AUTHORITY[""EPSG"",""7030""]]],PRIMEM[""Greenwich"",0],UNIT[""degree"",0.0174532925199433,AUTHORITY[""EPSG"",""9122""]]],PROJECTION[""Transverse_Mercator""],PARAMETER[""latitude_of_origin"",0],PARAMETER[""central_meridian"",-117],PARAMETER[""scale_factor"",0.9996],PARAMETER[""false_easting"",500000],PARAMETER[""false_northing"",0],UNIT[""metre"",1,AUTHORITY[""EPSG"",""9001""]],AXIS[""Easting"",EAST],AXIS[""Northing"",NORTH]]","POLYGON ((449310.0 4484580.0, 449310.0 4499940.0, 464670.0 4499940.0, 464670.0 4484580.0, 449310.0 4484580.0))",7483,254164,497
validation,subsetted_512x512_HLS.S30.T11TMF.2020217.v1.4,11TMF,2020-08-04,"PROJCS[""UTM Zone 11, Northern Hemisphere"",GEOGCS[""Unknown datum based upon the WGS 84 ellipsoid"",DATUM[""Not specified (based on WGS 84 spheroid)"",SPHEROID[""WGS 84"",6378137,298.257223563,AUTHORITY[""EPSG"",""7030""]]],PRIMEM[""Greenwich"",0],UNIT[""degree"",0.0174532925199433,AUTHORITY[""EPSG"",""9122""]]],PROJECTION[""Transverse_Mercator""],PARAMETER[""latitude_of_origin"",0],PARAMETER[""central_meridian"",-117],PARAMETER[""scale_factor"",0.9996],PARAMETER[""false_easting"",500000],PARAMETER[""false_northing"",0],UNIT[""metre"",1,AUTHORITY[""EPSG"",""9001""]],AXIS[""Easting"",EAST],AXIS[""Northing"",NORTH]]","POLYGON ((470250.0 4558410.0, 470250.0 4573770.0, 485610.0 4573770.0, 485610.0 4558410.0, 470250.0 4558410.0))",5291,256853,0
validation,subsetted_512x512_HLS.S30.T11TMG.2019217.v1.4,11TMG,2019-08-05,"PROJCS[""UTM Zone 11, Northern Hemisphere"",GEOGCS[""Unknown datum based upon the WGS 84 ellipsoid"",DATUM[""Not specified (based on WGS 84 spheroid)"",SPHEROID[""WGS 84"",6378137,298.257223563,AUTHORITY[""EPSG"",""7030""]]],PRIMEM[""Greenwich"",0],UNIT[""degree"",0.0174532925199433,AUTHORITY[""EPSG"",""9122""]]],PROJECTION[""Transverse_Mercator""],PARAMETER[""latitude_of_origin"",0],PARAMETER[""central_meridian"",-117],PARAMETER[""scale_factor"",0.9996],PARAMETER[""false_easting"",500000],PARAMETER[""false_northing"",0],UNIT[""metre"",1,AUTHORITY[""EPSG"",""9001""]],AXIS[""Easting"",EAST],AXIS[""Northing"",NORTH]]","POLYGON ((425880.0 4602030.0, 425880.0 4617390.0, 441240.0 4617390.0, 441240.0 4602030.0, 425880.0 4602030.0))",5337,256807,0
validation,subsetted_512x512_HLS.S30.T11TMH.2019227.v1.4,11TMH,2019-08-15,"PROJCS[""UTM Zone 11, Northern Hemisphere"",GEOGCS[""Unknown datum based upon the WGS 84 ellipsoid"",DATUM[""Not specified (based on WGS 84 spheroid)"",SPHEROID[""WGS 84"",6378137,298.257223563,AUTHORITY[""EPSG"",""7030""]]],PRIMEM[""Greenwich"",0],UNIT[""degree"",0.0174532925199433,AUTHORITY[""EPSG"",""9122""]]],PROJECTION[""Transverse_Mercator""],PARAMETER[""latitude_of_origin"",0],PARAMETER[""central_meridian"",-117],PARAMETER[""scale_factor"",0.9996],PARAMETER[""false_easting"",500000],PARAMETER[""false_northing"",0],UNIT[""metre"",1,AUTHORITY[""EPSG"",""9001""]],AXIS[""Easting"",EAST],AXIS[""Northing"",NORTH]]","POLYGON ((473160.0 4692780.0, 473160.0 4708140.0, 488520.0 4708140.0, 488520.0 4692780.0, 473160.0 4692780.0))",11109,251035,0
validation,subsetted_512x512_HLS.S30.T11TMK.2018217.v1.4,11TMK,2018-08-05,"PROJCS[""UTM Zone 11, Northern Hemisphere"",GEOGCS[""Unknown datum based upon the WGS 84 ellipsoid"",DATUM[""Not specified (based on WGS 84 spheroid)"",SPHEROID[""WGS 84"",6378137,298.257223563,AUTHORITY[""EPSG"",""7030""]]],PRIMEM[""Greenwich"",0],UNIT[""degree"",0.0174532925199433,AUTHORITY[""EPSG"",""9122""]]],PROJECTION[""Transverse_Mercator""],PARAMETER[""latitude_of_origin"",0],PARAMETER[""central_meridian"",-117],PARAMETER[""scale_factor"",0.9996],PARAMETER[""false_easting"",500000],PARAMETER[""false_northing"",0],UNIT[""metre"",1,AUTHORITY[""EPSG"",""9001""]],AXIS[""Easting"",EAST],AXIS[""Northing"",NORTH]]","POLYGON ((478680.0 4915650.0, 478680.0 4931010.0, 494040.0 4931010.0, 494040.0 4915650.0, 478680.0 4915650.0))",6011,256133,0
validation,subsetted_512x512_HLS.S30.T11TMK.2020247.v1.4,11TMK,2020-09-03,"PROJCS[""UTM Zone 11, Northern Hemisphere"",GEOGCS[""Unknown datum based upon the WGS 84 ellipsoid"",DATUM[""Not specified (based on WGS 84 spheroid)"",SPHEROID[""WGS 84"",6378137,298.257223563,AUTHORITY[""EPSG"",""7030""]]],PRIMEM[""Greenwich"",0],UNIT[""degree"",0.0174532925199433,AUTHORITY[""EPSG"",""9122""]]],PROJECTION[""Transverse_Mercator""],PARAMETER[""latitude_of_origin"",0],PARAMETER[""central_meridian"",-117],PARAMETER[""scale_factor"",0.9996],PARAMETER[""false_easting"",500000],PARAMETER[""false_northing"",0],UNIT[""metre"",1,AUTHORITY[""EPSG"",""9001""]],AXIS[""Easting"",EAST],AXIS[""Northing"",NORTH]]","POLYGON ((424290.0 4911090.0, 424290.0 4926450.0, 439650.0 4926450.0, 439650.0 4911090.0, 424290.0 4911090.0))",17052,245092,0
validation,subsetted_512x512_HLS.S30.T11TNF.2019224.v1.4,11TNF,2019-08-12,"PROJCS[""UTM Zone 11, Northern Hemisphere"",GEOGCS[""Unknown datum based upon the WGS 84 ellipsoid"",DATUM[""Not specified (based on WGS 84 spheroid)"",SPHEROID[""WGS 84"",6378137,298.257223563,AUTHORITY[""EPSG"",""7030""]]],PRIMEM[""Greenwich"",0],UNIT[""degree"",0.0174532925199433,AUTHORITY[""EPSG"",""9122""]]],PROJECTION[""Transverse_Mercator""],PARAMETER[""latitude_of_origin"",0],PARAMETER[""central_meridian"",-117],PARAMETER[""scale_factor"",0.9996],PARAMETER[""false_easting"",500000],PARAMETER[""false_northing"",0],UNIT[""metre"",1,AUTHORITY[""EPSG"",""9001""]],AXIS[""Easting"",EAST],AXIS[""Northing"",NORTH]]","POLYGON ((506250.0 4549260.0, 506250.0 4564620.0, 521610.0 4564620.0, 521610.0 4549260.0, 506250.0 4549260.0))",7038,255106,0
validation,subsetted_512x512_HLS.S30.T11TNJ.2018217.v1.4,11TNJ,2018-08-05,"PROJCS[""UTM Zone 11, Northern Hemisphere"",GEOGCS[""Unknown datum based upon the WGS 84 ellipsoid"",DATUM[""Not specified (based on WGS 84 spheroid)"",SPHEROID[""WGS 84"",6378137,298.257223563,AUTHORITY[""EPSG"",""7030""]]],PRIMEM[""Greenwich"",0],UNIT[""degree"",0.0174532925199433,AUTHORITY[""EPSG"",""9122""]]],PROJECTION[""Transverse_Mercator""],PARAMETER[""latitude_of_origin"",0],PARAMETER[""central_meridian"",-117],PARAMETER[""scale_factor"",0.9996],PARAMETER[""false_easting"",500000],PARAMETER[""false_northing"",0],UNIT[""metre"",1,AUTHORITY[""EPSG"",""9001""]],AXIS[""Easting"",EAST],AXIS[""Northing"",NORTH]]","POLYGON ((560520.0 4864290.0, 560520.0 4879650.0, 575880.0 4879650.0, 575880.0 4864290.0, 560520.0 4864290.0))",20395,241748,1
validation,subsetted_512x512_HLS.S30.T11TNJ.2019217.v1.4,11TNJ,2019-08-05,"PROJCS[""UTM Zone 11, Northern Hemisphere"",GEOGCS[""Unknown datum based upon the WGS 84 ellipsoid"",DATUM[""Not specified (based on WGS 84 spheroid)"",SPHEROID[""WGS 84"",6378137,298.257223563,AUTHORITY[""EPSG"",""7030""]]],PRIMEM[""Greenwich"",0],UNIT[""degree"",0.0174532925199433,AUTHORITY[""EPSG"",""9122""]]],PROJECTION[""Transverse_Mercator""],PARAMETER[""latitude_of_origin"",0],PARAMETER[""central_meridian"",-117],PARAMETER[""scale_factor"",0.9996],PARAMETER[""false_easting"",500000],PARAMETER[""false_northing"",0],UNIT[""metre"",1,AUTHORITY[""EPSG"",""9001""]],AXIS[""Easting"",EAST],AXIS[""Northing"",NORTH]]","POLYGON ((517800.0 4879110.0, 517800.0 4894470.0, 533160.0 4894470.0, 533160.0 4879110.0, 517800.0 4879110.0))",6967,255177,0
validation,subsetted_512x512_HLS.S30.T11TPE.2020219.v1.4,11TPE,2020-08-06,"PROJCS[""UTM Zone 11, Northern Hemisphere"",GEOGCS[""Unknown datum based upon the WGS 84 ellipsoid"",DATUM[""Not specified (based on WGS 84 spheroid)"",SPHEROID[""WGS 84"",6378137,298.257223563,AUTHORITY[""EPSG"",""7030""]]],PRIMEM[""Greenwich"",0],UNIT[""degree"",0.0174532925199433,AUTHORITY[""EPSG"",""9122""]]],PROJECTION[""Transverse_Mercator""],PARAMETER[""latitude_of_origin"",0],PARAMETER[""central_meridian"",-117],PARAMETER[""scale_factor"",0.9996],PARAMETER[""false_easting"",500000],PARAMETER[""false_northing"",0],UNIT[""metre"",1,AUTHORITY[""EPSG"",""9001""]],AXIS[""Easting"",EAST],AXIS[""Northing"",NORTH]]","POLYGON ((600060.0 4483530.0, 600060.0 4498890.0, 615420.0 4498890.0, 615420.0 4483530.0, 600060.0 4483530.0))",27299,234845,0
validation,subsetted_512x512_HLS.S30.T11TPH.2018219.v1.4,11TPH,2018-08-07,"PROJCS[""UTM Zone 11, Northern Hemisphere"",GEOGCS[""Unknown datum based upon the WGS 84 ellipsoid"",DATUM[""Not specified (based on WGS 84 spheroid)"",SPHEROID[""WGS 84"",6378137,298.257223563,AUTHORITY[""EPSG"",""7030""]]],PRIMEM[""Greenwich"",0],UNIT[""degree"",0.0174532925199433,AUTHORITY[""EPSG"",""9122""]]],PROJECTION[""Transverse_Mercator""],PARAMETER[""latitude_of_origin"",0],PARAMETER[""central_meridian"",-117],PARAMETER[""scale_factor"",0.9996],PARAMETER[""false_easting"",500000],PARAMETER[""false_northing"",0],UNIT[""metre"",1,AUTHORITY[""EPSG"",""9001""]],AXIS[""Easting"",EAST],AXIS[""Northing"",NORTH]]","POLYGON ((678090.0 4761600.0, 678090.0 4776960.0, 693450.0 4776960.0, 693450.0 4761600.0, 678090.0 4761600.0))",72194,189950,0
validation,subsetted_512x512_HLS.S30.T11TPH.2018244.v1.4,11TPH,2018-09-01,"PROJCS[""UTM Zone 11, Northern Hemisphere"",GEOGCS[""Unknown datum based upon the WGS 84 ellipsoid"",DATUM[""Not specified (based on WGS 84 spheroid)"",SPHEROID[""WGS 84"",6378137,298.257223563,AUTHORITY[""EPSG"",""7030""]]],PRIMEM[""Greenwich"",0],UNIT[""degree"",0.0174532925199433,AUTHORITY[""EPSG"",""9122""]]],PROJECTION[""Transverse_Mercator""],PARAMETER[""latitude_of_origin"",0],PARAMETER[""central_meridian"",-117],PARAMETER[""scale_factor"",0.9996],PARAMETER[""false_easting"",500000],PARAMETER[""false_northing"",0],UNIT[""metre"",1,AUTHORITY[""EPSG"",""9001""]],AXIS[""Easting"",EAST],AXIS[""Northing"",NORTH]]","POLYGON ((610650.0 4725240.000000001, 610650.0 4740600.000000001, 626010.0 4740600.000000001, 626010.0 4725240.000000001, 610650.0 4725240.000000001))",41617,220527,0
validation,subsetted_512x512_HLS.S30.T11TPH.2019244.v1.4,11TPH,2019-09-01,"PROJCS[""UTM Zone 11, Northern Hemisphere"",GEOGCS[""Unknown datum based upon the WGS 84 ellipsoid"",DATUM[""Not specified (based on WGS 84 spheroid)"",SPHEROID[""WGS 84"",6378137,298.257223563,AUTHORITY[""EPSG"",""7030""]]],PRIMEM[""Greenwich"",0],UNIT[""degree"",0.0174532925199433,AUTHORITY[""EPSG"",""9122""]]],PROJECTION[""Transverse_Mercator""],PARAMETER[""latitude_of_origin"",0],PARAMETER[""central_meridian"",-117],PARAMETER[""scale_factor"",0.9996],PARAMETER[""false_easting"",500000],PARAMETER[""false_northing"",0],UNIT[""metre"",1,AUTHORITY[""EPSG"",""9001""]],AXIS[""Easting"",EAST],AXIS[""Northing"",NORTH]]","POLYGON ((638940.0 4740900.0, 638940.0 4756260.0, 654300.0 4756260.0, 654300.0 4740900.0, 638940.0 4740900.0))",6866,255278,0
validation,subsetted_512x512_HLS.S30.T11TPH.2020249.v1.4,11TPH,2020-09-05,"PROJCS[""UTM Zone 11, Northern Hemisphere"",GEOGCS[""Unknown datum based upon the WGS 84 ellipsoid"",DATUM[""Not specified (based on WGS 84 spheroid)"",SPHEROID[""WGS 84"",6378137,298.257223563,AUTHORITY[""EPSG"",""7030""]]],PRIMEM[""Greenwich"",0],UNIT[""degree"",0.0174532925199433,AUTHORITY[""EPSG"",""9122""]]],PROJECTION[""Transverse_Mercator""],PARAMETER[""latitude_of_origin"",0],PARAMETER[""central_meridian"",-117],PARAMETER[""scale_factor"",0.9996],PARAMETER[""false_easting"",500000],PARAMETER[""false_northing"",0],UNIT[""metre"",1,AUTHORITY[""EPSG"",""9001""]],AXIS[""Easting"",EAST],AXIS[""Northing"",NORTH]]","POLYGON ((644880.0 4745730.0, 644880.0 4761090.0, 660240.0 4761090.0, 660240.0 4745730.0, 644880.0 4745730.0))",6526,255618,0
validation,subsetted_512x512_HLS.S30.T11TPM.2021223.v1.4,11TPM,2021-08-11,"PROJCS[""UTM Zone 11, Northern Hemisphere"",GEOGCS[""Unknown datum based upon the WGS 84 ellipsoid"",DATUM[""Not specified (based on WGS 84 spheroid)"",SPHEROID[""WGS 84"",6378137,298.257223563,AUTHORITY[""EPSG"",""7030""]]],PRIMEM[""Greenwich"",0],UNIT[""degree"",0.0174532925199433,AUTHORITY[""EPSG"",""9122""]]],PROJECTION[""Transverse_Mercator""],PARAMETER[""latitude_of_origin"",0],PARAMETER[""central_meridian"",-117],PARAMETER[""scale_factor"",0.9996],PARAMETER[""false_easting"",500000],PARAMETER[""false_northing"",0],UNIT[""metre"",1,AUTHORITY[""EPSG"",""9001""]],AXIS[""Easting"",EAST],AXIS[""Northing"",NORTH]]","POLYGON ((683760.0 5141850.0, 683760.0 5157210.0, 699120.0 5157210.0, 699120.0 5141850.0, 683760.0 5141850.0))",73647,188497,0
validation,subsetted_512x512_HLS.S30.T11TQG.2018221.v1.4,11TQG,2018-08-09,"PROJCS[""UTM Zone 11, Northern Hemisphere"",GEOGCS[""Unknown datum based upon the WGS 84 ellipsoid"",DATUM[""Not specified (based on WGS 84 spheroid)"",SPHEROID[""WGS 84"",6378137,298.257223563,AUTHORITY[""EPSG"",""7030""]]],PRIMEM[""Greenwich"",0],UNIT[""degree"",0.0174532925199433,AUTHORITY[""EPSG"",""9122""]]],PROJECTION[""Transverse_Mercator""],PARAMETER[""latitude_of_origin"",0],PARAMETER[""central_meridian"",-117],PARAMETER[""scale_factor"",0.9996],PARAMETER[""false_easting"",500000],PARAMETER[""false_northing"",0],UNIT[""metre"",1,AUTHORITY[""EPSG"",""9001""]],AXIS[""Easting"",EAST],AXIS[""Northing"",NORTH]]","POLYGON ((779430.0 4668450.0, 779430.0 4683810.0, 794790.0 4683810.0, 794790.0 4668450.0, 779430.0 4668450.0))",8566,253578,0
validation,subsetted_512x512_HLS.S30.T11TQG.2018291.v1.4,11TQG,2018-10-18,"PROJCS[""UTM Zone 11, Northern Hemisphere"",GEOGCS[""Unknown datum based upon the WGS 84 ellipsoid"",DATUM[""Not specified (based on WGS 84 spheroid)"",SPHEROID[""WGS 84"",6378137,298.257223563,AUTHORITY[""EPSG"",""7030""]]],PRIMEM[""Greenwich"",0],UNIT[""degree"",0.0174532925199433,AUTHORITY[""EPSG"",""9122""]]],PROJECTION[""Transverse_Mercator""],PARAMETER[""latitude_of_origin"",0],PARAMETER[""central_meridian"",-117],PARAMETER[""scale_factor"",0.9996],PARAMETER[""false_easting"",500000],PARAMETER[""false_northing"",0],UNIT[""metre"",1,AUTHORITY[""EPSG"",""9001""]],AXIS[""Easting"",EAST],AXIS[""Northing"",NORTH]]","POLYGON ((785250.0 4673130.0, 785250.0 4688490.0, 800610.0 4688490.0, 800610.0 4673130.0, 785250.0 4673130.0))",60125,202019,0
validation,subsetted_512x512_HLS.S30.T11TQG.2020306.v1.4,11TQG,2020-11-01,"PROJCS[""UTM Zone 11, Northern Hemisphere"",GEOGCS[""Unknown datum based upon the WGS 84 ellipsoid"",DATUM[""Not specified (based on WGS 84 spheroid)"",SPHEROID[""WGS 84"",6378137,298.257223563,AUTHORITY[""EPSG"",""7030""]]],PRIMEM[""Greenwich"",0],UNIT[""degree"",0.0174532925199433,AUTHORITY[""EPSG"",""9122""]]],PROJECTION[""Transverse_Mercator""],PARAMETER[""latitude_of_origin"",0],PARAMETER[""central_meridian"",-117],PARAMETER[""scale_factor"",0.9996],PARAMETER[""false_easting"",500000],PARAMETER[""false_northing"",0],UNIT[""metre"",1,AUTHORITY[""EPSG"",""9001""]],AXIS[""Easting"",EAST],AXIS[""Northing"",NORTH]]","POLYGON ((784350.0 4684620.0, 784350.0 4699980.0, 799710.0 4699980.0, 799710.0 4684620.0, 784350.0 4684620.0))",19841,242303,0
validation,subsetted_512x512_HLS.S30.T11TQH.2018219.v1.4,11TQH,2018-08-07,"PROJCS[""UTM Zone 11, Northern Hemisphere"",GEOGCS[""Unknown datum based upon the WGS 84 ellipsoid"",DATUM[""Not specified (based on WGS 84 spheroid)"",SPHEROID[""WGS 84"",6378137,298.257223563,AUTHORITY[""EPSG"",""7030""]]],PRIMEM[""Greenwich"",0],UNIT[""degree"",0.0174532925199433,AUTHORITY[""EPSG"",""9122""]]],PROJECTION[""Transverse_Mercator""],PARAMETER[""latitude_of_origin"",0],PARAMETER[""central_meridian"",-117],PARAMETER[""scale_factor"",0.9996],PARAMETER[""false_easting"",500000],PARAMETER[""false_northing"",0],UNIT[""metre"",1,AUTHORITY[""EPSG"",""9001""]],AXIS[""Easting"",EAST],AXIS[""Northing"",NORTH]]","POLYGON ((748440.0 4775250.0, 748440.0 4790610.0, 763800.0 4790610.0, 763800.0 4775250.0, 748440.0 4775250.0))",18366,243778,0
validation,subsetted_512x512_HLS.S30.T11TQH.2019244.v1.4,11TQH,2019-09-01,"PROJCS[""UTM Zone 11, Northern Hemisphere"",GEOGCS[""Unknown datum based upon the WGS 84 ellipsoid"",DATUM[""Not specified (based on WGS 84 spheroid)"",SPHEROID[""WGS 84"",6378137,298.257223563,AUTHORITY[""EPSG"",""7030""]]],PRIMEM[""Greenwich"",0],UNIT[""degree"",0.0174532925199433,AUTHORITY[""EPSG"",""9122""]]],PROJECTION[""Transverse_Mercator""],PARAMETER[""latitude_of_origin"",0],PARAMETER[""central_meridian"",-117],PARAMETER[""scale_factor"",0.9996],PARAMETER[""false_easting"",500000],PARAMETER[""false_northing"",0],UNIT[""metre"",1,AUTHORITY[""EPSG"",""9001""]],AXIS[""Easting"",EAST],AXIS[""Northing"",NORTH]]","POLYGON ((753120.0 4782420.0, 753120.0 4797780.0, 768480.0 4797780.0, 768480.0 4782420.0, 753120.0 4782420.0))",20886,241258,0
validation,subsetted_512x512_HLS.S30.T11ULP.2020215.v1.4,11ULP,2020-08-02,"PROJCS[""UTM Zone 11, Northern Hemisphere"",GEOGCS[""Unknown datum based upon the WGS 84 ellipsoid"",DATUM[""Not specified (based on WGS 84 spheroid)"",SPHEROID[""WGS 84"",6378137,298.257223563,AUTHORITY[""EPSG"",""7030""]]],PRIMEM[""Greenwich"",0],UNIT[""degree"",0.0174532925199433,AUTHORITY[""EPSG"",""9122""]]],PROJECTION[""Transverse_Mercator""],PARAMETER[""latitude_of_origin"",0],PARAMETER[""central_meridian"",-117],PARAMETER[""scale_factor"",0.9996],PARAMETER[""false_easting"",500000],PARAMETER[""false_northing"",0],UNIT[""metre"",1,AUTHORITY[""EPSG"",""9001""]],AXIS[""Easting"",EAST],AXIS[""Northing"",NORTH]]","POLYGON ((341700.0 5328240.0, 341700.0 5343600.0, 357060.00000000006 5343600.0, 357060.00000000006 5328240.0, 341700.0 5328240.0))",23992,238152,0
validation,subsetted_512x512_HLS.S30.T12RVV.2020320.v1.4,12RVV,2020-11-15,"PROJCS[""UTM Zone 12, Northern Hemisphere"",GEOGCS[""Unknown datum based upon the WGS 84 ellipsoid"",DATUM[""Not specified (based on WGS 84 spheroid)"",SPHEROID[""WGS 84"",6378137,298.257223563,AUTHORITY[""EPSG"",""7030""]]],PRIMEM[""Greenwich"",0],UNIT[""degree"",0.0174532925199433,AUTHORITY[""EPSG"",""9122""]]],PROJECTION[""Transverse_Mercator""],PARAMETER[""latitude_of_origin"",0],PARAMETER[""central_meridian"",-111],PARAMETER[""scale_factor"",0.9996],PARAMETER[""false_easting"",500000],PARAMETER[""false_northing"",0],UNIT[""metre"",1,AUTHORITY[""EPSG"",""9001""]],AXIS[""Easting"",EAST],AXIS[""Northing"",NORTH]]","POLYGON ((447840.0 3484260.0, 447840.0 3499620.0, 463200.0 3499620.0, 463200.0 3484260.0, 447840.0 3484260.0))",6175,255969,0
validation,subsetted_512x512_HLS.S30.T12RXV.2018182.v1.4,12RXV,2018-07-01,"PROJCS[""UTM Zone 12, Northern Hemisphere"",GEOGCS[""Unknown datum based upon the WGS 84 ellipsoid"",DATUM[""Not specified (based on WGS 84 spheroid)"",SPHEROID[""WGS 84"",6378137,298.257223563,AUTHORITY[""EPSG"",""7030""]]],PRIMEM[""Greenwich"",0],UNIT[""degree"",0.0174532925199433,AUTHORITY[""EPSG"",""9122""]]],PROJECTION[""Transverse_Mercator""],PARAMETER[""latitude_of_origin"",0],PARAMETER[""central_meridian"",-111],PARAMETER[""scale_factor"",0.9996],PARAMETER[""false_easting"",500000],PARAMETER[""false_northing"",0],UNIT[""metre"",1,AUTHORITY[""EPSG"",""9001""]],AXIS[""Easting"",EAST],AXIS[""Northing"",NORTH]]","POLYGON ((600060.0 3479910.0, 600060.0 3495270.0, 615420.0 3495270.0, 615420.0 3479910.0, 600060.0 3479910.0))",19568,242576,0
validation,subsetted_512x512_HLS.S30.T12RXV.2019062.v1.4,12RXV,2019-03-03,"PROJCS[""UTM Zone 12, Northern Hemisphere"",GEOGCS[""Unknown datum based upon the WGS 84 ellipsoid"",DATUM[""Not specified (based on WGS 84 spheroid)"",SPHEROID[""WGS 84"",6378137,298.257223563,AUTHORITY[""EPSG"",""7030""]]],PRIMEM[""Greenwich"",0],UNIT[""degree"",0.0174532925199433,AUTHORITY[""EPSG"",""9122""]]],PROJECTION[""Transverse_Mercator""],PARAMETER[""latitude_of_origin"",0],PARAMETER[""central_meridian"",-111],PARAMETER[""scale_factor"",0.9996],PARAMETER[""false_easting"",500000],PARAMETER[""false_northing"",0],UNIT[""metre"",1,AUTHORITY[""EPSG"",""9001""]],AXIS[""Easting"",EAST],AXIS[""Northing"",NORTH]]","POLYGON ((693420.0 3468450.0, 693420.0 3483810.0, 708780.0 3483810.0, 708780.0 3468450.0, 693420.0 3468450.0))",6723,255421,0
validation,subsetted_512x512_HLS.S30.T12STD.2018168.v1.4,12STD,2018-06-17,"PROJCS[""UTM Zone 12, Northern Hemisphere"",GEOGCS[""Unknown datum based upon the WGS 84 ellipsoid"",DATUM[""Not specified (based on WGS 84 spheroid)"",SPHEROID[""WGS 84"",6378137,298.257223563,AUTHORITY[""EPSG"",""7030""]]],PRIMEM[""Greenwich"",0],UNIT[""degree"",0.0174532925199433,AUTHORITY[""EPSG"",""9122""]]],PROJECTION[""Transverse_Mercator""],PARAMETER[""latitude_of_origin"",0],PARAMETER[""central_meridian"",-111],PARAMETER[""scale_factor"",0.9996],PARAMETER[""false_easting"",500000],PARAMETER[""false_northing"",0],UNIT[""metre"",1,AUTHORITY[""EPSG"",""9001""]],AXIS[""Easting"",EAST],AXIS[""Northing"",NORTH]]","POLYGON ((281280.0 3854640.0, 281280.0 3870000.0, 296640.0 3870000.0, 296640.0 3854640.0, 281280.0 3854640.0))",8631,253513,0
validation,subsetted_512x512_HLS.S30.T12STF.2018231.v1.4,12STF,2018-08-19,"PROJCS[""UTM Zone 12, Northern Hemisphere"",GEOGCS[""Unknown datum based upon the WGS 84 ellipsoid"",DATUM[""Not specified (based on WGS 84 spheroid)"",SPHEROID[""WGS 84"",6378137,298.257223563,AUTHORITY[""EPSG"",""7030""]]],PRIMEM[""Greenwich"",0],UNIT[""degree"",0.0174532925199433,AUTHORITY[""EPSG"",""9122""]]],PROJECTION[""Transverse_Mercator""],PARAMETER[""latitude_of_origin"",0],PARAMETER[""central_meridian"",-111],PARAMETER[""scale_factor"",0.9996],PARAMETER[""false_easting"",500000],PARAMETER[""false_northing"",0],UNIT[""metre"",1,AUTHORITY[""EPSG"",""9001""]],AXIS[""Easting"",EAST],AXIS[""Northing"",NORTH]]","POLYGON ((259470.00000000003 4079399.9999999995, 259470.00000000003 4094759.9999999995, 274830.0 4094759.9999999995, 274830.0 4079399.9999999995, 259470.00000000003 4079399.9999999995))",7669,254475,0
validation,subsetted_512x512_HLS.S30.T12STG.2018186.v1.4,12STG,2018-07-05,"PROJCS[""UTM Zone 12, Northern Hemisphere"",GEOGCS[""Unknown datum based upon the WGS 84 ellipsoid"",DATUM[""Not specified (based on WGS 84 spheroid)"",SPHEROID[""WGS 84"",6378137,298.257223563,AUTHORITY[""EPSG"",""7030""]]],PRIMEM[""Greenwich"",0],UNIT[""degree"",0.0174532925199433,AUTHORITY[""EPSG"",""9122""]]],PROJECTION[""Transverse_Mercator""],PARAMETER[""latitude_of_origin"",0],PARAMETER[""central_meridian"",-111],PARAMETER[""scale_factor"",0.9996],PARAMETER[""false_easting"",500000],PARAMETER[""false_northing"",0],UNIT[""metre"",1,AUTHORITY[""EPSG"",""9001""]],AXIS[""Easting"",EAST],AXIS[""Northing"",NORTH]]","POLYGON ((280260.0 4138319.9999999995, 280260.0 4153679.9999999995, 295620.0 4153679.9999999995, 295620.0 4138319.9999999995, 280260.0 4138319.9999999995))",53578,208566,0
validation,subsetted_512x512_HLS.S30.T12STG.2020241.v1.4,12STG,2020-08-28,"PROJCS[""UTM Zone 12, Northern Hemisphere"",GEOGCS[""Unknown datum based upon the WGS 84 ellipsoid"",DATUM[""Not specified (based on WGS 84 spheroid)"",SPHEROID[""WGS 84"",6378137,298.257223563,AUTHORITY[""EPSG"",""7030""]]],PRIMEM[""Greenwich"",0],UNIT[""degree"",0.0174532925199433,AUTHORITY[""EPSG"",""9122""]]],PROJECTION[""Transverse_Mercator""],PARAMETER[""latitude_of_origin"",0],PARAMETER[""central_meridian"",-111],PARAMETER[""scale_factor"",0.9996],PARAMETER[""false_easting"",500000],PARAMETER[""false_northing"",0],UNIT[""metre"",1,AUTHORITY[""EPSG"",""9001""]],AXIS[""Easting"",EAST],AXIS[""Northing"",NORTH]]","POLYGON ((266550.0 4112490.0, 266550.0 4127850.0, 281910.0 4127850.0, 281910.0 4112490.0, 266550.0 4112490.0))",53737,208407,0
validation,subsetted_512x512_HLS.S30.T12STJ.2020241.v1.4,12STJ,2020-08-28,"PROJCS[""UTM Zone 12, Northern Hemisphere"",GEOGCS[""Unknown datum based upon the WGS 84 ellipsoid"",DATUM[""Not specified (based on WGS 84 spheroid)"",SPHEROID[""WGS 84"",6378137,298.257223563,AUTHORITY[""EPSG"",""7030""]]],PRIMEM[""Greenwich"",0],UNIT[""degree"",0.0174532925199433,AUTHORITY[""EPSG"",""9122""]]],PROJECTION[""Transverse_Mercator""],PARAMETER[""latitude_of_origin"",0],PARAMETER[""central_meridian"",-111],PARAMETER[""scale_factor"",0.9996],PARAMETER[""false_easting"",500000],PARAMETER[""false_northing"",0],UNIT[""metre"",1,AUTHORITY[""EPSG"",""9001""]],AXIS[""Easting"",EAST],AXIS[""Northing"",NORTH]]","POLYGON ((286590.0 4346430.0, 286590.0 4361790.0, 301950.0 4361790.0, 301950.0 4346430.0, 286590.0 4346430.0))",7033,255111,0
validation,subsetted_512x512_HLS.S30.T12SUC.2019223.v1.4,12SUC,2019-08-11,"PROJCS[""UTM Zone 12, Northern Hemisphere"",GEOGCS[""Unknown datum based upon the WGS 84 ellipsoid"",DATUM[""Not specified (based on WGS 84 spheroid)"",SPHEROID[""WGS 84"",6378137,298.257223563,AUTHORITY[""EPSG"",""7030""]]],PRIMEM[""Greenwich"",0],UNIT[""degree"",0.0174532925199433,AUTHORITY[""EPSG"",""9122""]]],PROJECTION[""Transverse_Mercator""],PARAMETER[""latitude_of_origin"",0],PARAMETER[""central_meridian"",-111],PARAMETER[""scale_factor"",0.9996],PARAMETER[""false_easting"",500000],PARAMETER[""false_northing"",0],UNIT[""metre"",1,AUTHORITY[""EPSG"",""9001""]],AXIS[""Easting"",EAST],AXIS[""Northing"",NORTH]]","POLYGON ((359310.0 3784620.0, 359310.0 3799980.0, 374670.0 3799980.0, 374670.0 3784620.0, 359310.0 3784620.0))",33830,228314,0
validation,subsetted_512x512_HLS.S30.T12SUC.2020153.v1.4,12SUC,2020-06-01,"PROJCS[""UTM Zone 12, Northern Hemisphere"",GEOGCS[""Unknown datum based upon the WGS 84 ellipsoid"",DATUM[""Not specified (based on WGS 84 spheroid)"",SPHEROID[""WGS 84"",6378137,298.257223563,AUTHORITY[""EPSG"",""7030""]]],PRIMEM[""Greenwich"",0],UNIT[""degree"",0.0174532925199433,AUTHORITY[""EPSG"",""9122""]]],PROJECTION[""Transverse_Mercator""],PARAMETER[""latitude_of_origin"",0],PARAMETER[""central_meridian"",-111],PARAMETER[""scale_factor"",0.9996],PARAMETER[""false_easting"",500000],PARAMETER[""false_northing"",0],UNIT[""metre"",1,AUTHORITY[""EPSG"",""9001""]],AXIS[""Easting"",EAST],AXIS[""Northing"",NORTH]]","POLYGON ((389190.0 3775920.0, 389190.0 3791280.0, 404550.0 3791280.0, 404550.0 3775920.0, 389190.0 3775920.0))",18080,244062,2
validation,subsetted_512x512_HLS.S30.T12SUC.2020248.v1.4,12SUC,2020-09-04,"PROJCS[""UTM Zone 12, Northern Hemisphere"",GEOGCS[""Unknown datum based upon the WGS 84 ellipsoid"",DATUM[""Not specified (based on WGS 84 spheroid)"",SPHEROID[""WGS 84"",6378137,298.257223563,AUTHORITY[""EPSG"",""7030""]]],PRIMEM[""Greenwich"",0],UNIT[""degree"",0.0174532925199433,AUTHORITY[""EPSG"",""9122""]]],PROJECTION[""Transverse_Mercator""],PARAMETER[""latitude_of_origin"",0],PARAMETER[""central_meridian"",-111],PARAMETER[""scale_factor"",0.9996],PARAMETER[""false_easting"",500000],PARAMETER[""false_northing"",0],UNIT[""metre"",1,AUTHORITY[""EPSG"",""9001""]],AXIS[""Easting"",EAST],AXIS[""Northing"",NORTH]]","POLYGON ((382770.0 3776340.0, 382770.0 3791700.0, 398130.0 3791700.0, 398130.0 3776340.0, 382770.0 3776340.0))",13729,248415,0
validation,subsetted_512x512_HLS.S30.T12SUD.2018168.v1.4,12SUD,2018-06-17,"PROJCS[""UTM Zone 12, Northern Hemisphere"",GEOGCS[""Unknown datum based upon the WGS 84 ellipsoid"",DATUM[""Not specified (based on WGS 84 spheroid)"",SPHEROID[""WGS 84"",6378137,298.257223563,AUTHORITY[""EPSG"",""7030""]]],PRIMEM[""Greenwich"",0],UNIT[""degree"",0.0174532925199433,AUTHORITY[""EPSG"",""9122""]]],PROJECTION[""Transverse_Mercator""],PARAMETER[""latitude_of_origin"",0],PARAMETER[""central_meridian"",-111],PARAMETER[""scale_factor"",0.9996],PARAMETER[""false_easting"",500000],PARAMETER[""false_northing"",0],UNIT[""metre"",1,AUTHORITY[""EPSG"",""9001""]],AXIS[""Easting"",EAST],AXIS[""Northing"",NORTH]]","POLYGON ((368760.0 3830730.0, 368760.0 3846090.0, 384120.0 3846090.0, 384120.0 3830730.0, 368760.0 3830730.0))",23962,238178,4
validation,subsetted_512x512_HLS.S30.T12SUD.2020218.v1.4,12SUD,2020-08-05,"PROJCS[""UTM Zone 12, Northern Hemisphere"",GEOGCS[""Unknown datum based upon the WGS 84 ellipsoid"",DATUM[""Not specified (based on WGS 84 spheroid)"",SPHEROID[""WGS 84"",6378137,298.257223563,AUTHORITY[""EPSG"",""7030""]]],PRIMEM[""Greenwich"",0],UNIT[""degree"",0.0174532925199433,AUTHORITY[""EPSG"",""9122""]]],PROJECTION[""Transverse_Mercator""],PARAMETER[""latitude_of_origin"",0],PARAMETER[""central_meridian"",-111],PARAMETER[""scale_factor"",0.9996],PARAMETER[""false_easting"",500000],PARAMETER[""false_northing"",0],UNIT[""metre"",1,AUTHORITY[""EPSG"",""9001""]],AXIS[""Easting"",EAST],AXIS[""Northing"",NORTH]]","POLYGON ((322830.0 3851520.0, 322830.0 3866880.0, 338190.0 3866880.0, 338190.0 3851520.0, 322830.0 3851520.0))",16635,245509,0
validation,subsetted_512x512_HLS.S30.T12SUE.2020218.v1.4,12SUE,2020-08-05,"PROJCS[""UTM Zone 12, Northern Hemisphere"",GEOGCS[""Unknown datum based upon the WGS 84 ellipsoid"",DATUM[""Not specified (based on WGS 84 spheroid)"",SPHEROID[""WGS 84"",6378137,298.257223563,AUTHORITY[""EPSG"",""7030""]]],PRIMEM[""Greenwich"",0],UNIT[""degree"",0.0174532925199433,AUTHORITY[""EPSG"",""9122""]]],PROJECTION[""Transverse_Mercator""],PARAMETER[""latitude_of_origin"",0],PARAMETER[""central_meridian"",-111],PARAMETER[""scale_factor"",0.9996],PARAMETER[""false_easting"",500000],PARAMETER[""false_northing"",0],UNIT[""metre"",1,AUTHORITY[""EPSG"",""9001""]],AXIS[""Easting"",EAST],AXIS[""Northing"",NORTH]]","POLYGON ((337290.0 3940709.9999999995, 337290.0 3956069.9999999995, 352650.0 3956069.9999999995, 352650.0 3940709.9999999995, 337290.0 3940709.9999999995))",6225,255919,0
validation,subsetted_512x512_HLS.S30.T12SUF.2020183.v1.4,12SUF,2020-07-01,"PROJCS[""UTM Zone 12, Northern Hemisphere"",GEOGCS[""Unknown datum based upon the WGS 84 ellipsoid"",DATUM[""Not specified (based on WGS 84 spheroid)"",SPHEROID[""WGS 84"",6378137,298.257223563,AUTHORITY[""EPSG"",""7030""]]],PRIMEM[""Greenwich"",0],UNIT[""degree"",0.0174532925199433,AUTHORITY[""EPSG"",""9122""]]],PROJECTION[""Transverse_Mercator""],PARAMETER[""latitude_of_origin"",0],PARAMETER[""central_meridian"",-111],PARAMETER[""scale_factor"",0.9996],PARAMETER[""false_easting"",500000],PARAMETER[""false_northing"",0],UNIT[""metre"",1,AUTHORITY[""EPSG"",""9001""]],AXIS[""Easting"",EAST],AXIS[""Northing"",NORTH]]","POLYGON ((382470.0 4060860.0, 382470.0 4076220.0, 397830.0 4076220.0, 397830.0 4060860.0, 382470.0 4060860.0))",130199,131945,0
validation,subsetted_512x512_HLS.S30.T12SUH.2020268.v1.4,12SUH,2020-09-24,"PROJCS[""UTM Zone 12, Northern Hemisphere"",GEOGCS[""Unknown datum based upon the WGS 84 ellipsoid"",DATUM[""Not specified (based on WGS 84 spheroid)"",SPHEROID[""WGS 84"",6378137,298.257223563,AUTHORITY[""EPSG"",""7030""]]],PRIMEM[""Greenwich"",0],UNIT[""degree"",0.0174532925199433,AUTHORITY[""EPSG"",""9122""]]],PROJECTION[""Transverse_Mercator""],PARAMETER[""latitude_of_origin"",0],PARAMETER[""central_meridian"",-111],PARAMETER[""scale_factor"",0.9996],PARAMETER[""false_easting"",500000],PARAMETER[""false_northing"",0],UNIT[""metre"",1,AUTHORITY[""EPSG"",""9001""]],AXIS[""Easting"",EAST],AXIS[""Northing"",NORTH]]","POLYGON ((333510.0 4223490.0, 333510.0 4238850.0, 348870.0 4238850.0, 348870.0 4223490.0, 333510.0 4223490.0))",5155,256989,0
validation,subsetted_512x512_HLS.S30.T12SUJ.2019298.v1.4,12SUJ,2019-10-25,"PROJCS[""UTM Zone 12, Northern Hemisphere"",GEOGCS[""Unknown datum based upon the WGS 84 ellipsoid"",DATUM[""Not specified (based on WGS 84 spheroid)"",SPHEROID[""WGS 84"",6378137,298.257223563,AUTHORITY[""EPSG"",""7030""]]],PRIMEM[""Greenwich"",0],UNIT[""degree"",0.0174532925199433,AUTHORITY[""EPSG"",""9122""]]],PROJECTION[""Transverse_Mercator""],PARAMETER[""latitude_of_origin"",0],PARAMETER[""central_meridian"",-111],PARAMETER[""scale_factor"",0.9996],PARAMETER[""false_easting"",500000],PARAMETER[""false_northing"",0],UNIT[""metre"",1,AUTHORITY[""EPSG"",""9001""]],AXIS[""Easting"",EAST],AXIS[""Northing"",NORTH]]","POLYGON ((375540.0 4297470.0, 375540.0 4312830.0, 390900.0 4312830.0, 390900.0 4297470.0, 375540.0 4297470.0))",18830,242592,722
validation,subsetted_512x512_HLS.S30.T12SUJ.2019308.v1.4,12SUJ,2019-11-04,"PROJCS[""UTM Zone 12, Northern Hemisphere"",GEOGCS[""Unknown datum based upon the WGS 84 ellipsoid"",DATUM[""Not specified (based on WGS 84 spheroid)"",SPHEROID[""WGS 84"",6378137,298.257223563,AUTHORITY[""EPSG"",""7030""]]],PRIMEM[""Greenwich"",0],UNIT[""degree"",0.0174532925199433,AUTHORITY[""EPSG"",""9122""]]],PROJECTION[""Transverse_Mercator""],PARAMETER[""latitude_of_origin"",0],PARAMETER[""central_meridian"",-111],PARAMETER[""scale_factor"",0.9996],PARAMETER[""false_easting"",500000],PARAMETER[""false_northing"",0],UNIT[""metre"",1,AUTHORITY[""EPSG"",""9001""]],AXIS[""Easting"",EAST],AXIS[""Northing"",NORTH]]","POLYGON ((388980.0 4368390.0, 388980.0 4383750.0, 404340.0 4383750.0, 404340.0 4368390.0, 388980.0 4368390.0))",14942,247191,11
validation,subsetted_512x512_HLS.S30.T12SUJ.2020186.v1.4,12SUJ,2020-07-04,"PROJCS[""UTM Zone 12, Northern Hemisphere"",GEOGCS[""Unknown datum based upon the WGS 84 ellipsoid"",DATUM[""Not specified (based on WGS 84 spheroid)"",SPHEROID[""WGS 84"",6378137,298.257223563,AUTHORITY[""EPSG"",""7030""]]],PRIMEM[""Greenwich"",0],UNIT[""degree"",0.0174532925199433,AUTHORITY[""EPSG"",""9122""]]],PROJECTION[""Transverse_Mercator""],PARAMETER[""latitude_of_origin"",0],PARAMETER[""central_meridian"",-111],PARAMETER[""scale_factor"",0.9996],PARAMETER[""false_easting"",500000],PARAMETER[""false_northing"",0],UNIT[""metre"",1,AUTHORITY[""EPSG"",""9001""]],AXIS[""Easting"",EAST],AXIS[""Northing"",NORTH]]","POLYGON ((387840.0 4367130.0, 387840.0 4382490.0, 403200.0 4382490.0, 403200.0 4367130.0, 387840.0 4367130.0))",202120,60024,0
validation,subsetted_512x512_HLS.S30.T12SVB.2020185.v1.4,12SVB,2020-07-03,"PROJCS[""UTM Zone 12, Northern Hemisphere"",GEOGCS[""Unknown datum based upon the WGS 84 ellipsoid"",DATUM[""Not specified (based on WGS 84 spheroid)"",SPHEROID[""WGS 84"",6378137,298.257223563,AUTHORITY[""EPSG"",""7030""]]],PRIMEM[""Greenwich"",0],UNIT[""degree"",0.0174532925199433,AUTHORITY[""EPSG"",""9122""]]],PROJECTION[""Transverse_Mercator""],PARAMETER[""latitude_of_origin"",0],PARAMETER[""central_meridian"",-111],PARAMETER[""scale_factor"",0.9996],PARAMETER[""false_easting"",500000],PARAMETER[""false_northing"",0],UNIT[""metre"",1,AUTHORITY[""EPSG"",""9001""]],AXIS[""Easting"",EAST],AXIS[""Northing"",NORTH]]","POLYGON ((487200.00000000006 3648540.0, 487200.00000000006 3663900.0, 502560.0 3663900.0, 502560.0 3648540.0, 487200.00000000006 3648540.0))",4686,257458,0
validation,subsetted_512x512_HLS.S30.T12SVB.2020310.v1.4,12SVB,2020-11-05,"PROJCS[""UTM Zone 12, Northern Hemisphere"",GEOGCS[""Unknown datum based upon the WGS 84 ellipsoid"",DATUM[""Not specified (based on WGS 84 spheroid)"",SPHEROID[""WGS 84"",6378137,298.257223563,AUTHORITY[""EPSG"",""7030""]]],PRIMEM[""Greenwich"",0],UNIT[""degree"",0.0174532925199433,AUTHORITY[""EPSG"",""9122""]]],PROJECTION[""Transverse_Mercator""],PARAMETER[""latitude_of_origin"",0],PARAMETER[""central_meridian"",-111],PARAMETER[""scale_factor"",0.9996],PARAMETER[""false_easting"",500000],PARAMETER[""false_northing"",0],UNIT[""metre"",1,AUTHORITY[""EPSG"",""9001""]],AXIS[""Easting"",EAST],AXIS[""Northing"",NORTH]]","POLYGON ((494400.0 3669960.0, 494400.0 3685320.0, 509760.0 3685320.0, 509760.0 3669960.0, 494400.0 3669960.0))",13079,248964,101
validation,subsetted_512x512_HLS.S30.T12SVC.2018215.v1.4,12SVC,2018-08-03,"PROJCS[""UTM Zone 12, Northern Hemisphere"",GEOGCS[""Unknown datum based upon the WGS 84 ellipsoid"",DATUM[""Not specified (based on WGS 84 spheroid)"",SPHEROID[""WGS 84"",6378137,298.257223563,AUTHORITY[""EPSG"",""7030""]]],PRIMEM[""Greenwich"",0],UNIT[""degree"",0.0174532925199433,AUTHORITY[""EPSG"",""9122""]]],PROJECTION[""Transverse_Mercator""],PARAMETER[""latitude_of_origin"",0],PARAMETER[""central_meridian"",-111],PARAMETER[""scale_factor"",0.9996],PARAMETER[""false_easting"",500000],PARAMETER[""false_northing"",0],UNIT[""metre"",1,AUTHORITY[""EPSG"",""9001""]],AXIS[""Easting"",EAST],AXIS[""Northing"",NORTH]]","POLYGON ((400410.0 3749790.0, 400410.0 3765150.0, 415770.0 3765150.0, 415770.0 3749790.0, 400410.0 3749790.0))",10336,151304,100504
validation,subsetted_512x512_HLS.S30.T12SVC.2019280.v1.4,12SVC,2019-10-07,"PROJCS[""UTM Zone 12, Northern Hemisphere"",GEOGCS[""Unknown datum based upon the WGS 84 ellipsoid"",DATUM[""Not specified (based on WGS 84 spheroid)"",SPHEROID[""WGS 84"",6378137,298.257223563,AUTHORITY[""EPSG"",""7030""]]],PRIMEM[""Greenwich"",0],UNIT[""degree"",0.0174532925199433,AUTHORITY[""EPSG"",""9122""]]],PROJECTION[""Transverse_Mercator""],PARAMETER[""latitude_of_origin"",0],PARAMETER[""central_meridian"",-111],PARAMETER[""scale_factor"",0.9996],PARAMETER[""false_easting"",500000],PARAMETER[""false_northing"",0],UNIT[""metre"",1,AUTHORITY[""EPSG"",""9001""]],AXIS[""Easting"",EAST],AXIS[""Northing"",NORTH]]","POLYGON ((402360.0 3752130.0, 402360.0 3767490.0, 417720.0 3767490.0, 417720.0 3752130.0, 402360.0 3752130.0))",34177,150368,77599
validation,subsetted_512x512_HLS.S30.T12SVD.2018310.v1.4,12SVD,2018-11-06,"PROJCS[""UTM Zone 12, Northern Hemisphere"",GEOGCS[""Unknown datum based upon the WGS 84 ellipsoid"",DATUM[""Not specified (based on WGS 84 spheroid)"",SPHEROID[""WGS 84"",6378137,298.257223563,AUTHORITY[""EPSG"",""7030""]]],PRIMEM[""Greenwich"",0],UNIT[""degree"",0.0174532925199433,AUTHORITY[""EPSG"",""9122""]]],PROJECTION[""Transverse_Mercator""],PARAMETER[""latitude_of_origin"",0],PARAMETER[""central_meridian"",-111],PARAMETER[""scale_factor"",0.9996],PARAMETER[""false_easting"",500000],PARAMETER[""false_northing"",0],UNIT[""metre"",1,AUTHORITY[""EPSG"",""9001""]],AXIS[""Easting"",EAST],AXIS[""Northing"",NORTH]]","POLYGON ((467880.0 3811200.0, 467880.0 3826560.0, 483240.0 3826560.0, 483240.0 3811200.0, 467880.0 3811200.0))",30937,231206,1
validation,subsetted_512x512_HLS.S30.T12SVD.2020218.v1.4,12SVD,2020-08-05,"PROJCS[""UTM Zone 12, Northern Hemisphere"",GEOGCS[""Unknown datum based upon the WGS 84 ellipsoid"",DATUM[""Not specified (based on WGS 84 spheroid)"",SPHEROID[""WGS 84"",6378137,298.257223563,AUTHORITY[""EPSG"",""7030""]]],PRIMEM[""Greenwich"",0],UNIT[""degree"",0.0174532925199433,AUTHORITY[""EPSG"",""9122""]]],PROJECTION[""Transverse_Mercator""],PARAMETER[""latitude_of_origin"",0],PARAMETER[""central_meridian"",-111],PARAMETER[""scale_factor"",0.9996],PARAMETER[""false_easting"",500000],PARAMETER[""false_northing"",0],UNIT[""metre"",1,AUTHORITY[""EPSG"",""9001""]],AXIS[""Easting"",EAST],AXIS[""Northing"",NORTH]]","POLYGON ((400020.0 3805590.0, 400020.0 3820950.0, 415380.0 3820950.0, 415380.0 3805590.0, 400020.0 3805590.0))",22860,239284,0
validation,subsetted_512x512_HLS.S30.T12SWA.2018225.v1.4,12SWA,2018-08-13,"PROJCS[""UTM Zone 12, Northern Hemisphere"",GEOGCS[""Unknown datum based upon the WGS 84 ellipsoid"",DATUM[""Not specified (based on WGS 84 spheroid)"",SPHEROID[""WGS 84"",6378137,298.257223563,AUTHORITY[""EPSG"",""7030""]]],PRIMEM[""Greenwich"",0],UNIT[""degree"",0.0174532925199433,AUTHORITY[""EPSG"",""9122""]]],PROJECTION[""Transverse_Mercator""],PARAMETER[""latitude_of_origin"",0],PARAMETER[""central_meridian"",-111],PARAMETER[""scale_factor"",0.9996],PARAMETER[""false_easting"",500000],PARAMETER[""false_northing"",0],UNIT[""metre"",1,AUTHORITY[""EPSG"",""9001""]],AXIS[""Easting"",EAST],AXIS[""Northing"",NORTH]]","POLYGON ((588330.0 3565260.0, 588330.0 3580620.0, 603690.0 3580620.0, 603690.0 3565260.0, 588330.0 3565260.0))",8744,253400,0
validation,subsetted_512x512_HLS.S30.T12SXA.2020187.v1.4,12SXA,2020-07-05,"PROJCS[""UTM Zone 12, Northern Hemisphere"",GEOGCS[""Unknown datum based upon the WGS 84 ellipsoid"",DATUM[""Not specified (based on WGS 84 spheroid)"",SPHEROID[""WGS 84"",6378137,298.257223563,AUTHORITY[""EPSG"",""7030""]]],PRIMEM[""Greenwich"",0],UNIT[""degree"",0.0174532925199433,AUTHORITY[""EPSG"",""9122""]]],PROJECTION[""Transverse_Mercator""],PARAMETER[""latitude_of_origin"",0],PARAMETER[""central_meridian"",-111],PARAMETER[""scale_factor"",0.9996],PARAMETER[""false_easting"",500000],PARAMETER[""false_northing"",0],UNIT[""metre"",1,AUTHORITY[""EPSG"",""9001""]],AXIS[""Easting"",EAST],AXIS[""Northing"",NORTH]]","POLYGON ((644730.0 3544710.0, 644730.0 3560070.0, 660090.0 3560070.0, 660090.0 3544710.0, 644730.0 3544710.0))",20604,241540,0
validation,subsetted_512x512_HLS.S30.T12SXA.2020247.v1.4,12SXA,2020-09-03,"PROJCS[""UTM Zone 12, Northern Hemisphere"",GEOGCS[""Unknown datum based upon the WGS 84 ellipsoid"",DATUM[""Not specified (based on WGS 84 spheroid)"",SPHEROID[""WGS 84"",6378137,298.257223563,AUTHORITY[""EPSG"",""7030""]]],PRIMEM[""Greenwich"",0],UNIT[""degree"",0.0174532925199433,AUTHORITY[""EPSG"",""9122""]]],PROJECTION[""Transverse_Mercator""],PARAMETER[""latitude_of_origin"",0],PARAMETER[""central_meridian"",-111],PARAMETER[""scale_factor"",0.9996],PARAMETER[""false_easting"",500000],PARAMETER[""false_northing"",0],UNIT[""metre"",1,AUTHORITY[""EPSG"",""9001""]],AXIS[""Easting"",EAST],AXIS[""Northing"",NORTH]]","POLYGON ((673170.0 3578250.0, 673170.0 3593610.0, 688530.0 3593610.0, 688530.0 3578250.0, 673170.0 3578250.0))",10274,251870,0
validation,subsetted_512x512_HLS.S30.T12SXG.2019235.v1.4,12SXG,2019-08-23,"PROJCS[""UTM Zone 12, Northern Hemisphere"",GEOGCS[""Unknown datum based upon the WGS 84 ellipsoid"",DATUM[""Not specified (based on WGS 84 spheroid)"",SPHEROID[""WGS 84"",6378137,298.257223563,AUTHORITY[""EPSG"",""7030""]]],PRIMEM[""Greenwich"",0],UNIT[""degree"",0.0174532925199433,AUTHORITY[""EPSG"",""9122""]]],PROJECTION[""Transverse_Mercator""],PARAMETER[""latitude_of_origin"",0],PARAMETER[""central_meridian"",-111],PARAMETER[""scale_factor"",0.9996],PARAMETER[""false_easting"",500000],PARAMETER[""false_northing"",0],UNIT[""metre"",1,AUTHORITY[""EPSG"",""9001""]],AXIS[""Easting"",EAST],AXIS[""Northing"",NORTH]]","POLYGON ((600060.0 4178970.0, 600060.0 4194330.0, 615420.0 4194330.0, 615420.0 4178970.0, 600060.0 4178970.0))",6343,255745,56
validation,subsetted_512x512_HLS.S30.T12TTM.2018219.v1.4,12TTM,2018-08-07,"PROJCS[""UTM Zone 12, Northern Hemisphere"",GEOGCS[""Unknown datum based upon the WGS 84 ellipsoid"",DATUM[""Not specified (based on WGS 84 spheroid)"",SPHEROID[""WGS 84"",6378137,298.257223563,AUTHORITY[""EPSG"",""7030""]]],PRIMEM[""Greenwich"",0],UNIT[""degree"",0.0174532925199433,AUTHORITY[""EPSG"",""9122""]]],PROJECTION[""Transverse_Mercator""],PARAMETER[""latitude_of_origin"",0],PARAMETER[""central_meridian"",-111],PARAMETER[""scale_factor"",0.9996],PARAMETER[""false_easting"",500000],PARAMETER[""false_northing"",0],UNIT[""metre"",1,AUTHORITY[""EPSG"",""9001""]],AXIS[""Easting"",EAST],AXIS[""Northing"",NORTH]]","POLYGON ((239280.0 4603950.0, 239280.0 4619310.0, 254640.0 4619310.0, 254640.0 4603950.0, 239280.0 4603950.0))",191417,70727,0
validation,subsetted_512x512_HLS.S30.T12TTM.2019244.v1.4,12TTM,2019-09-01,"PROJCS[""UTM Zone 12, Northern Hemisphere"",GEOGCS[""Unknown datum based upon the WGS 84 ellipsoid"",DATUM[""Not specified (based on WGS 84 spheroid)"",SPHEROID[""WGS 84"",6378137,298.257223563,AUTHORITY[""EPSG"",""7030""]]],PRIMEM[""Greenwich"",0],UNIT[""degree"",0.0174532925199433,AUTHORITY[""EPSG"",""9122""]]],PROJECTION[""Transverse_Mercator""],PARAMETER[""latitude_of_origin"",0],PARAMETER[""central_meridian"",-111],PARAMETER[""scale_factor"",0.9996],PARAMETER[""false_easting"",500000],PARAMETER[""false_northing"",0],UNIT[""metre"",1,AUTHORITY[""EPSG"",""9001""]],AXIS[""Easting"",EAST],AXIS[""Northing"",NORTH]]","POLYGON ((228810.0 4641570.0, 228810.0 4656930.0, 244170.0 4656930.0, 244170.0 4641570.0, 228810.0 4641570.0))",30860,231284,0
validation,subsetted_512x512_HLS.S30.T12TUK.2018231.v1.4,12TUK,2018-08-19,"PROJCS[""UTM Zone 12, Northern Hemisphere"",GEOGCS[""Unknown datum based upon the WGS 84 ellipsoid"",DATUM[""Not specified (based on WGS 84 spheroid)"",SPHEROID[""WGS 84"",6378137,298.257223563,AUTHORITY[""EPSG"",""7030""]]],PRIMEM[""Greenwich"",0],UNIT[""degree"",0.0174532925199433,AUTHORITY[""EPSG"",""9122""]]],PROJECTION[""Transverse_Mercator""],PARAMETER[""latitude_of_origin"",0],PARAMETER[""central_meridian"",-111],PARAMETER[""scale_factor"",0.9996],PARAMETER[""false_easting"",500000],PARAMETER[""false_northing"",0],UNIT[""metre"",1,AUTHORITY[""EPSG"",""9001""]],AXIS[""Easting"",EAST],AXIS[""Northing"",NORTH]]","POLYGON ((326190.0 4482120.0, 326190.0 4497480.0, 341550.0 4497480.0, 341550.0 4482120.0, 326190.0 4482120.0))",59244,202900,0
validation,subsetted_512x512_HLS.S30.T12TUM.2019231.v1.4,12TUM,2019-08-19,"PROJCS[""UTM Zone 12, Northern Hemisphere"",GEOGCS[""Unknown datum based upon the WGS 84 ellipsoid"",DATUM[""Not specified (based on WGS 84 spheroid)"",SPHEROID[""WGS 84"",6378137,298.257223563,AUTHORITY[""EPSG"",""7030""]]],PRIMEM[""Greenwich"",0],UNIT[""degree"",0.0174532925199433,AUTHORITY[""EPSG"",""9122""]]],PROJECTION[""Transverse_Mercator""],PARAMETER[""latitude_of_origin"",0],PARAMETER[""central_meridian"",-111],PARAMETER[""scale_factor"",0.9996],PARAMETER[""false_easting"",500000],PARAMETER[""false_northing"",0],UNIT[""metre"",1,AUTHORITY[""EPSG"",""9001""]],AXIS[""Easting"",EAST],AXIS[""Northing"",NORTH]]","POLYGON ((388680.0 4617750.000000001, 388680.0 4633110.000000001, 404040.0 4633110.000000001, 404040.0 4617750.000000001, 388680.0 4617750.000000001))",11483,250654,7
validation,subsetted_512x512_HLS.S30.T12TUN.2019276.v1.4,12TUN,2019-10-03,"PROJCS[""UTM Zone 12, Northern Hemisphere"",GEOGCS[""Unknown datum based upon the WGS 84 ellipsoid"",DATUM[""Not specified (based on WGS 84 spheroid)"",SPHEROID[""WGS 84"",6378137,298.257223563,AUTHORITY[""EPSG"",""7030""]]],PRIMEM[""Greenwich"",0],UNIT[""degree"",0.0174532925199433,AUTHORITY[""EPSG"",""9122""]]],PROJECTION[""Transverse_Mercator""],PARAMETER[""latitude_of_origin"",0],PARAMETER[""central_meridian"",-111],PARAMETER[""scale_factor"",0.9996],PARAMETER[""false_easting"",500000],PARAMETER[""false_northing"",0],UNIT[""metre"",1,AUTHORITY[""EPSG"",""9001""]],AXIS[""Easting"",EAST],AXIS[""Northing"",NORTH]]","POLYGON ((322410.0 4751100.0, 322410.0 4766460.0, 337770.0 4766460.0, 337770.0 4751100.0, 322410.0 4751100.0))",43468,218676,0
validation,subsetted_512x512_HLS.S30.T12TUN.2021215.v1.4,12TUN,2021-08-03,"PROJCS[""UTM Zone 12, Northern Hemisphere"",GEOGCS[""Unknown datum based upon the WGS 84 ellipsoid"",DATUM[""Not specified (based on WGS 84 spheroid)"",SPHEROID[""WGS 84"",6378137,298.257223563,AUTHORITY[""EPSG"",""7030""]]],PRIMEM[""Greenwich"",0],UNIT[""degree"",0.0174532925199433,AUTHORITY[""EPSG"",""9122""]]],PROJECTION[""Transverse_Mercator""],PARAMETER[""latitude_of_origin"",0],PARAMETER[""central_meridian"",-111],PARAMETER[""scale_factor"",0.9996],PARAMETER[""false_easting"",500000],PARAMETER[""false_northing"",0],UNIT[""metre"",1,AUTHORITY[""EPSG"",""9001""]],AXIS[""Easting"",EAST],AXIS[""Northing"",NORTH]]","POLYGON ((369450.0 4701810.0, 369450.0 4717170.0, 384810.0 4717170.0, 384810.0 4701810.0, 369450.0 4701810.0))",7141,255003,0
validation,subsetted_512x512_HLS.S30.T12TUP.2019226.v1.4,12TUP,2019-08-14,"PROJCS[""UTM Zone 12, Northern Hemisphere"",GEOGCS[""Unknown datum based upon the WGS 84 ellipsoid"",DATUM[""Not specified (based on WGS 84 spheroid)"",SPHEROID[""WGS 84"",6378137,298.257223563,AUTHORITY[""EPSG"",""7030""]]],PRIMEM[""Greenwich"",0],UNIT[""degree"",0.0174532925199433,AUTHORITY[""EPSG"",""9122""]]],PROJECTION[""Transverse_Mercator""],PARAMETER[""latitude_of_origin"",0],PARAMETER[""central_meridian"",-111],PARAMETER[""scale_factor"",0.9996],PARAMETER[""false_easting"",500000],PARAMETER[""false_northing"",0],UNIT[""metre"",1,AUTHORITY[""EPSG"",""9001""]],AXIS[""Easting"",EAST],AXIS[""Northing"",NORTH]]","POLYGON ((350850.0 4825020.0, 350850.0 4840380.0, 366210.0 4840380.0, 366210.0 4825020.0, 350850.0 4825020.0))",245298,16846,0
validation,subsetted_512x512_HLS.S30.T12TVK.2020308.v1.4,12TVK,2020-11-03,"PROJCS[""UTM Zone 12, Northern Hemisphere"",GEOGCS[""Unknown datum based upon the WGS 84 ellipsoid"",DATUM[""Not specified (based on WGS 84 spheroid)"",SPHEROID[""WGS 84"",6378137,298.257223563,AUTHORITY[""EPSG"",""7030""]]],PRIMEM[""Greenwich"",0],UNIT[""degree"",0.0174532925199433,AUTHORITY[""EPSG"",""9122""]]],PROJECTION[""Transverse_Mercator""],PARAMETER[""latitude_of_origin"",0],PARAMETER[""central_meridian"",-111],PARAMETER[""scale_factor"",0.9996],PARAMETER[""false_easting"",500000],PARAMETER[""false_northing"",0],UNIT[""metre"",1,AUTHORITY[""EPSG"",""9001""]],AXIS[""Easting"",EAST],AXIS[""Northing"",NORTH]]","POLYGON ((437850.0 4458360.0, 437850.0 4473720.0, 453210.0 4473720.0, 453210.0 4458360.0, 437850.0 4458360.0))",15087,247048,9
validation,subsetted_512x512_HLS.S30.T12TVM.2018246.v1.4,12TVM,2018-09-03,"PROJCS[""UTM Zone 12, Northern Hemisphere"",GEOGCS[""Unknown datum based upon the WGS 84 ellipsoid"",DATUM[""Not specified (based on WGS 84 spheroid)"",SPHEROID[""WGS 84"",6378137,298.257223563,AUTHORITY[""EPSG"",""7030""]]],PRIMEM[""Greenwich"",0],UNIT[""degree"",0.0174532925199433,AUTHORITY[""EPSG"",""9122""]]],PROJECTION[""Transverse_Mercator""],PARAMETER[""latitude_of_origin"",0],PARAMETER[""central_meridian"",-111],PARAMETER[""scale_factor"",0.9996],PARAMETER[""false_easting"",500000],PARAMETER[""false_northing"",0],UNIT[""metre"",1,AUTHORITY[""EPSG"",""9001""]],AXIS[""Easting"",EAST],AXIS[""Northing"",NORTH]]","POLYGON ((484290.0 4637700.0, 484290.0 4653060.0, 499649.99999999994 4653060.0, 499649.99999999994 4637700.0, 484290.0 4637700.0))",18645,141096,102403
validation,subsetted_512x512_HLS.S30.T12TVN.2018291.v1.4,12TVN,2018-10-18,"PROJCS[""UTM Zone 12, Northern Hemisphere"",GEOGCS[""Unknown datum based upon the WGS 84 ellipsoid"",DATUM[""Not specified (based on WGS 84 spheroid)"",SPHEROID[""WGS 84"",6378137,298.257223563,AUTHORITY[""EPSG"",""7030""]]],PRIMEM[""Greenwich"",0],UNIT[""degree"",0.0174532925199433,AUTHORITY[""EPSG"",""9122""]]],PROJECTION[""Transverse_Mercator""],PARAMETER[""latitude_of_origin"",0],PARAMETER[""central_meridian"",-111],PARAMETER[""scale_factor"",0.9996],PARAMETER[""false_easting"",500000],PARAMETER[""false_northing"",0],UNIT[""metre"",1,AUTHORITY[""EPSG"",""9001""]],AXIS[""Easting"",EAST],AXIS[""Northing"",NORTH]]","POLYGON ((447720.0 4708260.0, 447720.0 4723620.0, 463080.0 4723620.0, 463080.0 4708260.0, 447720.0 4708260.0))",4501,257304,339
validation,subsetted_512x512_HLS.S30.T12TVR.2020281.v1.4,12TVR,2020-10-07,"PROJCS[""UTM Zone 12, Northern Hemisphere"",GEOGCS[""Unknown datum based upon the WGS 84 ellipsoid"",DATUM[""Not specified (based on WGS 84 spheroid)"",SPHEROID[""WGS 84"",6378137,298.257223563,AUTHORITY[""EPSG"",""7030""]]],PRIMEM[""Greenwich"",0],UNIT[""degree"",0.0174532925199433,AUTHORITY[""EPSG"",""9122""]]],PROJECTION[""Transverse_Mercator""],PARAMETER[""latitude_of_origin"",0],PARAMETER[""central_meridian"",-111],PARAMETER[""scale_factor"",0.9996],PARAMETER[""false_easting"",500000],PARAMETER[""false_northing"",0],UNIT[""metre"",1,AUTHORITY[""EPSG"",""9001""]],AXIS[""Easting"",EAST],AXIS[""Northing"",NORTH]]","POLYGON ((430500.0 5060940.0, 430500.0 5076300.0, 445860.0 5076300.0, 445860.0 5060940.0, 430500.0 5060940.0))",8167,253958,19
validation,subsetted_512x512_HLS.S30.T12TWR.2020283.v1.4,12TWR,2020-10-09,"PROJCS[""UTM Zone 12, Northern Hemisphere"",GEOGCS[""Unknown datum based upon the WGS 84 ellipsoid"",DATUM[""Not specified (based on WGS 84 spheroid)"",SPHEROID[""WGS 84"",6378137,298.257223563,AUTHORITY[""EPSG"",""7030""]]],PRIMEM[""Greenwich"",0],UNIT[""degree"",0.0174532925199433,AUTHORITY[""EPSG"",""9122""]]],PROJECTION[""Transverse_Mercator""],PARAMETER[""latitude_of_origin"",0],PARAMETER[""central_meridian"",-111],PARAMETER[""scale_factor"",0.9996],PARAMETER[""false_easting"",500000],PARAMETER[""false_northing"",0],UNIT[""metre"",1,AUTHORITY[""EPSG"",""9001""]],AXIS[""Easting"",EAST],AXIS[""Northing"",NORTH]]","POLYGON ((500040.00000000006 5057280.0, 500040.00000000006 5072640.0, 515400.00000000006 5072640.0, 515400.00000000006 5057280.0, 500040.00000000006 5057280.0))",37222,192796,32126
validation,subsetted_512x512_HLS.S30.T12TXK.2018215.v1.4,12TXK,2018-08-03,"PROJCS[""UTM Zone 12, Northern Hemisphere"",GEOGCS[""Unknown datum based upon the WGS 84 ellipsoid"",DATUM[""Not specified (based on WGS 84 spheroid)"",SPHEROID[""WGS 84"",6378137,298.257223563,AUTHORITY[""EPSG"",""7030""]]],PRIMEM[""Greenwich"",0],UNIT[""degree"",0.0174532925199433,AUTHORITY[""EPSG"",""9122""]]],PROJECTION[""Transverse_Mercator""],PARAMETER[""latitude_of_origin"",0],PARAMETER[""central_meridian"",-111],PARAMETER[""scale_factor"",0.9996],PARAMETER[""false_easting"",500000],PARAMETER[""false_northing"",0],UNIT[""metre"",1,AUTHORITY[""EPSG"",""9001""]],AXIS[""Easting"",EAST],AXIS[""Northing"",NORTH]]","POLYGON ((687060.0 4390200.0, 687060.0 4405560.0, 702420.0 4405560.0, 702420.0 4390200.0, 687060.0 4390200.0))",25633,236363,148
validation,subsetted_512x512_HLS.S30.T12TXT.2018293.v1.4,12TXT,2018-10-20,"PROJCS[""UTM Zone 12, Northern Hemisphere"",GEOGCS[""Unknown datum based upon the WGS 84 ellipsoid"",DATUM[""Not specified (based on WGS 84 spheroid)"",SPHEROID[""WGS 84"",6378137,298.257223563,AUTHORITY[""EPSG"",""7030""]]],PRIMEM[""Greenwich"",0],UNIT[""degree"",0.0174532925199433,AUTHORITY[""EPSG"",""9122""]]],PROJECTION[""Transverse_Mercator""],PARAMETER[""latitude_of_origin"",0],PARAMETER[""central_meridian"",-111],PARAMETER[""scale_factor"",0.9996],PARAMETER[""false_easting"",500000],PARAMETER[""false_northing"",0],UNIT[""metre"",1,AUTHORITY[""EPSG"",""9001""]],AXIS[""Easting"",EAST],AXIS[""Northing"",NORTH]]","POLYGON ((613440.0 5268420.0, 613440.0 5283780.0, 628800.0 5283780.0, 628800.0 5268420.0, 613440.0 5268420.0))",5067,257042,35
validation,subsetted_512x512_HLS.S30.T12TXT.2020248.v1.4,12TXT,2020-09-04,"PROJCS[""UTM Zone 12, Northern Hemisphere"",GEOGCS[""Unknown datum based upon the WGS 84 ellipsoid"",DATUM[""Not specified (based on WGS 84 spheroid)"",SPHEROID[""WGS 84"",6378137,298.257223563,AUTHORITY[""EPSG"",""7030""]]],PRIMEM[""Greenwich"",0],UNIT[""degree"",0.0174532925199433,AUTHORITY[""EPSG"",""9122""]]],PROJECTION[""Transverse_Mercator""],PARAMETER[""latitude_of_origin"",0],PARAMETER[""central_meridian"",-111],PARAMETER[""scale_factor"",0.9996],PARAMETER[""false_easting"",500000],PARAMETER[""false_northing"",0],UNIT[""metre"",1,AUTHORITY[""EPSG"",""9001""]],AXIS[""Easting"",EAST],AXIS[""Northing"",NORTH]]","POLYGON ((603720.0 5263050.0, 603720.0 5278410.0, 619080.0 5278410.0, 619080.0 5263050.0, 603720.0 5263050.0))",4687,257457,0
validation,subsetted_512x512_HLS.S30.T12TYK.2020215.v1.4,12TYK,2020-08-02,"PROJCS[""UTM Zone 12, Northern Hemisphere"",GEOGCS[""Unknown datum based upon the WGS 84 ellipsoid"",DATUM[""Not specified (based on WGS 84 spheroid)"",SPHEROID[""WGS 84"",6378137,298.257223563,AUTHORITY[""EPSG"",""7030""]]],PRIMEM[""Greenwich"",0],UNIT[""degree"",0.0174532925199433,AUTHORITY[""EPSG"",""9122""]]],PROJECTION[""Transverse_Mercator""],PARAMETER[""latitude_of_origin"",0],PARAMETER[""central_meridian"",-111],PARAMETER[""scale_factor"",0.9996],PARAMETER[""false_easting"",500000],PARAMETER[""false_northing"",0],UNIT[""metre"",1,AUTHORITY[""EPSG"",""9001""]],AXIS[""Easting"",EAST],AXIS[""Northing"",NORTH]]","POLYGON ((715920.0 4399830.0, 715920.0 4415190.0, 731280.0 4415190.0, 731280.0 4399830.0, 715920.0 4399830.0))",15219,246756,169
validation,subsetted_512x512_HLS.S30.T12TYT.2018153.v1.4,12TYT,2018-06-02,"PROJCS[""UTM Zone 12, Northern Hemisphere"",GEOGCS[""Unknown datum based upon the WGS 84 ellipsoid"",DATUM[""Not specified (based on WGS 84 spheroid)"",SPHEROID[""WGS 84"",6378137,298.257223563,AUTHORITY[""EPSG"",""7030""]]],PRIMEM[""Greenwich"",0],UNIT[""degree"",0.0174532925199433,AUTHORITY[""EPSG"",""9122""]]],PROJECTION[""Transverse_Mercator""],PARAMETER[""latitude_of_origin"",0],PARAMETER[""central_meridian"",-111],PARAMETER[""scale_factor"",0.9996],PARAMETER[""false_easting"",500000],PARAMETER[""false_northing"",0],UNIT[""metre"",1,AUTHORITY[""EPSG"",""9001""]],AXIS[""Easting"",EAST],AXIS[""Northing"",NORTH]]","POLYGON ((707820.0 5250030.0, 707820.0 5265390.0, 723180.0 5265390.0, 723180.0 5250030.0, 707820.0 5250030.0))",30550,231594,0
validation,subsetted_512x512_HLS.S30.T12TYT.2019153.v1.4,12TYT,2019-06-02,"PROJCS[""UTM Zone 12, Northern Hemisphere"",GEOGCS[""Unknown datum based upon the WGS 84 ellipsoid"",DATUM[""Not specified (based on WGS 84 spheroid)"",SPHEROID[""WGS 84"",6378137,298.257223563,AUTHORITY[""EPSG"",""7030""]]],PRIMEM[""Greenwich"",0],UNIT[""degree"",0.0174532925199433,AUTHORITY[""EPSG"",""9122""]]],PROJECTION[""Transverse_Mercator""],PARAMETER[""latitude_of_origin"",0],PARAMETER[""central_meridian"",-111],PARAMETER[""scale_factor"",0.9996],PARAMETER[""false_easting"",500000],PARAMETER[""false_northing"",0],UNIT[""metre"",1,AUTHORITY[""EPSG"",""9001""]],AXIS[""Easting"",EAST],AXIS[""Northing"",NORTH]]","POLYGON ((717120.0 5249820.0, 717120.0 5265180.0, 732480.0 5265180.0, 732480.0 5249820.0, 717120.0 5249820.0))",13174,248970,0
validation,subsetted_512x512_HLS.S30.T12UXU.2021250.v1.4,12UXU,2021-09-07,"PROJCS[""UTM Zone 12, Northern Hemisphere"",GEOGCS[""Unknown datum based upon the WGS 84 ellipsoid"",DATUM[""Not specified (based on WGS 84 spheroid)"",SPHEROID[""WGS 84"",6378137,298.257223563,AUTHORITY[""EPSG"",""7030""]]],PRIMEM[""Greenwich"",0],UNIT[""degree"",0.0174532925199433,AUTHORITY[""EPSG"",""9122""]]],PROJECTION[""Transverse_Mercator""],PARAMETER[""latitude_of_origin"",0],PARAMETER[""central_meridian"",-111],PARAMETER[""scale_factor"",0.9996],PARAMETER[""false_easting"",500000],PARAMETER[""false_northing"",0],UNIT[""metre"",1,AUTHORITY[""EPSG"",""9001""]],AXIS[""Easting"",EAST],AXIS[""Northing"",NORTH]]","POLYGON ((670050.0 5312250.0, 670050.0 5327610.0, 685410.0 5327610.0, 685410.0 5312250.0, 670050.0 5312250.0))",36020,148271,77853
validation,subsetted_512x512_HLS.S30.T13REQ.2018156.v1.4,13REQ,2018-06-05,"PROJCS[""UTM Zone 13, Northern Hemisphere"",GEOGCS[""Unknown datum based upon the WGS 84 ellipsoid"",DATUM[""Not specified (based on WGS 84 spheroid)"",SPHEROID[""WGS 84"",6378137,298.257223563,AUTHORITY[""EPSG"",""7030""]]],PRIMEM[""Greenwich"",0],UNIT[""degree"",0.0174532925199433,AUTHORITY[""EPSG"",""9122""]]],PROJECTION[""Transverse_Mercator""],PARAMETER[""latitude_of_origin"",0],PARAMETER[""central_meridian"",-105],PARAMETER[""scale_factor"",0.9996],PARAMETER[""false_easting"",500000],PARAMETER[""false_northing"",0],UNIT[""metre"",1,AUTHORITY[""EPSG"",""9001""]],AXIS[""Easting"",EAST],AXIS[""Northing"",NORTH]]","POLYGON ((573540.0 3398760.0, 573540.0 3414120.0, 588900.0 3414120.0, 588900.0 3398760.0, 573540.0 3398760.0))",9760,252384,0
validation,subsetted_512x512_HLS.S30.T13RGP.2020118.v1.4,13RGP,2020-04-27,"PROJCS[""UTM Zone 13, Northern Hemisphere"",GEOGCS[""Unknown datum based upon the WGS 84 ellipsoid"",DATUM[""Not specified (based on WGS 84 spheroid)"",SPHEROID[""WGS 84"",6378137,298.257223563,AUTHORITY[""EPSG"",""7030""]]],PRIMEM[""Greenwich"",0],UNIT[""degree"",0.0174532925199433,AUTHORITY[""EPSG"",""9122""]]],PROJECTION[""Transverse_Mercator""],PARAMETER[""latitude_of_origin"",0],PARAMETER[""central_meridian"",-105],PARAMETER[""scale_factor"",0.9996],PARAMETER[""false_easting"",500000],PARAMETER[""false_northing"",0],UNIT[""metre"",1,AUTHORITY[""EPSG"",""9001""]],AXIS[""Easting"",EAST],AXIS[""Northing"",NORTH]]","POLYGON ((722670.0 3338220.0, 722670.0 3353580.0, 738030.0 3353580.0, 738030.0 3338220.0, 722670.0 3338220.0))",26039,236105,0
validation,subsetted_512x512_HLS.S30.T13SBT.2019202.v1.4,13SBT,2019-07-21,"PROJCS[""UTM Zone 13, Northern Hemisphere"",GEOGCS[""Unknown datum based upon the WGS 84 ellipsoid"",DATUM[""Not specified (based on WGS 84 spheroid)"",SPHEROID[""WGS 84"",6378137,298.257223563,AUTHORITY[""EPSG"",""7030""]]],PRIMEM[""Greenwich"",0],UNIT[""degree"",0.0174532925199433,AUTHORITY[""EPSG"",""9122""]]],PROJECTION[""Transverse_Mercator""],PARAMETER[""latitude_of_origin"",0],PARAMETER[""central_meridian"",-105],PARAMETER[""scale_factor"",0.9996],PARAMETER[""false_easting"",500000],PARAMETER[""false_northing"",0],UNIT[""metre"",1,AUTHORITY[""EPSG"",""9001""]],AXIS[""Easting"",EAST],AXIS[""Northing"",NORTH]]","POLYGON ((225240.0 3703110.0, 225240.0 3718470.0, 240600.0 3718470.0, 240600.0 3703110.0, 225240.0 3703110.0))",14807,247337,0
validation,subsetted_512x512_HLS.S30.T13SBV.2019247.v1.4,13SBV,2019-09-04,"PROJCS[""UTM Zone 13, Northern Hemisphere"",GEOGCS[""Unknown datum based upon the WGS 84 ellipsoid"",DATUM[""Not specified (based on WGS 84 spheroid)"",SPHEROID[""WGS 84"",6378137,298.257223563,AUTHORITY[""EPSG"",""7030""]]],PRIMEM[""Greenwich"",0],UNIT[""degree"",0.0174532925199433,AUTHORITY[""EPSG"",""9122""]]],PROJECTION[""Transverse_Mercator""],PARAMETER[""latitude_of_origin"",0],PARAMETER[""central_meridian"",-105],PARAMETER[""scale_factor"",0.9996],PARAMETER[""false_easting"",500000],PARAMETER[""false_northing"",0],UNIT[""metre"",1,AUTHORITY[""EPSG"",""9001""]],AXIS[""Easting"",EAST],AXIS[""Northing"",NORTH]]","POLYGON ((260909.99999999997 3904980.0, 260909.99999999997 3920340.0, 276270.0 3920340.0, 276270.0 3904980.0, 260909.99999999997 3904980.0))",35173,226971,0
validation,subsetted_512x512_HLS.S30.T13SCA.2019227.v1.4,13SCA,2019-08-15,"PROJCS[""UTM Zone 13, Northern Hemisphere"",GEOGCS[""Unknown datum based upon the WGS 84 ellipsoid"",DATUM[""Not specified (based on WGS 84 spheroid)"",SPHEROID[""WGS 84"",6378137,298.257223563,AUTHORITY[""EPSG"",""7030""]]],PRIMEM[""Greenwich"",0],UNIT[""degree"",0.0174532925199433,AUTHORITY[""EPSG"",""9122""]]],PROJECTION[""Transverse_Mercator""],PARAMETER[""latitude_of_origin"",0],PARAMETER[""central_meridian"",-105],PARAMETER[""scale_factor"",0.9996],PARAMETER[""false_easting"",500000],PARAMETER[""false_northing"",0],UNIT[""metre"",1,AUTHORITY[""EPSG"",""9001""]],AXIS[""Easting"",EAST],AXIS[""Northing"",NORTH]]","POLYGON ((385260.0 4025760.0000000005, 385260.0 4041120.0000000005, 400620.0 4041120.0000000005, 400620.0 4025760.0000000005, 385260.0 4025760.0000000005))",8719,253186,239
validation,subsetted_512x512_HLS.S30.T13SDA.2018199.v1.4,13SDA,2018-07-18,"PROJCS[""UTM Zone 13, Northern Hemisphere"",GEOGCS[""Unknown datum based upon the WGS 84 ellipsoid"",DATUM[""Not specified (based on WGS 84 spheroid)"",SPHEROID[""WGS 84"",6378137,298.257223563,AUTHORITY[""EPSG"",""7030""]]],PRIMEM[""Greenwich"",0],UNIT[""degree"",0.0174532925199433,AUTHORITY[""EPSG"",""9122""]]],PROJECTION[""Transverse_Mercator""],PARAMETER[""latitude_of_origin"",0],PARAMETER[""central_meridian"",-105],PARAMETER[""scale_factor"",0.9996],PARAMETER[""false_easting"",500000],PARAMETER[""false_northing"",0],UNIT[""metre"",1,AUTHORITY[""EPSG"",""9001""]],AXIS[""Easting"",EAST],AXIS[""Northing"",NORTH]]","POLYGON ((487050.0 4015619.9999999995, 487050.0 4030979.9999999995, 502410.0 4030979.9999999995, 502410.0 4015619.9999999995, 487050.0 4015619.9999999995))",8031,253952,161
validation,subsetted_512x512_HLS.S30.T13SDU.2018254.v1.4,13SDU,2018-09-11,"PROJCS[""UTM Zone 13, Northern Hemisphere"",GEOGCS[""Unknown datum based upon the WGS 84 ellipsoid"",DATUM[""Not specified (based on WGS 84 spheroid)"",SPHEROID[""WGS 84"",6378137,298.257223563,AUTHORITY[""EPSG"",""7030""]]],PRIMEM[""Greenwich"",0],UNIT[""degree"",0.0174532925199433,AUTHORITY[""EPSG"",""9122""]]],PROJECTION[""Transverse_Mercator""],PARAMETER[""latitude_of_origin"",0],PARAMETER[""central_meridian"",-105],PARAMETER[""scale_factor"",0.9996],PARAMETER[""false_easting"",500000],PARAMETER[""false_northing"",0],UNIT[""metre"",1,AUTHORITY[""EPSG"",""9001""]],AXIS[""Easting"",EAST],AXIS[""Northing"",NORTH]]","POLYGON ((485520.0 3795720.0, 485520.0 3811080.0, 500880.0 3811080.0, 500880.0 3795720.0, 485520.0 3795720.0))",11440,250704,0
validation,subsetted_512x512_HLS.S30.T13SEB.2020249.v1.4,13SEB,2020-09-05,"PROJCS[""UTM Zone 13, Northern Hemisphere"",GEOGCS[""Unknown datum based upon the WGS 84 ellipsoid"",DATUM[""Not specified (based on WGS 84 spheroid)"",SPHEROID[""WGS 84"",6378137,298.257223563,AUTHORITY[""EPSG"",""7030""]]],PRIMEM[""Greenwich"",0],UNIT[""degree"",0.0174532925199433,AUTHORITY[""EPSG"",""9122""]]],PROJECTION[""Transverse_Mercator""],PARAMETER[""latitude_of_origin"",0],PARAMETER[""central_meridian"",-105],PARAMETER[""scale_factor"",0.9996],PARAMETER[""false_easting"",500000],PARAMETER[""false_northing"",0],UNIT[""metre"",1,AUTHORITY[""EPSG"",""9001""]],AXIS[""Easting"",EAST],AXIS[""Northing"",NORTH]]","POLYGON ((546600.0 4090200.0, 546600.0 4105560.0, 561960.0 4105560.0, 561960.0 4090200.0, 546600.0 4090200.0))",7825,254262,57
validation,subsetted_512x512_HLS.S30.T13SFA.2018159.v1.4,13SFA,2018-06-08,"PROJCS[""UTM Zone 13, Northern Hemisphere"",GEOGCS[""Unknown datum based upon the WGS 84 ellipsoid"",DATUM[""Not specified (based on WGS 84 spheroid)"",SPHEROID[""WGS 84"",6378137,298.257223563,AUTHORITY[""EPSG"",""7030""]]],PRIMEM[""Greenwich"",0],UNIT[""degree"",0.0174532925199433,AUTHORITY[""EPSG"",""9122""]]],PROJECTION[""Transverse_Mercator""],PARAMETER[""latitude_of_origin"",0],PARAMETER[""central_meridian"",-105],PARAMETER[""scale_factor"",0.9996],PARAMETER[""false_easting"",500000],PARAMETER[""false_northing"",0],UNIT[""metre"",1,AUTHORITY[""EPSG"",""9001""]],AXIS[""Easting"",EAST],AXIS[""Northing"",NORTH]]","POLYGON ((672780.0 4083000.0000000005, 672780.0 4098360.0000000005, 688140.0 4098360.0000000005, 688140.0 4083000.0000000005, 672780.0 4083000.0000000005))",5788,256356,0
validation,subsetted_512x512_HLS.S30.T13SFB.2019219.v1.4,13SFB,2019-08-07,"PROJCS[""UTM Zone 13, Northern Hemisphere"",GEOGCS[""Unknown datum based upon the WGS 84 ellipsoid"",DATUM[""Not specified (based on WGS 84 spheroid)"",SPHEROID[""WGS 84"",6378137,298.257223563,AUTHORITY[""EPSG"",""7030""]]],PRIMEM[""Greenwich"",0],UNIT[""degree"",0.0174532925199433,AUTHORITY[""EPSG"",""9122""]]],PROJECTION[""Transverse_Mercator""],PARAMETER[""latitude_of_origin"",0],PARAMETER[""central_meridian"",-105],PARAMETER[""scale_factor"",0.9996],PARAMETER[""false_easting"",500000],PARAMETER[""false_northing"",0],UNIT[""metre"",1,AUTHORITY[""EPSG"",""9001""]],AXIS[""Easting"",EAST],AXIS[""Northing"",NORTH]]","POLYGON ((676530.0 4100070.0000000005, 676530.0 4115430.0000000005, 691890.0 4115430.0000000005, 691890.0 4100070.0000000005, 676530.0 4100070.0000000005))",9024,253120,0
validation,subsetted_512x512_HLS.S30.T13SFB.2020164.v1.4,13SFB,2020-06-12,"PROJCS[""UTM Zone 13, Northern Hemisphere"",GEOGCS[""Unknown datum based upon the WGS 84 ellipsoid"",DATUM[""Not specified (based on WGS 84 spheroid)"",SPHEROID[""WGS 84"",6378137,298.257223563,AUTHORITY[""EPSG"",""7030""]]],PRIMEM[""Greenwich"",0],UNIT[""degree"",0.0174532925199433,AUTHORITY[""EPSG"",""9122""]]],PROJECTION[""Transverse_Mercator""],PARAMETER[""latitude_of_origin"",0],PARAMETER[""central_meridian"",-105],PARAMETER[""scale_factor"",0.9996],PARAMETER[""false_easting"",500000],PARAMETER[""false_northing"",0],UNIT[""metre"",1,AUTHORITY[""EPSG"",""9001""]],AXIS[""Easting"",EAST],AXIS[""Northing"",NORTH]]","POLYGON ((625380.0 4125060.0, 625380.0 4140420.0, 640740.0 4140420.0, 640740.0 4125060.0, 625380.0 4125060.0))",7503,254641,0
validation,subsetted_512x512_HLS.S30.T13SFS.2018196.v1.4,13SFS,2018-07-15,"PROJCS[""UTM Zone 13, Northern Hemisphere"",GEOGCS[""Unknown datum based upon the WGS 84 ellipsoid"",DATUM[""Not specified (based on WGS 84 spheroid)"",SPHEROID[""WGS 84"",6378137,298.257223563,AUTHORITY[""EPSG"",""7030""]]],PRIMEM[""Greenwich"",0],UNIT[""degree"",0.0174532925199433,AUTHORITY[""EPSG"",""9122""]]],PROJECTION[""Transverse_Mercator""],PARAMETER[""latitude_of_origin"",0],PARAMETER[""central_meridian"",-105],PARAMETER[""scale_factor"",0.9996],PARAMETER[""false_easting"",500000],PARAMETER[""false_northing"",0],UNIT[""metre"",1,AUTHORITY[""EPSG"",""9001""]],AXIS[""Easting"",EAST],AXIS[""Northing"",NORTH]]","POLYGON ((625080.0 3665970.0, 625080.0 3681330.0, 640440.0 3681330.0, 640440.0 3665970.0, 625080.0 3665970.0))",13316,248827,1
validation,subsetted_512x512_HLS.S30.T13SFT.2019171.v1.4,13SFT,2019-06-20,"PROJCS[""UTM Zone 13, Northern Hemisphere"",GEOGCS[""Unknown datum based upon the WGS 84 ellipsoid"",DATUM[""Not specified (based on WGS 84 spheroid)"",SPHEROID[""WGS 84"",6378137,298.257223563,AUTHORITY[""EPSG"",""7030""]]],PRIMEM[""Greenwich"",0],UNIT[""degree"",0.0174532925199433,AUTHORITY[""EPSG"",""9122""]]],PROJECTION[""Transverse_Mercator""],PARAMETER[""latitude_of_origin"",0],PARAMETER[""central_meridian"",-105],PARAMETER[""scale_factor"",0.9996],PARAMETER[""false_easting"",500000],PARAMETER[""false_northing"",0],UNIT[""metre"",1,AUTHORITY[""EPSG"",""9001""]],AXIS[""Easting"",EAST],AXIS[""Northing"",NORTH]]","POLYGON ((634890.0 3774600.0, 634890.0 3789960.0, 650250.0 3789960.0, 650250.0 3774600.0, 634890.0 3774600.0))",8496,253648,0
validation,subsetted_512x512_HLS.S30.T13TBF.2018190.v1.4,13TBF,2018-07-09,"PROJCS[""UTM Zone 13, Northern Hemisphere"",GEOGCS[""Unknown datum based upon the WGS 84 ellipsoid"",DATUM[""Not specified (based on WGS 84 spheroid)"",SPHEROID[""WGS 84"",6378137,298.257223563,AUTHORITY[""EPSG"",""7030""]]],PRIMEM[""Greenwich"",0],UNIT[""degree"",0.0174532925199433,AUTHORITY[""EPSG"",""9122""]]],PROJECTION[""Transverse_Mercator""],PARAMETER[""latitude_of_origin"",0],PARAMETER[""central_meridian"",-105],PARAMETER[""scale_factor"",0.9996],PARAMETER[""false_easting"",500000],PARAMETER[""false_northing"",0],UNIT[""metre"",1,AUTHORITY[""EPSG"",""9001""]],AXIS[""Easting"",EAST],AXIS[""Northing"",NORTH]]","POLYGON ((257550.00000000003 4511250.0, 257550.00000000003 4526610.0, 272910.0 4526610.0, 272910.0 4511250.0, 257550.00000000003 4511250.0))",76877,185267,0
validation,subsetted_512x512_HLS.S30.T13TCH.2020280.v1.4,13TCH,2020-10-06,"PROJCS[""UTM Zone 13, Northern Hemisphere"",GEOGCS[""Unknown datum based upon the WGS 84 ellipsoid"",DATUM[""Not specified (based on WGS 84 spheroid)"",SPHEROID[""WGS 84"",6378137,298.257223563,AUTHORITY[""EPSG"",""7030""]]],PRIMEM[""Greenwich"",0],UNIT[""degree"",0.0174532925199433,AUTHORITY[""EPSG"",""9122""]]],PROJECTION[""Transverse_Mercator""],PARAMETER[""latitude_of_origin"",0],PARAMETER[""central_meridian"",-105],PARAMETER[""scale_factor"",0.9996],PARAMETER[""false_easting"",500000],PARAMETER[""false_northing"",0],UNIT[""metre"",1,AUTHORITY[""EPSG"",""9001""]],AXIS[""Easting"",EAST],AXIS[""Northing"",NORTH]]","POLYGON ((335970.00000000006 4757430.0, 335970.00000000006 4772790.0, 351330.00000000006 4772790.0, 351330.00000000006 4757430.0, 335970.00000000006 4757430.0))",10018,252126,0
validation,subsetted_512x512_HLS.S30.T13TCL.2019150.v1.4,13TCL,2019-05-30,"PROJCS[""UTM Zone 13, Northern Hemisphere"",GEOGCS[""Unknown datum based upon the WGS 84 ellipsoid"",DATUM[""Not specified (based on WGS 84 spheroid)"",SPHEROID[""WGS 84"",6378137,298.257223563,AUTHORITY[""EPSG"",""7030""]]],PRIMEM[""Greenwich"",0],UNIT[""degree"",0.0174532925199433,AUTHORITY[""EPSG"",""9122""]]],PROJECTION[""Transverse_Mercator""],PARAMETER[""latitude_of_origin"",0],PARAMETER[""central_meridian"",-105],PARAMETER[""scale_factor"",0.9996],PARAMETER[""false_easting"",500000],PARAMETER[""false_northing"",0],UNIT[""metre"",1,AUTHORITY[""EPSG"",""9001""]],AXIS[""Easting"",EAST],AXIS[""Northing"",NORTH]]","POLYGON ((393630.0 5012940.0, 393630.0 5028300.0, 408990.0 5028300.0, 408990.0 5012940.0, 393630.0 5012940.0))",5180,256964,0
validation,subsetted_512x512_HLS.S30.T13TDH.2018292.v1.4,13TDH,2018-10-19,"PROJCS[""UTM Zone 13, Northern Hemisphere"",GEOGCS[""Unknown datum based upon the WGS 84 ellipsoid"",DATUM[""Not specified (based on WGS 84 spheroid)"",SPHEROID[""WGS 84"",6378137,298.257223563,AUTHORITY[""EPSG"",""7030""]]],PRIMEM[""Greenwich"",0],UNIT[""degree"",0.0174532925199433,AUTHORITY[""EPSG"",""9122""]]],PROJECTION[""Transverse_Mercator""],PARAMETER[""latitude_of_origin"",0],PARAMETER[""central_meridian"",-105],PARAMETER[""scale_factor"",0.9996],PARAMETER[""false_easting"",500000],PARAMETER[""false_northing"",0],UNIT[""metre"",1,AUTHORITY[""EPSG"",""9001""]],AXIS[""Easting"",EAST],AXIS[""Northing"",NORTH]]","POLYGON ((463110.0 4780410.0, 463110.0 4795770.0, 478470.0 4795770.0, 478470.0 4780410.0, 463110.0 4780410.0))",17652,244492,0
validation,subsetted_512x512_HLS.S30.T13TDK.2020217.v1.4,13TDK,2020-08-04,"PROJCS[""UTM Zone 13, Northern Hemisphere"",GEOGCS[""Unknown datum based upon the WGS 84 ellipsoid"",DATUM[""Not specified (based on WGS 84 spheroid)"",SPHEROID[""WGS 84"",6378137,298.257223563,AUTHORITY[""EPSG"",""7030""]]],PRIMEM[""Greenwich"",0],UNIT[""degree"",0.0174532925199433,AUTHORITY[""EPSG"",""9122""]]],PROJECTION[""Transverse_Mercator""],PARAMETER[""latitude_of_origin"",0],PARAMETER[""central_meridian"",-105],PARAMETER[""scale_factor"",0.9996],PARAMETER[""false_easting"",500000],PARAMETER[""false_northing"",0],UNIT[""metre"",1,AUTHORITY[""EPSG"",""9001""]],AXIS[""Easting"",EAST],AXIS[""Northing"",NORTH]]","POLYGON ((432570.0 4984620.0, 432570.0 4999980.0, 447930.0 4999980.0, 447930.0 4984620.0, 432570.0 4984620.0))",49665,212479,0
validation,subsetted_512x512_HLS.S30.T13TDL.2020187.v1.4,13TDL,2020-07-05,"PROJCS[""UTM Zone 13, Northern Hemisphere"",GEOGCS[""Unknown datum based upon the WGS 84 ellipsoid"",DATUM[""Not specified (based on WGS 84 spheroid)"",SPHEROID[""WGS 84"",6378137,298.257223563,AUTHORITY[""EPSG"",""7030""]]],PRIMEM[""Greenwich"",0],UNIT[""degree"",0.0174532925199433,AUTHORITY[""EPSG"",""9122""]]],PROJECTION[""Transverse_Mercator""],PARAMETER[""latitude_of_origin"",0],PARAMETER[""central_meridian"",-105],PARAMETER[""scale_factor"",0.9996],PARAMETER[""false_easting"",500000],PARAMETER[""false_northing"",0],UNIT[""metre"",1,AUTHORITY[""EPSG"",""9001""]],AXIS[""Easting"",EAST],AXIS[""Northing"",NORTH]]","POLYGON ((434700.0 5010600.0, 434700.0 5025960.0, 450060.0 5025960.0, 450060.0 5010600.0, 434700.0 5010600.0))",10637,251507,0
validation,subsetted_512x512_HLS.S30.T13TDL.2020245.v1.4,13TDL,2020-09-01,"PROJCS[""UTM Zone 13, Northern Hemisphere"",GEOGCS[""Unknown datum based upon the WGS 84 ellipsoid"",DATUM[""Not specified (based on WGS 84 spheroid)"",SPHEROID[""WGS 84"",6378137,298.257223563,AUTHORITY[""EPSG"",""7030""]]],PRIMEM[""Greenwich"",0],UNIT[""degree"",0.0174532925199433,AUTHORITY[""EPSG"",""9122""]]],PROJECTION[""Transverse_Mercator""],PARAMETER[""latitude_of_origin"",0],PARAMETER[""central_meridian"",-105],PARAMETER[""scale_factor"",0.9996],PARAMETER[""false_easting"",500000],PARAMETER[""false_northing"",0],UNIT[""metre"",1,AUTHORITY[""EPSG"",""9001""]],AXIS[""Easting"",EAST],AXIS[""Northing"",NORTH]]","POLYGON ((406770.0 5046060.0, 406770.0 5061420.0, 422130.0 5061420.0, 422130.0 5046060.0, 406770.0 5046060.0))",8327,253817,0
validation,subsetted_512x512_HLS.S30.T13TDL.2020280.v1.4,13TDL,2020-10-06,"PROJCS[""UTM Zone 13, Northern Hemisphere"",GEOGCS[""Unknown datum based upon the WGS 84 ellipsoid"",DATUM[""Not specified (based on WGS 84 spheroid)"",SPHEROID[""WGS 84"",6378137,298.257223563,AUTHORITY[""EPSG"",""7030""]]],PRIMEM[""Greenwich"",0],UNIT[""degree"",0.0174532925199433,AUTHORITY[""EPSG"",""9122""]]],PROJECTION[""Transverse_Mercator""],PARAMETER[""latitude_of_origin"",0],PARAMETER[""central_meridian"",-105],PARAMETER[""scale_factor"",0.9996],PARAMETER[""false_easting"",500000],PARAMETER[""false_northing"",0],UNIT[""metre"",1,AUTHORITY[""EPSG"",""9001""]],AXIS[""Easting"",EAST],AXIS[""Northing"",NORTH]]","POLYGON ((404640.0 5069790.0, 404640.0 5085150.0, 420000.0 5085150.0, 420000.0 5069790.0, 404640.0 5069790.0))",131181,130963,0
validation,subsetted_512x512_HLS.S30.T13TEE.2020214.v1.4,13TEE,2020-08-01,"PROJCS[""UTM Zone 13, Northern Hemisphere"",GEOGCS[""Unknown datum based upon the WGS 84 ellipsoid"",DATUM[""Not specified (based on WGS 84 spheroid)"",SPHEROID[""WGS 84"",6378137,298.257223563,AUTHORITY[""EPSG"",""7030""]]],PRIMEM[""Greenwich"",0],UNIT[""degree"",0.0174532925199433,AUTHORITY[""EPSG"",""9122""]]],PROJECTION[""Transverse_Mercator""],PARAMETER[""latitude_of_origin"",0],PARAMETER[""central_meridian"",-105],PARAMETER[""scale_factor"",0.9996],PARAMETER[""false_easting"",500000],PARAMETER[""false_northing"",0],UNIT[""metre"",1,AUTHORITY[""EPSG"",""9001""]],AXIS[""Easting"",EAST],AXIS[""Northing"",NORTH]]","POLYGON ((528180.0 4438950.0, 528180.0 4454310.0, 543540.0 4454310.0, 543540.0 4438950.0, 528180.0 4438950.0))",9896,252248,0
validation,subsetted_512x512_HLS.S30.T13TEE.2020249.v1.4,13TEE,2020-09-05,"PROJCS[""UTM Zone 13, Northern Hemisphere"",GEOGCS[""Unknown datum based upon the WGS 84 ellipsoid"",DATUM[""Not specified (based on WGS 84 spheroid)"",SPHEROID[""WGS 84"",6378137,298.257223563,AUTHORITY[""EPSG"",""7030""]]],PRIMEM[""Greenwich"",0],UNIT[""degree"",0.0174532925199433,AUTHORITY[""EPSG"",""9122""]]],PROJECTION[""Transverse_Mercator""],PARAMETER[""latitude_of_origin"",0],PARAMETER[""central_meridian"",-105],PARAMETER[""scale_factor"",0.9996],PARAMETER[""false_easting"",500000],PARAMETER[""false_northing"",0],UNIT[""metre"",1,AUTHORITY[""EPSG"",""9001""]],AXIS[""Easting"",EAST],AXIS[""Northing"",NORTH]]","POLYGON ((594270.0 4412220.0, 594270.0 4427580.0, 609630.0 4427580.0, 609630.0 4412220.0, 594270.0 4412220.0))",7096,255048,0
validation,subsetted_512x512_HLS.S30.T13TFG.2020274.v1.4,13TFG,2020-09-30,"PROJCS[""UTM Zone 13, Northern Hemisphere"",GEOGCS[""Unknown datum based upon the WGS 84 ellipsoid"",DATUM[""Not specified (based on WGS 84 spheroid)"",SPHEROID[""WGS 84"",6378137,298.257223563,AUTHORITY[""EPSG"",""7030""]]],PRIMEM[""Greenwich"",0],UNIT[""degree"",0.0174532925199433,AUTHORITY[""EPSG"",""9122""]]],PROJECTION[""Transverse_Mercator""],PARAMETER[""latitude_of_origin"",0],PARAMETER[""central_meridian"",-105],PARAMETER[""scale_factor"",0.9996],PARAMETER[""false_easting"",500000],PARAMETER[""false_northing"",0],UNIT[""metre"",1,AUTHORITY[""EPSG"",""9001""]],AXIS[""Easting"",EAST],AXIS[""Northing"",NORTH]]","POLYGON ((621120.0 4604550.0, 621120.0 4619910.0, 636480.0 4619910.0, 636480.0 4604550.0, 621120.0 4604550.0))",15449,246695,0
validation,subsetted_512x512_HLS.S30.T13TFN.2018157.v1.4,13TFN,2018-06-06,"PROJCS[""UTM Zone 13, Northern Hemisphere"",GEOGCS[""Unknown datum based upon the WGS 84 ellipsoid"",DATUM[""Not specified (based on WGS 84 spheroid)"",SPHEROID[""WGS 84"",6378137,298.257223563,AUTHORITY[""EPSG"",""7030""]]],PRIMEM[""Greenwich"",0],UNIT[""degree"",0.0174532925199433,AUTHORITY[""EPSG"",""9122""]]],PROJECTION[""Transverse_Mercator""],PARAMETER[""latitude_of_origin"",0],PARAMETER[""central_meridian"",-105],PARAMETER[""scale_factor"",0.9996],PARAMETER[""false_easting"",500000],PARAMETER[""false_northing"",0],UNIT[""metre"",1,AUTHORITY[""EPSG"",""9001""]],AXIS[""Easting"",EAST],AXIS[""Northing"",NORTH]]","POLYGON ((610980.0 5193390.0, 610980.0 5208750.0, 626340.0 5208750.0, 626340.0 5193390.0, 610980.0 5193390.0))",35240,226904,0
validation,subsetted_512x512_HLS.S30.T13TFN.2019152.v1.4,13TFN,2019-06-01,"PROJCS[""UTM Zone 13, Northern Hemisphere"",GEOGCS[""Unknown datum based upon the WGS 84 ellipsoid"",DATUM[""Not specified (based on WGS 84 spheroid)"",SPHEROID[""WGS 84"",6378137,298.257223563,AUTHORITY[""EPSG"",""7030""]]],PRIMEM[""Greenwich"",0],UNIT[""degree"",0.0174532925199433,AUTHORITY[""EPSG"",""9122""]]],PROJECTION[""Transverse_Mercator""],PARAMETER[""latitude_of_origin"",0],PARAMETER[""central_meridian"",-105],PARAMETER[""scale_factor"",0.9996],PARAMETER[""false_easting"",500000],PARAMETER[""false_northing"",0],UNIT[""metre"",1,AUTHORITY[""EPSG"",""9001""]],AXIS[""Easting"",EAST],AXIS[""Northing"",NORTH]]","POLYGON ((611730.0 5267430.0, 611730.0 5282790.0, 627090.0 5282790.0, 627090.0 5267430.0, 611730.0 5267430.0))",7479,254665,0
validation,subsetted_512x512_HLS.S30.T13TGE.2018136.v1.4,13TGE,2018-05-16,"PROJCS[""UTM Zone 13, Northern Hemisphere"",GEOGCS[""Unknown datum based upon the WGS 84 ellipsoid"",DATUM[""Not specified (based on WGS 84 spheroid)"",SPHEROID[""WGS 84"",6378137,298.257223563,AUTHORITY[""EPSG"",""7030""]]],PRIMEM[""Greenwich"",0],UNIT[""degree"",0.0174532925199433,AUTHORITY[""EPSG"",""9122""]]],PROJECTION[""Transverse_Mercator""],PARAMETER[""latitude_of_origin"",0],PARAMETER[""central_meridian"",-105],PARAMETER[""scale_factor"",0.9996],PARAMETER[""false_easting"",500000],PARAMETER[""false_northing"",0],UNIT[""metre"",1,AUTHORITY[""EPSG"",""9001""]],AXIS[""Easting"",EAST],AXIS[""Northing"",NORTH]]","POLYGON ((724620.0 4466880.0, 724620.0 4482240.0, 739980.0 4482240.0, 739980.0 4466880.0, 724620.0 4466880.0))",8390,253754,0
validation,subsetted_512x512_HLS.S30.T13TGJ.2020309.v1.4,13TGJ,2020-11-04,"PROJCS[""UTM Zone 13, Northern Hemisphere"",GEOGCS[""Unknown datum based upon the WGS 84 ellipsoid"",DATUM[""Not specified (based on WGS 84 spheroid)"",SPHEROID[""WGS 84"",6378137,298.257223563,AUTHORITY[""EPSG"",""7030""]]],PRIMEM[""Greenwich"",0],UNIT[""degree"",0.0174532925199433,AUTHORITY[""EPSG"",""9122""]]],PROJECTION[""Transverse_Mercator""],PARAMETER[""latitude_of_origin"",0],PARAMETER[""central_meridian"",-105],PARAMETER[""scale_factor"",0.9996],PARAMETER[""false_easting"",500000],PARAMETER[""false_northing"",0],UNIT[""metre"",1,AUTHORITY[""EPSG"",""9001""]],AXIS[""Easting"",EAST],AXIS[""Northing"",NORTH]]","POLYGON ((700020.0 4797630.0, 700020.0 4812990.0, 715380.0 4812990.0, 715380.0 4797630.0, 700020.0 4797630.0))",10476,251668,0
validation,subsetted_512x512_HLS.S30.T14RKV.2018213.v1.4,14RKV,2018-08-01,"PROJCS[""UTM Zone 14, Northern Hemisphere"",GEOGCS[""Unknown datum based upon the WGS 84 ellipsoid"",DATUM[""Not specified (based on WGS 84 spheroid)"",SPHEROID[""WGS 84"",6378137,298.257223563,AUTHORITY[""EPSG"",""7030""]]],PRIMEM[""Greenwich"",0],UNIT[""degree"",0.0174532925199433,AUTHORITY[""EPSG"",""9122""]]],PROJECTION[""Transverse_Mercator""],PARAMETER[""latitude_of_origin"",0],PARAMETER[""central_meridian"",-99],PARAMETER[""scale_factor"",0.9996],PARAMETER[""false_easting"",500000],PARAMETER[""false_northing"",0],UNIT[""metre"",1,AUTHORITY[""EPSG"",""9001""]],AXIS[""Easting"",EAST],AXIS[""Northing"",NORTH]]","POLYGON ((274740.00000000006 3419070.0, 274740.00000000006 3434430.0, 290100.00000000006 3434430.0, 290100.00000000006 3419070.0, 274740.00000000006 3419070.0))",5633,256511,0
validation,subsetted_512x512_HLS.S30.T14RKV.2020278.v1.4,14RKV,2020-10-04,"PROJCS[""UTM Zone 14, Northern Hemisphere"",GEOGCS[""Unknown datum based upon the WGS 84 ellipsoid"",DATUM[""Not specified (based on WGS 84 spheroid)"",SPHEROID[""WGS 84"",6378137,298.257223563,AUTHORITY[""EPSG"",""7030""]]],PRIMEM[""Greenwich"",0],UNIT[""degree"",0.0174532925199433,AUTHORITY[""EPSG"",""9122""]]],PROJECTION[""Transverse_Mercator""],PARAMETER[""latitude_of_origin"",0],PARAMETER[""central_meridian"",-99],PARAMETER[""scale_factor"",0.9996],PARAMETER[""false_easting"",500000],PARAMETER[""false_northing"",0],UNIT[""metre"",1,AUTHORITY[""EPSG"",""9001""]],AXIS[""Easting"",EAST],AXIS[""Northing"",NORTH]]","POLYGON ((265680.0 3439440.0, 265680.0 3454800.0, 281040.0 3454800.0, 281040.0 3439440.0, 265680.0 3439440.0))",4636,257508,0
validation,subsetted_512x512_HLS.S30.T14RLV.2019223.v1.4,14RLV,2019-08-11,"PROJCS[""UTM Zone 14, Northern Hemisphere"",GEOGCS[""Unknown datum based upon the WGS 84 ellipsoid"",DATUM[""Not specified (based on WGS 84 spheroid)"",SPHEROID[""WGS 84"",6378137,298.257223563,AUTHORITY[""EPSG"",""7030""]]],PRIMEM[""Greenwich"",0],UNIT[""degree"",0.0174532925199433,AUTHORITY[""EPSG"",""9122""]]],PROJECTION[""Transverse_Mercator""],PARAMETER[""latitude_of_origin"",0],PARAMETER[""central_meridian"",-99],PARAMETER[""scale_factor"",0.9996],PARAMETER[""false_easting"",500000],PARAMETER[""false_northing"",0],UNIT[""metre"",1,AUTHORITY[""EPSG"",""9001""]],AXIS[""Easting"",EAST],AXIS[""Northing"",NORTH]]","POLYGON ((355350.0 3418980.0, 355350.0 3434340.0, 370710.0 3434340.0, 370710.0 3418980.0, 355350.0 3418980.0))",4821,257323,0
validation,subsetted_512x512_HLS.S30.T14RLV.2019348.v1.4,14RLV,2019-12-14,"PROJCS[""UTM Zone 14, Northern Hemisphere"",GEOGCS[""Unknown datum based upon the WGS 84 ellipsoid"",DATUM[""Not specified (based on WGS 84 spheroid)"",SPHEROID[""WGS 84"",6378137,298.257223563,AUTHORITY[""EPSG"",""7030""]]],PRIMEM[""Greenwich"",0],UNIT[""degree"",0.0174532925199433,AUTHORITY[""EPSG"",""9122""]]],PROJECTION[""Transverse_Mercator""],PARAMETER[""latitude_of_origin"",0],PARAMETER[""central_meridian"",-99],PARAMETER[""scale_factor"",0.9996],PARAMETER[""false_easting"",500000],PARAMETER[""false_northing"",0],UNIT[""metre"",1,AUTHORITY[""EPSG"",""9001""]],AXIS[""Easting"",EAST],AXIS[""Northing"",NORTH]]","POLYGON ((345000.0 3390690.0, 345000.0 3406050.0, 360360.0 3406050.0, 360360.0 3390690.0, 345000.0 3390690.0))",8061,254083,0
validation,subsetted_512x512_HLS.S30.T14RMV.2020280.v1.4,14RMV,2020-10-06,"PROJCS[""UTM Zone 14, Northern Hemisphere"",GEOGCS[""Unknown datum based upon the WGS 84 ellipsoid"",DATUM[""Not specified (based on WGS 84 spheroid)"",SPHEROID[""WGS 84"",6378137,298.257223563,AUTHORITY[""EPSG"",""7030""]]],PRIMEM[""Greenwich"",0],UNIT[""degree"",0.0174532925199433,AUTHORITY[""EPSG"",""9122""]]],PROJECTION[""Transverse_Mercator""],PARAMETER[""latitude_of_origin"",0],PARAMETER[""central_meridian"",-99],PARAMETER[""scale_factor"",0.9996],PARAMETER[""false_easting"",500000],PARAMETER[""false_northing"",0],UNIT[""metre"",1,AUTHORITY[""EPSG"",""9001""]],AXIS[""Easting"",EAST],AXIS[""Northing"",NORTH]]","POLYGON ((482760.0 3440220.0, 482760.0 3455580.0, 498120.0 3455580.0, 498120.0 3440220.0, 482760.0 3440220.0))",43731,218413,0
validation,subsetted_512x512_HLS.S30.T14RNQ.2021051.v1.4,14RNQ,2021-02-20,"PROJCS[""UTM Zone 14, Northern Hemisphere"",GEOGCS[""Unknown datum based upon the WGS 84 ellipsoid"",DATUM[""Not specified (based on WGS 84 spheroid)"",SPHEROID[""WGS 84"",6378137,298.257223563,AUTHORITY[""EPSG"",""7030""]]],PRIMEM[""Greenwich"",0],UNIT[""degree"",0.0174532925199433,AUTHORITY[""EPSG"",""9122""]]],PROJECTION[""Transverse_Mercator""],PARAMETER[""latitude_of_origin"",0],PARAMETER[""central_meridian"",-99],PARAMETER[""scale_factor"",0.9996],PARAMETER[""false_easting"",500000],PARAMETER[""false_northing"",0],UNIT[""metre"",1,AUTHORITY[""EPSG"",""9001""]],AXIS[""Easting"",EAST],AXIS[""Northing"",NORTH]]","POLYGON ((550590.0 2974440.0, 550590.0 2989800.0, 565950.0 2989800.0, 565950.0 2974440.0, 550590.0 2974440.0))",9788,252356,0
validation,subsetted_512x512_HLS.S30.T14RNV.2018215.v1.4,14RNV,2018-08-03,"PROJCS[""UTM Zone 14, Northern Hemisphere"",GEOGCS[""Unknown datum based upon the WGS 84 ellipsoid"",DATUM[""Not specified (based on WGS 84 spheroid)"",SPHEROID[""WGS 84"",6378137,298.257223563,AUTHORITY[""EPSG"",""7030""]]],PRIMEM[""Greenwich"",0],UNIT[""degree"",0.0174532925199433,AUTHORITY[""EPSG"",""9122""]]],PROJECTION[""Transverse_Mercator""],PARAMETER[""latitude_of_origin"",0],PARAMETER[""central_meridian"",-99],PARAMETER[""scale_factor"",0.9996],PARAMETER[""false_easting"",500000],PARAMETER[""false_northing"",0],UNIT[""metre"",1,AUTHORITY[""EPSG"",""9001""]],AXIS[""Easting"",EAST],AXIS[""Northing"",NORTH]]","POLYGON ((550320.0 3481950.0, 550320.0 3497310.0, 565680.0 3497310.0, 565680.0 3481950.0, 550320.0 3481950.0))",6594,255526,24
validation,subsetted_512x512_HLS.S30.T14RPS.2019257.v1.4,14RPS,2019-09-14,"PROJCS[""UTM Zone 14, Northern Hemisphere"",GEOGCS[""Unknown datum based upon the WGS 84 ellipsoid"",DATUM[""Not specified (based on WGS 84 spheroid)"",SPHEROID[""WGS 84"",6378137,298.257223563,AUTHORITY[""EPSG"",""7030""]]],PRIMEM[""Greenwich"",0],UNIT[""degree"",0.0174532925199433,AUTHORITY[""EPSG"",""9122""]]],PROJECTION[""Transverse_Mercator""],PARAMETER[""latitude_of_origin"",0],PARAMETER[""central_meridian"",-99],PARAMETER[""scale_factor"",0.9996],PARAMETER[""false_easting"",500000],PARAMETER[""false_northing"",0],UNIT[""metre"",1,AUTHORITY[""EPSG"",""9001""]],AXIS[""Easting"",EAST],AXIS[""Northing"",NORTH]]","POLYGON ((657450.0 3142860.0, 657450.0 3158220.0, 672810.0 3158220.0, 672810.0 3142860.0, 657450.0 3142860.0))",4504,257640,0
validation,subsetted_512x512_HLS.S30.T14SKA.2019278.v1.4,14SKA,2019-10-05,"PROJCS[""UTM Zone 14, Northern Hemisphere"",GEOGCS[""Unknown datum based upon the WGS 84 ellipsoid"",DATUM[""Not specified (based on WGS 84 spheroid)"",SPHEROID[""WGS 84"",6378137,298.257223563,AUTHORITY[""EPSG"",""7030""]]],PRIMEM[""Greenwich"",0],UNIT[""degree"",0.0174532925199433,AUTHORITY[""EPSG"",""9122""]]],PROJECTION[""Transverse_Mercator""],PARAMETER[""latitude_of_origin"",0],PARAMETER[""central_meridian"",-99],PARAMETER[""scale_factor"",0.9996],PARAMETER[""false_easting"",500000],PARAMETER[""false_northing"",0],UNIT[""metre"",1,AUTHORITY[""EPSG"",""9001""]],AXIS[""Easting"",EAST],AXIS[""Northing"",NORTH]]","POLYGON ((292170.0 3556860.0, 292170.0 3572220.0, 307530.0 3572220.0, 307530.0 3556860.0, 292170.0 3556860.0))",10131,252013,0
validation,subsetted_512x512_HLS.S30.T14SKB.2019268.v1.4,14SKB,2019-09-25,"PROJCS[""UTM Zone 14, Northern Hemisphere"",GEOGCS[""Unknown datum based upon the WGS 84 ellipsoid"",DATUM[""Not specified (based on WGS 84 spheroid)"",SPHEROID[""WGS 84"",6378137,298.257223563,AUTHORITY[""EPSG"",""7030""]]],PRIMEM[""Greenwich"",0],UNIT[""degree"",0.0174532925199433,AUTHORITY[""EPSG"",""9122""]]],PROJECTION[""Transverse_Mercator""],PARAMETER[""latitude_of_origin"",0],PARAMETER[""central_meridian"",-99],PARAMETER[""scale_factor"",0.9996],PARAMETER[""false_easting"",500000],PARAMETER[""false_northing"",0],UNIT[""metre"",1,AUTHORITY[""EPSG"",""9001""]],AXIS[""Easting"",EAST],AXIS[""Northing"",NORTH]]","POLYGON ((294420.0 3678780.0, 294420.0 3694140.0, 309780.0 3694140.0, 309780.0 3678780.0, 294420.0 3678780.0))",8736,253408,0
validation,subsetted_512x512_HLS.S30.T14SKD.2018156.v1.4,14SKD,2018-06-05,"PROJCS[""UTM Zone 14, Northern Hemisphere"",GEOGCS[""Unknown datum based upon the WGS 84 ellipsoid"",DATUM[""Not specified (based on WGS 84 spheroid)"",SPHEROID[""WGS 84"",6378137,298.257223563,AUTHORITY[""EPSG"",""7030""]]],PRIMEM[""Greenwich"",0],UNIT[""degree"",0.0174532925199433,AUTHORITY[""EPSG"",""9122""]]],PROJECTION[""Transverse_Mercator""],PARAMETER[""latitude_of_origin"",0],PARAMETER[""central_meridian"",-99],PARAMETER[""scale_factor"",0.9996],PARAMETER[""false_easting"",500000],PARAMETER[""false_northing"",0],UNIT[""metre"",1,AUTHORITY[""EPSG"",""9001""]],AXIS[""Easting"",EAST],AXIS[""Northing"",NORTH]]","POLYGON ((289560.0 3857040.0, 289560.0 3872400.0, 304920.0 3872400.0, 304920.0 3857040.0, 289560.0 3857040.0))",164778,97366,0
validation,subsetted_512x512_HLS.S30.T14SKE.2018156.v1.4,14SKE,2018-06-05,"PROJCS[""UTM Zone 14, Northern Hemisphere"",GEOGCS[""Unknown datum based upon the WGS 84 ellipsoid"",DATUM[""Not specified (based on WGS 84 spheroid)"",SPHEROID[""WGS 84"",6378137,298.257223563,AUTHORITY[""EPSG"",""7030""]]],PRIMEM[""Greenwich"",0],UNIT[""degree"",0.0174532925199433,AUTHORITY[""EPSG"",""9122""]]],PROJECTION[""Transverse_Mercator""],PARAMETER[""latitude_of_origin"",0],PARAMETER[""central_meridian"",-99],PARAMETER[""scale_factor"",0.9996],PARAMETER[""false_easting"",500000],PARAMETER[""false_northing"",0],UNIT[""metre"",1,AUTHORITY[""EPSG"",""9001""]],AXIS[""Easting"",EAST],AXIS[""Northing"",NORTH]]","POLYGON ((254130.0 3937889.9999999995, 254130.0 3953249.9999999995, 269490.0 3953249.9999999995, 269490.0 3937889.9999999995, 254130.0 3937889.9999999995))",6417,255727,0
validation,subsetted_512x512_HLS.S30.T14SKF.2019246.v1.4,14SKF,2019-09-03,"PROJCS[""UTM Zone 14, Northern Hemisphere"",GEOGCS[""Unknown datum based upon the WGS 84 ellipsoid"",DATUM[""Not specified (based on WGS 84 spheroid)"",SPHEROID[""WGS 84"",6378137,298.257223563,AUTHORITY[""EPSG"",""7030""]]],PRIMEM[""Greenwich"",0],UNIT[""degree"",0.0174532925199433,AUTHORITY[""EPSG"",""9122""]]],PROJECTION[""Transverse_Mercator""],PARAMETER[""latitude_of_origin"",0],PARAMETER[""central_meridian"",-99],PARAMETER[""scale_factor"",0.9996],PARAMETER[""false_easting"",500000],PARAMETER[""false_northing"",0],UNIT[""metre"",1,AUTHORITY[""EPSG"",""9001""]],AXIS[""Easting"",EAST],AXIS[""Northing"",NORTH]]","POLYGON ((289980.0 4056030.0, 289980.0 4071390.0, 305340.0 4071390.0, 305340.0 4056030.0, 289980.0 4056030.0))",5345,256799,0
validation,subsetted_512x512_HLS.S30.T14SLC.2019258.v1.4,14SLC,2019-09-15,"PROJCS[""UTM Zone 14, Northern Hemisphere"",GEOGCS[""Unknown datum based upon the WGS 84 ellipsoid"",DATUM[""Not specified (based on WGS 84 spheroid)"",SPHEROID[""WGS 84"",6378137,298.257223563,AUTHORITY[""EPSG"",""7030""]]],PRIMEM[""Greenwich"",0],UNIT[""degree"",0.0174532925199433,AUTHORITY[""EPSG"",""9122""]]],PROJECTION[""Transverse_Mercator""],PARAMETER[""latitude_of_origin"",0],PARAMETER[""central_meridian"",-99],PARAMETER[""scale_factor"",0.9996],PARAMETER[""false_easting"",500000],PARAMETER[""false_northing"",0],UNIT[""metre"",1,AUTHORITY[""EPSG"",""9001""]],AXIS[""Easting"",EAST],AXIS[""Northing"",NORTH]]","POLYGON ((312720.0 3712980.0, 312720.0 3728340.0, 328080.0 3728340.0, 328080.0 3712980.0, 312720.0 3712980.0))",7821,254295,28
validation,subsetted_512x512_HLS.S30.T14SLD.2018163.v1.4,14SLD,2018-06-12,"PROJCS[""UTM Zone 14, Northern Hemisphere"",GEOGCS[""Unknown datum based upon the WGS 84 ellipsoid"",DATUM[""Not specified (based on WGS 84 spheroid)"",SPHEROID[""WGS 84"",6378137,298.257223563,AUTHORITY[""EPSG"",""7030""]]],PRIMEM[""Greenwich"",0],UNIT[""degree"",0.0174532925199433,AUTHORITY[""EPSG"",""9122""]]],PROJECTION[""Transverse_Mercator""],PARAMETER[""latitude_of_origin"",0],PARAMETER[""central_meridian"",-99],PARAMETER[""scale_factor"",0.9996],PARAMETER[""false_easting"",500000],PARAMETER[""false_northing"",0],UNIT[""metre"",1,AUTHORITY[""EPSG"",""9001""]],AXIS[""Easting"",EAST],AXIS[""Northing"",NORTH]]","POLYGON ((303510.0 3829320.0, 303510.0 3844680.0, 318870.0 3844680.0, 318870.0 3829320.0, 303510.0 3829320.0))",16338,245806,0
validation,subsetted_512x512_HLS.S30.T14SMA.2020185.v1.4,14SMA,2020-07-03,"PROJCS[""UTM Zone 14, Northern Hemisphere"",GEOGCS[""Unknown datum based upon the WGS 84 ellipsoid"",DATUM[""Not specified (based on WGS 84 spheroid)"",SPHEROID[""WGS 84"",6378137,298.257223563,AUTHORITY[""EPSG"",""7030""]]],PRIMEM[""Greenwich"",0],UNIT[""degree"",0.0174532925199433,AUTHORITY[""EPSG"",""9122""]]],PROJECTION[""Transverse_Mercator""],PARAMETER[""latitude_of_origin"",0],PARAMETER[""central_meridian"",-99],PARAMETER[""scale_factor"",0.9996],PARAMETER[""false_easting"",500000],PARAMETER[""false_northing"",0],UNIT[""metre"",1,AUTHORITY[""EPSG"",""9001""]],AXIS[""Easting"",EAST],AXIS[""Northing"",NORTH]]","POLYGON ((418830.0 3515610.0, 418830.0 3530970.0, 434190.0 3530970.0, 434190.0 3515610.0, 418830.0 3515610.0))",4489,257654,1
validation,subsetted_512x512_HLS.S30.T14SMB.2019228.v1.4,14SMB,2019-08-16,"PROJCS[""UTM Zone 14, Northern Hemisphere"",GEOGCS[""Unknown datum based upon the WGS 84 ellipsoid"",DATUM[""Not specified (based on WGS 84 spheroid)"",SPHEROID[""WGS 84"",6378137,298.257223563,AUTHORITY[""EPSG"",""7030""]]],PRIMEM[""Greenwich"",0],UNIT[""degree"",0.0174532925199433,AUTHORITY[""EPSG"",""9122""]]],PROJECTION[""Transverse_Mercator""],PARAMETER[""latitude_of_origin"",0],PARAMETER[""central_meridian"",-99],PARAMETER[""scale_factor"",0.9996],PARAMETER[""false_easting"",500000],PARAMETER[""false_northing"",0],UNIT[""metre"",1,AUTHORITY[""EPSG"",""9001""]],AXIS[""Easting"",EAST],AXIS[""Northing"",NORTH]]","POLYGON ((437550.0 3658230.0, 437550.0 3673590.0, 452910.0 3673590.0, 452910.0 3658230.0, 437550.0 3658230.0))",11260,250878,6
validation,subsetted_512x512_HLS.S30.T14SMC.2018213.v1.4,14SMC,2018-08-01,"PROJCS[""UTM Zone 14, Northern Hemisphere"",GEOGCS[""Unknown datum based upon the WGS 84 ellipsoid"",DATUM[""Not specified (based on WGS 84 spheroid)"",SPHEROID[""WGS 84"",6378137,298.257223563,AUTHORITY[""EPSG"",""7030""]]],PRIMEM[""Greenwich"",0],UNIT[""degree"",0.0174532925199433,AUTHORITY[""EPSG"",""9122""]]],PROJECTION[""Transverse_Mercator""],PARAMETER[""latitude_of_origin"",0],PARAMETER[""central_meridian"",-99],PARAMETER[""scale_factor"",0.9996],PARAMETER[""false_easting"",500000],PARAMETER[""false_northing"",0],UNIT[""metre"",1,AUTHORITY[""EPSG"",""9001""]],AXIS[""Easting"",EAST],AXIS[""Northing"",NORTH]]","POLYGON ((468360.0 3731280.0, 468360.0 3746640.0, 483720.0 3746640.0, 483720.0 3731280.0, 468360.0 3731280.0))",19181,242963,0
validation,subsetted_512x512_HLS.S30.T14SNA.2018215.v1.4,14SNA,2018-08-03,"PROJCS[""UTM Zone 14, Northern Hemisphere"",GEOGCS[""Unknown datum based upon the WGS 84 ellipsoid"",DATUM[""Not specified (based on WGS 84 spheroid)"",SPHEROID[""WGS 84"",6378137,298.257223563,AUTHORITY[""EPSG"",""7030""]]],PRIMEM[""Greenwich"",0],UNIT[""degree"",0.0174532925199433,AUTHORITY[""EPSG"",""9122""]]],PROJECTION[""Transverse_Mercator""],PARAMETER[""latitude_of_origin"",0],PARAMETER[""central_meridian"",-99],PARAMETER[""scale_factor"",0.9996],PARAMETER[""false_easting"",500000],PARAMETER[""false_northing"",0],UNIT[""metre"",1,AUTHORITY[""EPSG"",""9001""]],AXIS[""Easting"",EAST],AXIS[""Northing"",NORTH]]","POLYGON ((511530.00000000006 3493020.0, 511530.00000000006 3508380.0, 526890.0 3508380.0, 526890.0 3493020.0, 511530.00000000006 3493020.0))",7414,254730,0
validation,subsetted_512x512_HLS.S30.T14SND.2018125.v1.4,14SND,2018-05-05,"PROJCS[""UTM Zone 14, Northern Hemisphere"",GEOGCS[""Unknown datum based upon the WGS 84 ellipsoid"",DATUM[""Not specified (based on WGS 84 spheroid)"",SPHEROID[""WGS 84"",6378137,298.257223563,AUTHORITY[""EPSG"",""7030""]]],PRIMEM[""Greenwich"",0],UNIT[""degree"",0.0174532925199433,AUTHORITY[""EPSG"",""9122""]]],PROJECTION[""Transverse_Mercator""],PARAMETER[""latitude_of_origin"",0],PARAMETER[""central_meridian"",-99],PARAMETER[""scale_factor"",0.9996],PARAMETER[""false_easting"",500000],PARAMETER[""false_northing"",0],UNIT[""metre"",1,AUTHORITY[""EPSG"",""9001""]],AXIS[""Easting"",EAST],AXIS[""Northing"",NORTH]]","POLYGON ((533700.0 3837570.0, 533700.0 3852930.0, 549060.0 3852930.0, 549060.0 3837570.0, 533700.0 3837570.0))",22250,239890,4
validation,subsetted_512x512_HLS.S30.T14SNG.2020118.v1.4,14SNG,2020-04-27,"PROJCS[""UTM Zone 14, Northern Hemisphere"",GEOGCS[""Unknown datum based upon the WGS 84 ellipsoid"",DATUM[""Not specified (based on WGS 84 spheroid)"",SPHEROID[""WGS 84"",6378137,298.257223563,AUTHORITY[""EPSG"",""7030""]]],PRIMEM[""Greenwich"",0],UNIT[""degree"",0.0174532925199433,AUTHORITY[""EPSG"",""9122""]]],PROJECTION[""Transverse_Mercator""],PARAMETER[""latitude_of_origin"",0],PARAMETER[""central_meridian"",-99],PARAMETER[""scale_factor"",0.9996],PARAMETER[""false_easting"",500000],PARAMETER[""false_northing"",0],UNIT[""metre"",1,AUTHORITY[""EPSG"",""9001""]],AXIS[""Easting"",EAST],AXIS[""Northing"",NORTH]]","POLYGON ((503700.00000000006 4095240.0, 503700.00000000006 4110600.0, 519060.00000000006 4110600.0, 519060.00000000006 4095240.0, 503700.00000000006 4095240.0))",25639,236505,0
validation,subsetted_512x512_HLS.S30.T14SPD.2018100.v1.4,14SPD,2018-04-10,"PROJCS[""UTM Zone 14, Northern Hemisphere"",GEOGCS[""Unknown datum based upon the WGS 84 ellipsoid"",DATUM[""Not specified (based on WGS 84 spheroid)"",SPHEROID[""WGS 84"",6378137,298.257223563,AUTHORITY[""EPSG"",""7030""]]],PRIMEM[""Greenwich"",0],UNIT[""degree"",0.0174532925199433,AUTHORITY[""EPSG"",""9122""]]],PROJECTION[""Transverse_Mercator""],PARAMETER[""latitude_of_origin"",0],PARAMETER[""central_meridian"",-99],PARAMETER[""scale_factor"",0.9996],PARAMETER[""false_easting"",500000],PARAMETER[""false_northing"",0],UNIT[""metre"",1,AUTHORITY[""EPSG"",""9001""]],AXIS[""Easting"",EAST],AXIS[""Northing"",NORTH]]","POLYGON ((625350.0 3792750.0, 625350.0 3808110.0, 640710.0 3808110.0, 640710.0 3792750.0, 625350.0 3792750.0))",4836,257308,0
validation,subsetted_512x512_HLS.S30.T14SPF.2019345.v1.4,14SPF,2019-12-11,"PROJCS[""UTM Zone 14, Northern Hemisphere"",GEOGCS[""Unknown datum based upon the WGS 84 ellipsoid"",DATUM[""Not specified (based on WGS 84 spheroid)"",SPHEROID[""WGS 84"",6378137,298.257223563,AUTHORITY[""EPSG"",""7030""]]],PRIMEM[""Greenwich"",0],UNIT[""degree"",0.0174532925199433,AUTHORITY[""EPSG"",""9122""]]],PROJECTION[""Transverse_Mercator""],PARAMETER[""latitude_of_origin"",0],PARAMETER[""central_meridian"",-99],PARAMETER[""scale_factor"",0.9996],PARAMETER[""false_easting"",500000],PARAMETER[""false_northing"",0],UNIT[""metre"",1,AUTHORITY[""EPSG"",""9001""]],AXIS[""Easting"",EAST],AXIS[""Northing"",NORTH]]","POLYGON ((688560.0 4057860.0000000005, 688560.0 4073220.0000000005, 703920.0 4073220.0000000005, 703920.0 4057860.0000000005, 688560.0 4057860.0000000005))",5100,257044,0
validation,subsetted_512x512_HLS.S30.T14SPH.2018125.v1.4,14SPH,2018-05-05,"PROJCS[""UTM Zone 14, Northern Hemisphere"",GEOGCS[""Unknown datum based upon the WGS 84 ellipsoid"",DATUM[""Not specified (based on WGS 84 spheroid)"",SPHEROID[""WGS 84"",6378137,298.257223563,AUTHORITY[""EPSG"",""7030""]]],PRIMEM[""Greenwich"",0],UNIT[""degree"",0.0174532925199433,AUTHORITY[""EPSG"",""9122""]]],PROJECTION[""Transverse_Mercator""],PARAMETER[""latitude_of_origin"",0],PARAMETER[""central_meridian"",-99],PARAMETER[""scale_factor"",0.9996],PARAMETER[""false_easting"",500000],PARAMETER[""false_northing"",0],UNIT[""metre"",1,AUTHORITY[""EPSG"",""9001""]],AXIS[""Easting"",EAST],AXIS[""Northing"",NORTH]]","POLYGON ((677190.0 4190820.0, 677190.0 4206180.0, 692550.0 4206180.0, 692550.0 4190820.0, 677190.0 4190820.0))",11610,250534,0
validation,subsetted_512x512_HLS.S30.T14SPJ.2019345.v1.4,14SPJ,2019-12-11,"PROJCS[""UTM Zone 14, Northern Hemisphere"",GEOGCS[""Unknown datum based upon the WGS 84 ellipsoid"",DATUM[""Not specified (based on WGS 84 spheroid)"",SPHEROID[""WGS 84"",6378137,298.257223563,AUTHORITY[""EPSG"",""7030""]]],PRIMEM[""Greenwich"",0],UNIT[""degree"",0.0174532925199433,AUTHORITY[""EPSG"",""9122""]]],PROJECTION[""Transverse_Mercator""],PARAMETER[""latitude_of_origin"",0],PARAMETER[""central_meridian"",-99],PARAMETER[""scale_factor"",0.9996],PARAMETER[""false_easting"",500000],PARAMETER[""false_northing"",0],UNIT[""metre"",1,AUTHORITY[""EPSG"",""9001""]],AXIS[""Easting"",EAST],AXIS[""Northing"",NORTH]]","POLYGON ((686190.0 4332960.0, 686190.0 4348320.0, 701550.0 4348320.0, 701550.0 4332960.0, 686190.0 4332960.0))",38816,223328,0
validation,subsetted_512x512_HLS.S30.T14SQE.2018075.v1.4,14SQE,2018-03-16,"PROJCS[""UTM Zone 14, Northern Hemisphere"",GEOGCS[""Unknown datum based upon the WGS 84 ellipsoid"",DATUM[""Not specified (based on WGS 84 spheroid)"",SPHEROID[""WGS 84"",6378137,298.257223563,AUTHORITY[""EPSG"",""7030""]]],PRIMEM[""Greenwich"",0],UNIT[""degree"",0.0174532925199433,AUTHORITY[""EPSG"",""9122""]]],PROJECTION[""Transverse_Mercator""],PARAMETER[""latitude_of_origin"",0],PARAMETER[""central_meridian"",-99],PARAMETER[""scale_factor"",0.9996],PARAMETER[""false_easting"",500000],PARAMETER[""false_northing"",0],UNIT[""metre"",1,AUTHORITY[""EPSG"",""9001""]],AXIS[""Easting"",EAST],AXIS[""Northing"",NORTH]]","POLYGON ((748890.0 3902310.0, 748890.0 3917670.0, 764250.0 3917670.0, 764250.0 3902310.0, 748890.0 3902310.0))",5067,257077,0
validation,subsetted_512x512_HLS.S30.T14SQE.2018100.v1.4,14SQE,2018-04-10,"PROJCS[""UTM Zone 14, Northern Hemisphere"",GEOGCS[""Unknown datum based upon the WGS 84 ellipsoid"",DATUM[""Not specified (based on WGS 84 spheroid)"",SPHEROID[""WGS 84"",6378137,298.257223563,AUTHORITY[""EPSG"",""7030""]]],PRIMEM[""Greenwich"",0],UNIT[""degree"",0.0174532925199433,AUTHORITY[""EPSG"",""9122""]]],PROJECTION[""Transverse_Mercator""],PARAMETER[""latitude_of_origin"",0],PARAMETER[""central_meridian"",-99],PARAMETER[""scale_factor"",0.9996],PARAMETER[""false_easting"",500000],PARAMETER[""false_northing"",0],UNIT[""metre"",1,AUTHORITY[""EPSG"",""9001""]],AXIS[""Easting"",EAST],AXIS[""Northing"",NORTH]]","POLYGON ((726000.0 3932970.0, 726000.0 3948330.0, 741360.0 3948330.0, 741360.0 3932970.0, 726000.0 3932970.0))",5215,256929,0
validation,subsetted_512x512_HLS.S30.T14SQG.2020085.v1.4,14SQG,2020-03-25,"PROJCS[""UTM Zone 14, Northern Hemisphere"",GEOGCS[""Unknown datum based upon the WGS 84 ellipsoid"",DATUM[""Not specified (based on WGS 84 spheroid)"",SPHEROID[""WGS 84"",6378137,298.257223563,AUTHORITY[""EPSG"",""7030""]]],PRIMEM[""Greenwich"",0],UNIT[""degree"",0.0174532925199433,AUTHORITY[""EPSG"",""9122""]]],PROJECTION[""Transverse_Mercator""],PARAMETER[""latitude_of_origin"",0],PARAMETER[""central_meridian"",-99],PARAMETER[""scale_factor"",0.9996],PARAMETER[""false_easting"",500000],PARAMETER[""false_northing"",0],UNIT[""metre"",1,AUTHORITY[""EPSG"",""9001""]],AXIS[""Easting"",EAST],AXIS[""Northing"",NORTH]]","POLYGON ((714840.0 4184580.0, 714840.0 4199940.0, 730200.0 4199940.0, 730200.0 4184580.0, 714840.0 4184580.0))",7866,254275,3
validation,subsetted_512x512_HLS.S30.T14SQH.2018125.v1.4,14SQH,2018-05-05,"PROJCS[""UTM Zone 14, Northern Hemisphere"",GEOGCS[""Unknown datum based upon the WGS 84 ellipsoid"",DATUM[""Not specified (based on WGS 84 spheroid)"",SPHEROID[""WGS 84"",6378137,298.257223563,AUTHORITY[""EPSG"",""7030""]]],PRIMEM[""Greenwich"",0],UNIT[""degree"",0.0174532925199433,AUTHORITY[""EPSG"",""9122""]]],PROJECTION[""Transverse_Mercator""],PARAMETER[""latitude_of_origin"",0],PARAMETER[""central_meridian"",-99],PARAMETER[""scale_factor"",0.9996],PARAMETER[""false_easting"",500000],PARAMETER[""false_northing"",0],UNIT[""metre"",1,AUTHORITY[""EPSG"",""9001""]],AXIS[""Easting"",EAST],AXIS[""Northing"",NORTH]]","POLYGON ((700020.0 4213860.0, 700020.0 4229220.0, 715380.0 4229220.0, 715380.0 4213860.0, 700020.0 4213860.0))",18688,243456,0
validation,subsetted_512x512_HLS.S30.T14TKM.2019144.v1.4,14TKM,2019-05-24,"PROJCS[""UTM Zone 14, Northern Hemisphere"",GEOGCS[""Unknown datum based upon the WGS 84 ellipsoid"",DATUM[""Not specified (based on WGS 84 spheroid)"",SPHEROID[""WGS 84"",6378137,298.257223563,AUTHORITY[""EPSG"",""7030""]]],PRIMEM[""Greenwich"",0],UNIT[""degree"",0.0174532925199433,AUTHORITY[""EPSG"",""9122""]]],PROJECTION[""Transverse_Mercator""],PARAMETER[""latitude_of_origin"",0],PARAMETER[""central_meridian"",-99],PARAMETER[""scale_factor"",0.9996],PARAMETER[""false_easting"",500000],PARAMETER[""false_northing"",0],UNIT[""metre"",1,AUTHORITY[""EPSG"",""9001""]],AXIS[""Easting"",EAST],AXIS[""Northing"",NORTH]]","POLYGON ((223230.0 4615350.0, 223230.0 4630710.0, 238590.0 4630710.0, 238590.0 4615350.0, 223230.0 4615350.0))",27511,234583,50
validation,subsetted_512x512_HLS.S30.T14UQU.2019163.v1.4,14UQU,2019-06-12,"PROJCS[""UTM Zone 14, Northern Hemisphere"",GEOGCS[""Unknown datum based upon the WGS 84 ellipsoid"",DATUM[""Not specified (based on WGS 84 spheroid)"",SPHEROID[""WGS 84"",6378137,298.257223563,AUTHORITY[""EPSG"",""7030""]]],PRIMEM[""Greenwich"",0],UNIT[""degree"",0.0174532925199433,AUTHORITY[""EPSG"",""9122""]]],PROJECTION[""Transverse_Mercator""],PARAMETER[""latitude_of_origin"",0],PARAMETER[""central_meridian"",-99],PARAMETER[""scale_factor"",0.9996],PARAMETER[""false_easting"",500000],PARAMETER[""false_northing"",0],UNIT[""metre"",1,AUTHORITY[""EPSG"",""9001""]],AXIS[""Easting"",EAST],AXIS[""Northing"",NORTH]]","POLYGON ((752430.0000000001 5340240.0, 752430.0000000001 5355600.0, 767790.0000000001 5355600.0, 767790.0000000001 5340240.0, 752430.0000000001 5340240.0))",2831,259313,0
validation,subsetted_512x512_HLS.S30.T15RVQ.2021063.v1.4,15RVQ,2021-03-04,"PROJCS[""UTM Zone 15, Northern Hemisphere"",GEOGCS[""Unknown datum based upon the WGS 84 ellipsoid"",DATUM[""Not specified (based on WGS 84 spheroid)"",SPHEROID[""WGS 84"",6378137,298.257223563,AUTHORITY[""EPSG"",""7030""]]],PRIMEM[""Greenwich"",0],UNIT[""degree"",0.0174532925199433,AUTHORITY[""EPSG"",""9122""]]],PROJECTION[""Transverse_Mercator""],PARAMETER[""latitude_of_origin"",0],PARAMETER[""central_meridian"",-93],PARAMETER[""scale_factor"",0.9996],PARAMETER[""false_easting"",500000],PARAMETER[""false_northing"",0],UNIT[""metre"",1,AUTHORITY[""EPSG"",""9001""]],AXIS[""Easting"",EAST],AXIS[""Northing"",NORTH]]","POLYGON ((411510.0 3441900.0, 411510.0 3457260.0, 426870.0 3457260.0, 426870.0 3441900.0, 411510.0 3441900.0))",13418,248726,0
validation,subsetted_512x512_HLS.S30.T15RWQ.2021063.v1.4,15RWQ,2021-03-04,"PROJCS[""UTM Zone 15, Northern Hemisphere"",GEOGCS[""Unknown datum based upon the WGS 84 ellipsoid"",DATUM[""Not specified (based on WGS 84 spheroid)"",SPHEROID[""WGS 84"",6378137,298.257223563,AUTHORITY[""EPSG"",""7030""]]],PRIMEM[""Greenwich"",0],UNIT[""degree"",0.0174532925199433,AUTHORITY[""EPSG"",""9122""]]],PROJECTION[""Transverse_Mercator""],PARAMETER[""latitude_of_origin"",0],PARAMETER[""central_meridian"",-93],PARAMETER[""scale_factor"",0.9996],PARAMETER[""false_easting"",500000],PARAMETER[""false_northing"",0],UNIT[""metre"",1,AUTHORITY[""EPSG"",""9001""]],AXIS[""Easting"",EAST],AXIS[""Northing"",NORTH]]","POLYGON ((553170.0 3473970.0, 553170.0 3489330.0, 568530.0 3489330.0, 568530.0 3473970.0, 553170.0 3473970.0))",2439,259703,2
validation,subsetted_512x512_HLS.S30.T15RWQ.2021098.v1.4,15RWQ,2021-04-08,"PROJCS[""UTM Zone 15, Northern Hemisphere"",GEOGCS[""Unknown datum based upon the WGS 84 ellipsoid"",DATUM[""Not specified (based on WGS 84 spheroid)"",SPHEROID[""WGS 84"",6378137,298.257223563,AUTHORITY[""EPSG"",""7030""]]],PRIMEM[""Greenwich"",0],UNIT[""degree"",0.0174532925199433,AUTHORITY[""EPSG"",""9122""]]],PROJECTION[""Transverse_Mercator""],PARAMETER[""latitude_of_origin"",0],PARAMETER[""central_meridian"",-93],PARAMETER[""scale_factor"",0.9996],PARAMETER[""false_easting"",500000],PARAMETER[""false_northing"",0],UNIT[""metre"",1,AUTHORITY[""EPSG"",""9001""]],AXIS[""Easting"",EAST],AXIS[""Northing"",NORTH]]","POLYGON ((534450.0 3433410.0, 534450.0 3448770.0, 549810.0 3448770.0, 549810.0 3433410.0, 534450.0 3433410.0))",11605,250534,5
validation,subsetted_512x512_HLS.S30.T15RXQ.2020106.v1.4,15RXQ,2020-04-15,"PROJCS[""UTM Zone 15, Northern Hemisphere"",GEOGCS[""Unknown datum based upon the WGS 84 ellipsoid"",DATUM[""Not specified (based on WGS 84 spheroid)"",SPHEROID[""WGS 84"",6378137,298.257223563,AUTHORITY[""EPSG"",""7030""]]],PRIMEM[""Greenwich"",0],UNIT[""degree"",0.0174532925199433,AUTHORITY[""EPSG"",""9122""]]],PROJECTION[""Transverse_Mercator""],PARAMETER[""latitude_of_origin"",0],PARAMETER[""central_meridian"",-93],PARAMETER[""scale_factor"",0.9996],PARAMETER[""false_easting"",500000],PARAMETER[""false_northing"",0],UNIT[""metre"",1,AUTHORITY[""EPSG"",""9001""]],AXIS[""Easting"",EAST],AXIS[""Northing"",NORTH]]","POLYGON ((679170.0 3452370.0, 679170.0 3467730.0, 694530.0 3467730.0, 694530.0 3452370.0, 679170.0 3452370.0))",3874,258270,0
validation,subsetted_512x512_HLS.S30.T15STA.2018125.v1.4,15STA,2018-05-05,"PROJCS[""UTM Zone 15, Northern Hemisphere"",GEOGCS[""Unknown datum based upon the WGS 84 ellipsoid"",DATUM[""Not specified (based on WGS 84 spheroid)"",SPHEROID[""WGS 84"",6378137,298.257223563,AUTHORITY[""EPSG"",""7030""]]],PRIMEM[""Greenwich"",0],UNIT[""degree"",0.0174532925199433,AUTHORITY[""EPSG"",""9122""]]],PROJECTION[""Transverse_Mercator""],PARAMETER[""latitude_of_origin"",0],PARAMETER[""central_meridian"",-93],PARAMETER[""scale_factor"",0.9996],PARAMETER[""false_easting"",500000],PARAMETER[""false_northing"",0],UNIT[""metre"",1,AUTHORITY[""EPSG"",""9001""]],AXIS[""Easting"",EAST],AXIS[""Northing"",NORTH]]","POLYGON ((287670.0 4073040.0, 287670.0 4088400.0, 303030.0 4088400.0, 303030.0 4073040.0, 287670.0 4073040.0))",43008,173333,45803
validation,subsetted_512x512_HLS.S30.T15SVU.2018114.v1.4,15SVU,2018-04-24,"PROJCS[""UTM Zone 15, Northern Hemisphere"",GEOGCS[""Unknown datum based upon the WGS 84 ellipsoid"",DATUM[""Not specified (based on WGS 84 spheroid)"",SPHEROID[""WGS 84"",6378137,298.257223563,AUTHORITY[""EPSG"",""7030""]]],PRIMEM[""Greenwich"",0],UNIT[""degree"",0.0174532925199433,AUTHORITY[""EPSG"",""9122""]]],PROJECTION[""Transverse_Mercator""],PARAMETER[""latitude_of_origin"",0],PARAMETER[""central_meridian"",-93],PARAMETER[""scale_factor"",0.9996],PARAMETER[""false_easting"",500000],PARAMETER[""false_northing"",0],UNIT[""metre"",1,AUTHORITY[""EPSG"",""9001""]],AXIS[""Easting"",EAST],AXIS[""Northing"",NORTH]]","POLYGON ((434010.0 3838950.0, 434010.0 3854310.0, 449370.0 3854310.0, 449370.0 3838950.0, 434010.0 3838950.0))",24234,237910,0
validation,subsetted_512x512_HLS.S30.T15SVU.2021063.v1.4,15SVU,2021-03-04,"PROJCS[""UTM Zone 15, Northern Hemisphere"",GEOGCS[""Unknown datum based upon the WGS 84 ellipsoid"",DATUM[""Not specified (based on WGS 84 spheroid)"",SPHEROID[""WGS 84"",6378137,298.257223563,AUTHORITY[""EPSG"",""7030""]]],PRIMEM[""Greenwich"",0],UNIT[""degree"",0.0174532925199433,AUTHORITY[""EPSG"",""9122""]]],PROJECTION[""Transverse_Mercator""],PARAMETER[""latitude_of_origin"",0],PARAMETER[""central_meridian"",-93],PARAMETER[""scale_factor"",0.9996],PARAMETER[""false_easting"",500000],PARAMETER[""false_northing"",0],UNIT[""metre"",1,AUTHORITY[""EPSG"",""9001""]],AXIS[""Easting"",EAST],AXIS[""Northing"",NORTH]]","POLYGON ((439980.0 3815760.0, 439980.0 3831120.0, 455340.0 3831120.0, 455340.0 3815760.0, 439980.0 3815760.0))",3165,258977,2
validation,subsetted_512x512_HLS.S30.T15SVU.2021098.v1.4,15SVU,2021-04-08,"PROJCS[""UTM Zone 15, Northern Hemisphere"",GEOGCS[""Unknown datum based upon the WGS 84 ellipsoid"",DATUM[""Not specified (based on WGS 84 spheroid)"",SPHEROID[""WGS 84"",6378137,298.257223563,AUTHORITY[""EPSG"",""7030""]]],PRIMEM[""Greenwich"",0],UNIT[""degree"",0.0174532925199433,AUTHORITY[""EPSG"",""9122""]]],PROJECTION[""Transverse_Mercator""],PARAMETER[""latitude_of_origin"",0],PARAMETER[""central_meridian"",-93],PARAMETER[""scale_factor"",0.9996],PARAMETER[""false_easting"",500000],PARAMETER[""false_northing"",0],UNIT[""metre"",1,AUTHORITY[""EPSG"",""9001""]],AXIS[""Easting"",EAST],AXIS[""Northing"",NORTH]]","POLYGON ((420270.0 3864870.0, 420270.0 3880230.0, 435630.0 3880230.0, 435630.0 3864870.0, 420270.0 3864870.0))",25364,236780,0
validation,subsetted_512x512_HLS.S30.T15SWR.2021128.v1.4,15SWR,2021-05-08,"PROJCS[""UTM Zone 15, Northern Hemisphere"",GEOGCS[""Unknown datum based upon the WGS 84 ellipsoid"",DATUM[""Not specified (based on WGS 84 spheroid)"",SPHEROID[""WGS 84"",6378137,298.257223563,AUTHORITY[""EPSG"",""7030""]]],PRIMEM[""Greenwich"",0],UNIT[""degree"",0.0174532925199433,AUTHORITY[""EPSG"",""9122""]]],PROJECTION[""Transverse_Mercator""],PARAMETER[""latitude_of_origin"",0],PARAMETER[""central_meridian"",-93],PARAMETER[""scale_factor"",0.9996],PARAMETER[""false_easting"",500000],PARAMETER[""false_northing"",0],UNIT[""metre"",1,AUTHORITY[""EPSG"",""9001""]],AXIS[""Easting"",EAST],AXIS[""Northing"",NORTH]]","POLYGON ((507179.99999999994 3538890.0, 507179.99999999994 3554250.0, 522539.99999999994 3554250.0, 522539.99999999994 3538890.0, 507179.99999999994 3538890.0))",11873,250271,0
validation,subsetted_512x512_HLS.S30.T15SWV.2021093.v1.4,15SWV,2021-04-03,"PROJCS[""UTM Zone 15, Northern Hemisphere"",GEOGCS[""Unknown datum based upon the WGS 84 ellipsoid"",DATUM[""Not specified (based on WGS 84 spheroid)"",SPHEROID[""WGS 84"",6378137,298.257223563,AUTHORITY[""EPSG"",""7030""]]],PRIMEM[""Greenwich"",0],UNIT[""degree"",0.0174532925199433,AUTHORITY[""EPSG"",""9122""]]],PROJECTION[""Transverse_Mercator""],PARAMETER[""latitude_of_origin"",0],PARAMETER[""central_meridian"",-93],PARAMETER[""scale_factor"",0.9996],PARAMETER[""false_easting"",500000],PARAMETER[""false_northing"",0],UNIT[""metre"",1,AUTHORITY[""EPSG"",""9001""]],AXIS[""Easting"",EAST],AXIS[""Northing"",NORTH]]","POLYGON ((552990.0 3984599.9999999995, 552990.0 3999959.9999999995, 568350.0 3999959.9999999995, 568350.0 3984599.9999999995, 552990.0 3984599.9999999995))",30580,231562,2
validation,subsetted_512x512_HLS.S30.T15SXA.2021093.v1.4,15SXA,2021-04-03,"PROJCS[""UTM Zone 15, Northern Hemisphere"",GEOGCS[""Unknown datum based upon the WGS 84 ellipsoid"",DATUM[""Not specified (based on WGS 84 spheroid)"",SPHEROID[""WGS 84"",6378137,298.257223563,AUTHORITY[""EPSG"",""7030""]]],PRIMEM[""Greenwich"",0],UNIT[""degree"",0.0174532925199433,AUTHORITY[""EPSG"",""9122""]]],PROJECTION[""Transverse_Mercator""],PARAMETER[""latitude_of_origin"",0],PARAMETER[""central_meridian"",-93],PARAMETER[""scale_factor"",0.9996],PARAMETER[""false_easting"",500000],PARAMETER[""false_northing"",0],UNIT[""metre"",1,AUTHORITY[""EPSG"",""9001""]],AXIS[""Easting"",EAST],AXIS[""Northing"",NORTH]]","POLYGON ((658200.0 4084620.0000000005, 658200.0 4099980.0000000005, 673560.0 4099980.0000000005, 673560.0 4084620.0000000005, 658200.0 4084620.0000000005))",11288,250856,0
validation,subsetted_512x512_HLS.S30.T15SXB.2019134.v1.4,15SXB,2019-05-14,"PROJCS[""UTM Zone 15, Northern Hemisphere"",GEOGCS[""Unknown datum based upon the WGS 84 ellipsoid"",DATUM[""Not specified (based on WGS 84 spheroid)"",SPHEROID[""WGS 84"",6378137,298.257223563,AUTHORITY[""EPSG"",""7030""]]],PRIMEM[""Greenwich"",0],UNIT[""degree"",0.0174532925199433,AUTHORITY[""EPSG"",""9122""]]],PROJECTION[""Transverse_Mercator""],PARAMETER[""latitude_of_origin"",0],PARAMETER[""central_meridian"",-93],PARAMETER[""scale_factor"",0.9996],PARAMETER[""false_easting"",500000],PARAMETER[""false_northing"",0],UNIT[""metre"",1,AUTHORITY[""EPSG"",""9001""]],AXIS[""Easting"",EAST],AXIS[""Northing"",NORTH]]","POLYGON ((650580.0 4136399.9999999995, 650580.0 4151759.9999999995, 665940.0 4151759.9999999995, 665940.0 4136399.9999999995, 650580.0 4136399.9999999995))",4097,258047,0
validation,subsetted_512x512_HLS.S30.T15SXB.2020089.v1.4,15SXB,2020-03-29,"PROJCS[""UTM Zone 15, Northern Hemisphere"",GEOGCS[""Unknown datum based upon the WGS 84 ellipsoid"",DATUM[""Not specified (based on WGS 84 spheroid)"",SPHEROID[""WGS 84"",6378137,298.257223563,AUTHORITY[""EPSG"",""7030""]]],PRIMEM[""Greenwich"",0],UNIT[""degree"",0.0174532925199433,AUTHORITY[""EPSG"",""9122""]]],PROJECTION[""Transverse_Mercator""],PARAMETER[""latitude_of_origin"",0],PARAMETER[""central_meridian"",-93],PARAMETER[""scale_factor"",0.9996],PARAMETER[""false_easting"",500000],PARAMETER[""false_northing"",0],UNIT[""metre"",1,AUTHORITY[""EPSG"",""9001""]],AXIS[""Easting"",EAST],AXIS[""Northing"",NORTH]]","POLYGON ((646710.0 4132500.0, 646710.0 4147860.0, 662070.0 4147860.0, 662070.0 4132500.0, 646710.0 4132500.0))",8265,253879,0
validation,subsetted_512x512_HLS.S30.T15SYR.2021110.v1.4,15SYR,2021-04-20,"PROJCS[""UTM Zone 15, Northern Hemisphere"",GEOGCS[""Unknown datum based upon the WGS 84 ellipsoid"",DATUM[""Not specified (based on WGS 84 spheroid)"",SPHEROID[""WGS 84"",6378137,298.257223563,AUTHORITY[""EPSG"",""7030""]]],PRIMEM[""Greenwich"",0],UNIT[""degree"",0.0174532925199433,AUTHORITY[""EPSG"",""9122""]]],PROJECTION[""Transverse_Mercator""],PARAMETER[""latitude_of_origin"",0],PARAMETER[""central_meridian"",-93],PARAMETER[""scale_factor"",0.9996],PARAMETER[""false_easting"",500000],PARAMETER[""false_northing"",0],UNIT[""metre"",1,AUTHORITY[""EPSG"",""9001""]],AXIS[""Easting"",EAST],AXIS[""Northing"",NORTH]]","POLYGON ((703350.0 3492270.0000000005, 703350.0 3507630.0000000005, 718710.0 3507630.0000000005, 718710.0 3492270.0000000005, 703350.0 3492270.0000000005))",13615,248529,0
validation,subsetted_512x512_HLS.S30.T15TVN.2018135.v1.4,15TVN,2018-05-15,"PROJCS[""UTM Zone 15, Northern Hemisphere"",GEOGCS[""Unknown datum based upon the WGS 84 ellipsoid"",DATUM[""Not specified (based on WGS 84 spheroid)"",SPHEROID[""WGS 84"",6378137,298.257223563,AUTHORITY[""EPSG"",""7030""]]],PRIMEM[""Greenwich"",0],UNIT[""degree"",0.0174532925199433,AUTHORITY[""EPSG"",""9122""]]],PROJECTION[""Transverse_Mercator""],PARAMETER[""latitude_of_origin"",0],PARAMETER[""central_meridian"",-93],PARAMETER[""scale_factor"",0.9996],PARAMETER[""false_easting"",500000],PARAMETER[""false_northing"",0],UNIT[""metre"",1,AUTHORITY[""EPSG"",""9001""]],AXIS[""Easting"",EAST],AXIS[""Northing"",NORTH]]","POLYGON ((400890.0 5218860.0, 400890.0 5234220.0, 416250.0 5234220.0, 416250.0 5218860.0, 400890.0 5218860.0))",15921,246223,0
validation,subsetted_512x512_HLS.S30.T15TVN.2019140.v1.4,15TVN,2019-05-20,"PROJCS[""UTM Zone 15, Northern Hemisphere"",GEOGCS[""Unknown datum based upon the WGS 84 ellipsoid"",DATUM[""Not specified (based on WGS 84 spheroid)"",SPHEROID[""WGS 84"",6378137,298.257223563,AUTHORITY[""EPSG"",""7030""]]],PRIMEM[""Greenwich"",0],UNIT[""degree"",0.0174532925199433,AUTHORITY[""EPSG"",""9122""]]],PROJECTION[""Transverse_Mercator""],PARAMETER[""latitude_of_origin"",0],PARAMETER[""central_meridian"",-93],PARAMETER[""scale_factor"",0.9996],PARAMETER[""false_easting"",500000],PARAMETER[""false_northing"",0],UNIT[""metre"",1,AUTHORITY[""EPSG"",""9001""]],AXIS[""Easting"",EAST],AXIS[""Northing"",NORTH]]","POLYGON ((408930.0 5212050.0, 408930.0 5227410.0, 424290.0 5227410.0, 424290.0 5212050.0, 408930.0 5212050.0))",8275,253842,27
validation,subsetted_512x512_HLS.S30.T15TXM.2018187.v1.4,15TXM,2018-07-06,"PROJCS[""UTM Zone 15, Northern Hemisphere"",GEOGCS[""Unknown datum based upon the WGS 84 ellipsoid"",DATUM[""Not specified (based on WGS 84 spheroid)"",SPHEROID[""WGS 84"",6378137,298.257223563,AUTHORITY[""EPSG"",""7030""]]],PRIMEM[""Greenwich"",0],UNIT[""degree"",0.0174532925199433,AUTHORITY[""EPSG"",""9122""]]],PROJECTION[""Transverse_Mercator""],PARAMETER[""latitude_of_origin"",0],PARAMETER[""central_meridian"",-93],PARAMETER[""scale_factor"",0.9996],PARAMETER[""false_easting"",500000],PARAMETER[""false_northing"",0],UNIT[""metre"",1,AUTHORITY[""EPSG"",""9001""]],AXIS[""Easting"",EAST],AXIS[""Northing"",NORTH]]","POLYGON ((623520.0 5154930.0, 623520.0 5170290.0, 638880.0 5170290.0, 638880.0 5154930.0, 623520.0 5154930.0))",4321,257532,291
validation,subsetted_512x512_HLS.S30.T15TYL.2019159.v1.4,15TYL,2019-06-08,"PROJCS[""UTM Zone 15, Northern Hemisphere"",GEOGCS[""Unknown datum based upon the WGS 84 ellipsoid"",DATUM[""Not specified (based on WGS 84 spheroid)"",SPHEROID[""WGS 84"",6378137,298.257223563,AUTHORITY[""EPSG"",""7030""]]],PRIMEM[""Greenwich"",0],UNIT[""degree"",0.0174532925199433,AUTHORITY[""EPSG"",""9122""]]],PROJECTION[""Transverse_Mercator""],PARAMETER[""latitude_of_origin"",0],PARAMETER[""central_meridian"",-93],PARAMETER[""scale_factor"",0.9996],PARAMETER[""false_easting"",500000],PARAMETER[""false_northing"",0],UNIT[""metre"",1,AUTHORITY[""EPSG"",""9001""]],AXIS[""Easting"",EAST],AXIS[""Northing"",NORTH]]","POLYGON ((712020.0 5071050.0, 712020.0 5086410.0, 727380.0 5086410.0, 727380.0 5071050.0, 712020.0 5071050.0))",5640,256503,1
validation,subsetted_512x512_HLS.S30.T16RBV.2018158.v1.4,16RBV,2018-06-07,"PROJCS[""UTM Zone 16, Northern Hemisphere"",GEOGCS[""Unknown datum based upon the WGS 84 ellipsoid"",DATUM[""Not specified (based on WGS 84 spheroid)"",SPHEROID[""WGS 84"",6378137,298.257223563,AUTHORITY[""EPSG"",""7030""]]],PRIMEM[""Greenwich"",0],UNIT[""degree"",0.0174532925199433,AUTHORITY[""EPSG"",""9122""]]],PROJECTION[""Transverse_Mercator""],PARAMETER[""latitude_of_origin"",0],PARAMETER[""central_meridian"",-87],PARAMETER[""scale_factor"",0.9996],PARAMETER[""false_easting"",500000],PARAMETER[""false_northing"",0],UNIT[""metre"",1,AUTHORITY[""EPSG"",""9001""]],AXIS[""Easting"",EAST],AXIS[""Northing"",NORTH]]","POLYGON ((277920.0 3416280.0, 277920.0 3431640.0, 293280.0 3431640.0, 293280.0 3416280.0, 277920.0 3416280.0))",4267,257455,422
validation,subsetted_512x512_HLS.S30.T16RCU.2020118.v1.4,16RCU,2020-04-27,"PROJCS[""UTM Zone 16, Northern Hemisphere"",GEOGCS[""Unknown datum based upon the WGS 84 ellipsoid"",DATUM[""Not specified (based on WGS 84 spheroid)"",SPHEROID[""WGS 84"",6378137,298.257223563,AUTHORITY[""EPSG"",""7030""]]],PRIMEM[""Greenwich"",0],UNIT[""degree"",0.0174532925199433,AUTHORITY[""EPSG"",""9122""]]],PROJECTION[""Transverse_Mercator""],PARAMETER[""latitude_of_origin"",0],PARAMETER[""central_meridian"",-87],PARAMETER[""scale_factor"",0.9996],PARAMETER[""false_easting"",500000],PARAMETER[""false_northing"",0],UNIT[""metre"",1,AUTHORITY[""EPSG"",""9001""]],AXIS[""Easting"",EAST],AXIS[""Northing"",NORTH]]","POLYGON ((308130.0 3378780.0, 308130.0 3394140.0, 323490.0 3394140.0, 323490.0 3378780.0, 308130.0 3378780.0))",7195,254949,0
validation,subsetted_512x512_HLS.S30.T16REV.2018130.v1.4,16REV,2018-05-10,"PROJCS[""UTM Zone 16, Northern Hemisphere"",GEOGCS[""Unknown datum based upon the WGS 84 ellipsoid"",DATUM[""Not specified (based on WGS 84 spheroid)"",SPHEROID[""WGS 84"",6378137,298.257223563,AUTHORITY[""EPSG"",""7030""]]],PRIMEM[""Greenwich"",0],UNIT[""degree"",0.0174532925199433,AUTHORITY[""EPSG"",""9122""]]],PROJECTION[""Transverse_Mercator""],PARAMETER[""latitude_of_origin"",0],PARAMETER[""central_meridian"",-87],PARAMETER[""scale_factor"",0.9996],PARAMETER[""false_easting"",500000],PARAMETER[""false_northing"",0],UNIT[""metre"",1,AUTHORITY[""EPSG"",""9001""]],AXIS[""Easting"",EAST],AXIS[""Northing"",NORTH]]","POLYGON ((520110.0 3436020.0, 520110.0 3451380.0, 535470.0 3451380.0, 535470.0 3436020.0, 520110.0 3436020.0))",4194,257945,5
validation,subsetted_512x512_HLS.S30.T16REV.2019135.v1.4,16REV,2019-05-15,"PROJCS[""UTM Zone 16, Northern Hemisphere"",GEOGCS[""Unknown datum based upon the WGS 84 ellipsoid"",DATUM[""Not specified (based on WGS 84 spheroid)"",SPHEROID[""WGS 84"",6378137,298.257223563,AUTHORITY[""EPSG"",""7030""]]],PRIMEM[""Greenwich"",0],UNIT[""degree"",0.0174532925199433,AUTHORITY[""EPSG"",""9122""]]],PROJECTION[""Transverse_Mercator""],PARAMETER[""latitude_of_origin"",0],PARAMETER[""central_meridian"",-87],PARAMETER[""scale_factor"",0.9996],PARAMETER[""false_easting"",500000],PARAMETER[""false_northing"",0],UNIT[""metre"",1,AUTHORITY[""EPSG"",""9001""]],AXIS[""Easting"",EAST],AXIS[""Northing"",NORTH]]","POLYGON ((518940.00000000006 3435210.0, 518940.00000000006 3450570.0, 534300.0 3450570.0, 534300.0 3435210.0, 518940.00000000006 3435210.0))",3086,259043,15
validation,subsetted_512x512_HLS.S30.T16REV.2020060.v1.4,16REV,2020-02-29,"PROJCS[""UTM Zone 16, Northern Hemisphere"",GEOGCS[""Unknown datum based upon the WGS 84 ellipsoid"",DATUM[""Not specified (based on WGS 84 spheroid)"",SPHEROID[""WGS 84"",6378137,298.257223563,AUTHORITY[""EPSG"",""7030""]]],PRIMEM[""Greenwich"",0],UNIT[""degree"",0.0174532925199433,AUTHORITY[""EPSG"",""9122""]]],PROJECTION[""Transverse_Mercator""],PARAMETER[""latitude_of_origin"",0],PARAMETER[""central_meridian"",-87],PARAMETER[""scale_factor"",0.9996],PARAMETER[""false_easting"",500000],PARAMETER[""false_northing"",0],UNIT[""metre"",1,AUTHORITY[""EPSG"",""9001""]],AXIS[""Easting"",EAST],AXIS[""Northing"",NORTH]]","POLYGON ((513600.0 3426690.0, 513600.0 3442050.0, 528960.0 3442050.0, 528960.0 3426690.0, 513600.0 3426690.0))",14984,247160,0
validation,subsetted_512x512_HLS.S30.T16REV.2021129.v1.4,16REV,2021-05-09,"PROJCS[""UTM Zone 16, Northern Hemisphere"",GEOGCS[""Unknown datum based upon the WGS 84 ellipsoid"",DATUM[""Not specified (based on WGS 84 spheroid)"",SPHEROID[""WGS 84"",6378137,298.257223563,AUTHORITY[""EPSG"",""7030""]]],PRIMEM[""Greenwich"",0],UNIT[""degree"",0.0174532925199433,AUTHORITY[""EPSG"",""9122""]]],PROJECTION[""Transverse_Mercator""],PARAMETER[""latitude_of_origin"",0],PARAMETER[""central_meridian"",-87],PARAMETER[""scale_factor"",0.9996],PARAMETER[""false_easting"",500000],PARAMETER[""false_northing"",0],UNIT[""metre"",1,AUTHORITY[""EPSG"",""9001""]],AXIS[""Easting"",EAST],AXIS[""Northing"",NORTH]]","POLYGON ((511920.00000000006 3425880.0, 511920.00000000006 3441240.0, 527280.0 3441240.0, 527280.0 3425880.0, 511920.00000000006 3425880.0))",9623,252423,98
validation,subsetted_512x512_HLS.S30.T16RFU.2019105.v1.4,16RFU,2019-04-15,"PROJCS[""UTM Zone 16, Northern Hemisphere"",GEOGCS[""Unknown datum based upon the WGS 84 ellipsoid"",DATUM[""Not specified (based on WGS 84 spheroid)"",SPHEROID[""WGS 84"",6378137,298.257223563,AUTHORITY[""EPSG"",""7030""]]],PRIMEM[""Greenwich"",0],UNIT[""degree"",0.0174532925199433,AUTHORITY[""EPSG"",""9122""]]],PROJECTION[""Transverse_Mercator""],PARAMETER[""latitude_of_origin"",0],PARAMETER[""central_meridian"",-87],PARAMETER[""scale_factor"",0.9996],PARAMETER[""false_easting"",500000],PARAMETER[""false_northing"",0],UNIT[""metre"",1,AUTHORITY[""EPSG"",""9001""]],AXIS[""Easting"",EAST],AXIS[""Northing"",NORTH]]","POLYGON ((638430.0 3324780.0, 638430.0 3340140.0, 653790.0 3340140.0, 653790.0 3324780.0, 638430.0 3324780.0))",3269,258864,11
validation,subsetted_512x512_HLS.S30.T16RFU.2019250.v1.4,16RFU,2019-09-07,"PROJCS[""UTM Zone 16, Northern Hemisphere"",GEOGCS[""Unknown datum based upon the WGS 84 ellipsoid"",DATUM[""Not specified (based on WGS 84 spheroid)"",SPHEROID[""WGS 84"",6378137,298.257223563,AUTHORITY[""EPSG"",""7030""]]],PRIMEM[""Greenwich"",0],UNIT[""degree"",0.0174532925199433,AUTHORITY[""EPSG"",""9122""]]],PROJECTION[""Transverse_Mercator""],PARAMETER[""latitude_of_origin"",0],PARAMETER[""central_meridian"",-87],PARAMETER[""scale_factor"",0.9996],PARAMETER[""false_easting"",500000],PARAMETER[""false_northing"",0],UNIT[""metre"",1,AUTHORITY[""EPSG"",""9001""]],AXIS[""Easting"",EAST],AXIS[""Northing"",NORTH]]","POLYGON ((694440.0 3329760.0, 694440.0 3345120.0, 709800.0 3345120.0, 709800.0 3329760.0, 694440.0 3329760.0))",14400,247744,0
validation,subsetted_512x512_HLS.S30.T16RFU.2019305.v1.4,16RFU,2019-11-01,"PROJCS[""UTM Zone 16, Northern Hemisphere"",GEOGCS[""Unknown datum based upon the WGS 84 ellipsoid"",DATUM[""Not specified (based on WGS 84 spheroid)"",SPHEROID[""WGS 84"",6378137,298.257223563,AUTHORITY[""EPSG"",""7030""]]],PRIMEM[""Greenwich"",0],UNIT[""degree"",0.0174532925199433,AUTHORITY[""EPSG"",""9122""]]],PROJECTION[""Transverse_Mercator""],PARAMETER[""latitude_of_origin"",0],PARAMETER[""central_meridian"",-87],PARAMETER[""scale_factor"",0.9996],PARAMETER[""false_easting"",500000],PARAMETER[""false_northing"",0],UNIT[""metre"",1,AUTHORITY[""EPSG"",""9001""]],AXIS[""Easting"",EAST],AXIS[""Northing"",NORTH]]","POLYGON ((679860.0 3317430.0, 679860.0 3332790.0, 695220.0 3332790.0, 695220.0 3317430.0, 679860.0 3317430.0))",3720,258424,0
validation,subsetted_512x512_HLS.S30.T16RFU.2021069.v1.4,16RFU,2021-03-10,"PROJCS[""UTM Zone 16, Northern Hemisphere"",GEOGCS[""Unknown datum based upon the WGS 84 ellipsoid"",DATUM[""Not specified (based on WGS 84 spheroid)"",SPHEROID[""WGS 84"",6378137,298.257223563,AUTHORITY[""EPSG"",""7030""]]],PRIMEM[""Greenwich"",0],UNIT[""degree"",0.0174532925199433,AUTHORITY[""EPSG"",""9122""]]],PROJECTION[""Transverse_Mercator""],PARAMETER[""latitude_of_origin"",0],PARAMETER[""central_meridian"",-87],PARAMETER[""scale_factor"",0.9996],PARAMETER[""false_easting"",500000],PARAMETER[""false_northing"",0],UNIT[""metre"",1,AUTHORITY[""EPSG"",""9001""]],AXIS[""Easting"",EAST],AXIS[""Northing"",NORTH]]","POLYGON ((690060.0 3326160.0, 690060.0 3341520.0, 705420.0 3341520.0, 705420.0 3326160.0, 690060.0 3326160.0))",30526,231615,3
validation,subsetted_512x512_HLS.S30.T16RGU.2018107.v1.4,16RGU,2018-04-17,"PROJCS[""UTM Zone 16, Northern Hemisphere"",GEOGCS[""Unknown datum based upon the WGS 84 ellipsoid"",DATUM[""Not specified (based on WGS 84 spheroid)"",SPHEROID[""WGS 84"",6378137,298.257223563,AUTHORITY[""EPSG"",""7030""]]],PRIMEM[""Greenwich"",0],UNIT[""degree"",0.0174532925199433,AUTHORITY[""EPSG"",""9122""]]],PROJECTION[""Transverse_Mercator""],PARAMETER[""latitude_of_origin"",0],PARAMETER[""central_meridian"",-87],PARAMETER[""scale_factor"",0.9996],PARAMETER[""false_easting"",500000],PARAMETER[""false_northing"",0],UNIT[""metre"",1,AUTHORITY[""EPSG"",""9001""]],AXIS[""Easting"",EAST],AXIS[""Northing"",NORTH]]","POLYGON ((712530.0 3328800.0, 712530.0 3344160.0, 727890.0 3344160.0, 727890.0 3328800.0, 712530.0 3328800.0))",11536,250608,0
validation,subsetted_512x512_HLS.S30.T16RGU.2019127.v1.4,16RGU,2019-05-07,"PROJCS[""UTM Zone 16, Northern Hemisphere"",GEOGCS[""Unknown datum based upon the WGS 84 ellipsoid"",DATUM[""Not specified (based on WGS 84 spheroid)"",SPHEROID[""WGS 84"",6378137,298.257223563,AUTHORITY[""EPSG"",""7030""]]],PRIMEM[""Greenwich"",0],UNIT[""degree"",0.0174532925199433,AUTHORITY[""EPSG"",""9122""]]],PROJECTION[""Transverse_Mercator""],PARAMETER[""latitude_of_origin"",0],PARAMETER[""central_meridian"",-87],PARAMETER[""scale_factor"",0.9996],PARAMETER[""false_easting"",500000],PARAMETER[""false_northing"",0],UNIT[""metre"",1,AUTHORITY[""EPSG"",""9001""]],AXIS[""Easting"",EAST],AXIS[""Northing"",NORTH]]","POLYGON ((726180.0 3340440.0, 726180.0 3355800.0, 741540.0 3355800.0, 741540.0 3340440.0, 726180.0 3340440.0))",12269,249854,21
validation,subsetted_512x512_HLS.S30.T16RGU.2019277.v1.4,16RGU,2019-10-04,"PROJCS[""UTM Zone 16, Northern Hemisphere"",GEOGCS[""Unknown datum based upon the WGS 84 ellipsoid"",DATUM[""Not specified (based on WGS 84 spheroid)"",SPHEROID[""WGS 84"",6378137,298.257223563,AUTHORITY[""EPSG"",""7030""]]],PRIMEM[""Greenwich"",0],UNIT[""degree"",0.0174532925199433,AUTHORITY[""EPSG"",""9122""]]],PROJECTION[""Transverse_Mercator""],PARAMETER[""latitude_of_origin"",0],PARAMETER[""central_meridian"",-87],PARAMETER[""scale_factor"",0.9996],PARAMETER[""false_easting"",500000],PARAMETER[""false_northing"",0],UNIT[""metre"",1,AUTHORITY[""EPSG"",""9001""]],AXIS[""Easting"",EAST],AXIS[""Northing"",NORTH]]","POLYGON ((719970.0 3353010.0, 719970.0 3368370.0, 735330.0 3368370.0, 735330.0 3353010.0, 719970.0 3353010.0))",10536,251547,61
validation,subsetted_512x512_HLS.S30.T16RGU.2020107.v1.4,16RGU,2020-04-16,"PROJCS[""UTM Zone 16, Northern Hemisphere"",GEOGCS[""Unknown datum based upon the WGS 84 ellipsoid"",DATUM[""Not specified (based on WGS 84 spheroid)"",SPHEROID[""WGS 84"",6378137,298.257223563,AUTHORITY[""EPSG"",""7030""]]],PRIMEM[""Greenwich"",0],UNIT[""degree"",0.0174532925199433,AUTHORITY[""EPSG"",""9122""]]],PROJECTION[""Transverse_Mercator""],PARAMETER[""latitude_of_origin"",0],PARAMETER[""central_meridian"",-87],PARAMETER[""scale_factor"",0.9996],PARAMETER[""false_easting"",500000],PARAMETER[""false_northing"",0],UNIT[""metre"",1,AUTHORITY[""EPSG"",""9001""]],AXIS[""Easting"",EAST],AXIS[""Northing"",NORTH]]","POLYGON ((727860.0 3318540.0, 727860.0 3333900.0, 743220.0 3333900.0, 743220.0 3318540.0, 727860.0 3318540.0))",18204,243940,0
validation,subsetted_512x512_HLS.S30.T16RGU.2021066.v1.4,16RGU,2021-03-07,"PROJCS[""UTM Zone 16, Northern Hemisphere"",GEOGCS[""Unknown datum based upon the WGS 84 ellipsoid"",DATUM[""Not specified (based on WGS 84 spheroid)"",SPHEROID[""WGS 84"",6378137,298.257223563,AUTHORITY[""EPSG"",""7030""]]],PRIMEM[""Greenwich"",0],UNIT[""degree"",0.0174532925199433,AUTHORITY[""EPSG"",""9122""]]],PROJECTION[""Transverse_Mercator""],PARAMETER[""latitude_of_origin"",0],PARAMETER[""central_meridian"",-87],PARAMETER[""scale_factor"",0.9996],PARAMETER[""false_easting"",500000],PARAMETER[""false_northing"",0],UNIT[""metre"",1,AUTHORITY[""EPSG"",""9001""]],AXIS[""Easting"",EAST],AXIS[""Northing"",NORTH]]","POLYGON ((731130.0 3342270.0, 731130.0 3357630.0, 746490.0 3357630.0, 746490.0 3342270.0, 731130.0 3342270.0))",35565,226579,0
validation,subsetted_512x512_HLS.S30.T16SBD.2020096.v1.4,16SBD,2020-04-05,"PROJCS[""UTM Zone 16, Northern Hemisphere"",GEOGCS[""Unknown datum based upon the WGS 84 ellipsoid"",DATUM[""Not specified (based on WGS 84 spheroid)"",SPHEROID[""WGS 84"",6378137,298.257223563,AUTHORITY[""EPSG"",""7030""]]],PRIMEM[""Greenwich"",0],UNIT[""degree"",0.0174532925199433,AUTHORITY[""EPSG"",""9122""]]],PROJECTION[""Transverse_Mercator""],PARAMETER[""latitude_of_origin"",0],PARAMETER[""central_meridian"",-87],PARAMETER[""scale_factor"",0.9996],PARAMETER[""false_easting"",500000],PARAMETER[""false_northing"",0],UNIT[""metre"",1,AUTHORITY[""EPSG"",""9001""]],AXIS[""Easting"",EAST],AXIS[""Northing"",NORTH]]","POLYGON ((280620.0 3851070.0, 280620.0 3866430.0, 295980.0 3866430.0, 295980.0 3851070.0, 280620.0 3851070.0))",3769,258375,0
validation,subsetted_512x512_HLS.S30.T16SCF.2019111.v1.4,16SCF,2019-04-21,"PROJCS[""UTM Zone 16, Northern Hemisphere"",GEOGCS[""Unknown datum based upon the WGS 84 ellipsoid"",DATUM[""Not specified (based on WGS 84 spheroid)"",SPHEROID[""WGS 84"",6378137,298.257223563,AUTHORITY[""EPSG"",""7030""]]],PRIMEM[""Greenwich"",0],UNIT[""degree"",0.0174532925199433,AUTHORITY[""EPSG"",""9122""]]],PROJECTION[""Transverse_Mercator""],PARAMETER[""latitude_of_origin"",0],PARAMETER[""central_meridian"",-87],PARAMETER[""scale_factor"",0.9996],PARAMETER[""false_easting"",500000],PARAMETER[""false_northing"",0],UNIT[""metre"",1,AUTHORITY[""EPSG"",""9001""]],AXIS[""Easting"",EAST],AXIS[""Northing"",NORTH]]","POLYGON ((394440.0 4068990.0000000005, 394440.0 4084350.0000000005, 409800.0 4084350.0000000005, 409800.0 4068990.0000000005, 394440.0 4068990.0000000005))",10252,251880,12
validation,subsetted_512x512_HLS.S30.T16SCG.2019111.v1.4,16SCG,2019-04-21,"PROJCS[""UTM Zone 16, Northern Hemisphere"",GEOGCS[""Unknown datum based upon the WGS 84 ellipsoid"",DATUM[""Not specified (based on WGS 84 spheroid)"",SPHEROID[""WGS 84"",6378137,298.257223563,AUTHORITY[""EPSG"",""7030""]]],PRIMEM[""Greenwich"",0],UNIT[""degree"",0.0174532925199433,AUTHORITY[""EPSG"",""9122""]]],PROJECTION[""Transverse_Mercator""],PARAMETER[""latitude_of_origin"",0],PARAMETER[""central_meridian"",-87],PARAMETER[""scale_factor"",0.9996],PARAMETER[""false_easting"",500000],PARAMETER[""false_northing"",0],UNIT[""metre"",1,AUTHORITY[""EPSG"",""9001""]],AXIS[""Easting"",EAST],AXIS[""Northing"",NORTH]]","POLYGON ((380040.00000000006 4149540.0000000005, 380040.00000000006 4164900.0000000005, 395400.00000000006 4164900.0000000005, 395400.00000000006 4149540.0000000005, 380040.00000000006 4149540.0000000005))",3219,258909,16
validation,subsetted_512x512_HLS.S30.T16SDB.2018133.v1.4,16SDB,2018-05-13,"PROJCS[""UTM Zone 16, Northern Hemisphere"",GEOGCS[""Unknown datum based upon the WGS 84 ellipsoid"",DATUM[""Not specified (based on WGS 84 spheroid)"",SPHEROID[""WGS 84"",6378137,298.257223563,AUTHORITY[""EPSG"",""7030""]]],PRIMEM[""Greenwich"",0],UNIT[""degree"",0.0174532925199433,AUTHORITY[""EPSG"",""9122""]]],PROJECTION[""Transverse_Mercator""],PARAMETER[""latitude_of_origin"",0],PARAMETER[""central_meridian"",-87],PARAMETER[""scale_factor"",0.9996],PARAMETER[""false_easting"",500000],PARAMETER[""false_northing"",0],UNIT[""metre"",1,AUTHORITY[""EPSG"",""9001""]],AXIS[""Easting"",EAST],AXIS[""Northing"",NORTH]]","POLYGON ((446700.0 3641580.0, 446700.0 3656940.0, 462060.0 3656940.0, 462060.0 3641580.0, 446700.0 3641580.0))",9539,252605,0
validation,subsetted_512x512_HLS.S30.T16SDC.2018098.v1.4,16SDC,2018-04-08,"PROJCS[""UTM Zone 16, Northern Hemisphere"",GEOGCS[""Unknown datum based upon the WGS 84 ellipsoid"",DATUM[""Not specified (based on WGS 84 spheroid)"",SPHEROID[""WGS 84"",6378137,298.257223563,AUTHORITY[""EPSG"",""7030""]]],PRIMEM[""Greenwich"",0],UNIT[""degree"",0.0174532925199433,AUTHORITY[""EPSG"",""9122""]]],PROJECTION[""Transverse_Mercator""],PARAMETER[""latitude_of_origin"",0],PARAMETER[""central_meridian"",-87],PARAMETER[""scale_factor"",0.9996],PARAMETER[""false_easting"",500000],PARAMETER[""false_northing"",0],UNIT[""metre"",1,AUTHORITY[""EPSG"",""9001""]],AXIS[""Easting"",EAST],AXIS[""Northing"",NORTH]]","POLYGON ((469050.0 3781050.0, 469050.0 3796410.0, 484410.0 3796410.0, 484410.0 3781050.0, 469050.0 3781050.0))",4384,257759,1
validation,subsetted_512x512_HLS.S30.T16SDC.2021127.v1.4,16SDC,2021-05-07,"PROJCS[""UTM Zone 16, Northern Hemisphere"",GEOGCS[""Unknown datum based upon the WGS 84 ellipsoid"",DATUM[""Not specified (based on WGS 84 spheroid)"",SPHEROID[""WGS 84"",6378137,298.257223563,AUTHORITY[""EPSG"",""7030""]]],PRIMEM[""Greenwich"",0],UNIT[""degree"",0.0174532925199433,AUTHORITY[""EPSG"",""9122""]]],PROJECTION[""Transverse_Mercator""],PARAMETER[""latitude_of_origin"",0],PARAMETER[""central_meridian"",-87],PARAMETER[""scale_factor"",0.9996],PARAMETER[""false_easting"",500000],PARAMETER[""false_northing"",0],UNIT[""metre"",1,AUTHORITY[""EPSG"",""9001""]],AXIS[""Easting"",EAST],AXIS[""Northing"",NORTH]]","POLYGON ((474150.0 3784620.0, 474150.0 3799980.0, 489510.0 3799980.0, 489510.0 3784620.0, 474150.0 3784620.0))",5408,255933,803
validation,subsetted_512x512_HLS.S30.T16SEB.2018090.v1.4,16SEB,2018-03-31,"PROJCS[""UTM Zone 16, Northern Hemisphere"",GEOGCS[""Unknown datum based upon the WGS 84 ellipsoid"",DATUM[""Not specified (based on WGS 84 spheroid)"",SPHEROID[""WGS 84"",6378137,298.257223563,AUTHORITY[""EPSG"",""7030""]]],PRIMEM[""Greenwich"",0],UNIT[""degree"",0.0174532925199433,AUTHORITY[""EPSG"",""9122""]]],PROJECTION[""Transverse_Mercator""],PARAMETER[""latitude_of_origin"",0],PARAMETER[""central_meridian"",-87],PARAMETER[""scale_factor"",0.9996],PARAMETER[""false_easting"",500000],PARAMETER[""false_northing"",0],UNIT[""metre"",1,AUTHORITY[""EPSG"",""9001""]],AXIS[""Easting"",EAST],AXIS[""Northing"",NORTH]]","POLYGON ((570570.0 3666750.0, 570570.0 3682110.0, 585930.0 3682110.0, 585930.0 3666750.0, 570570.0 3666750.0))",5356,256786,2
validation,subsetted_512x512_HLS.S30.T16SEB.2018095.v1.4,16SEB,2018-04-05,"PROJCS[""UTM Zone 16, Northern Hemisphere"",GEOGCS[""Unknown datum based upon the WGS 84 ellipsoid"",DATUM[""Not specified (based on WGS 84 spheroid)"",SPHEROID[""WGS 84"",6378137,298.257223563,AUTHORITY[""EPSG"",""7030""]]],PRIMEM[""Greenwich"",0],UNIT[""degree"",0.0174532925199433,AUTHORITY[""EPSG"",""9122""]]],PROJECTION[""Transverse_Mercator""],PARAMETER[""latitude_of_origin"",0],PARAMETER[""central_meridian"",-87],PARAMETER[""scale_factor"",0.9996],PARAMETER[""false_easting"",500000],PARAMETER[""false_northing"",0],UNIT[""metre"",1,AUTHORITY[""EPSG"",""9001""]],AXIS[""Easting"",EAST],AXIS[""Northing"",NORTH]]","POLYGON ((570930.0 3662730.0, 570930.0 3678090.0, 586290.0 3678090.0, 586290.0 3662730.0, 570930.0 3662730.0))",5378,256766,0
validation,subsetted_512x512_HLS.S30.T16SEB.2018155.v1.4,16SEB,2018-06-04,"PROJCS[""UTM Zone 16, Northern Hemisphere"",GEOGCS[""Unknown datum based upon the WGS 84 ellipsoid"",DATUM[""Not specified (based on WGS 84 spheroid)"",SPHEROID[""WGS 84"",6378137,298.257223563,AUTHORITY[""EPSG"",""7030""]]],PRIMEM[""Greenwich"",0],UNIT[""degree"",0.0174532925199433,AUTHORITY[""EPSG"",""9122""]]],PROJECTION[""Transverse_Mercator""],PARAMETER[""latitude_of_origin"",0],PARAMETER[""central_meridian"",-87],PARAMETER[""scale_factor"",0.9996],PARAMETER[""false_easting"",500000],PARAMETER[""false_northing"",0],UNIT[""metre"",1,AUTHORITY[""EPSG"",""9001""]],AXIS[""Easting"",EAST],AXIS[""Northing"",NORTH]]","POLYGON ((588990.0 3684600.0, 588990.0 3699960.0, 604350.0 3699960.0, 604350.0 3684600.0, 588990.0 3684600.0))",5716,256427,1
validation,subsetted_512x512_HLS.S30.T16SEB.2019100.v1.4,16SEB,2019-04-10,"PROJCS[""UTM Zone 16, Northern Hemisphere"",GEOGCS[""Unknown datum based upon the WGS 84 ellipsoid"",DATUM[""Not specified (based on WGS 84 spheroid)"",SPHEROID[""WGS 84"",6378137,298.257223563,AUTHORITY[""EPSG"",""7030""]]],PRIMEM[""Greenwich"",0],UNIT[""degree"",0.0174532925199433,AUTHORITY[""EPSG"",""9122""]]],PROJECTION[""Transverse_Mercator""],PARAMETER[""latitude_of_origin"",0],PARAMETER[""central_meridian"",-87],PARAMETER[""scale_factor"",0.9996],PARAMETER[""false_easting"",500000],PARAMETER[""false_northing"",0],UNIT[""metre"",1,AUTHORITY[""EPSG"",""9001""]],AXIS[""Easting"",EAST],AXIS[""Northing"",NORTH]]","POLYGON ((578490.0 3670890.0, 578490.0 3686250.0, 593850.0 3686250.0, 593850.0 3670890.0, 578490.0 3670890.0))",5734,256410,0
validation,subsetted_512x512_HLS.S30.T16SEB.2021069.v1.4,16SEB,2021-03-10,"PROJCS[""UTM Zone 16, Northern Hemisphere"",GEOGCS[""Unknown datum based upon the WGS 84 ellipsoid"",DATUM[""Not specified (based on WGS 84 spheroid)"",SPHEROID[""WGS 84"",6378137,298.257223563,AUTHORITY[""EPSG"",""7030""]]],PRIMEM[""Greenwich"",0],UNIT[""degree"",0.0174532925199433,AUTHORITY[""EPSG"",""9122""]]],PROJECTION[""Transverse_Mercator""],PARAMETER[""latitude_of_origin"",0],PARAMETER[""central_meridian"",-87],PARAMETER[""scale_factor"",0.9996],PARAMETER[""false_easting"",500000],PARAMETER[""false_northing"",0],UNIT[""metre"",1,AUTHORITY[""EPSG"",""9001""]],AXIS[""Easting"",EAST],AXIS[""Northing"",NORTH]]","POLYGON ((585300.0 3684600.0, 585300.0 3699960.0, 600660.0 3699960.0, 600660.0 3684600.0, 585300.0 3684600.0))",11368,250769,7
validation,subsetted_512x512_HLS.S30.T16SEC.2020105.v1.4,16SEC,2020-04-14,"PROJCS[""UTM Zone 16, Northern Hemisphere"",GEOGCS[""Unknown datum based upon the WGS 84 ellipsoid"",DATUM[""Not specified (based on WGS 84 spheroid)"",SPHEROID[""WGS 84"",6378137,298.257223563,AUTHORITY[""EPSG"",""7030""]]],PRIMEM[""Greenwich"",0],UNIT[""degree"",0.0174532925199433,AUTHORITY[""EPSG"",""9122""]]],PROJECTION[""Transverse_Mercator""],PARAMETER[""latitude_of_origin"",0],PARAMETER[""central_meridian"",-87],PARAMETER[""scale_factor"",0.9996],PARAMETER[""false_easting"",500000],PARAMETER[""false_northing"",0],UNIT[""metre"",1,AUTHORITY[""EPSG"",""9001""]],AXIS[""Easting"",EAST],AXIS[""Northing"",NORTH]]","POLYGON ((593160.0 3690240.0, 593160.0 3705600.0, 608520.0 3705600.0, 608520.0 3690240.0, 593160.0 3690240.0))",5888,256256,0
validation,subsetted_512x512_HLS.S30.T16SEH.2021102.v1.4,16SEH,2021-04-12,"PROJCS[""UTM Zone 16, Northern Hemisphere"",GEOGCS[""Unknown datum based upon the WGS 84 ellipsoid"",DATUM[""Not specified (based on WGS 84 spheroid)"",SPHEROID[""WGS 84"",6378137,298.257223563,AUTHORITY[""EPSG"",""7030""]]],PRIMEM[""Greenwich"",0],UNIT[""degree"",0.0174532925199433,AUTHORITY[""EPSG"",""9122""]]],PROJECTION[""Transverse_Mercator""],PARAMETER[""latitude_of_origin"",0],PARAMETER[""central_meridian"",-87],PARAMETER[""scale_factor"",0.9996],PARAMETER[""false_easting"",500000],PARAMETER[""false_northing"",0],UNIT[""metre"",1,AUTHORITY[""EPSG"",""9001""]],AXIS[""Easting"",EAST],AXIS[""Northing"",NORTH]]","POLYGON ((532680.0 4205700.0, 532680.0 4221060.0, 548040.0 4221060.0, 548040.0 4205700.0, 532680.0 4205700.0))",4326,257817,1
validation,subsetted_512x512_HLS.S30.T16SFB.2019100.v1.4,16SFB,2019-04-10,"PROJCS[""UTM Zone 16, Northern Hemisphere"",GEOGCS[""Unknown datum based upon the WGS 84 ellipsoid"",DATUM[""Not specified (based on WGS 84 spheroid)"",SPHEROID[""WGS 84"",6378137,298.257223563,AUTHORITY[""EPSG"",""7030""]]],PRIMEM[""Greenwich"",0],UNIT[""degree"",0.0174532925199433,AUTHORITY[""EPSG"",""9122""]]],PROJECTION[""Transverse_Mercator""],PARAMETER[""latitude_of_origin"",0],PARAMETER[""central_meridian"",-87],PARAMETER[""scale_factor"",0.9996],PARAMETER[""false_easting"",500000],PARAMETER[""false_northing"",0],UNIT[""metre"",1,AUTHORITY[""EPSG"",""9001""]],AXIS[""Easting"",EAST],AXIS[""Northing"",NORTH]]","POLYGON ((625350.0 3590220.0, 625350.0 3605580.0, 640710.0 3605580.0, 640710.0 3590220.0, 625350.0 3590220.0))",3340,258733,71
validation,subsetted_512x512_HLS.S30.T16SFC.2018155.v1.4,16SFC,2018-06-04,"PROJCS[""UTM Zone 16, Northern Hemisphere"",GEOGCS[""Unknown datum based upon the WGS 84 ellipsoid"",DATUM[""Not specified (based on WGS 84 spheroid)"",SPHEROID[""WGS 84"",6378137,298.257223563,AUTHORITY[""EPSG"",""7030""]]],PRIMEM[""Greenwich"",0],UNIT[""degree"",0.0174532925199433,AUTHORITY[""EPSG"",""9122""]]],PROJECTION[""Transverse_Mercator""],PARAMETER[""latitude_of_origin"",0],PARAMETER[""central_meridian"",-87],PARAMETER[""scale_factor"",0.9996],PARAMETER[""false_easting"",500000],PARAMETER[""false_northing"",0],UNIT[""metre"",1,AUTHORITY[""EPSG"",""9001""]],AXIS[""Easting"",EAST],AXIS[""Northing"",NORTH]]","POLYGON ((623970.0 3729810.0, 623970.0 3745170.0, 639330.0 3745170.0, 639330.0 3729810.0, 623970.0 3729810.0))",3947,258197,0
validation,subsetted_512x512_HLS.S30.T16SFC.2019100.v1.4,16SFC,2019-04-10,"PROJCS[""UTM Zone 16, Northern Hemisphere"",GEOGCS[""Unknown datum based upon the WGS 84 ellipsoid"",DATUM[""Not specified (based on WGS 84 spheroid)"",SPHEROID[""WGS 84"",6378137,298.257223563,AUTHORITY[""EPSG"",""7030""]]],PRIMEM[""Greenwich"",0],UNIT[""degree"",0.0174532925199433,AUTHORITY[""EPSG"",""9122""]]],PROJECTION[""Transverse_Mercator""],PARAMETER[""latitude_of_origin"",0],PARAMETER[""central_meridian"",-87],PARAMETER[""scale_factor"",0.9996],PARAMETER[""false_easting"",500000],PARAMETER[""false_northing"",0],UNIT[""metre"",1,AUTHORITY[""EPSG"",""9001""]],AXIS[""Easting"",EAST],AXIS[""Northing"",NORTH]]","POLYGON ((625800.0 3722910.0, 625800.0 3738270.0, 641160.0 3738270.0, 641160.0 3722910.0, 625800.0 3722910.0))",3388,258745,11
validation,subsetted_512x512_HLS.S30.T16SFD.2019100.v1.4,16SFD,2019-04-10,"PROJCS[""UTM Zone 16, Northern Hemisphere"",GEOGCS[""Unknown datum based upon the WGS 84 ellipsoid"",DATUM[""Not specified (based on WGS 84 spheroid)"",SPHEROID[""WGS 84"",6378137,298.257223563,AUTHORITY[""EPSG"",""7030""]]],PRIMEM[""Greenwich"",0],UNIT[""degree"",0.0174532925199433,AUTHORITY[""EPSG"",""9122""]]],PROJECTION[""Transverse_Mercator""],PARAMETER[""latitude_of_origin"",0],PARAMETER[""central_meridian"",-87],PARAMETER[""scale_factor"",0.9996],PARAMETER[""false_easting"",500000],PARAMETER[""false_northing"",0],UNIT[""metre"",1,AUTHORITY[""EPSG"",""9001""]],AXIS[""Easting"",EAST],AXIS[""Northing"",NORTH]]","POLYGON ((667590.0 3824520.0, 667590.0 3839880.0, 682950.0 3839880.0, 682950.0 3824520.0, 667590.0 3824520.0))",6279,255859,6
validation,subsetted_512x512_HLS.S30.T16SFF.2021094.v1.4,16SFF,2021-04-04,"PROJCS[""UTM Zone 16, Northern Hemisphere"",GEOGCS[""Unknown datum based upon the WGS 84 ellipsoid"",DATUM[""Not specified (based on WGS 84 spheroid)"",SPHEROID[""WGS 84"",6378137,298.257223563,AUTHORITY[""EPSG"",""7030""]]],PRIMEM[""Greenwich"",0],UNIT[""degree"",0.0174532925199433,AUTHORITY[""EPSG"",""9122""]]],PROJECTION[""Transverse_Mercator""],PARAMETER[""latitude_of_origin"",0],PARAMETER[""central_meridian"",-87],PARAMETER[""scale_factor"",0.9996],PARAMETER[""false_easting"",500000],PARAMETER[""false_northing"",0],UNIT[""metre"",1,AUTHORITY[""EPSG"",""9001""]],AXIS[""Easting"",EAST],AXIS[""Northing"",NORTH]]","POLYGON ((672000.0000000001 4022850.0, 672000.0000000001 4038210.0, 687360.0000000001 4038210.0, 687360.0000000001 4022850.0, 672000.0000000001 4022850.0))",3431,258713,0
validation,subsetted_512x512_HLS.S30.T16SGD.2018155.v1.4,16SGD,2018-06-04,"PROJCS[""UTM Zone 16, Northern Hemisphere"",GEOGCS[""Unknown datum based upon the WGS 84 ellipsoid"",DATUM[""Not specified (based on WGS 84 spheroid)"",SPHEROID[""WGS 84"",6378137,298.257223563,AUTHORITY[""EPSG"",""7030""]]],PRIMEM[""Greenwich"",0],UNIT[""degree"",0.0174532925199433,AUTHORITY[""EPSG"",""9122""]]],PROJECTION[""Transverse_Mercator""],PARAMETER[""latitude_of_origin"",0],PARAMETER[""central_meridian"",-87],PARAMETER[""scale_factor"",0.9996],PARAMETER[""false_easting"",500000],PARAMETER[""false_northing"",0],UNIT[""metre"",1,AUTHORITY[""EPSG"",""9001""]],AXIS[""Easting"",EAST],AXIS[""Northing"",NORTH]]","POLYGON ((702000.0 3853470.0, 702000.0 3868830.0, 717360.0 3868830.0, 717360.0 3853470.0, 702000.0 3853470.0))",3745,258391,8
validation,subsetted_512x512_HLS.S30.T16SGE.2019100.v1.4,16SGE,2019-04-10,"PROJCS[""UTM Zone 16, Northern Hemisphere"",GEOGCS[""Unknown datum based upon the WGS 84 ellipsoid"",DATUM[""Not specified (based on WGS 84 spheroid)"",SPHEROID[""WGS 84"",6378137,298.257223563,AUTHORITY[""EPSG"",""7030""]]],PRIMEM[""Greenwich"",0],UNIT[""degree"",0.0174532925199433,AUTHORITY[""EPSG"",""9122""]]],PROJECTION[""Transverse_Mercator""],PARAMETER[""latitude_of_origin"",0],PARAMETER[""central_meridian"",-87],PARAMETER[""scale_factor"",0.9996],PARAMETER[""false_easting"",500000],PARAMETER[""false_northing"",0],UNIT[""metre"",1,AUTHORITY[""EPSG"",""9001""]],AXIS[""Easting"",EAST],AXIS[""Northing"",NORTH]]","POLYGON ((757680.0 3906240.0, 757680.0 3921600.0, 773040.0 3921600.0, 773040.0 3906240.0, 757680.0 3906240.0))",4582,257562,0
validation,subsetted_512x512_HLS.S30.T16SGG.2021094.v1.4,16SGG,2021-04-04,"PROJCS[""UTM Zone 16, Northern Hemisphere"",GEOGCS[""Unknown datum based upon the WGS 84 ellipsoid"",DATUM[""Not specified (based on WGS 84 spheroid)"",SPHEROID[""WGS 84"",6378137,298.257223563,AUTHORITY[""EPSG"",""7030""]]],PRIMEM[""Greenwich"",0],UNIT[""degree"",0.0174532925199433,AUTHORITY[""EPSG"",""9122""]]],PROJECTION[""Transverse_Mercator""],PARAMETER[""latitude_of_origin"",0],PARAMETER[""central_meridian"",-87],PARAMETER[""scale_factor"",0.9996],PARAMETER[""false_easting"",500000],PARAMETER[""false_northing"",0],UNIT[""metre"",1,AUTHORITY[""EPSG"",""9001""]],AXIS[""Easting"",EAST],AXIS[""Northing"",NORTH]]","POLYGON ((736680.0 4091760.0, 736680.0 4107120.0, 752040.0 4107120.0, 752040.0 4091760.0, 736680.0 4091760.0))",5598,256546,0
validation,subsetted_512x512_HLS.S30.T16TDS.2019159.v1.4,16TDS,2019-06-08,"PROJCS[""UTM Zone 16, Northern Hemisphere"",GEOGCS[""Unknown datum based upon the WGS 84 ellipsoid"",DATUM[""Not specified (based on WGS 84 spheroid)"",SPHEROID[""WGS 84"",6378137,298.257223563,AUTHORITY[""EPSG"",""7030""]]],PRIMEM[""Greenwich"",0],UNIT[""degree"",0.0174532925199433,AUTHORITY[""EPSG"",""9122""]]],PROJECTION[""Transverse_Mercator""],PARAMETER[""latitude_of_origin"",0],PARAMETER[""central_meridian"",-87],PARAMETER[""scale_factor"",0.9996],PARAMETER[""false_easting"",500000],PARAMETER[""false_northing"",0],UNIT[""metre"",1,AUTHORITY[""EPSG"",""9001""]],AXIS[""Easting"",EAST],AXIS[""Northing"",NORTH]]","POLYGON ((494400.0 5091420.0, 494400.0 5106780.0, 509760.0 5106780.0, 509760.0 5091420.0, 494400.0 5091420.0))",2465,259679,0
validation,subsetted_512x512_HLS.S30.T16TFS.2019153.v1.4,16TFS,2019-06-02,"PROJCS[""UTM Zone 16, Northern Hemisphere"",GEOGCS[""Unknown datum based upon the WGS 84 ellipsoid"",DATUM[""Not specified (based on WGS 84 spheroid)"",SPHEROID[""WGS 84"",6378137,298.257223563,AUTHORITY[""EPSG"",""7030""]]],PRIMEM[""Greenwich"",0],UNIT[""degree"",0.0174532925199433,AUTHORITY[""EPSG"",""9122""]]],PROJECTION[""Transverse_Mercator""],PARAMETER[""latitude_of_origin"",0],PARAMETER[""central_meridian"",-87],PARAMETER[""scale_factor"",0.9996],PARAMETER[""false_easting"",500000],PARAMETER[""false_northing"",0],UNIT[""metre"",1,AUTHORITY[""EPSG"",""9001""]],AXIS[""Easting"",EAST],AXIS[""Northing"",NORTH]]","POLYGON ((657780.0 5127240.0, 657780.0 5142600.0, 673140.0 5142600.0, 673140.0 5127240.0, 657780.0 5127240.0))",3285,258611,248
validation,subsetted_512x512_HLS.S30.T16TGQ.2018133.v1.4,16TGQ,2018-05-13,"PROJCS[""UTM Zone 16, Northern Hemisphere"",GEOGCS[""Unknown datum based upon the WGS 84 ellipsoid"",DATUM[""Not specified (based on WGS 84 spheroid)"",SPHEROID[""WGS 84"",6378137,298.257223563,AUTHORITY[""EPSG"",""7030""]]],PRIMEM[""Greenwich"",0],UNIT[""degree"",0.0174532925199433,AUTHORITY[""EPSG"",""9122""]]],PROJECTION[""Transverse_Mercator""],PARAMETER[""latitude_of_origin"",0],PARAMETER[""central_meridian"",-87],PARAMETER[""scale_factor"",0.9996],PARAMETER[""false_easting"",500000],PARAMETER[""false_northing"",0],UNIT[""metre"",1,AUTHORITY[""EPSG"",""9001""]],AXIS[""Easting"",EAST],AXIS[""Northing"",NORTH]]","POLYGON ((751140.0 4916400.0, 751140.0 4931760.0, 766500.0 4931760.0, 766500.0 4916400.0, 751140.0 4916400.0))",15687,246457,0
validation,subsetted_512x512_HLS.S30.T17RMH.2021103.v1.4,17RMH,2021-04-13,"PROJCS[""UTM Zone 17, Northern Hemisphere"",GEOGCS[""Unknown datum based upon the WGS 84 ellipsoid"",DATUM[""Not specified (based on WGS 84 spheroid)"",SPHEROID[""WGS 84"",6378137,298.257223563,AUTHORITY[""EPSG"",""7030""]]],PRIMEM[""Greenwich"",0],UNIT[""degree"",0.0174532925199433,AUTHORITY[""EPSG"",""9122""]]],PROJECTION[""Transverse_Mercator""],PARAMETER[""latitude_of_origin"",0],PARAMETER[""central_meridian"",-81],PARAMETER[""scale_factor"",0.9996],PARAMETER[""false_easting"",500000],PARAMETER[""false_northing"",0],UNIT[""metre"",1,AUTHORITY[""EPSG"",""9001""]],AXIS[""Easting"",EAST],AXIS[""Northing"",NORTH]]","POLYGON ((485820.0 2781840.0, 485820.0 2797200.0, 501180.0 2797200.0, 501180.0 2781840.0, 485820.0 2781840.0))",31326,159982,70836
validation,subsetted_512x512_HLS.S30.T17RMJ.2021313.v1.4,17RMJ,2021-11-09,"PROJCS[""UTM Zone 17, Northern Hemisphere"",GEOGCS[""Unknown datum based upon the WGS 84 ellipsoid"",DATUM[""Not specified (based on WGS 84 spheroid)"",SPHEROID[""WGS 84"",6378137,298.257223563,AUTHORITY[""EPSG"",""7030""]]],PRIMEM[""Greenwich"",0],UNIT[""degree"",0.0174532925199433,AUTHORITY[""EPSG"",""9122""]]],PROJECTION[""Transverse_Mercator""],PARAMETER[""latitude_of_origin"",0],PARAMETER[""central_meridian"",-81],PARAMETER[""scale_factor"",0.9996],PARAMETER[""false_easting"",500000],PARAMETER[""false_northing"",0],UNIT[""metre"",1,AUTHORITY[""EPSG"",""9001""]],AXIS[""Easting"",EAST],AXIS[""Northing"",NORTH]]","POLYGON ((475950.0 2824410.0, 475950.0 2839770.0, 491309.99999999994 2839770.0, 491309.99999999994 2824410.0, 475950.0 2824410.0))",20458,241653,33
validation,subsetted_512x512_HLS.S30.T17RNL.2019111.v1.4,17RNL,2019-04-21,"PROJCS[""UTM Zone 17, Northern Hemisphere"",GEOGCS[""Unknown datum based upon the WGS 84 ellipsoid"",DATUM[""Not specified (based on WGS 84 spheroid)"",SPHEROID[""WGS 84"",6378137,298.257223563,AUTHORITY[""EPSG"",""7030""]]],PRIMEM[""Greenwich"",0],UNIT[""degree"",0.0174532925199433,AUTHORITY[""EPSG"",""9122""]]],PROJECTION[""Transverse_Mercator""],PARAMETER[""latitude_of_origin"",0],PARAMETER[""central_meridian"",-81],PARAMETER[""scale_factor"",0.9996],PARAMETER[""false_easting"",500000],PARAMETER[""false_northing"",0],UNIT[""metre"",1,AUTHORITY[""EPSG"",""9001""]],AXIS[""Easting"",EAST],AXIS[""Northing"",NORTH]]","POLYGON ((533820.0 3071340.0, 533820.0 3086700.0, 549180.0 3086700.0, 549180.0 3071340.0, 533820.0 3071340.0))",4551,257456,137
validation,subsetted_512x512_HLS.S30.T17RNM.2019349.v1.4,17RNM,2019-12-15,"PROJCS[""UTM Zone 17, Northern Hemisphere"",GEOGCS[""Unknown datum based upon the WGS 84 ellipsoid"",DATUM[""Not specified (based on WGS 84 spheroid)"",SPHEROID[""WGS 84"",6378137,298.257223563,AUTHORITY[""EPSG"",""7030""]]],PRIMEM[""Greenwich"",0],UNIT[""degree"",0.0174532925199433,AUTHORITY[""EPSG"",""9122""]]],PROJECTION[""Transverse_Mercator""],PARAMETER[""latitude_of_origin"",0],PARAMETER[""central_meridian"",-81],PARAMETER[""scale_factor"",0.9996],PARAMETER[""false_easting"",500000],PARAMETER[""false_northing"",0],UNIT[""metre"",1,AUTHORITY[""EPSG"",""9001""]],AXIS[""Easting"",EAST],AXIS[""Northing"",NORTH]]","POLYGON ((516210.0 3158280.0, 516210.0 3173640.0, 531570.0 3173640.0, 531570.0 3158280.0, 516210.0 3158280.0))",7333,254804,7
validation,subsetted_512x512_HLS.S30.T17SKT.2018107.v1.4,17SKT,2018-04-17,"PROJCS[""UTM Zone 17, Northern Hemisphere"",GEOGCS[""Unknown datum based upon the WGS 84 ellipsoid"",DATUM[""Not specified (based on WGS 84 spheroid)"",SPHEROID[""WGS 84"",6378137,298.257223563,AUTHORITY[""EPSG"",""7030""]]],PRIMEM[""Greenwich"",0],UNIT[""degree"",0.0174532925199433,AUTHORITY[""EPSG"",""9122""]]],PROJECTION[""Transverse_Mercator""],PARAMETER[""latitude_of_origin"",0],PARAMETER[""central_meridian"",-81],PARAMETER[""scale_factor"",0.9996],PARAMETER[""false_easting"",500000],PARAMETER[""false_northing"",0],UNIT[""metre"",1,AUTHORITY[""EPSG"",""9001""]],AXIS[""Easting"",EAST],AXIS[""Northing"",NORTH]]","POLYGON ((267780.0 3691380.0000000005, 267780.0 3706740.0000000005, 283140.0 3706740.0000000005, 283140.0 3691380.0000000005, 267780.0 3691380.0000000005))",5582,256560,2
validation,subsetted_512x512_HLS.S30.T17SKU.2018107.v1.4,17SKU,2018-04-17,"PROJCS[""UTM Zone 17, Northern Hemisphere"",GEOGCS[""Unknown datum based upon the WGS 84 ellipsoid"",DATUM[""Not specified (based on WGS 84 spheroid)"",SPHEROID[""WGS 84"",6378137,298.257223563,AUTHORITY[""EPSG"",""7030""]]],PRIMEM[""Greenwich"",0],UNIT[""degree"",0.0174532925199433,AUTHORITY[""EPSG"",""9122""]]],PROJECTION[""Transverse_Mercator""],PARAMETER[""latitude_of_origin"",0],PARAMETER[""central_meridian"",-81],PARAMETER[""scale_factor"",0.9996],PARAMETER[""false_easting"",500000],PARAMETER[""false_northing"",0],UNIT[""metre"",1,AUTHORITY[""EPSG"",""9001""]],AXIS[""Easting"",EAST],AXIS[""Northing"",NORTH]]","POLYGON ((270750.0 3812820.0, 270750.0 3828180.0, 286110.0 3828180.0, 286110.0 3812820.0, 270750.0 3812820.0))",6103,256038,3
validation,subsetted_512x512_HLS.S30.T17SKU.2021166.v1.4,17SKU,2021-06-15,"PROJCS[""UTM Zone 17, Northern Hemisphere"",GEOGCS[""Unknown datum based upon the WGS 84 ellipsoid"",DATUM[""Not specified (based on WGS 84 spheroid)"",SPHEROID[""WGS 84"",6378137,298.257223563,AUTHORITY[""EPSG"",""7030""]]],PRIMEM[""Greenwich"",0],UNIT[""degree"",0.0174532925199433,AUTHORITY[""EPSG"",""9122""]]],PROJECTION[""Transverse_Mercator""],PARAMETER[""latitude_of_origin"",0],PARAMETER[""central_meridian"",-81],PARAMETER[""scale_factor"",0.9996],PARAMETER[""false_easting"",500000],PARAMETER[""false_northing"",0],UNIT[""metre"",1,AUTHORITY[""EPSG"",""9001""]],AXIS[""Easting"",EAST],AXIS[""Northing"",NORTH]]","POLYGON ((281970.0 3861360.0, 281970.0 3876720.0, 297330.0 3876720.0, 297330.0 3861360.0, 281970.0 3861360.0))",3063,259065,16
validation,subsetted_512x512_HLS.S30.T17SLT.2019112.v1.4,17SLT,2019-04-22,"PROJCS[""UTM Zone 17, Northern Hemisphere"",GEOGCS[""Unknown datum based upon the WGS 84 ellipsoid"",DATUM[""Not specified (based on WGS 84 spheroid)"",SPHEROID[""WGS 84"",6378137,298.257223563,AUTHORITY[""EPSG"",""7030""]]],PRIMEM[""Greenwich"",0],UNIT[""degree"",0.0174532925199433,AUTHORITY[""EPSG"",""9122""]]],PROJECTION[""Transverse_Mercator""],PARAMETER[""latitude_of_origin"",0],PARAMETER[""central_meridian"",-81],PARAMETER[""scale_factor"",0.9996],PARAMETER[""false_easting"",500000],PARAMETER[""false_northing"",0],UNIT[""metre"",1,AUTHORITY[""EPSG"",""9001""]],AXIS[""Easting"",EAST],AXIS[""Northing"",NORTH]]","POLYGON ((383040.0 3729090.0, 383040.0 3744450.0, 398400.0 3744450.0, 398400.0 3729090.0, 383040.0 3729090.0))",16956,245188,0
validation,subsetted_512x512_HLS.S30.T17SLT.2021096.v1.4,17SLT,2021-04-06,"PROJCS[""UTM Zone 17, Northern Hemisphere"",GEOGCS[""Unknown datum based upon the WGS 84 ellipsoid"",DATUM[""Not specified (based on WGS 84 spheroid)"",SPHEROID[""WGS 84"",6378137,298.257223563,AUTHORITY[""EPSG"",""7030""]]],PRIMEM[""Greenwich"",0],UNIT[""degree"",0.0174532925199433,AUTHORITY[""EPSG"",""9122""]]],PROJECTION[""Transverse_Mercator""],PARAMETER[""latitude_of_origin"",0],PARAMETER[""central_meridian"",-81],PARAMETER[""scale_factor"",0.9996],PARAMETER[""false_easting"",500000],PARAMETER[""false_northing"",0],UNIT[""metre"",1,AUTHORITY[""EPSG"",""9001""]],AXIS[""Easting"",EAST],AXIS[""Northing"",NORTH]]","POLYGON ((389040.0 3713580.0, 389040.0 3728940.0, 404400.0 3728940.0, 404400.0 3713580.0, 389040.0 3713580.0))",12825,249314,5
validation,subsetted_512x512_HLS.S30.T17SMA.2019112.v1.4,17SMA,2019-04-22,"PROJCS[""UTM Zone 17, Northern Hemisphere"",GEOGCS[""Unknown datum based upon the WGS 84 ellipsoid"",DATUM[""Not specified (based on WGS 84 spheroid)"",SPHEROID[""WGS 84"",6378137,298.257223563,AUTHORITY[""EPSG"",""7030""]]],PRIMEM[""Greenwich"",0],UNIT[""degree"",0.0174532925199433,AUTHORITY[""EPSG"",""9122""]]],PROJECTION[""Transverse_Mercator""],PARAMETER[""latitude_of_origin"",0],PARAMETER[""central_meridian"",-81],PARAMETER[""scale_factor"",0.9996],PARAMETER[""false_easting"",500000],PARAMETER[""false_northing"",0],UNIT[""metre"",1,AUTHORITY[""EPSG"",""9001""]],AXIS[""Easting"",EAST],AXIS[""Northing"",NORTH]]","POLYGON ((463920.0 4061609.9999999995, 463920.0 4076969.9999999995, 479280.0 4076969.9999999995, 479280.0 4061609.9999999995, 463920.0 4061609.9999999995))",2904,259240,0
validation,subsetted_512x512_HLS.S30.T17SNA.2021348.v1.4,17SNA,2021-12-14,"PROJCS[""UTM Zone 17, Northern Hemisphere"",GEOGCS[""Unknown datum based upon the WGS 84 ellipsoid"",DATUM[""Not specified (based on WGS 84 spheroid)"",SPHEROID[""WGS 84"",6378137,298.257223563,AUTHORITY[""EPSG"",""7030""]]],PRIMEM[""Greenwich"",0],UNIT[""degree"",0.0174532925199433,AUTHORITY[""EPSG"",""9122""]]],PROJECTION[""Transverse_Mercator""],PARAMETER[""latitude_of_origin"",0],PARAMETER[""central_meridian"",-81],PARAMETER[""scale_factor"",0.9996],PARAMETER[""false_easting"",500000],PARAMETER[""false_northing"",0],UNIT[""metre"",1,AUTHORITY[""EPSG"",""9001""]],AXIS[""Easting"",EAST],AXIS[""Northing"",NORTH]]","POLYGON ((539160.0 4014179.9999999995, 539160.0 4029539.9999999995, 554520.0 4029539.9999999995, 554520.0 4014179.9999999995, 539160.0 4014179.9999999995))",4966,257130,48
validation,subsetted_512x512_HLS.S30.T17SNB.2020102.v1.4,17SNB,2020-04-11,"PROJCS[""UTM Zone 17, Northern Hemisphere"",GEOGCS[""Unknown datum based upon the WGS 84 ellipsoid"",DATUM[""Not specified (based on WGS 84 spheroid)"",SPHEROID[""WGS 84"",6378137,298.257223563,AUTHORITY[""EPSG"",""7030""]]],PRIMEM[""Greenwich"",0],UNIT[""degree"",0.0174532925199433,AUTHORITY[""EPSG"",""9122""]]],PROJECTION[""Transverse_Mercator""],PARAMETER[""latitude_of_origin"",0],PARAMETER[""central_meridian"",-81],PARAMETER[""scale_factor"",0.9996],PARAMETER[""false_easting"",500000],PARAMETER[""false_northing"",0],UNIT[""metre"",1,AUTHORITY[""EPSG"",""9001""]],AXIS[""Easting"",EAST],AXIS[""Northing"",NORTH]]","POLYGON ((570060.0 4146270.0, 570060.0 4161630.0, 585420.0 4161630.0, 585420.0 4146270.0, 570060.0 4146270.0))",3378,258766,0
validation,subsetted_512x512_HLS.S30.T17SNU.2018074.v1.4,17SNU,2018-03-15,"PROJCS[""UTM Zone 17, Northern Hemisphere"",GEOGCS[""Unknown datum based upon the WGS 84 ellipsoid"",DATUM[""Not specified (based on WGS 84 spheroid)"",SPHEROID[""WGS 84"",6378137,298.257223563,AUTHORITY[""EPSG"",""7030""]]],PRIMEM[""Greenwich"",0],UNIT[""degree"",0.0174532925199433,AUTHORITY[""EPSG"",""9122""]]],PROJECTION[""Transverse_Mercator""],PARAMETER[""latitude_of_origin"",0],PARAMETER[""central_meridian"",-81],PARAMETER[""scale_factor"",0.9996],PARAMETER[""false_easting"",500000],PARAMETER[""false_northing"",0],UNIT[""metre"",1,AUTHORITY[""EPSG"",""9001""]],AXIS[""Easting"",EAST],AXIS[""Northing"",NORTH]]","POLYGON ((557070.0 3813870.0000000005, 557070.0 3829230.0000000005, 572430.0000000001 3829230.0000000005, 572430.0000000001 3813870.0000000005, 557070.0 3813870.0000000005))",4660,257473,11
validation,subsetted_512x512_HLS.S30.T17SNU.2018129.v1.4,17SNU,2018-05-09,"PROJCS[""UTM Zone 17, Northern Hemisphere"",GEOGCS[""Unknown datum based upon the WGS 84 ellipsoid"",DATUM[""Not specified (based on WGS 84 spheroid)"",SPHEROID[""WGS 84"",6378137,298.257223563,AUTHORITY[""EPSG"",""7030""]]],PRIMEM[""Greenwich"",0],UNIT[""degree"",0.0174532925199433,AUTHORITY[""EPSG"",""9122""]]],PROJECTION[""Transverse_Mercator""],PARAMETER[""latitude_of_origin"",0],PARAMETER[""central_meridian"",-81],PARAMETER[""scale_factor"",0.9996],PARAMETER[""false_easting"",500000],PARAMETER[""false_northing"",0],UNIT[""metre"",1,AUTHORITY[""EPSG"",""9001""]],AXIS[""Easting"",EAST],AXIS[""Northing"",NORTH]]","POLYGON ((559110.0 3828090.0, 559110.0 3843450.0, 574470.0 3843450.0, 574470.0 3828090.0, 559110.0 3828090.0))",3219,258923,2
validation,subsetted_512x512_HLS.S30.T17SPS.2019009.v1.4,17SPS,2019-01-09,"PROJCS[""UTM Zone 17, Northern Hemisphere"",GEOGCS[""Unknown datum based upon the WGS 84 ellipsoid"",DATUM[""Not specified (based on WGS 84 spheroid)"",SPHEROID[""WGS 84"",6378137,298.257223563,AUTHORITY[""EPSG"",""7030""]]],PRIMEM[""Greenwich"",0],UNIT[""degree"",0.0174532925199433,AUTHORITY[""EPSG"",""9122""]]],PROJECTION[""Transverse_Mercator""],PARAMETER[""latitude_of_origin"",0],PARAMETER[""central_meridian"",-81],PARAMETER[""scale_factor"",0.9996],PARAMETER[""false_easting"",500000],PARAMETER[""false_northing"",0],UNIT[""metre"",1,AUTHORITY[""EPSG"",""9001""]],AXIS[""Easting"",EAST],AXIS[""Northing"",NORTH]]","POLYGON ((600060.0 3678720.0, 600060.0 3694080.0, 615420.0 3694080.0, 615420.0 3678720.0, 600060.0 3678720.0))",3598,258544,2
validation,subsetted_512x512_HLS.S30.T17SQU.2018121.v1.4,17SQU,2018-05-01,"PROJCS[""UTM Zone 17, Northern Hemisphere"",GEOGCS[""Unknown datum based upon the WGS 84 ellipsoid"",DATUM[""Not specified (based on WGS 84 spheroid)"",SPHEROID[""WGS 84"",6378137,298.257223563,AUTHORITY[""EPSG"",""7030""]]],PRIMEM[""Greenwich"",0],UNIT[""degree"",0.0174532925199433,AUTHORITY[""EPSG"",""9122""]]],PROJECTION[""Transverse_Mercator""],PARAMETER[""latitude_of_origin"",0],PARAMETER[""central_meridian"",-81],PARAMETER[""scale_factor"",0.9996],PARAMETER[""false_easting"",500000],PARAMETER[""false_northing"",0],UNIT[""metre"",1,AUTHORITY[""EPSG"",""9001""]],AXIS[""Easting"",EAST],AXIS[""Northing"",NORTH]]","POLYGON ((731430.0 3824160.0, 731430.0 3839520.0, 746790.0 3839520.0, 746790.0 3824160.0, 731430.0 3824160.0))",2517,259625,2
validation,subsetted_512x512_HLS.S30.T18SVJ.2020131.v1.4,18SVJ,2020-05-10,"PROJCS[""UTM Zone 18, Northern Hemisphere"",GEOGCS[""Unknown datum based upon the WGS 84 ellipsoid"",DATUM[""Not specified (based on WGS 84 spheroid)"",SPHEROID[""WGS 84"",6378137,298.257223563,AUTHORITY[""EPSG"",""7030""]]],PRIMEM[""Greenwich"",0],UNIT[""degree"",0.0174532925199433,AUTHORITY[""EPSG"",""9122""]]],PROJECTION[""Transverse_Mercator""],PARAMETER[""latitude_of_origin"",0],PARAMETER[""central_meridian"",-75],PARAMETER[""scale_factor"",0.9996],PARAMETER[""false_easting"",500000],PARAMETER[""false_northing"",0],UNIT[""metre"",1,AUTHORITY[""EPSG"",""9001""]],AXIS[""Easting"",EAST],AXIS[""Northing"",NORTH]]","POLYGON ((484020.0 4344750.0, 484020.0 4360110.0, 499379.99999999994 4360110.0, 499379.99999999994 4344750.0, 484020.0 4344750.0))",6817,255327,0
