image_id,hls_tile,acquisition_date,chip_bounds,mtbs_id,fire_name,fire_year,intersection_area,intersection_ratio,burn_mask_overlap,temporal_gap_days,match_status,match_confidence,event_id
subsetted_512x512_HLS.S30.T10SDH.2020248.v1.4,10SDH,2020-09-04,"POLYGON ((-122.92449008569572 38.547258258458974, -122.92434482697423 38.68568169638705, -123.10095018378112 38.68566259783645, -123.10075635855038 38.547239253694805, -122.92449008569572 38.547258258458974))",CA3867312307820200817,WALLBRIDGE,2020.0,187332353.42684713,0.7933833335561262,1.0,18.0,matched,0.8966916667780631,CA3867312307820200817
subsetted_512x512_HLS.S30.T10SEH.2018245.v1.4,10SEH,2018-09-02,"POLYGON ((-121.91177455300647 38.24185763635336, -121.90970402477932 38.380263351815486, -122.08553918824671 38.38176693762329, -122.08727592041676 38.24335382086868, -121.91177455300647 38.24185763635336))",CA3831012199020180810,NELSON,2018.0,8924233.710770233,0.03780273572940513,1.0,23.0,matched,0.5189013678647025,CA3831012199020180810
subsetted_512x512_HLS.S30.T10SEH.2018280.v1.4,10SEH,2018-10-07,"POLYGON ((-122.29454671492199 38.64599960062839, -122.29318486618297 38.78441027770553, -122.4700243597358 38.78534607859088, -122.47104553003727 38.64693081007475, -122.29454671492199 38.64599960062839))",CA3873012240020180908,SNELL,2018.0,10086190.729050077,0.04271971167039185,1.0,29.0,matched,0.521359855835196,CA3873012240020180908
subsetted_512x512_HLS.S30.T10SEH.2019305.v1.4,10SEH,2019-11-01,"POLYGON ((-122.67978813295248 38.60821629088544, -122.67917079892631 38.74663623188153, -122.85592521658293 38.746987712352244, -122.85620244741413 38.60856604622744, -122.67978813295248 38.60821629088544))",CA3879612276720191023,KINCADE,2019.0,181024606.39981315,0.7666766706508537,1.0,9.0,matched,0.8833383353254268,CA3879612276720191023
subsetted_512x512_HLS.S30.T10SEH.2020190.v1.4,10SEH,2020-07-08,"POLYGON ((-121.93064153762325 38.40451808828846, -121.9285950090493 38.54292081508949, -122.10482650769949 38.54440100871147, -122.10653653026705 38.405991005731735, -121.93064153762325 38.40451808828846))",CA3847012204820200606,QUAIL,2020.0,7462373.6787706725,0.03161009746255579,1.0,32.0,matched,0.5158050487312779,CA3847012204820200606
subsetted_512x512_HLS.S30.T10SEH.2020285.v1.4,10SEH,2020-10-11,"POLYGON ((-122.45859232478792 38.468977943819056, -122.45755374489183 38.60739715149321, -122.63396235567153 38.60808192243065, -122.63466320238686 38.46965935003389, -122.45859232478792 38.468977943819056))",CA3855412253120200927,GLASS,2020.0,166013609.29111958,0.7031220231861601,1.0,14.0,matched,0.8515610115930801,CA3855412253120200927
subsetted_512x512_HLS.S30.T10SEJ.2018185.v1.4,10SEJ,2018-07-04,"POLYGON ((-122.47261700013377 39.55228548403944, -122.47156549369879 39.6906792242254, -122.65069980941156 39.69135623793227, -122.65139488720612 39.552959198292, -122.47261700013377 39.55228548403944))",CA3966012253020180609,CHROME,2018.0,9535460.605773786,0.04038565053444199,1.0,25.0,matched,0.520192825267221,CA3966012253020180609
subsetted_512x512_HLS.S30.T10SEJ.2018220.v1.4,10SEJ,2018-08-08,"POLYGON ((-121.73895698767306 39.12846795716057, -121.73648046935057 39.26684402872929, -121.91450005622043 39.268639719559616, -121.91662783350306 39.130254871697076, -121.73895698767306 39.12846795716057))",CA3919012180020180731,BUTTE FIRE,2018.0,4141239.1587643735,0.017543264145303016,1.0,8.0,matched,0.5087716320726515,CA3919012180020180731
subsetted_512x512_HLS.S30.T10SEJ.2019185.v1.4,10SEJ,2019-07-04,"POLYGON ((-122.16859549654293 38.83522586681243, -122.16697963654619 38.973627950208176, -122.3442843235901 38.97475896098581, -122.34555632294573 38.83635133681979, -122.16859549654293 38.83522586681243))",CA3892812226620190608,SAND,2019.0,10011533.776555993,0.042404834138512267,1.0,26.0,matched,0.5212024170692562,CA3892812226620190608
subsetted_512x512_HLS.S30.T10SFE.2020267.v1.4,10SFE,2020-09-23,"POLYGON ((-121.32594090658596 35.97147449650939, -121.32300753737442 36.10989907732525, -121.49360603182055 36.11216607308644, -121.49624128270555 35.97373007832096, -121.32594090658596 35.97147449650939))",CA3612312160220200819,DOLAN,2020.0,223870167.11431876,0.9486068044203525,1.0,35.0,matched,0.9743034022101762,CA3612312160220200819
subsetted_512x512_HLS.S30.T10SFF.2018155.v1.4,10SFF,2018-06-04,"POLYGON ((-120.7043027816388 36.77427121386841, -120.70016104661232 36.912624873032996, -120.8724691904061 36.915837209304065, -120.87630121131193 36.777467524879, -120.7043027816388 36.77427121386841))",CA3686012078020180502,NEES,2018.0,7445983.437300293,0.03156520138975854,1.0,33.0,matched,0.5157826006948792,CA3686012078020180502
subsetted_512x512_HLS.S30.T10SFF.2018190.v1.4,10SFF,2018-07-09,"POLYGON ((-120.87808546949597 36.32025457944452, -120.87431991603829 36.45863506278037, -121.04563723581961 36.46156439702917, -121.04909979812737 36.323169226817555, -120.87808546949597 36.32025457944452))",CA3641012100020180604,AIRLINE,2018.0,5977193.601909925,0.02533525646017918,1.0,35.0,matched,0.5126676282300896,CA3641012100020180604
subsetted_512x512_HLS.S30.T10SFF.2020250.v1.4,10SFF,2020-09-06,"POLYGON ((-121.4831636295344 36.41140889312657, -121.48046257490414 36.54983390072074, -121.65203520219991 36.5518972700609, -121.65443151661366 36.41346192433862, -121.4831636295344 36.41140889312657))",CA3656312164020200816,RIVER,2020.0,144100177.7837077,0.6105357140432337,1.0,21.0,matched,0.8052678570216169,CA3656312164020200816
subsetted_512x512_HLS.S30.T10SFF.2021189.v1.4,10SFF,2021-07-08,"POLYGON ((-121.46211070415147 36.137728341746254, -121.45939941822454 36.276158339458476, -121.6303696148941 36.278239028132745, -121.6327802552279 36.139798573746255, -121.46211070415147 36.137728341746254))",CA3620712156020210618,WILLOW,2021.0,12514135.106740529,0.05302174061751023,1.0,20.0,matched,0.5265108703087551,CA3620712156020210618
subsetted_512x512_HLS.S30.T10SFH.2018185.v1.4,10SFH,2018-07-04,"POLYGON ((-120.76457194028148 37.93500156344837, -120.76036608797224 38.073333785927275, -120.93536895621617 38.07653978640834, -120.93924675890914 37.938191749002605, -120.76457194028148 37.93500156344837))",CA3805012095020180629,WAVERLY,2018.0,48370874.0908088,0.2050385411488723,1.0,5.0,matched,0.6025192705744361,CA3805012095020180629
subsetted_512x512_HLS.S30.T10SFH.2020185.v1.4,10SFH,2020-07-03,"POLYGON ((-121.06858624478105 38.496747515798546, -121.06487818763031 38.635093283221515, -121.24127088004724 38.637878813712746, -121.24464138043284 38.4995193690908, -121.06858624478105 38.496747515798546))",CA3852112120220200612,GRANT,2020.0,20985895.43007277,0.08893531539749143,1.0,21.0,matched,0.5444676576987457,CA3852112120220200612
subsetted_512x512_HLS.S30.T10SFH.2020245.v1.4,10SFH,2020-09-01,"POLYGON ((-120.66754101851129 37.92716991331226, -120.66315394150533 38.065492935556975, -120.83812686132686 38.0688431260852, -120.84218610025977 37.93050357756255, -120.66754101851129 37.92716991331226))",CA3802612076120200818,SALT,2020.0,7563625.212351684,0.032063939878410996,1.0,14.0,matched,0.5160319699392055,CA3802612076120200818
subsetted_512x512_HLS.S30.T10SGD.2021306.v1.4,10SGD,2021-11-02,"POLYGON ((-120.02380153214851 34.423117256635074, -120.01887840797907 34.56144900239934, -120.18610493766225 34.5654213888631, -120.19075281128788 34.427069266478256, -120.02380153214851 34.423117256635074))",CA3451712013120211011,ALISAL,2021.0,69713798.94257393,0.2957642855718813,1.0,22.0,matched,0.6478821427859407,CA3451712013120211011
subsetted_512x512_HLS.S30.T10SGE.2018247.v1.4,10SGE,2018-09-04,"POLYGON ((-120.2368390691194 35.74096984420083, -120.23203929865902 35.87929736958981, -120.40202233535213 35.88309684435948, -120.40652818030753 35.74475015127537, -120.2368390691194 35.74096984420083))",CA3580012036020180806,TURKEY,2018.0,9378296.780033167,0.039776100085274095,1.0,29.0,matched,0.519888050042637,CA3580012036020180806
subsetted_512x512_HLS.S30.T10SGE.2019187.v1.4,10SGE,2019-07-06,"POLYGON ((-120.2902020694553 35.60482355770172, -120.28551844066989 35.743160404946494, -120.45521883156962 35.746872236632775, -120.45961044968054 35.60851663248697, -120.2902020694553 35.60482355770172))",CA3566212040420190612,MCMILLAN,2019.0,7933962.946067854,0.033648504112138405,1.0,24.0,matched,0.5168242520560692,CA3566212040420190612
subsetted_512x512_HLS.S30.T10SGE.2020162.v1.4,10SGE,2020-06-10,"POLYGON ((-119.97200733257682 35.963861010239356, -119.96670473178045 36.10215090778978, -120.1371280973985 36.106347787579054, -120.14213379504233 35.96803677758368, -119.97200733257682 35.963861010239356))",CA3605412006420200503,FIVE,2020.0,8237146.092397636,0.03494627749254654,1.0,38.0,matched,0.5174731387462733,CA3605412006420200503
subsetted_512x512_HLS.S30.T10SGE.2020187.v1.4,10SGE,2020-07-05,"POLYGON ((-119.86759704293017 35.25931155489971, -119.8622522278897 35.39760403324391, -120.03116382636358 35.40187744482172, -120.03622197620933 35.26356328784191, -119.86759704293017 35.25931155489971))",CA3535111995620200610,SODA,2020.0,7146205.41130828,0.03032277482612295,1.0,25.0,matched,0.5151613874130615,CA3535111995620200610
subsetted_512x512_HLS.S30.T10SGE.2020217.v1.4,10SGE,2020-08-04,"POLYGON ((-119.94108028722952 35.22496203931397, -119.93586736141036 35.36326494176129, -120.10471874813774 35.36743195672114, -120.1096454164698 35.229107904817596, -119.94108028722952 35.22496203931397))",CA3535112000520200728,BRANCH,2020.0,13391021.681791008,0.05681573558989765,1.0,7.0,matched,0.5284078677949489,CA3535112000520200728
subsetted_512x512_HLS.S30.T10SGE.2020247.v1.4,10SGE,2020-09-03,"POLYGON ((-120.21810917089584 35.90709512560575, -120.21324732062402 36.04541661897393, -120.38358419581422 36.04925764922891, -120.38814972289298 35.91091681664652, -120.21810917089584 35.90709512560575))",CA3607512023120200815,HILLS,2020.0,8068482.984937241,0.03422127372683933,1.0,19.0,matched,0.5171106368634196,CA3607512023120200815
subsetted_512x512_HLS.S30.T10SGG.2019307.v1.4,10SGG,2019-11-03,"POLYGON ((-120.06712149499248 37.48177222409586, -120.06169377825675 37.62003878391574, -120.23553677221538 37.62424305150105, -120.24064438761782 37.48595567642132, -120.06712149499248 37.48177222409586))",CA3761912020720170716,DETWILER,2017.0,163356524.34693417,0.6929220369716887,0.9341281066882199,840.0,matched,0.8135250718299543,CA3761912020720170716
subsetted_512x512_HLS.S30.T10TDN.2019213.v1.4,10TDN,2019-08-01,"POLYGON ((-123.19137019520092 42.79510752403943, -123.19179790477608 42.93342823363255, -123.38003868239318 42.932958077666584, -123.37919121410488 42.7946396238072, -123.19137019520092 42.79510752403943))",OR4292012329520190725,MP 97,2019.0,54956914.800901026,0.2327546519570558,1.0,7.0,matched,0.6163773259785279,OR4292012329520190725
subsetted_512x512_HLS.S30.T10TEK.2018183.v1.4,10TEK,2018-07-02,"POLYGON ((-122.42561406184238 40.41699839932295, -122.42443323212885 40.55537032735257, -122.60585045138693 40.55613168837833, -122.6066591153017 40.41775607008968, -122.42561406184238 40.41699839932295))",CA4051012242020180624,CREEK,2018.0,5476580.892901212,0.02319518157613991,1.0,8.0,matched,0.51159759078807,CA4051012242020180624
subsetted_512x512_HLS.S30.T10TEK.2018340.v1.4,10TEK,2018-12-06,"POLYGON ((-122.05404793104096 40.15833507926791, -122.05212098641458 40.29670125752662, -122.23283151354717 40.29804072305355, -122.23439118934793 40.15966804302664, -122.05404793104096 40.15833507926791))",CA4022012217020181007,SUN,2018.0,15869172.406779403,0.06721734288456739,1.0,60.0,matched,0.5336086714422837,CA4022012217020181007
subsetted_512x512_HLS.S30.T10TEK.2019275.v1.4,10TEK,2019-10-02,"POLYGON ((-122.71431677382579 40.0445415176957, -122.71373713956116 40.18292763806911, -122.89416325340638 40.18323316674551, -122.89437755813096 40.04484556213062, -122.71431677382579 40.0445415176957))",CA4010912278920190905,SOUTH,2019.0,22852422.71130804,0.0967844263366123,1.0,27.0,matched,0.5483922131683061,CA4010912278920190905
subsetted_512x512_HLS.S30.T10TEK.2019350.v1.4,10TEK,2019-12-16,"POLYGON ((-122.54378506667722 39.98669368976542, -122.542861333502 40.125078518131986, -122.72313212208134 40.125649785225306, -122.72369159979438 39.98726218070823, -122.54378506667722 39.98669368976542))",CA4004012260920191103,RANCH,2019.0,11852050.197243858,0.05019658756292385,1.0,43.0,matched,0.5250982937814619,CA4004012260920191103
subsetted_512x512_HLS.S30.T10TEK.2020275.v1.4,10TEK,2020-10-01,"POLYGON ((-122.53203869102012 40.36774766970144, -122.5310783173373 40.50612312852831, -122.71236509606577 40.50671653975791, -122.71295420224862 40.36833820384717, -122.53203869102012 40.36774766970144))",CA4054112256820200927,ZOGG,2020.0,151021944.7182045,0.639618906194323,1.0,4.0,matched,0.8198094530971616,CA4054112256820200927
subsetted_512x512_HLS.S30.T10TEM.2018213.v1.4,10TEM,2018-08-01,"POLYGON ((-122.7513052442444 42.019579228630924, -122.75076430981699 42.15791818959366, -122.9366921687437 42.158171433344364, -122.9368295719713 42.01983125424284, -122.7513052442444 42.019579228630924))",OR4209912285420180715,HENDRIX,2018.0,4546430.798863094,0.0192549585633357,1.0,17.0,matched,0.5096274792816679,OR4209912285420180715
subsetted_512x512_HLS.S30.T10TEN.2019168.v1.4,10TEN,2019-06-17,"POLYGON ((-121.66217890442309 42.5823997012253, -121.659211332762 42.7206884788447, -121.84676932722036 42.72273080072643, -121.84932201790316 42.58443222046505, -121.66217890442309 42.5823997012253))",OR4265012175420190503,AKA NORTH II 25,2019.0,11114422.59999132,0.04708347971880705,1.0,45.0,matched,0.5235417398594036,OR4265012175420190503
subsetted_512x512_HLS.S30.T10TFK.2020220.v1.4,10TFK,2020-08-07,"POLYGON ((-120.71719016274052 40.34994368425805, -120.7125094029247 40.488213913046124, -120.89362225485979 40.49165831444776, -120.89793310865124 40.353371396168846, -120.71719016274052 40.34994368425805))",CA4042112086320200718,HOG,2020.0,39305992.5703939,0.16660949571269726,1.0,20.0,matched,0.5833047478563487,CA4042112086320200718
subsetted_512x512_HLS.S30.T10TFL.2018245.v1.4,10TFL,2018-09-02,"POLYGON ((-120.9263060548222 41.35372803947906, -120.9219007553224 41.49199340506726, -121.10580594403675 41.49517032268287, -121.10982198255424 41.35688964221665, -120.9263060548222 41.35372803947906))",CA4139512105720180815,STONE,2018.0,151454124.16195917,0.6418672577027078,1.0,18.0,matched,0.8209336288513539,CA4139512105720180815
subsetted_512x512_HLS.S30.T10TFL.2020215.v1.4,10TFL,2020-08-02,"POLYGON ((-120.72581263620162 40.99299119186286, -120.72104256345487 41.13124680255344, -120.90391360602273 41.13472093317931, -120.9083016233659 40.996448547809955, -120.72581263620162 40.99299119186286))",CA4106412076220200720,GOLD,2020.0,83272404.8533678,0.3529651473278258,1.0,13.0,matched,0.6764825736639128,CA4106412076220200720
subsetted_512x512_HLS.S30.T10TFM.2018155.v1.4,10TFM,2018-06-04,"POLYGON ((-121.6038278528971 41.85005086068414, -121.60080934326962 41.98835398544094, -121.78619805722504 41.99046419891596, -121.78881687987486 41.852150919685215, -121.6038278528971 41.85005086068414))",CA4192012170520180516,CALKR-FY18-RX-KLB-LOWER KLAMATH HFR-UNITS 11A1 11A2 11C,2018.0,4142612.023785144,0.01754970014969358,1.0,19.0,matched,0.5087748500748468,CA4192012170520180516
subsetted_512x512_HLS.S30.T10TFM.2019280.v1.4,10TFM,2019-10-07,"POLYGON ((-120.95355692413166 41.696020647424874, -120.94915689275788 41.83428013018341, -121.13404172211705 41.837433596215455, -121.13804567488968 41.699158934193726, -120.95355692413166 41.696020647424874))",CA4174812105620190905,LONE,2019.0,23324239.992193736,0.09884630222848484,1.0,32.0,matched,0.5494231511142424,CA4174812105620190905
subsetted_512x512_HLS.S30.T10TFN.2018245.v1.4,10TFN,2018-09-02,"POLYGON ((-120.6394919410247 42.54805927028449, -120.6342631317187 42.68626887570219, -120.82161686258505 42.68998698242516, -120.82643240819175 42.551759538939244, -120.6394919410247 42.54805927028449))",OR4265012082720180815,WATSON CREEK,2018.0,176858721.9038463,0.7496645953821707,1.0,18.0,matched,0.8748322976910854,OR4265012082720180815
subsetted_512x512_HLS.S30.T10TFN.2020235.v1.4,10TFN,2020-08-22,"POLYGON ((-120.45165570618552 42.432190226528, -120.44603393618797 42.57038313414991, -120.63301541973009 42.57440064746219, -120.6382265784724 42.43618846083552, -120.45165570618552 42.432190226528))",OR4250212055220200721,BEN YOUNG,2020.0,5025173.685183256,0.021303804985516605,1.0,32.0,matched,0.5106519024927583,OR4250212055220200721
subsetted_512x512_HLS.S30.T10TFP.2018285.v1.4,10TFP,2018-10-12,"POLYGON ((-120.99027631686553 43.77386634847784, -120.98562926927988 43.91207865411135, -121.17682772136602 43.91529026319076, -121.1810343089276 43.77706259046221, -120.99027631686553 43.77386634847784))",OR4383912111420180907,TEPEE 1144 NE,2018.0,8649511.527599396,0.036653495840762614,1.0,35.0,matched,0.5183267479203814,OR4383912111420180907
subsetted_512x512_HLS.S30.T10TFP.2020248.v1.4,10TFP,2020-09-04,"POLYGON ((-120.41090714246464 43.957216829015806, -120.40488280462284 44.09536834596649, -120.59659740283838 44.09956480341748, -120.60217777463481 43.96139322031944, -120.41090714246464 43.957216829015806))",OR4403912052820200816,FROG 0657 RS,2020.0,15983427.705755634,0.0677591142543292,1.0,19.0,matched,0.5338795571271646,OR4403912052820200816
subsetted_512x512_HLS.S30.T10TFQ.2018173.v1.4,10TFQ,2018-06-22,"POLYGON ((-120.45460717564235 44.32471175442236, -120.44860799639089 44.46285909395106, -120.64152777740088 44.467008097396246, -120.64707440106348 44.328840926328105, -120.45460717564235 44.32471175442236))",OR4441412049420180508,SPEARS RX 0164 PR,2018.0,5337709.4951934535,0.02262729005620359,1.0,45.0,matched,0.5113136450281018,OR4441412049420180508
subsetted_512x512_HLS.S30.T10TFQ.2018245.v1.4,10TFQ,2018-09-02,"POLYGON ((-120.99730430089002 44.430320678993944, -120.99256616846993 44.5685176381517, -121.18590348264279 44.57175332633918, -121.19018592273245 44.433540896944606, -120.99730430089002 44.430320678993944))",OR4453312109120180817,MILEPOST 6 1012 RN,2018.0,7182776.438662473,0.03043746449739879,1.0,16.0,matched,0.5152187322486994,OR4453312109120180817
subsetted_512x512_HLS.S30.T10TFQ.2019245.v1.4,10TFQ,2019-09-02,"POLYGON ((-120.78428339761886 44.86903292675831, -120.77896066917627 45.00720022978269, -120.97374315688819 45.010823833706674, -120.97859990168516 44.87263921198805, -120.78428339761886 44.86903292675831))",OR4494912090120190812,WARD CREEK 0769 RN,2019.0,8379882.731594211,0.035514630575798865,1.0,21.0,matched,0.5177573152878995,OR4494912090120190812
subsetted_512x512_HLS.S30.T10TFR.2018213.v1.4,10TFR,2018-08-01,"POLYGON ((-120.89356833472037 45.27591363240403, -120.88843566546863 45.414081036578295, -121.08462538201361 45.4175407719344, -121.0892819091336 45.27935683111329, -120.89356833472037 45.27591363240403))",OR4542812106020180726,LONG HOLLOW 0806 RN,2018.0,124389110.6240593,0.527129888951978,1.0,6.0,matched,0.763564944475989,OR4542812106020180726
subsetted_512x512_HLS.S30.T10TFS.2018193.v1.4,10TFS,2018-07-12,"POLYGON ((-120.3809307537108 46.65780273099662, -120.3742343043789 46.79588539747197, -120.57531888656709 46.80032477894077, -120.58150378424334 46.66222086846636, -120.3809307537108 46.65780273099662))",WA4671912050220180602,BUFFALO,2018.0,7552348.368074283,0.03201464246164569,1.0,40.0,matched,0.5160073212308228,WA4671912050220180602
subsetted_512x512_HLS.S30.T10TFS.2018213.v1.4,10TFS,2018-08-01,"POLYGON ((-121.26712256279993 46.522930299073096, -121.26271190016686 46.66109773969807, -121.46340646544034 46.6639697089647, -121.46730811930163 46.525788520732476, -121.26712256279993 46.522930299073096))",WA4661012135020180730,MIRIAM,2018.0,23144108.647040285,0.09805687877323975,1.0,2.0,matched,0.5490284393866198,WA4661012135020180730
subsetted_512x512_HLS.S30.T10TFS.2019213.v1.4,10TFS,2019-08-01,"POLYGON ((-120.43398548309177 46.73811361467292, -120.42740614609383 46.87620014756012, -120.6287985998838 46.88055149208177, -120.63486410348601 46.74244413228628, -120.43398548309177 46.73811361467292))",WA4682812052320190723,PIPELINE,2019.0,24205503.521027174,0.10260370792619576,1.0,9.0,matched,0.5513018539630978,WA4682812052320190723
subsetted_512x512_HLS.S30.T10TFT.2018213.v1.4,10TFT,2018-08-01,"POLYGON ((-120.22714408821827 47.45872484147813, -120.2198532503408 47.5967705948093, -120.42396249550507 47.601539214805825, -120.4307195589812 47.46347059983352, -120.22714408821827 47.45872484147813))",WA4754012029720180713,ROCKY REACH,2018.0,13542898.221008684,0.05741354595063968,1.0,19.0,matched,0.5287067729753199,WA4754012029720180713
subsetted_512x512_HLS.S30.T10TGK.2019280.v1.4,10TGK,2019-10-07,"POLYGON ((-120.47624754155858 40.018753376765034, -120.47113330912174 40.15700703271892, -120.651332742231 40.16080465037222, -120.65608339555625 40.02253255958282, -120.47624754155858 40.018753376765034))",CA4005312066920190904,WALKER,2019.0,194059173.03303245,0.8227460194663231,1.0,33.0,matched,0.9113730097331616,CA4005312066920190904
subsetted_512x512_HLS.S30.T10TGL.2019245.v1.4,10TGL,2019-09-02,"POLYGON ((-120.44565308891077 40.534504709458474, -120.44038166118034 40.67274271641548, -120.62195831265508 40.6766276271505, -120.62685668026738 40.538370819858336, -120.44565308891077 40.534504709458474))",CA4058912057520190828,R-1  RANCH,2019.0,15257465.685760787,0.06468718115453503,1.0,5.0,matched,0.5323435905772675,CA4058912057520190828
subsetted_512x512_HLS.S30.T10TGN.2019305.v1.4,10TGN,2019-11-01,"POLYGON ((-119.45029977343776 42.61839368549023, -119.4424202037653 42.75645296327631, -119.62979243108697 42.762127042266776, -119.63725895938046 42.62404057662656, -119.45029977343776 42.61839368549023))",OR4261011964820190915,POKER,2019.0,77853325.60091217,0.33037408925034356,1.0,47.0,matched,0.6651870446251718,OR4261011964820190915
subsetted_512x512_HLS.S30.T10TGN.2020310.v1.4,10TGN,2020-11-05,"POLYGON ((-119.74206851268856 42.39556456129007, -119.73489208053245 42.53367122377426, -119.92165142561937 42.53884551527549, -119.92841900041839 42.40071403488748, -119.74206851268856 42.39556456129007))",OR4245111982720201019,WARNER WETLANDS RX,2020.0,6389081.9598171925,0.027104024131653543,1.0,17.0,matched,0.5135520120658268,OR4245111982720201019
subsetted_512x512_HLS.S30.T10TGP.2018215.v1.4,10TGP,2018-08-03,"POLYGON ((-120.1019168120079 43.99867923866138, -120.09516432862328 44.13679390392065, -120.28696561870102 44.141513444452485, -120.29327362348677 44.00337621873127, -120.1019168120079 43.99867923866138))",OR4408012020420180716,CEMETERY 0701 RS,2018.0,6136541.73987592,0.026021554602806814,1.0,18.0,matched,0.5130107773014034,OR4408012020420180716
subsetted_512x512_HLS.S30.T10TGQ.2018245.v1.4,10TGQ,2018-09-02,"POLYGON ((-120.20159583065455 44.73821509478383, -120.1949049459661 44.876323812789984, -120.38916329434193 44.880933369366176, -120.39539214883196 44.74280262889179, -120.20159583065455 44.73821509478383))",OR4480012022420180817,JENNIES PEAK 1039 RN,2018.0,176743040.33424002,0.7493783988712114,1.0,16.0,matched,0.8746891994356056,OR4480012022420180817
subsetted_512x512_HLS.S30.T10TGQ.2020275.v1.4,10TGQ,2020-10-01,"POLYGON ((-119.69933366217886 44.66861712966481, -119.69146225816262 44.80666278879089, -119.88539975901871 44.812122195357496, -119.89281163233714 44.674050464544266, -119.69933366217886 44.66861712966481))",OR4475511980220200819,LAUREL 0741 PR,2020.0,5633460.293671644,0.023896503396242982,1.0,43.0,matched,0.5119482516981215,OR4475511980220200819
subsetted_512x512_HLS.S30.T10TGR.2018245.v1.4,10TGR,2018-09-02,"POLYGON ((-119.88257898066192 45.10289855297562, -119.87503062234923 45.24095852909262, -120.07047401216822 45.246143616071194, -120.07755197306483 45.1080588764223, -119.88257898066192 45.10289855297562))",OR4514511998420180817,LONEROCK 1057 RN,2018.0,19921386.210847836,0.08448753091623801,1.0,16.0,matched,0.542243765458119,OR4514511998420180817
subsetted_512x512_HLS.S30.T10TGR.2020275.v1.4,10TGR,2020-10-01,"POLYGON ((-119.60100853574379 45.81992338197736, -119.5925706562454 45.957927188281936, -119.79046659220676 45.96366262554691, -119.79841652621738 45.82563142525143, -119.60100853574379 45.81992338197736))",WA4592711962520200907,PATERSON,2020.0,5621542.838215489,0.02384665712027452,1.0,24.0,matched,0.5119233285601372,WA4592711962520200907
subsetted_512x512_HLS.S30.T10TGS.2018190.v1.4,10TGS,2018-07-09,"POLYGON ((-119.67450562299635 46.102376647054825, -119.66616817376419 46.240384046853, -119.86509183863454 46.246017522504644, -119.87293385052378 46.10798320538862, -119.67450562299635 46.102376647054825))",WA4619311979920180628,MONTECITO,2018.0,7596595.617989282,0.03222204045728011,1.0,11.0,matched,0.5161110202286401,WA4619311979920180628
subsetted_512x512_HLS.S30.T10TGS.2018215.v1.4,10TGS,2018-08-03,"POLYGON ((-120.04411866769549 46.441148076900824, -120.03661878245984 46.57919631868807, -120.23684616784341 46.58421182548571, -120.24384093025039 46.44613959884138, -120.04411866769549 46.441148076900824))",WA4659912020320160731,RANGE 12,2016.0,145534256.1998832,0.6170910323724418,0.6065821827123132,734.0,ambiguous,0.6118366075423776,
subsetted_512x512_HLS.S30.T10TGS.2018285.v1.4,10TGS,2018-10-12,"POLYGON ((-119.38033021963919 46.70258803025235, -119.37106388674795 46.84053772486337, -119.57213179425119 46.84674338258454, -119.58088722423477 46.70876401642301, -119.38033021963919 46.70258803025235))",WA4675811948720180908,WAHLUKE SLOPE,2018.0,45335200.32578936,0.19234386867753592,1.0,34.0,matched,0.5961719343387679,WA4675811948720180908
subsetted_512x512_HLS.S30.T10TGS.2019195.v1.4,10TGS,2019-07-14,"POLYGON ((-119.69193158583144 46.76711222892096, -119.68344288826351 46.90510596327929, -119.88481590928326 46.91076843608582, -119.89279128558704 46.772747615097835, -119.69193158583144 46.76711222892096))",WA4686911989820190604,243 COMMAND,2019.0,57401940.17874502,0.24346529096742991,1.0,40.0,matched,0.621732645483715,WA4686911989820190604
subsetted_512x512_HLS.S30.T10TGS.2020245.v1.4,10TGS,2020-09-01,"POLYGON ((-120.04274610773531 46.61769525746345, -120.03519630663834 46.755739048731094, -120.2360765357515 46.76077092374158, -120.24311644003646 46.62270306172244, -120.04274610773531 46.61769525746345))",WA4667012011520200817,TAYLOR POND,2020.0,81980921.73575684,0.34761125420849764,1.0,15.0,matched,0.6738056271042488,WA4667012011520200817
subsetted_512x512_HLS.S30.T10TGT.2018213.v1.4,10TGT,2018-08-01,"POLYGON ((-119.90288331759233 47.19123711882296, -119.89481658383377 47.32924913136635, -120.09783658815766 47.334574396162154, -120.10537777241309 47.196536879471445, -119.90288331759233 47.19123711882296))",WA4725411999320180703,BAIRD SPRINGS,2018.0,4621380.72328687,0.0195970931164414,1.0,29.0,matched,0.5097985465582207,WA4725411999320180703
subsetted_512x512_HLS.S30.T10TGT.2019213.v1.4,10TGT,2019-08-01,"POLYGON ((-120.0549303424368 47.64097544287699, -120.04713747503192 47.778995987504175, -120.2519298043778 47.78408585749616, -120.25918392061351 47.64604090099396, -120.0549303424368 47.64097544287699))",WA4770712016520190723,DESERT CANYON,2019.0,6098388.2211364545,0.02585662654588861,1.0,9.0,matched,0.5129283132729443,WA4770712016520190723
subsetted_512x512_HLS.S30.T10UGU.2018213.v1.4,10UGU,2018-08-01,"POLYGON ((-119.86790276663906 47.722407160912226, -119.85959180153577 47.860401728494566, -120.0646706800973 47.86583285068571, -120.07244087169 47.72781223203299, -119.86790276663906 47.722407160912226))",WA4779011998320180727,CHELAN HILLS,2018.0,7488941.674675606,0.03175715433174489,1.0,5.0,matched,0.5158785771658725,WA4779011998320180727
subsetted_512x512_HLS.S30.T10UGU.2018245.v1.4,10UGU,2018-09-02,"POLYGON ((-119.35475682802938 47.908640266045786, -119.34502258690907 48.046556883854066, -119.55073483852395 48.05292477123853, -119.55992392827618 47.9149776054214, -119.35475682802938 47.908640266045786))",WA4798411942320180806,RAGGED BUTTE,2018.0,7310315.085370682,0.03101373317542461,1.0,27.0,matched,0.5155068665877123,WA4798411942320180806
subsetted_512x512_HLS.S30.T10UGU.2020215.v1.4,10UGU,2020-08-02,"POLYGON ((-119.69018049922587 47.71741375603591, -119.68140000274148 47.855384261489405, -119.88642483053769 47.86113324419412, -119.89466506302388 47.723135168117686, -119.69018049922587 47.71741375603591))",WA4777911979820200712,ROAD 11,2020.0,35971318.36379257,0.15256121241888915,1.0,21.0,matched,0.5762806062094445,WA4777911979820200712
subsetted_512x512_HLS.S30.T10UGU.2020280.v1.4,10UGU,2020-10-06,"POLYGON ((-119.8587300405716 47.84148073935004, -119.8503598823987 47.97947121572322, -120.05590825964498 47.98492852535388, -120.06373415765286 47.84691186206647, -119.8587300405716 47.84148073935004))",WA4792111992220200907,APPLE ACRES,2020.0,22479088.02403223,0.09532362023344308,1.0,29.0,matched,0.5476618101167215,WA4792111992220200907
subsetted_512x512_HLS.S30.T10UGU.2021249.v1.4,10UGU,2021-09-06,"POLYGON ((-119.91447694303528 48.49330512913084, -119.90606479858656 48.63128721779991, -120.11425833373538 48.63669640114134, -120.12210639505335 48.49868829021784, -119.91447694303528 48.49330512913084))",WA4855212019420210716,CUB CREEK 2,2021.0,30654294.40157293,0.12998081018586466,1.0,52.0,matched,0.5649904050929323,WA4855212019420210716
subsetted_512x512_HLS.S30.T11SKB.2018222.v1.4,11SKB,2018-08-10,"POLYGON ((-119.7161033970679 37.562380710356116, -119.72114489590257 37.700671305662695, -119.89517277533007 37.69652361077864, -119.88980991517182 37.55825353649957, -119.7161033970679 37.562380710356116))",CA3765211988120180713,FERGUSON,2018.0,197781314.45130354,0.838902329134784,1.0,28.0,matched,0.919451164567392,CA3765211988120180713
subsetted_512x512_HLS.S30.T11SKB.2020222.v1.4,11SKB,2020-08-09,"POLYGON ((-119.52187948654232 37.774039400297234, -119.52659656010432 37.912346560013404, -119.70115027259241 37.908467321200035, -119.69610824526575 37.77017931957326, -119.52187948654232 37.774039400297234))",CA3781211964620200725,BLUEJAY,2020.0,28399117.48858194,0.12043150357523397,1.0,15.0,matched,0.560215751787617,CA3781211964620200725
subsetted_512x512_HLS.S30.T11SKD.2018192.v1.4,11SKD,2018-07-11,"POLYGON ((-119.3203293512538 38.7459383714512, -119.32482355588907 38.884243222148676, -119.5017574462304 38.8805845890434, -119.49692204059401 38.74229766036536, -119.3203293512538 38.7459383714512))",NV3881811941120180617,UPPER COLONY,2018.0,5080250.688676079,0.0215389327005841,1.0,24.0,matched,0.5107694663502921,NV3881811941120180617
subsetted_512x512_HLS.S30.T11SKD.2020197.v1.4,11SKD,2020-07-15,"POLYGON ((-119.44682861642758 38.8014715335163, -119.4515770958338 38.93976230031954, -119.62863163220004 38.93590695435095, -119.62354114214875 38.797635063132155, -119.44682861642758 38.8014715335163))",NV3887811956320200624,MONARCH,2020.0,9609918.245266277,0.04074820393152968,1.0,21.0,matched,0.5203741019657648,NV3887811956320200624
subsetted_512x512_HLS.S30.T11SKD.2020217.v1.4,11SKD,2020-08-04,"POLYGON ((-119.48912426880689 38.79598263865273, -119.49395383220951 38.93426911639709, -119.67098876072916 38.93034997326654, -119.66581732573492 38.792082683651905, -119.48912426880689 38.79598263865273))",NV3884311963920200707,NUMBERS,2020.0,76024483.99856104,0.3223738328990918,1.0,28.0,matched,0.6611869164495459,NV3884311963920200707
subsetted_512x512_HLS.S30.T11SKV.2019152.v1.4,11SKV,2019-06-01,"POLYGON ((-119.5381733500468 35.63966043157167, -119.54256617239712 35.778015557209436, -119.71233301159218 35.77430402206517, -119.70764772818504 35.635967644832405, -119.5381733500468 35.63966043157167))",CA3572011963220190507,REFUGE,2019.0,13836174.421759712,0.05868000505782697,1.0,25.0,matched,0.5293400025289134,CA3572011963220190507
subsetted_512x512_HLS.S30.T11SKV.2019187.v1.4,11SKV,2019-07-06,"POLYGON ((-119.84355996725569 35.25428274692107, -119.84841145360875 35.39261190641224, -120.017322524432 35.38850781306253, -120.01218437648286 35.25019947795513, -119.84355996725569 35.25428274692107))",CA3533311990620190605,BOULDER,2019.0,4845546.855722751,0.020557616815256394,1.0,31.0,matched,0.5102788084076282,CA3533311990620190605
subsetted_512x512_HLS.S30.T11SLB.2019237.v1.4,11SLB,2019-08-25,"POLYGON ((-118.81260468899136 37.76735465918218, -118.81599480728785 37.9057270761503, -118.99061974520951 37.90290231168181, -118.98690413558442 37.76454385275236, -118.81260468899136 37.76735465918218))",CA3782611887220190726,SPRINGS,2019.0,24363112.590810515,0.10325299786184179,1.0,30.0,matched,0.5516264989309209,CA3782611887220190726
subsetted_512x512_HLS.S30.T11SLC.2020247.v1.4,11SLC,2020-09-03,"POLYGON ((-118.8982249234091 37.86576837639378, -118.90178771596881 38.00413174649788, -119.07663667228438 38.0011730834902, -119.07274686737502 37.862824319218745, -118.8982249234091 37.86576837639378))",CA3792911898320200817,BEACH,2020.0,14699371.345838526,0.06230105984612696,1.0,17.0,matched,0.5311505299230634,CA3792911898320200817
subsetted_512x512_HLS.S30.T11SLT.2018349.v1.4,11SLT,2018-12-15,"POLYGON ((-118.71510108598456 34.05102114579633, -118.71789971285195 34.18948668899342, -118.8845133868919 34.18704003517092, -118.88144370339856 34.04858711805185, -118.71510108598456 34.05102114579633))",CA3424011870020181108,WOOLSEY,2018.0,170827664.82205644,0.7239749919526945,1.0,37.0,matched,0.8619874959763473,CA3424011870020181108
subsetted_512x512_HLS.S30.T11SLT.2021163.v1.4,11SLT,2021-06-12,"POLYGON ((-118.484931146143 34.02858775799884, -118.48735224125123 34.16706942064009, -118.65394196110402 34.16493707456022, -118.65124997859296 34.026466420788765, -118.484931146143 34.02858775799884))",CA3408411857020210515,PALISADES,2021.0,5536595.48093023,0.02346051674730738,1.0,28.0,matched,0.5117302583736537,CA3408411857020210515
subsetted_512x512_HLS.S30.T11SLU.2018184.v1.4,11SLU,2018-07-03,"POLYGON ((-118.20706231590148 34.4812575123527, -118.20906409036425 34.61974477827312, -118.37657378895118 34.61796929493864, -118.37429487876973 34.47949113891652, -118.20706231590148 34.4812575123527))",CA3490011851020180604,STONE,2018.0,6717303.723414529,0.028458744057577093,1.0,29.0,matched,0.5142293720287886,CA3490011851020180604
subsetted_512x512_HLS.S30.T11SLU.2020229.v1.4,11SLU,2020-08-16,"POLYGON ((-118.25203588522666 34.386391774094676, -118.25410488476135 34.52487884979551, -118.42142135315628 34.52304603529456, -118.41907653061932 34.38456837570425, -118.25203588522666 34.386391774094676))",CA3446611833020200705,SOLEDAD,2020.0,6694141.914084907,0.028361335113795332,1.0,42.0,matched,0.5141806675568976,CA3446611833020200705
subsetted_512x512_HLS.S30.T11SLU.2020249.v1.4,11SLU,2020-09-05,"POLYGON ((-118.64856386566281 34.38980665018912, -118.65128831952471 34.528269269475466, -118.81857982153157 34.525892266374235, -118.81557970699247 34.38744185618171, -118.64856386566281 34.38980665018912))",CA3444111874620200817,HOLSER,2020.0,9525118.577146957,0.040365675218154824,1.0,19.0,matched,0.5201828376090775,CA3444111874620200817
subsetted_512x512_HLS.S30.T11SLV.2020247.v1.4,11SLV,2020-09-03,"POLYGON ((-118.39939811614671 35.38537533572177, -118.40179801136769 35.523831316517075, -118.57115106037257 35.52174384829994, -118.56846150502373 35.383298452300686, -118.39939811614671 35.38537533572177))",CA3546511854420200803,STAGECOACH,2020.0,31208017.07568089,0.13223029846243842,1.0,31.0,matched,0.5661151492312192,CA3546511854420200803
subsetted_512x512_HLS.S30.T11SLV.2021251.v1.4,11SLV,2021-09-08,"POLYGON ((-118.47941454891247 35.62460015707585, -118.48197410967744 35.76304575182938, -118.65182616059745 35.76083261058464, -118.64897355102366 35.62239820475712, -118.47941454891247 35.62460015707585))",CA3568711855020210818,FRENCH,2021.0,110597699.83239982,0.4686312185348328,1.0,21.0,matched,0.7343156092674163,CA3568711855020210818
subsetted_512x512_HLS.S30.T11SMT.2018154.v1.4,11SMT,2018-06-03,"POLYGON ((-116.96885887016715 33.57675987517152, -116.96880894814078 33.71529843515566, -117.13458545773017 33.71522905182837, -117.13437005122606 33.57669085255296, -116.96885887016715 33.57675987517152))",CA3363011706020180517,PATTERSON,2018.0,5264799.790924697,0.0222973075022981,1.0,17.0,matched,0.511148653751149,CA3363011706020180517
subsetted_512x512_HLS.S30.T11SMT.2018249.v1.4,11SMT,2018-09-06,"POLYGON ((-117.38353031383062 33.6327213184933, -117.38414644474238 33.7712555237867, -117.55002464020697 33.770627743531136, -117.5491424856299 33.632096799123694, -117.38353031383062 33.6327213184933))",CA3367611751620180806,HOLY,2018.0,92451035.7419677,0.3915634395436736,1.0,31.0,matched,0.6957817197718368,CA3367611751620180806
subsetted_512x512_HLS.S30.T11SMT.2019294.v1.4,11SMT,2019-10-21,"POLYGON ((-117.17652053912248 33.47976747386573, -117.17680248020903 33.61830756907365, -117.3423911383806 33.617960042896605, -117.34184514802958 33.479421757012084, -117.17652053912248 33.47976747386573))",CA3352811727320190904,TENAJA,2019.0,7372610.733076671,0.031224668279018767,1.0,47.0,matched,0.5156123341395094,CA3352811727320190904
subsetted_512x512_HLS.S30.T11SMT.2020194.v1.4,11SMT,2020-07-12,"POLYGON ((-117.34295404863671 33.35088780440307, -117.34349914778412 33.4894289520671, -117.50883900943735 33.48886035776988, -117.50803155534896 33.3503221761069, -117.34295404863671 33.35088780440307))",CA3337911735120200609,INDIA,2020.0,95391634.04496619,0.4040149140996113,1.0,33.0,matched,0.7020074570498056,CA3337911735120200609
subsetted_512x512_HLS.S30.T11SMT.2020249.v1.4,11SMT,2020-09-05,"POLYGON ((-117.82300114434686 34.127059247366475, -117.8243480754286 34.265571069447674, -117.99117452563883 34.26433545609404, -117.98955511037053 34.125830005880154, -117.82300114434686 34.127059247366475))",CA3415711791120200813,RANCH2,2020.0,18177503.58780042,0.07699798383935683,1.0,23.0,matched,0.5384989919196784,CA3415711791120200813
subsetted_512x512_HLS.S30.T11SMT.2020289.v1.4,11SMT,2020-10-15,"POLYGON ((-116.89428225912138 34.02452225216918, -116.89410989952269 34.16305051394137, -117.06075664561747 34.163081152542, -117.06065775056528 34.024552732522864, -116.89428225912138 34.02452225216918))",CA3405311699120200905,EL DORADO,2020.0,85600461.75512312,0.3625321005674047,1.0,40.0,matched,0.6812660502837024,CA3405311699120200905
subsetted_512x512_HLS.S30.T11SMT.2020309.v1.4,11SMT,2020-11-04,"POLYGON ((-117.61687931982067 33.65071786435985, -117.61787098175594 33.789246715899836, -117.78377663801697 33.78830436003213, -117.78251876240157 33.649780401885856, -117.61687931982067 33.65071786435985))",CA3375311768720201026,SILVERADO,2020.0,50638458.84754242,0.21448448687586794,1.0,9.0,matched,0.607242243437934,CA3375311768720201026
subsetted_512x512_HLS.S30.T11SMV.2020249.v1.4,11SMV,2020-09-05,"POLYGON ((-117.52047045488733 35.99825374098364, -117.52138346219068 36.13673134166366, -117.69209309311556 36.13586657161453, -117.69088120286192 35.99739332507429, -117.52047045488733 35.99825374098364))",CA3606211763420200821,COLES FLAT,2020.0,152967364.80585372,0.6478895691092288,1.0,15.0,matched,0.8239447845546144,CA3606211763420200821
subsetted_512x512_HLS.S30.T11SNB.2018224.v1.4,11SNB,2018-08-12,"POLYGON ((-116.16269970637289 37.184517179025974, -116.16116610522067 37.322958028154886, -116.33451905553986 37.32406001868846, -116.33573578778321 37.185613691417544, -116.16269970637289 37.184517179025974))",NV3722911623920180728,AREA 19,2018.0,8050981.638434302,0.03410096387073669,1.0,15.0,matched,0.5170504819353683,NV3722911623920180728
subsetted_512x512_HLS.S30.T11SNB.2020234.v1.4,11SNB,2020-08-21,"POLYGON ((-116.0772811589737 36.95429608575866, -116.07560515954673 37.092739139889105, -116.24842882337822 37.093960434837264, -116.24979156006083 36.95551129549216, -116.0772811589737 36.95429608575866))",NV3701011608020200727,AREA-16,2020.0,12166650.939185666,0.05153481222130753,1.0,25.0,matched,0.5257674061106538,NV3701011608020200727
subsetted_512x512_HLS.S30.T11SNB.2021153.v1.4,11SNB,2021-06-02,"POLYGON ((-116.32688241711975 37.002216612980384, -116.32565763426585 37.14066698424944, -116.4985992751519 37.14152471367838, -116.49950998806587 37.00307007054532, -116.32688241711975 37.002216612980384))",NV3700011641620210517,CHERRYWOOD,2021.0,102913003.53603041,0.4358827866469109,1.0,16.0,matched,0.7179413933234554,NV3700011641620210517
subsetted_512x512_HLS.S30.T11SNB.2021268.v1.4,11SNB,2021-09-25,"POLYGON ((-116.05934359414694 37.23376814388256, -116.05761762816937 37.37220394588908, -116.23107960482216 37.37345896000684, -116.23248796120824 37.235016922363954, -116.05934359414694 37.23376814388256))",NV3727011619820210825,SOUTHERN BENCH,2021.0,58214675.32980251,0.2465836046151792,1.0,31.0,matched,0.6232918023075896,NV3727011619820210825
subsetted_512x512_HLS.S30.T11SNS.2019246.v1.4,11SNS,2019-09-03,"POLYGON ((-116.61481322792974 32.485616291207265, -116.61422090699017 32.62417601418651, -116.77795437830032 32.62457225462974, -116.77829531155898 32.486010436147296, -116.61481322792974 32.485616291207265))",CA3257311670020190814,BORDER 8,2019.0,6823435.551127089,0.028898954231551678,1.0,20.0,matched,0.5144494771157758,CA3257311670020190814
subsetted_512x512_HLS.S30.T11SNS.2020276.v1.4,11SNS,2020-10-02,"POLYGON ((-116.60667629531184 32.6674524504342, -116.60606722390554 32.806008020008804, -116.77013312175957 32.806416676632246, -116.77048853327749 32.667858952311995, -116.60667629531184 32.6674524504342))",CA3276011669320200905,VALLEY,2020.0,66368433.44656125,0.2810871713663496,1.0,27.0,matched,0.6405435856831748,CA3276011669320200905
subsetted_512x512_HLS.S30.T11SNS.2021155.v1.4,11SNS,2021-06-04,"POLYGON ((-116.38327301538786 32.91145904362732, -116.38230904956453 33.050004416713804, -116.54682142915675 33.05071054944331, -116.54752868291631 32.91216146775477, -116.38327301538786 32.91145904362732))",CA3298011643520210501,SOUTHERN,2021.0,22354824.353729773,0.09468220348177778,1.0,34.0,matched,0.5473411017408889,CA3298011643520210501
subsetted_512x512_HLS.S30.T11SNT.2018216.v1.4,11SNT,2018-08-04,"POLYGON ((-116.61490116360045 33.6459749168196, -116.61428220307998 33.78450879883019, -116.78019015089997 33.784915872536494, -116.78054288647175 33.646379876448854, -116.61490116360045 33.6459749168196))",CA3372011680020180725,CRANSTON,2018.0,52997434.0447785,0.22445721789231624,1.0,10.0,matched,0.6122286089461582,CA3372011680020180725
subsetted_512x512_HLS.S30.T11SNT.2020281.v1.4,11SNT,2020-10-07,"POLYGON ((-116.59733991868377 33.80420658462311, -116.59668885707555 33.94273661452197, -116.76290287261483 33.94316890134712, -116.7632856246626 33.80463663164559, -116.59733991868377 33.80420658462311))",CA3388811668420200917,SNOW,2020.0,26173204.492552534,0.11085022840361043,1.0,20.0,matched,0.5554251142018052,CA3388811668420200917
subsetted_512x512_HLS.S30.T11SPA.2020196.v1.4,11SPA,2020-07-14,"POLYGON ((-115.50263431139699 36.268324024229436, -115.49998181474882 36.40675359881016, -115.67124070854827 36.408782293512274, -115.67359059703729 36.270342538340905, -115.50263431139699 36.268324024229436))",NV3630611561820200628,MAHOGANY,2020.0,10993911.566422062,0.046579487581285724,1.0,16.0,matched,0.5232897437906429,NV3630611561820200628
subsetted_512x512_HLS.S30.T11SPB.2020196.v1.4,11SPB,2020-07-14,"POLYGON ((-114.92460247705624 37.412090528885905, -114.92077046759461 37.55044966051761, -115.09456068463308 37.55338326428239, -115.09807289228793 37.41500958942709, -114.92460247705624 37.412090528885905))",NV3746711499420200626,TWIN,2020.0,88700110.01799586,0.3759463715477091,1.0,18.0,matched,0.6879731857738546,NV3746711499420200626
subsetted_512x512_HLS.S30.T11SPV.2020186.v1.4,11SPV,2020-07-04,"POLYGON ((-115.10080242028255 35.14000385043279, -115.09757507689346 35.27843052453031, -115.266392252931 35.280968346225315, -115.26933357446057 35.142528766648354, -115.10080242028255 35.14000385043279))",CA3517211519520200622,IVANPAH,2020.0,4132317.9464327814,0.017512846481119896,1.0,12.0,matched,0.5087564232405599,CA3517211519520200622
subsetted_512x512_HLS.S30.T11SPV.2020236.v1.4,11SPV,2020-08-23,"POLYGON ((-115.36786618004055 35.87415029865634, -115.36501644612217 36.01258006637477, -115.53540834037393 36.01478228355837, -115.53796135878315 35.87634141525859, -115.36786618004055 35.87415029865634))",NV3594511544620200720,COTTONWOOD,2020.0,11256381.89767621,0.047695557966056366,1.0,34.0,matched,0.5238477789830281,NV3594511544620200720
subsetted_512x512_HLS.S30.T11SPV.2020246.v1.4,11SPV,2020-09-02,"POLYGON ((-115.50198191034117 35.22298727893647, -115.49942829284387 35.3614409322378, -115.66845108548755 35.36342178646627, -115.6707172860029 35.22495806854573, -115.50198191034117 35.22298727893647))",CA3530111559820200815,DOME,2020.0,165494998.48039418,0.7011846422112736,1.0,18.0,matched,0.8505923211056368,CA3530111559820200815
subsetted_512x512_HLS.S30.T11SPV.2021215.v1.4,11SPV,2021-08-03,"POLYGON ((-115.48594329897021 35.92059213651545, -115.48329517102931 36.059028701813745, -115.65379616074135 36.06106505393069, -115.6561468307362 35.92261822911488, -115.48594329897021 35.92059213651545))",NV3599911559820210610,SANDY VALLEY,2021.0,4379844.488819793,0.018556963937848347,1.0,54.0,matched,0.5092784819689242,NV3599911559820210610
subsetted_512x512_HLS.S30.T11SQA.2020286.v1.4,11SQA,2020-10-12,"POLYGON ((-113.9833016265278 36.545405234471794, -113.97790530269359 36.683683103189885, -114.14960481620746 36.68792068740048, -114.15469558955748 36.54962163938779, -113.9833016265278 36.545405234471794))",NV3660711406220200922,VIRGIN MOUNTAIN,2020.0,6426772.088523192,0.02726464451330651,1.0,20.0,matched,0.5136323222566532,NV3660711406220200922
subsetted_512x512_HLS.S30.T11SQC.2020196.v1.4,11SQC,2020-07-14,"POLYGON ((-114.1300617280286 38.28478308409956, -114.12459475097847 38.42303846744886, -114.3003550747419 38.42722241113746, -114.3054888997866 38.2889464615626, -114.1300617280286 38.28478308409956))",NV3833511422820200626,MILLER,2020.0,20029907.303575676,0.08495377887987787,1.0,18.0,matched,0.542476889439939,NV3833511422820200626
subsetted_512x512_HLS.S30.T11SQC.2020241.v1.4,11SQC,2020-08-28,"POLYGON ((-113.95312897718314 37.897585986272276, -113.94740538906234 38.03582834126478, -114.12220923218092 38.040241015975816, -114.12760619829659 37.90197690021012, -113.95312897718314 37.897585986272276))",NV3788911411120200713,BIG SUMMIT,2020.0,28468199.81583749,0.12076881408024011,1.0,46.0,matched,0.56038440704012,NV3788911411120200713
subsetted_512x512_HLS.S30.T11SQD.2020196.v1.4,11SQD,2020-07-14,"POLYGON ((-114.44159301206953 39.28504834762434, -114.43654184160944 39.423315794487316, -114.61483219700226 39.42711042825841, -114.61953289502348 39.28882447013972, -114.44159301206953 39.28504834762434))",NV3934011453020200511,TAFT,2020.0,4556229.824953149,0.019317951801885194,1.0,64.0,matched,0.5096589759009426,NV3934011453020200511
subsetted_512x512_HLS.S30.T11SQS.2019078.v1.4,11SQS,2019-03-19,"POLYGON ((-114.37514451971985 32.77478499129621, -114.37106451355315 32.91319537694618, -114.53517019451846 32.9165410256621, -114.53899616326594 32.77811304728544, -114.37514451971985 32.77478499129621))",AZ3282711447820190216,BERMUDA,2019.0,4759954.419820375,0.020187417780920838,1.0,31.0,matched,0.5100937088904605,AZ3282711447820190216
subsetted_512x512_HLS.S30.T11TKE.2018215.v1.4,11TKE,2018-08-03,"POLYGON ((-119.4335444622581 39.751239110211536, -119.43842948191335 39.88950862729533, -119.61790426241191 39.88559384041391, -119.61266065657414 39.74734335895656, -119.4335444622581 39.751239110211536))",NV3986111961620180727,PERRY,2018.0,156731877.34023392,0.6645495562553215,1.0,7.0,matched,0.8322747781276607,NV3986111961620180727
subsetted_512x512_HLS.S30.T11TKF.2020265.v1.4,11TKF,2020-09-21,"POLYGON ((-119.49813789668494 40.80028334262791, -119.50334196175577 40.93852097471897, -119.68561580852071 40.93441700018657, -119.6800338934793 40.796199198243116, -119.49813789668494 40.80028334262791))",NV4083911966720200812,POODLE,2020.0,55126369.605842024,0.23374360978163616,1.0,40.0,matched,0.616871804890818,NV4083911966720200812
subsetted_512x512_HLS.S30.T11TKG.2020265.v1.4,11TKG,2020-09-21,"POLYGON ((-120.1552685359789 42.045353859850614, -120.16213428155707 42.1834829064608, -120.34782894787558 42.17820861432412, -120.3405617949952 42.04010489490289, -120.1552685359789 42.045353859850614))",OR4209412026920200816,CRANE,2020.0,11985088.674868975,0.050849168825133684,1.0,36.0,matched,0.5254245844125669,OR4209412026920200816
subsetted_512x512_HLS.S30.T11TLE.2018182.v1.4,11TLE,2018-07-01,"POLYGON ((-118.17128513893215 40.30870914497455, -118.17368375841347 40.4470616176707, -118.35476806273056 40.44508097709695, -118.35199962379156 40.30673810858381, -118.17128513893215 40.30870914497455))",NV4040711826020180623,ROCKY,2018.0,6641623.450795254,0.028136328797538156,1.0,8.0,matched,0.5140681643987691,NV4040711826020180623
subsetted_512x512_HLS.S30.T11TLE.2018247.v1.4,11TLE,2018-09-04,"POLYGON ((-119.06849887095038 40.40694540121448, -119.07274895145049 40.545233996808705, -119.2540101436242 40.54183849466875, -119.24938912908145 40.40356634685647, -119.06849887095038 40.40694540121448))",NV4048111917220180723,KUMIVA,2018.0,16054277.344641287,0.06804871496704457,1.0,43.0,matched,0.5340243574835223,NV4048111917220180723
subsetted_512x512_HLS.S30.T11TLH.2018217.v1.4,11TLH,2018-08-05,"POLYGON ((-118.5432554360147 42.35368485532083, -118.54665129595332 42.49196665099086, -118.73348499659569 42.48929238517554, -118.72967939287125 42.351023432653236, -118.5432554360147 42.35368485532083))",OR4241211864020180705,TELEPHONE HILL,2018.0,4980563.489829715,0.021102936274834155,1.0,31.0,matched,0.510551468137417,OR4241211864020180705
subsetted_512x512_HLS.S30.T11TLH.2019215.v1.4,11TLH,2019-08-03,"POLYGON ((-119.1615783883354 43.10821685548625, -119.16646151849913 43.24643191580364, -119.3555129958548 43.242693503318854, -119.35020466904294 43.104496350995305, -119.1615783883354 43.10821685548625))",OR4316311929120190721,ROUND BUTTE,2019.0,5253696.272159896,0.022268720737075597,1.0,13.0,matched,0.5111343603685378,OR4316311929120190721
subsetted_512x512_HLS.S30.T11TLH.2020247.v1.4,11TLH,2020-09-03,"POLYGON ((-118.19275017155327 42.961683963648284, -118.19543133801844 43.099971313135285, -118.38413340108951 43.0978440785221, -118.381029311131 42.95956692813653, -118.19275017155327 42.961683963648284))",OR4302111828620200805,NEALS HILL,2020.0,13824018.802929126,0.05856285957196251,1.0,29.0,matched,0.5292814297859813,OR4302111828620200805
subsetted_512x512_HLS.S30.T11TLJ.2019155.v1.4,11TLJ,2019-06-04,"POLYGON ((-118.8779775820879 43.76476325635379, -118.88231872902799 43.90298661416304, -119.07347092212756 43.899676818147846, -119.0686896573833 43.76146929700436, -118.8779775820879 43.76476325635379))",OR4383111898220190520,UNNAMED,2019.0,6228232.128753026,0.026393962357794058,1.0,15.0,matched,0.513196981178897,OR4383111898220190520
subsetted_512x512_HLS.S30.T11TLJ.2019327.v1.4,11TLJ,2019-11-23,"POLYGON ((-118.48957253148636 44.09245195679973, -118.49305568678776 44.230695015740956, -118.68530705653198 44.2280198804444, -118.68137588351819 44.089789618216564, -118.48957253148636 44.09245195679973))",OR4414911858320190930,UNNAMED,2019.0,8065710.317780484,0.034173143901406265,1.0,54.0,matched,0.5170865719507032,OR4414911858320190930
subsetted_512x512_HLS.S30.T11TLL.2018190.v1.4,11TLL,2018-07-09,"POLYGON ((-118.98106213017334 45.897613618640925, -118.98599532722213 46.03577675514505, -119.18435198079536 46.03215636855426, -119.1789269756978 45.89401054255795, -118.98106213017334 45.897613618640925))",WA4597011911020180622,EASTERDAY,2018.0,5169108.995863101,0.021906042449979,1.0,17.0,matched,0.5109530212249895,WA4597011911020180622
subsetted_512x512_HLS.S30.T11TLL.2018245.v1.4,11TLL,2018-09-02,"POLYGON ((-118.96395516671573 45.255499530485636, -118.968737402583 45.39367969022671, -119.16483787915496 45.39012982333346, -119.15958016073918 45.25196663038832, -118.96395516671573 45.255499530485636))",OR4531411905220180816,ELI CREEK,2018.0,14178583.1843224,0.06008728463055339,1.0,17.0,matched,0.5300436423152767,OR4531411905220180816
subsetted_512x512_HLS.S30.T11TLL.2020275.v1.4,11TLL,2020-10-01,"POLYGON ((-119.0472650621447 45.27563973501675, -119.05225357712203 45.41381234108145, -119.24841291572014 45.41011778166133, -119.24294851964672 45.27196283309683, -119.0472650621447 45.27563973501675))",OR4538011911420200908,EAST FORK BUTTER CREEK,2020.0,46526132.61930251,0.19718303127787645,1.0,23.0,matched,0.5985915156389382,OR4538011911420200908
subsetted_512x512_HLS.S30.T11TLM.2019305.v1.4,11TLM,2019-11-01,"POLYGON ((-118.83028557989554 46.55435172111124, -118.83494920939268 46.69251106378603, -119.03571584213923 46.68911419314043, -119.0305427662127 46.550971108882095, -118.83028557989554 46.55435172111124))",WA4656911899620191007,MATSON,2019.0,35272839.01259982,0.1494666819889154,1.0,25.0,matched,0.5747333409944577,WA4656911899620191007
subsetted_512x512_HLS.S30.T11TLM.2020275.v1.4,11TLM,2020-10-01,"POLYGON ((-118.50773361076642 46.467262136088685, -118.51156390363903 46.60544634842008, -118.71204482846453 46.60262116560643, -118.7077070855576 46.464450475704695, -118.50773361076642 46.467262136088685))",WA4663311856920200908,KAHLOTUS,2020.0,59798710.31403118,0.25335219650096197,1.0,23.0,matched,0.626676098250481,WA4663311856920200908
subsetted_512x512_HLS.S30.T11TLN.2020280.v1.4,11TLN,2020-10-06,"POLYGON ((-118.41024732678243 47.539470363965776, -118.41396696380234 47.67763460085682, -118.61852886856806 47.67493081876701, -118.61427163729593 47.53677955689608, -118.41024732678243 47.539470363965776))",WA4770711826020200907,WHITNEY,2020.0,216733931.40842503,0.9181957933033699,1.0,29.0,matched,0.959097896651685,WA4770711826020200907
subsetted_512x512_HLS.S30.T11TMF.2018222.v1.4,11TMF,2018-08-10,"POLYGON ((-117.4079009272415 40.70040471207273, -117.40874793228659 40.838773289503486, -117.59093304555782 40.83798392677279, -117.58970856274921 40.69961916926296, -117.4079009272415 40.70040471207273))",NV4076011752020180724,GREGG,2018.0,41563792.712862395,0.1760371806410264,1.0,17.0,matched,0.5880185903205132,NV4076011752020180724
subsetted_512x512_HLS.S30.T11TMF.2019227.v1.4,11TMF,2019-08-15,"POLYGON ((-117.26118380449923 40.59461639748112, -117.26172413428168 40.732989596682515, -117.44362420230223 40.732433818892794, -117.44270836340503 40.594063310849094, -117.26118380449923 40.59461639748112))",NV4064811732520190722,SUMMIT,2019.0,26686526.925850302,0.11302428957719539,1.0,24.0,matched,0.5565121447885977,NV4064811732520190722
subsetted_512x512_HLS.S30.T11TMF.2019257.v1.4,11TMF,2019-09-14,"POLYGON ((-117.11424851505885 40.713230529690286, -117.11448586094556 40.85160204389672, -117.29671251866911 40.8512772673528, -117.29609739967557 40.71290732475859, -117.11424851505885 40.713230529690286))",NV4076611721820190808,LONE,2019.0,6962317.133799825,0.02948677363276391,1.0,37.0,matched,0.514743386816382,NV4076611721820190808
subsetted_512x512_HLS.S30.T11TMF.2019312.v1.4,11TMF,2019-11-08,"POLYGON ((-117.02026840700692 41.17838504849178, -117.02031120931211 41.31674562727107, -117.20382834721475 41.31656695308038, -117.20339881835984 41.17820723686471, -117.02026840700692 41.17838504849178))",NV4125011713520190916,KELLY,2019.0,6103280.861457139,0.02584845155130188,1.0,53.0,matched,0.5129242257756509,NV4125011713520190916
subsetted_512x512_HLS.S30.T11TMG.2018222.v1.4,11TMG,2018-08-10,"POLYGON ((-117.3711692389087 42.30943441829274, -117.3719848073764 42.44776475729687, -117.55876044519677 42.447006454065324, -117.55753541837822 42.30867975871129, -117.3711692389087 42.30943441829274))",OR4240411760120180724,BIG GRASSY,2018.0,21272044.216760036,0.09009384066662533,1.0,17.0,matched,0.5450469203333127,OR4240411760120180724
subsetted_512x512_HLS.S30.T11TMH.2018182.v1.4,11TMH,2018-07-01,"POLYGON ((-117.42943855856566 42.52726591947574, -117.43038938567919 42.665589994892926, -117.61781392093499 42.66473248792583, -117.61644908507293 42.52641252985553, -117.42943855856566 42.52726591947574))",OR4261111754220180615,JACKIES BUTTE,2018.0,8942536.775822885,0.03787482786081003,1.0,16.0,matched,0.518937413930405,OR4261111754220180615
subsetted_512x512_HLS.S30.T11TMH.2020247.v1.4,11TMH,2020-09-03,"POLYGON ((-118.01532132562069 42.70674606691624, -118.01758343444016 42.84504788522365, -118.20552050457692 42.843223214325334, -118.2028408344357 42.70493015119999, -118.01532132562069 42.70674606691624))",OR4275611811920200817,WILDCAT,2020.0,16558437.094650012,0.07014193486336853,1.0,17.0,matched,0.5350709674316843,OR4275611811920200817
subsetted_512x512_HLS.S30.T11TMJ.2018217.v1.4,11TMJ,2018-08-05,"POLYGON ((-117.96393016549075 43.708330474949186, -117.96615430200173 43.84661013970894, -118.15721001994271 43.84483505350132, -118.15454628214111 43.706563886523256, -117.96393016549075 43.708330474949186))",OR4393211800020180714,CURREY CANYON,2018.0,12998677.516528927,0.05506139274832695,1.0,22.0,matched,0.5275306963741635,OR4393211800020180714
subsetted_512x512_HLS.S30.T11TMJ.2020247.v1.4,11TMJ,2020-09-03,"POLYGON ((-117.83373092854934 43.85170467980357, -117.83566432571979 43.98998581192062, -118.02718728271947 43.98842447217653, -118.02481094867154 43.850150813167005, -117.83373092854934 43.85170467980357))",OR4380511789220200816,INDIAN CREEK,2020.0,129880325.70486644,0.5501399366552486,1.0,18.0,matched,0.7750699683276243,OR4380511789220200816
subsetted_512x512_HLS.S30.T11TMK.2018292.v1.4,11TMK,2018-10-19,"POLYGON ((-116.97835567070689 44.522962221957336, -116.9783042865584 44.66124173000788, -117.17205167248176 44.66111419705463, -117.17164418753799 44.52283529905225, -116.97835567070689 44.522962221957336))",ID4458311709720180915,MOUNTAIN MAN,2018.0,7529349.748088334,0.03188805440549504,1.0,34.0,matched,0.5159440272027476,ID4458311709720180915
subsetted_512x512_HLS.S30.T11TMM.2018285.v1.4,11TMM,2018-10-12,"POLYGON ((-117.25531580716451 46.111340613398646, -117.25595647747721 46.24958014281379, -117.45521613581451 46.248960413311536, -117.45407674248625 46.110723849700975, -117.25531580716451 46.111340613398646))",WA4618211737120180910,DARK CANYON RX,2018.0,4411598.951505609,0.018684185988216032,1.0,32.0,matched,0.509342092994108,WA4618211737120180910
subsetted_512x512_HLS.S30.T11TMM.2020245.v1.4,11TMM,2020-09-01,"POLYGON ((-117.08372758944402 46.36890408240215, -117.08393958843001 46.50713858633788, -117.28414170316005 46.506816468420865, -117.28342408164154 46.368583506619636, -117.08372758944402 46.36890408240215))",WA4643911718420200817,CHIEF TIMOTHY,2020.0,5716767.446542035,0.02421156039965222,1.0,15.0,matched,0.5121057801998261,WA4643911718420200817
subsetted_512x512_HLS.S30.T11TMM.2021224.v1.4,11TMM,2021-08-12,"POLYGON ((-117.09979968983258 46.41316984112889, -117.10005277457742 46.55140320792495, -117.30041734681797 46.551052491813934, -117.29965744971702 46.41282080418486, -117.09979968983258 46.41316984112889))",WA4649011720020210722,STEPTOE CANYON,2021.0,11166510.177955985,0.04729226409404451,1.0,21.0,matched,0.5236461320470223,WA4649011720020210722
subsetted_512x512_HLS.S30.T11TMN.2018245.v1.4,11TMN,2018-09-02,"POLYGON ((-117.92646939447621 47.70744092476815, -117.92892760018911 47.84562498683712, -118.134189456876 47.84378052864958, -118.13118832721801 47.70560532419835, -117.92646939447621 47.70744092476815))",WA4774811807520180802,ANGEL SPRINGS,2018.0,19096776.66827607,0.08088979868849176,1.0,31.0,matched,0.5404448993442459,WA4774811807520180802
subsetted_512x512_HLS.S30.T11TNE.2018199.v1.4,11TNE,2018-07-18,"POLYGON ((-116.54321204418468 40.49211772093171, -116.54227047352315 40.63049041112714, -116.72389337131425 40.63106745025012, -116.72446135065796 40.49269196434971, -116.54321204418468 40.49211772093171))",NV4056511665220180623,POWER,2018.0,4522264.715670164,0.019152987461268006,1.0,25.0,matched,0.509576493730634,NV4056511665220180623
subsetted_512x512_HLS.S30.T11TNE.2019224.v1.4,11TNE,2019-08-12,"POLYGON ((-116.36858012359772 40.04830874036601, -116.36729886009189 40.186688058396186, -116.54772860445495 40.18753354081412, -116.54864452156853 40.04915011574015, -116.36858012359772 40.04830874036601))",NV4013411644020190722,HORSE,2019.0,6323734.470962083,0.026783460532798984,1.0,21.0,matched,0.5133917302663995,NV4013411644020190722
subsetted_512x512_HLS.S30.T11TNF.2018199.v1.4,11TNF,2018-07-18,"POLYGON ((-115.98230154025902 40.596914558180345, -115.9801960870783 40.73526722465145, -116.16208460489032 40.73673105299008, -116.16381465544883 40.59837129937225, -115.98230154025902 40.596914558180345))",NV4067711610520180627,EMIGRANT,2018.0,6347645.052143699,0.02688739114666193,1.0,21.0,matched,0.5134436955733309,NV4067711610520180627
subsetted_512x512_HLS.S30.T11TNF.2018219.v1.4,11TNF,2018-08-07,"POLYGON ((-115.81708070810417 40.5566936167576, -115.8146369564286 40.69503955459614, -115.99640707923021 40.69676296855971, -115.99847625919845 40.55840868534581, -115.81708070810417 40.5566936167576))",NV4061211588320180724,DIXIE,2018.0,9989495.78053181,0.04231606361870257,1.0,14.0,matched,0.5211580318093513,NV4061211588320180724
subsetted_512x512_HLS.S30.T11TNF.2018244.v1.4,11TNF,2018-09-01,"POLYGON ((-116.00768815561938 40.558488181368936, -116.00563800005156 40.69684285141393, -116.18742320606376 40.69826556941375, -116.18909867197199 40.55990400973283, -116.00768815561938 40.558488181368936))",NV4064611615820180823,COUNTY LINE,2018.0,52673497.399766624,0.223112915927833,1.0,9.0,matched,0.6115564579639166,NV4064611615820180823
subsetted_512x512_HLS.S30.T11TNF.2018289.v1.4,11TNF,2018-10-16,"POLYGON ((-115.86009130430735 41.212739955844505, -115.85768132227943 41.351072216727424, -116.04126685411427 41.35274815227617, -116.04328967850994 41.21440780339426, -115.86009130430735 41.212739955844505))",NV4130311596620180903,GANCE,2018.0,21603498.25674461,0.09151175836846033,1.0,43.0,matched,0.5457558791842302,NV4130311596620180903
subsetted_512x512_HLS.S30.T11TNF.2019314.v1.4,11TNF,2019-11-10,"POLYGON ((-115.98655001511828 40.8315325723911, -115.98443593035493 40.96987977850073, -116.16696744090439 40.971343272784715, -116.1687016709802 40.832988990114856, -115.98655001511828 40.8315325723911))",NV4089711609720191014,HUNTER,2019.0,6287484.382745513,0.026632494198669,1.0,27.0,matched,0.5133162470993345,NV4089711609720191014
subsetted_512x512_HLS.S30.T11TNG.2018219.v1.4,11TNG,2018-08-07,"POLYGON ((-115.98789511320119 41.87839609526063, -115.98570467238315 42.016718105003015, -116.17119912539034 42.018207428415565, -116.17298910200272 41.879878251822575, -115.98789511320119 41.87839609526063))",NV4194911609820180721,OWYHEE,2018.0,21639087.29317552,0.09165821741135742,1.0,17.0,matched,0.5458291087056787,NV4194911609820180721
subsetted_512x512_HLS.S30.T11TNG.2018289.v1.4,11TNG,2018-10-16,"POLYGON ((-115.91577324135167 41.652926758387885, -115.91344522627962 41.791251017471964, -116.09828444174306 41.79285067332112, -116.1002165703813 41.65451870951465, -115.91577324135167 41.652926758387885))",NV4181211632420180817,SOUTH SUGARLOAF,2018.0,214161808.8226173,0.907162741110865,1.0,60.0,matched,0.9535813705554326,NV4181211632420180817
subsetted_512x512_HLS.S30.T11TNH.2018217.v1.4,11TNH,2018-08-05,"POLYGON ((-115.80486950334058 42.93896646843777, -115.80218512038891 43.07725424863663, -115.99083635341987 43.07907357380844, -115.99309814699437 42.940777069725826, -115.80486950334058 42.93896646843777))",ID4302611590820180704,FIVE CENT,2018.0,9900949.95636248,0.04194047302800393,1.0,32.0,matched,0.520970236514002,ID4302611590820180704
subsetted_512x512_HLS.S30.T11TNH.2020217.v1.4,11TNH,2020-08-04,"POLYGON ((-116.14365644152122 42.66265731720167, -116.1417514433621 42.80096649888468, -116.32957837289739 42.802220240774716, -116.33106655039843 42.663905042005524, -116.14365644152122 42.66265731720167))",ID4274811621820200722,ANTELOPE,2020.0,7696852.676682306,0.03260056607394808,1.0,13.0,matched,0.5163002830369741,ID4274811621820200722
subsetted_512x512_HLS.S30.T11TNJ.2019244.v1.4,11TNJ,2019-09-01,"POLYGON ((-115.84916218118991 43.362462680022354, -115.84653872050494 43.500742382878784, -116.03650609639425 43.50250112066152, -116.03869766899034 43.36421299278231, -115.84916218118991 43.362462680022354))",ID4345211594520190815,MAYFIELD,2019.0,4906352.391497931,0.02078295005282324,1.0,17.0,matched,0.5103914750264116,ID4345211594520190815
subsetted_512x512_HLS.S30.T11TNK.2018222.v1.4,11TNK,2018-08-10,"POLYGON ((-116.25876077269568 44.586188069676304, -116.25699721634896 44.724454431598645, -116.45094533782435 44.72555156310738, -116.45224861414968 44.587279953648, -116.25876077269568 44.586188069676304))",ID4467611644820180726,MESA,2018.0,133814313.93767367,0.5667619798367028,1.0,15.0,matched,0.7833809899183515,ID4467611644820180726
subsetted_512x512_HLS.S30.T11TPE.2018244.v1.4,11TPE,2018-09-01,"POLYGON ((-114.7544831637068 40.04475131718093, -114.74992826117472 40.183032433332095, -114.93023127802108 40.18639783195061, -114.93442184758024 40.04810037854564, -114.7544831637068 40.04475131718093))",NV4006311484620180813,GOSHUTE CAVE,2018.0,96938367.95801061,0.4108918951281258,1.0,19.0,matched,0.7054459475640629,NV4006311484620180813
subsetted_512x512_HLS.S30.T11TPE.2019269.v1.4,11TPE,2019-09-26,"POLYGON ((-115.48178003666952 40.24656875301934, -115.47867791537408 40.38490296719541, -115.65958890204114 40.387141896118905, -115.66232241507122 40.24879682217088, -115.48178003666952 40.24656875301934))",NV4031211561920190804,CORTA,2019.0,67844911.9842681,0.28743873357106503,1.0,53.0,matched,0.6437193667855325,NV4031211561920190804
subsetted_512x512_HLS.S30.T11TPF.2018219.v1.4,11TPF,2018-08-07,"POLYGON ((-115.32343018556254 41.18023478673888, -115.31988992493733 41.31853584648978, -115.50334556840222 41.3210680594474, -115.50649963081258 41.182754780090285, -115.32343018556254 41.18023478673888))",NV4127811541520180716,STAG,2018.0,16724582.454682555,0.07086217795777588,1.0,22.0,matched,0.5354310889788879,NV4127811541520180716
subsetted_512x512_HLS.S30.T11TPF.2018289.v1.4,11TPF,2018-10-16,"POLYGON ((-115.36750058517195 40.597697735151876, -115.3641233955353 40.73601589921517, -115.54597295538791 40.73845052591192, -115.54897506678866 40.6001205773792, -115.36750058517195 40.597697735151876))",NV4067411551020180930,RANGE TWO,2018.0,37881829.54094539,0.16050300906684653,1.0,16.0,matched,0.5802515045334232,NV4067411551020180930
subsetted_512x512_HLS.S30.T11TPF.2021183.v1.4,11TPF,2021-07-02,"POLYGON ((-115.51929750391096 40.947548362693134, -115.51619624937565 41.0858681130531, -115.6990191152897 41.08807775313277, -115.70173853744777 40.94974732651284, -115.51929750391096 40.947548362693134))",NV4099311562120210622,HUFF,2021.0,6287446.488452907,0.02663733679323527,1.0,10.0,matched,0.5133186683966177,NV4099311562120210622
subsetted_512x512_HLS.S30.T11TPG.2018219.v1.4,11TPG,2018-08-07,"POLYGON ((-115.39591998223938 41.52093019715908, -115.39249193170754 41.659228072671404, -115.57691749606487 41.66165994690363, -115.57995259797805 41.52335035398116, -115.39591998223938 41.52093019715908))",NV4160011549220180725,WILLOW,2018.0,4309948.1231685,0.01826049109245261,1.0,13.0,matched,0.5091302455462263,NV4160011549220180725
subsetted_512x512_HLS.S30.T11TPG.2019214.v1.4,11TPG,2019-08-02,"POLYGON ((-115.55098350675455 42.204695588891944, -115.5478115701472 42.34298695613601, -115.73423476800112 42.3451968360655, -115.7369997941144 42.20689484915504, -115.55098350675455 42.204695588891944))",ID4229111562520190723,LOOKOUT POINT,2019.0,42739423.18570472,0.18106430190607153,1.0,10.0,matched,0.5905321509530358,ID4229111562520190723
subsetted_512x512_HLS.S30.T11TPG.2020249.v1.4,11TPG,2020-09-05,"POLYGON ((-115.17474970182595 42.183654513061825, -115.17075737522073 42.321920328305076, -115.35708607026407 42.32474214755005, -115.36067220372678 42.186462773346264, -115.17474970182595 42.183654513061825))",ID4229611529420200814,JUNIPER BUTTE,2020.0,22688048.798534907,0.09613601718574255,1.0,22.0,matched,0.5480680085928713,ID4229611529420200814
subsetted_512x512_HLS.S30.T11TPH.2020174.v1.4,11TPH,2020-06-22,"POLYGON ((-115.47010639325929 42.76721665930966, -115.46669083978067 42.90548930675037, -115.6547937702764 42.907854577119814, -115.65779063977648 42.769570584066514, -115.47010639325929 42.76721665930966))",ID4284111556820200530,BROWNS,2020.0,9689954.871652056,0.04105249103000774,1.0,23.0,matched,0.5205262455150039,ID4284111556820200530
subsetted_512x512_HLS.S30.T11TPH.2020184.v1.4,11TPH,2020-07-02,"POLYGON ((-114.70858107534518 42.91524273979189, -114.70343958971209 43.053450249636754, -114.89191607487061 43.057079019909445, -114.89663639713514 42.91885411822247, -114.70858107534518 42.91524273979189))",ID4298311481320200606,TEA KETTLE,2020.0,4532781.049740759,0.0192122726411857,1.0,26.0,matched,0.5096061363205928,ID4298311481320200606
subsetted_512x512_HLS.S30.T11TPH.2020219.v1.4,11TPH,2020-08-06,"POLYGON ((-114.7744083856997 42.873319278571834, -114.76942184465086 43.01153409291245, -114.95777815537022 43.01505155890437, -114.96234436283643 42.87681988354277, -114.7744083856997 42.873319278571834))",ID4295011487620200703,BLACK CANYON,2020.0,4118493.3857526374,0.017455510159558013,1.0,34.0,matched,0.508727755079779,ID4295011487620200703
subsetted_512x512_HLS.S30.T11TPH.2021238.v1.4,11TPH,2021-08-26,"POLYGON ((-114.91394053670518 42.45856048093861, -114.90933383430723 42.59679806506467, -115.09645215011994 42.60006091934827, -115.10064717928128 42.46180767403544, -114.91394053670518 42.45856048093861))",ID4253711500720210703,CASTLEFORD BUTTE,2021.0,22509679.576601487,0.0953951877471005,1.0,54.0,matched,0.5476975938735502,ID4253711500720210703
subsetted_512x512_HLS.S30.T11TPH.2021263.v1.4,11TPH,2021-09-20,"POLYGON ((-115.49924874246537 42.546880633192046, -115.49592397210331 42.685160487603454, -115.68336303221635 42.68746875304853, -115.68627377877489 42.54917781904837, -115.49924874246537 42.546880633192046))",ID4261911561220210806,BRUNEAU,2021.0,9341143.749832988,0.03957427526790143,1.0,45.0,matched,0.5197871376339507,ID4261911561220210806
subsetted_512x512_HLS.S30.T11TPJ.2020249.v1.4,11TPJ,2020-09-05,"POLYGON ((-114.73833719797233 43.40558277872389, -114.73317471578024 43.543781265187945, -114.9231757661022 43.54739214369147, -114.92790632907396 43.409176370778724, -114.73833719797233 43.40558277872389))",ID4345611483420200806,PHILLIPS CREEK,2020.0,8084853.010314438,0.03426662197498208,1.0,30.0,matched,0.517133310987491,ID4345611483420200806
subsetted_512x512_HLS.S30.T11TPK.2021268.v1.4,11TPK,2021-09-25,"POLYGON ((-115.08144457020947 44.50819815074806, -115.07689307543568 44.646400193935875, -115.27049801975411 44.64949712418467, -115.27459188783934 44.51128027432544, -115.08144457020947 44.50819815074806))",ID4453211532920210810,BOUNDARY,2021.0,156242520.53959537,0.662054120838696,1.0,46.0,matched,0.8310270604193479,ID4453211532920210810
subsetted_512x512_HLS.S30.T11TPL.2019244.v1.4,11TPL,2019-09-01,"POLYGON ((-114.36768135548313 45.267158265523605, -114.36127005089818 45.40527320546591, -114.55735896293675 45.409637703086986, -114.56329502887426 45.27150190961664, -114.36768135548313 45.267158265523605))",ID4532811445320190804,COVE CREEK,2019.0,21335804.50992276,0.0904485110249244,1.0,28.0,matched,0.5452242555124622,ID4532811445320190804
subsetted_512x512_HLS.S30.T11TPL.2021223.v1.4,11TPL,2021-08-11,"POLYGON ((-115.29279045831187 45.46971975922018, -115.28860200650723 45.607914640023814, -115.48550881254411 45.610695473780424, -115.4892158338543 45.47248729742055, -115.29279045831187 45.46971975922018))",ID4558511544420210705,DIXIE,2021.0,143015753.8053339,0.6059307639589638,1.0,37.0,matched,0.802965381979482,ID4558511544420210705
subsetted_512x512_HLS.S30.T11TPN.2019214.v1.4,11TPN,2019-08-02,"POLYGON ((-114.26407320851486 47.38375143245812, -114.25689826198908 47.5218032971929, -114.46072249743959 47.52650069112531, -114.46736576215011 47.38842631045197, -114.26407320851486 47.38375143245812))",MT4743511435720190723,MOSS RANCH,2019.0,21956116.81041983,0.09307813289117213,1.0,10.0,matched,0.546539066445586,MT4743511435720190723
subsetted_512x512_HLS.S30.T11TPN.2020217.v1.4,11TPN,2020-08-04,"POLYGON ((-114.35387824088748 47.233327401385814, -114.34697509021746 47.37139311778775, -114.55023319374276 47.37592011031614, -114.556608806591 47.23783270224322, -114.35387824088748 47.233327401385814))",MT4730311448320200727,MAGPIE ROCK,2020.0,14467181.351820821,0.06132677490279802,1.0,8.0,matched,0.530663387451399,MT4730311448320200727
subsetted_512x512_HLS.S30.T11TQG.2020186.v1.4,11TQG,2020-07-04,"POLYGON ((-113.28979511762822 41.48547187648829, -113.28188049608231 41.62353385333566, -113.46590381338447 41.62934630646939, -113.47342874621381 41.49125636568834, -113.28979511762822 41.48547187648829))",UT4154311335720200603,MATLIN,2020.0,25209635.618654482,0.10700699895118111,1.0,31.0,matched,0.5535034994755905,UT4154311335720200603
subsetted_512x512_HLS.S30.T11TQG.2020216.v1.4,11TQG,2020-08-03,"POLYGON ((-113.52034938632288 41.67477487369663, -113.51287643099128 41.81286734502842, -113.69748603001533 41.81832950781292, -113.70456516197015 41.68021077277093, -113.52034938632288 41.67477487369663))",UT4177211363120200720,DENNIS HILL,2020.0,11979944.24764587,0.05083641671950404,1.0,14.0,matched,0.5254182083597521,UT4177211363120200720
subsetted_512x512_HLS.S30.T11TQH.2019221.v1.4,11TQH,2019-08-09,"POLYGON ((-114.282813728845 42.818669142211675, -114.27673812724915 42.95683389281532, -114.46486126403116 42.9611578571182, -114.47051829576895 42.82297238384185, -114.282813728845 42.818669142211675))",ID4291611449620170710,ANTELOPE,2017.0,93896411.08094437,0.39811698839537274,0.9978841576302565,760.0,matched,0.6980005730128146,ID4291611449620170710
subsetted_512x512_HLS.S30.T11TQH.2020216.v1.4,11TQH,2020-08-03,"POLYGON ((-113.36028426421687 42.48725541862315, -113.35224215034944 42.62530418371852, -113.53920261673373 42.63111184496309, -113.54683459872835 42.49303524328919, -113.36028426421687 42.48725541862315))",ID4254811347120200723,INTERCHANGE,2020.0,8639423.813827168,0.036665939186797024,1.0,11.0,matched,0.5183329695933985,ID4254811347120200723
subsetted_512x512_HLS.S30.T11TQH.2020251.v1.4,11TQH,2020-09-07,"POLYGON ((-113.35676061681417 42.55413497084507, -113.34869185727713 42.69218157700473, -113.53585212456954 42.69800216925822, -113.54350935812823 42.559927670517865, -113.35676061681417 42.55413497084507))",ID4262311348620200808,LAKE WALCOTT,2020.0,5368901.031722015,0.022785744896993403,1.0,30.0,matched,0.5113928724484967,ID4262311348620200808
subsetted_512x512_HLS.S30.T11TQJ.2018219.v1.4,11TQJ,2018-08-07,"POLYGON ((-113.9679757397879 43.467423345781754, -113.9610413021709 43.60553410353282, -114.15112396911029 43.61043323842149, -114.15762614086293 43.472299043945554, -113.9679757397879 43.467423345781754))",ID4346711414520180729,SHARPS,2018.0,191471827.01731086,0.8120414753641885,1.0,9.0,matched,0.9060207376820942,ID4346711414520180729
subsetted_512x512_HLS.S30.T11TQK.2020249.v1.4,11TQK,2020-09-05,"POLYGON ((-113.30522105840849 44.82532257328922, -113.29636271821953 44.96330616694213, -113.4907485060738 44.969452710414195, -113.49914429952112 44.83143977746505, -113.30522105840849 44.82532257328922))",MT4485811343720200811,BEAR CREEK,2020.0,60614133.972670235,0.2572219618633577,1.0,25.0,matched,0.6286109809316789,MT4485811343720200811
subsetted_512x512_HLS.S30.T11TQL.2021223.v1.4,11TQL,2021-08-11,"POLYGON ((-113.68779965011214 45.55432971731489, -113.67965285321061 45.69235227350218, -113.87662661572736 45.6979128642635, -113.8842920881716 45.559863752273735, -113.68779965011214 45.55432971731489))",MT4568311385420210708,TRAIL CREEK,2021.0,211708921.3012708,0.8980102620952715,1.0,34.0,matched,0.9490051310476357,MT4568311385420210708
subsetted_512x512_HLS.S30.T11ULP.2018245.v1.4,11ULP,2018-09-02,"POLYGON ((-119.10967377069753 47.86130853065163, -119.11530063013883 47.99941296256166, -119.32104644059099 47.99543812496641, -119.31487342199344 47.857352779961495, -119.10967377069753 47.86130853065163))",WA4784011934020180811,GRASS VALLEY,2018.0,185103009.77543673,0.7844691486017445,1.0,22.0,matched,0.8922345743008723,WA4784011934020180811
subsetted_512x512_HLS.S30.T11ULP.2019245.v1.4,11ULP,2019-09-02,"POLYGON ((-118.38520904692267 47.904459284259914, -118.38890971156809 48.042616172319484, -118.59491475176269 48.03994056684172, -118.59066572774624 47.90179653407337, -118.38520904692267 47.904459284259914))",WA4793911861820190802,WILLIAMS FLATS,2019.0,158217689.98484984,0.6702813500992834,1.0,31.0,matched,0.8351406750496417,WA4793911861820190802
subsetted_512x512_HLS.S30.T11ULP.2020280.v1.4,11ULP,2020-10-06,"POLYGON ((-118.21159073527885 48.10211585907558, -118.21485017610287 48.24027749805142, -118.42166356177172 48.23790602615418, -118.41784966171156 48.09975579023221, -118.21159073527885 48.10211585907558))",WA4817811826620200907,KEWA FIELD,2020.0,47790584.012163825,0.20244855925682714,1.0,29.0,matched,0.6012242796284135,WA4817811826620200907
subsetted_512x512_HLS.S30.T11ULP.2021249.v1.4,11ULP,2021-09-06,"POLYGON ((-118.36362623488864 48.31931251102848, -118.36732270404991 48.45746063308902, -118.57500260610664 48.454805317649075, -118.57074521395896 48.316669973416545, -118.36362623488864 48.31931251102848))",WA4828511853120210713,SUMMIT TRAIL,2021.0,173579757.26237205,0.7353522742202258,1.0,55.0,matched,0.8676761371101129,WA4828511853120210713
subsetted_512x512_HLS.S30.T11UQP.2018249.v1.4,11UQP,2018-09-06,"POLYGON ((-113.54949767116791 48.239701413646436, -113.54017509163975 48.377639230936474, -113.74726001656815 48.38368723679998, -113.75602706769591 48.24572036436248, -113.54949767116791 48.239701413646436))",MT4831111365120180811,PAOLA RIDGE,2018.0,4518646.681465621,0.01916626795255666,1.0,26.0,matched,0.5095831339762783,MT4831111365120180811
subsetted_512x512_HLS.S30.T12RVV.2018215.v1.4,12RVV,2018-08-03,"POLYGON ((-111.37384427562178 31.399244204160468, -111.37439542124149 31.537827870488446, -111.53619991220191 31.537251854886968, -111.53541059856897 31.39867129258586, -111.37384427562178 31.399244204160468))",AZ3146411144720180705,CUMERO,2018.0,17528807.562654007,0.07424081367321494,1.0,29.0,matched,0.5371204068366074,AZ3146411144720180705
subsetted_512x512_HLS.S30.T12RWV.2019075.v1.4,12RWV,2019-03-16,"POLYGON ((-110.21263119715759 31.27692302923334, -110.21147599002474 31.415499156105433, -110.37306415430666 31.41639143954568, -110.3739826733614 31.277810493892936, -110.21263119715759 31.27692302923334))",AZ3134011029420190227,BORDER ONE RX,2019.0,4800174.716043231,0.020331802121500275,1.0,17.0,matched,0.5101659010607501,AZ3134011029420190227
subsetted_512x512_HLS.S30.T12RWV.2019225.v1.4,12RWV,2019-08-13,"POLYGON ((-110.29578495493239 31.49448390160028, -110.2947428965436 31.633057947231276, -110.45670868755532 31.63384987601465, -110.45751146496218 31.495271570350248, -110.29578495493239 31.49448390160028))",AZ3156211037620190714,BUFFALO CORRAL,2019.0,4636484.554641163,0.019637975134840422,1.0,30.0,matched,0.5098189875674202,AZ3156211037620190714
subsetted_512x512_HLS.S30.T12RXV.2018217.v1.4,12RXV,2018-08-05,"POLYGON ((-109.32172263925706 31.474592548121755, -109.319241441199 31.61311779870569, -109.48112006346284 31.615145938078058, -109.48336252568507 31.47660977730971, -109.32172263925706 31.474592548121755))",AZ3154810940620180724,BRUNO,2018.0,16853283.50496189,0.07141700315548805,1.0,12.0,matched,0.5357085015777441,AZ3154810940620180724
subsetted_512x512_HLS.S30.T12RYV.2018152.v1.4,12RYV,2018-06-01,"POLYGON ((-108.64969190576045 31.252696493767154, -108.6462477308549 31.391169122244523, -108.80768069599128 31.394032321142003, -108.81088912817485 31.255544234325555, -108.64969190576045 31.252696493767154))",NM3134910867820180516,SAN LUIS,2018.0,139427545.36265856,0.5911796111722273,1.0,16.0,matched,0.7955898055861137,NM3134910867820180516
subsetted_512x512_HLS.S30.T12STC.2020218.v1.4,12STC,2020-08-05,"POLYGON ((-113.10782745370302 33.38162369545038, -113.11118085527158 33.52007245357675, -113.27645971341583 33.517143882339504, -113.27284431416888 33.378710383125615, -113.10782745370302 33.38162369545038))",AZ3344911322120200711,BUREN,2020.0,7041199.605759806,0.02985118792477541,1.0,25.0,matched,0.5149255939623877,AZ3344911322120200711
subsetted_512x512_HLS.S30.T12STD.2020248.v1.4,12STD,2020-09-04,"POLYGON ((-113.16598577723701 34.73984581995283, -113.16961201250813 34.87825865176517, -113.33755559049324 34.87514423100238, -113.33364925778803 34.73674731556566, -113.16598577723701 34.73984581995283))",AZ3479711322320200824,PILOT KNOB,2020.0,44790947.43888378,0.1898955587228703,1.0,11.0,matched,0.5949477793614352,AZ3479711322320200824
subsetted_512x512_HLS.S30.T12STE.2020246.v1.4,12STE,2020-09-02,"POLYGON ((-113.7013006261266 35.70316852944226, -113.70598650520239 35.841504086420485, -113.87586525748215 35.83755579366562, -113.87088616125824 35.699240163230186, -113.7013006261266 35.70316852944226))",AZ3574111380520200818,BLACK CANYON,2020.0,25747767.558045976,0.10921695773158097,1.0,15.0,matched,0.5546084788657905,AZ3574111380520200818
subsetted_512x512_HLS.S30.T12STF.2018291.v1.4,12STF,2018-10-18,"POLYGON ((-113.54697181732652 36.02966333538652, -113.55144343733659 36.16800851336763, -113.72204599972387 36.16424900794005, -113.71727625404304 36.02592273370696, -113.54697181732652 36.02966333538652))",AZ3610511362520180914,TWIN WEST FY18 RX,2018.0,4441641.566901035,0.018837180144208387,1.0,34.0,matched,0.5094185900721042,AZ3610511362520180914
subsetted_512x512_HLS.S30.T12STF.2020156.v1.4,12STF,2020-06-04,"POLYGON ((-113.77321564783165 36.49833049706973, -113.7781682776399 36.636639315253305, -113.94976505817876 36.63251088222605, -113.94450757086216 36.49422271056494, -113.77321564783165 36.49833049706973))",AZ3652211386520200510,BASIN,2020.0,144949310.6997796,0.6148769527765133,1.0,25.0,matched,0.8074384763882567,AZ3652211386520200510
subsetted_512x512_HLS.S30.T12STF.2021190.v1.4,12STF,2021-07-09,"POLYGON ((-113.58166198203851 36.87952514875267, -113.58633714586318 37.01784681327683, -113.75881546378321 37.013959918134915, -113.75382945301165 36.87565761688002, -113.58166198203851 36.87952514875267))",AZ3697611367020210624,MM 25 I15,2021.0,4662079.047347878,0.019772197565652513,1.0,15.0,matched,0.5098860987828262,AZ3697611367020210624
subsetted_512x512_HLS.S30.T12STF.2021215.v1.4,12STF,2021-08-03,"POLYGON ((-113.60452985132004 36.87902583652128, -113.60924631288938 37.01734500106836, -113.78172021764377 37.01342486187508, -113.77669294037159 36.875125225947585, -113.60452985132004 36.87902583652128))",AZ3697411369720210713,LIME,2021.0,9537755.458111724,0.04045124712077119,1.0,21.0,matched,0.5202256235603856,AZ3697411369720210713
subsetted_512x512_HLS.S30.T12STG.2020291.v1.4,12STG,2020-10-17,"POLYGON ((-113.62203000601251 37.23172070977117, -113.6268392225097 37.37002969283084, -113.80011454080542 37.36605150159214, -113.79498906867877 37.22776226548093, -113.62203000601251 37.23172070977117))",UT3732811369420200927,VEYO ROAD,2020.0,10005495.913265832,0.04243524990754925,1.0,20.0,matched,0.5212176249537747,UT3732811369420200927
subsetted_512x512_HLS.S30.T12STH.2020246.v1.4,12STH,2020-09-02,"POLYGON ((-113.40058830962388 38.61727437311458, -113.40521655053986 38.7555742543233, -113.58182159127836 38.75180452496112, -113.57685440427481 38.613523127883404, -113.40058830962388 38.61727437311458))",UT3869911350520200824,GRAY HILL,2020.0,24914352.82564207,0.10563848220309091,1.0,9.0,matched,0.5528192411015455,UT3869911350520200824
subsetted_512x512_HLS.S30.T12SUC.2019158.v1.4,12SUC,2019-06-07,"POLYGON ((-112.3547813232333 33.73005749512732, -112.35696556842422 33.86855371863811, -112.52298336385391 33.86661367213366, -112.52053212491809 33.72812750862973, -112.3547813232333 33.73005749512732))",AZ3376811242920190530,WHITE WING,2019.0,7273553.0130205285,0.030818176065244347,1.0,8.0,matched,0.5154090880326222,AZ3376811242920190530
subsetted_512x512_HLS.S30.T12SUC.2020318.v1.4,12SUC,2020-11-13,"POLYGON ((-112.3360788820402 34.17124454256081, -112.33826902453647 34.30973188230353, -112.50515153849662 34.30779465841136, -112.50268852144238 34.16931730065038, -112.3360788820402 34.17124454256081))",AZ3427511241920201015,HORSE,2020.0,37119902.71854774,0.15727526680968545,1.0,29.0,matched,0.5786376334048428,AZ3427511241920201015
subsetted_512x512_HLS.S30.T12SUD.2018218.v1.4,12SUD,2018-08-06,"POLYGON ((-112.8432668366135 34.71134885510985, -112.84634971576824 34.84978975571722, -113.01427059896574 34.84712378778172, -113.01090778144017 34.70869651963191, -112.8432668366135 34.71134885510985))",AZ3477911297320180708,STUBBS,2018.0,24847918.36619321,0.10531587112757196,1.0,29.0,matched,0.552657935563786,AZ3477911297320180708
subsetted_512x512_HLS.S30.T12SUD.2019183.v1.4,12SUD,2019-07-02,"POLYGON ((-112.46513821479466 34.462475298769746, -112.46756618975576 34.6009483740094, -112.63501897456997 34.59881901197861, -112.63231424662993 34.46035686396984, -112.46513821479466 34.462475298769746))",AZ3453211255020190601,UNNAMED,2019.0,5750399.957395402,0.02436604614822929,1.0,31.0,matched,0.5121830230741147,AZ3453211255020190601
subsetted_512x512_HLS.S30.T12SUE.2019183.v1.4,12SUE,2019-07-02,"POLYGON ((-112.00019764355365 35.95329069855147, -112.00194923177285 36.09175388224493, -112.1725395978896 36.090205988685035, -112.17048994091742 35.95175060179356, -112.00019764355365 35.95329069855147))",AZ3602011207720190614,GCP-LONG JIM RX-2019,2019.0,7120261.314483552,0.030162601752398332,1.0,18.0,matched,0.5150813008761992,AZ3602011207720190614
subsetted_512x512_HLS.S30.T12SUF.2018253.v1.4,12SUF,2018-09-10,"POLYGON ((-112.21473669619094 36.29830334074575, -112.21689097413588 36.43674845895231, -112.38821941676382 36.434878910393145, -112.38576205602666 36.29644317163708, -112.21473669619094 36.29830334074575))",AZ3636911230720180726,STINA,2018.0,10067160.878530815,0.04265041092317275,1.0,45.0,matched,0.5213252054615863,AZ3636911230720180726
subsetted_512x512_HLS.S30.T12SUF.2019183.v1.4,12SUF,2019-07-02,"POLYGON ((-112.17457889879505 36.56049246146234, -112.17668198742307 36.69893351522327, -112.34859318217248 36.69711011568875, -112.34618304789335 36.55867818376916, -112.17457889879505 36.56049246146234))",AZ3661211224420190612,MOQUITCH RX 2019,2019.0,14923219.661883637,0.06322211230114504,1.0,20.0,matched,0.5316110561505725,AZ3661211224420190612
subsetted_512x512_HLS.S30.T12SUF.2020223.v1.4,12SUF,2020-08-10,"POLYGON ((-112.01245976010142 36.903265896599414, -112.01429534359559 37.04170646480582, -112.18698663145939 37.04010433574346, -112.1848386916813 36.90167175397919, -112.01245976010142 36.903265896599414))",AZ3698311211020200729,PINE HOLLOW,2020.0,46737732.302263275,0.1979887315921859,1.0,12.0,matched,0.598994365796093,AZ3698311211020200729
subsetted_512x512_HLS.S30.T12SUH.2018228.v1.4,12SUH,2018-08-16,"POLYGON ((-113.0351476370672 38.00811661377977, -113.03898691305739 38.14646522255792, -113.21415965903331 38.143292383600915, -113.2099911736647 38.004959416676556, -113.0351476370672 38.00811661377977))",UT3806611313920180720,HORSE VALLEY,2018.0,4819350.216819095,0.020428211055670227,1.0,27.0,matched,0.5102141055278351,UT3806611313920180720
subsetted_512x512_HLS.S30.T12SUH.2019298.v1.4,12SUH,2019-10-25,"POLYGON ((-113.05450293820977 37.99155924501134, -113.05837640702688 38.12990656832301, -113.23350732733302 38.12670601511721, -113.22930493571538 37.988374472410605, -113.05450293820977 37.99155924501134))",UT3800311315120190905,NECK,2019.0,73319819.87060913,0.3107922712295078,1.0,50.0,matched,0.655396135614754,UT3800311315120190905
subsetted_512x512_HLS.S30.T12SUH.2020188.v1.4,12SUH,2020-07-06,"POLYGON ((-113.06843388755983 38.55685152784279, -113.07241344179876 38.69518426732744, -113.24891229048326 38.6919217382677, -113.24459448128968 38.55360500753834, -113.06843388755983 38.55685152784279))",UT3867511318120200625,ANTELOPE,2020.0,82858418.0835268,0.35122440000867067,1.0,11.0,matched,0.6756122000043353,UT3867511318120200625
subsetted_512x512_HLS.S30.T12SVA.2020230.v1.4,12SVA,2020-08-17,"POLYGON ((-111.10362212756093 31.88370437704975, -111.10377780950566 32.0222802383329, -111.2664325951597 32.022042851046805, -111.26603291204178 31.88346825806264, -111.10362212756093 31.88370437704975))",AZ3195511118320200712,NAVARRO,2020.0,9286873.862567062,0.03933173905216203,1.0,36.0,matched,0.519665869526081,AZ3195511118320200712
subsetted_512x512_HLS.S30.T12SVA.2020310.v1.4,12SVA,2020-11-05,"POLYGON ((-111.27632294688091 31.610346547707465, -111.27673369806936 31.748926976422748, -111.43890625862241 31.748471581633055, -111.4382548127409 31.609893597679058, -111.27632294688091 31.610346547707465))",AZ3168311135220201006,ESPINOSA,2020.0,7169291.304135824,0.03036399176920186,1.0,30.0,matched,0.5151819958846009,AZ3168311135220201006
subsetted_512x512_HLS.S30.T12SVB.2020155.v1.4,12SVB,2020-06-03,"POLYGON ((-111.21514921985846 33.30030287688586, -111.21549052832516 33.43884666808867, -111.38073689178593 33.4384494500114, -111.38013386699431 33.29990773247376, -111.21514921985846 33.30030287688586))",AZ3340211129720200531,SAWTOOTH,2020.0,87522129.71890499,0.37067766751630343,1.0,3.0,matched,0.6853388337581517,AZ3340211129720200531
subsetted_512x512_HLS.S30.T12SVC.2019190.v1.4,12SVC,2019-07-09,"POLYGON ((-111.09929708773832 33.436288209857366, -111.09945542560618 33.57482973082693, -111.26496198400112 33.57458608128674, -111.26454015680841 33.436045829665325, -111.09929708773832 33.436288209857366))",AZ3340811121020190608,WOODBURY,2019.0,227269712.04528338,0.9625314813366548,1.0,31.0,matched,0.9812657406683274,AZ3340811121020190608
subsetted_512x512_HLS.S30.T12SVC.2019245.v1.4,12SVC,2019-09-02,"POLYGON ((-111.50202758451559 33.651237593343026, -111.50283463810614 33.7897691578249, -111.66874520328544 33.78898146304218, -111.6676719041859 33.650453988897645, -111.50202758451559 33.651237593343026))",AZ3372911159520190804,VERDE,2019.0,10909220.993043803,0.046205700438571196,1.0,29.0,matched,0.5231028502192856,AZ3372911159520190804
subsetted_512x512_HLS.S30.T12SVC.2020155.v1.4,12SVC,2020-06-03,"POLYGON ((-111.90264099524258 33.782621869053415, -111.90409924121714 33.921138548587614, -112.07024745090891 33.9198066604305, -112.06852133474096 33.78129688313964, -111.90264099524258 33.782621869053415))",AZ3384711201720200517,EAST DESERT,2020.0,10010983.539618589,0.042406873094293654,1.0,17.0,matched,0.5212034365471468,AZ3384711201720200517
subsetted_512x512_HLS.S30.T12SVC.2020190.v1.4,12SVC,2020-07-08,"POLYGON ((-111.91509017074536 33.88669641224887, -111.91657433511291 34.02521026799157, -112.08292442504643 34.02385779627077, -112.08117101620847 33.88535093882471, -111.91509017074536 33.88669641224887))",AZ3393011207420200620,CENTRAL,2020.0,19113188.292892706,0.08096451207827048,1.0,18.0,ambiguous,0.5404822560391352,
subsetted_512x512_HLS.S30.T12SVC.2020250.v1.4,12SVC,2020-09-06,"POLYGON ((-111.75801794116391 33.88045768056715, -111.75924708125844 34.018977248313874, -111.92559258630213 34.01783777645631, -111.92409423564517 33.879324105631916, -111.75801794116391 33.88045768056715))",AZ3395611183620200829,BOLT,2020.0,5129479.4641261995,0.021727432507912044,1.0,8.0,matched,0.510863716253956,AZ3395611183620200829
subsetted_512x512_HLS.S30.T12SVC.2020285.v1.4,12SVC,2020-10-11,"POLYGON ((-111.69030084727586 33.8502816864349, -111.69141891714696 33.988804013430936, -111.85770848789672 33.98775713036286, -111.8563215892334 33.84924022358521, -111.69030084727586 33.8502816864349))",AZ3388511181620200925,SEARS,2020.0,54098902.9233834,0.22914669239218707,1.0,16.0,matched,0.6145733461960935,AZ3388511181620200925
subsetted_512x512_HLS.S30.T12SVD.2018168.v1.4,12SVD,2018-06-17,"POLYGON ((-111.02473204872405 34.51778810666963, -111.02477312300348 34.656305413170244, -111.19240047921656 34.656156133869, -111.1920814781456 34.51763959311607, -111.02473204872405 34.51778810666963))",AZ3455711116020180427,TINDER,2018.0,65088487.60147911,0.2756611417406973,1.0,51.0,matched,0.6378305708703487,AZ3455711116020180427
subsetted_512x512_HLS.S30.T12SVD.2019183.v1.4,12SVD,2019-07-02,"POLYGON ((-111.91399298908154 34.328783208312565, -111.91550017511142 34.4672871115861, -112.0827223277467 34.46592019565587, -112.08093996489683 34.327423321336596, -111.91399298908154 34.328783208312565))",AZ3440011201020190603,UNNAMED,2019.0,10393875.192191953,0.044028915250848906,1.0,29.0,matched,0.5220144576254244,AZ3440011201020190603
subsetted_512x512_HLS.S30.T12SVE.2019183.v1.4,12SVE,2019-07-02,"POLYGON ((-111.31742049924871 35.24103840392078, -111.31796201488767 35.37953706511871, -111.48706750117081 35.378973724227485, -111.48623800776056 35.24047792553379, -111.31742049924871 35.24103840392078))",AZ3530911140720190516,MAROON,2019.0,34836298.27343453,0.1475423231077859,1.0,47.0,matched,0.573771161553893,AZ3530911140720190516
subsetted_512x512_HLS.S30.T12SVE.2019228.v1.4,12SVE,2019-08-16,"POLYGON ((-111.5353879047911 35.19347233399572, -111.53629965602948 35.33196814685671, -111.70529992084528 35.331100326659545, -111.70410090694152 35.19260892595448, -111.5353879047911 35.19347233399572))",AZ3525811164320190721,MUSEUM,2019.0,8130588.551659022,0.03443708440269815,1.0,26.0,matched,0.5172185422013491,AZ3525811164320190721
subsetted_512x512_HLS.S30.T12SVF.2018253.v1.4,12SVF,2018-09-10,"POLYGON ((-111.93456948538696 36.28270138223635, -111.93622600636827 36.42115962078113, -112.1075377147482 36.41969340241711, -112.10557822062724 36.28124252182247, -111.93456948538696 36.28270138223635))",AZ3636511203320180806,CAT,2018.0,18527111.63893369,0.07848160151097018,1.0,35.0,matched,0.5392408007554851,AZ3636511203320180806
subsetted_512x512_HLS.S30.T12SWA.2019260.v1.4,12SWA,2019-09-17,"POLYGON ((-110.324186764779 32.06463719561889, -110.3231642955824 32.20319963756781, -110.48613310941634 32.203966970410846, -110.48690941852942 32.06540044181526, -110.324186764779 32.06463719561889))",AZ3213311040720190822,BUCKHORN,2019.0,5644622.612076783,0.02390776475072542,1.0,26.0,matched,0.5119538823753627,AZ3213311040720190822
subsetted_512x512_HLS.S30.T12SWA.2020230.v1.4,12SWA,2020-08-17,"POLYGON ((-110.66222849847759 32.35747179713271, -110.66171164549102 32.49603507240762, -110.82521317345126 32.4963683832453, -110.82548022559064 32.35780334150951, -110.66222849847759 32.35747179713271))",AZ3237811092720200606,BIGHORN,2020.0,193054232.73620808,0.8176282274096414,1.0,72.0,matched,0.9088141137048207,AZ3237811092720200606
subsetted_512x512_HLS.S30.T12SWB.2019155.v1.4,12SWB,2019-06-04,"POLYGON ((-110.40583872550769 32.7989939105407, -110.4049140138909 32.93754235969571, -110.56921842429267 32.93821678878722, -110.56988784407501 32.79966479116586, -110.40583872550769 32.7989939105407))",AZ3288111049320190531,SOUTH RIM RX,2019.0,24656319.589848895,0.10442950177758009,1.0,4.0,matched,0.55221475088879,AZ3288111049320190531
subsetted_512x512_HLS.S30.T12SWB.2020155.v1.4,12SWB,2020-06-03,"POLYGON ((-110.36901889892398 33.29076950025368, -110.368018303171 33.429306043987154, -110.53324227899998 33.43003786469634, -110.53398130826808 33.29149750011367, -110.36901889892398 33.29076950025368))",AZ3333211045520200504,SCAT WUI PRESCRIBED BURN,2020.0,5210855.109422513,0.02207025019979251,1.0,30.0,matched,0.5110351250998962,AZ3333211045520200504
subsetted_512x512_HLS.S30.T12SWB.2020250.v1.4,12SWB,2020-09-06,"POLYGON ((-110.0373230384545 33.27592548517871, -110.0357973481923 33.414451152222355, -110.20098160569204 33.415625074426785, -110.2022459939617 33.27709327738364, -110.0373230384545 33.27592548517871))",AZ3336011011920200828,JUNIPER,2020.0,7260076.578870375,0.03075271749713215,1.0,9.0,matched,0.515376358748566,AZ3336011011920200828
subsetted_512x512_HLS.S30.T12SWC.2019225.v1.4,12SWC,2019-08-13,"POLYGON ((-110.04942903227945 34.16942553053149, -110.04787086296564 34.30793159791377, -110.21478520689473 34.30911531941539, -110.21607029462969 34.170603151444396, -110.04942903227945 34.16942553053149))",AZ3423611014020190726,BAGNAL,2019.0,8968012.392877337,0.037986994959853866,1.0,18.0,matched,0.518993497479927,AZ3423611014020190726
subsetted_512x512_HLS.S30.T12SWC.2020190.v1.4,12SWC,2020-07-08,"POLYGON ((-110.26408163021917 33.432250489651594, -110.26290835541408 33.57078082703833, -110.42839826632243 33.57165572247959, -110.42930816042401 33.433120827158454, -110.26408163021917 33.432250489651594))",AZ3343511035820200606,BLUE RIVER,2020.0,114603157.33747514,0.4854074179164373,1.0,32.0,matched,0.7427037089582187,AZ3343511035820200606
subsetted_512x512_HLS.S30.T12SWC.2020250.v1.4,12SWC,2020-09-06,"POLYGON ((-110.30883290602621 33.486354081785805, -110.30772871389408 33.624884561199764, -110.47332337167303 33.62570061311437, -110.47416347003252 33.48716588574835, -110.30883290602621 33.486354081785805))",AZ3354411042020200801,CASSADORE SPRINGS,2020.0,86103360.41848204,0.3646906685877684,1.0,36.0,matched,0.6823453342938842,AZ3354411042020200801
subsetted_512x512_HLS.S30.T12SWD.2018220.v1.4,12SWD,2018-08-08,"POLYGON ((-110.75834516171945 34.517822127330085, -110.7579438289418 34.65633820814779, -110.92557128113127 34.65655575239563, -110.92569468639444 34.518038555661796, -110.75834516171945 34.517822127330085))",AZ3461611082220180724,RANCH,2018.0,16424427.99093403,0.06956051922946742,1.0,15.0,matched,0.5347802596147337,AZ3461611082220180724
subsetted_512x512_HLS.S30.T12SWJ.2018238.v1.4,12SWJ,2018-08-26,"POLYGON ((-109.7931387725242 39.22770846246555, -109.79076025550326 39.3660850005336, -109.96903483676002 39.36780111446633, -109.97106286016887 39.22941619498535, -109.7931387725242 39.22770846246555))",UT3930510987820180721,BEAR TRAP,2018.0,37292008.68069497,0.1579740100841784,1.0,36.0,matched,0.5789870050420892,UT3930510987820180721
subsetted_512x512_HLS.S30.T12SXA.2018157.v1.4,12SXA,2018-06-06,"POLYGON ((-109.27288319514447 31.913146103752304, -109.27028579724517 32.05165828167926, -109.4329278948378 32.05377376253084, -109.43528131953626 31.915250292751537, -109.27288319514447 31.913146103752304))",AZ3198010937020180512,PINERY,2018.0,5967168.123651969,0.02528704542642277,1.0,25.0,matched,0.5126435227132113,AZ3198010937020180512
subsetted_512x512_HLS.S30.T12SXB.2018217.v1.4,12SXB,2018-08-05,"POLYGON ((-109.59387120238073 33.12802767341738, -109.59165532771125 33.2665343675623, -109.756536406465 33.268292950254, -109.75849303232076 33.12977705354439, -109.59387120238073 33.12802767341738))",AZ3321510968220180730,ROSE,2018.0,4090391.2490787194,0.017329998814847494,1.0,6.0,matched,0.5086649994074237,AZ3321510968220180730
subsetted_512x512_HLS.S30.T12SXJ.2020200.v1.4,12SXJ,2020-07-18,"POLYGON ((-108.86414975816417 38.97543284713381, -108.85997867782413 39.11374964943486, -109.0375373828363 39.11687518356541, -109.04136295083077 38.97854309454496, -108.86414975816417 38.97543284713381))",CO3905010893820200605,SIEBER,2020.0,4176754.4427592033,0.017702950241895533,1.0,43.0,matched,0.5088514751209477,CO3905010893820200605
subsetted_512x512_HLS.S30.T12SYG.2018225.v1.4,12SYG,2018-08-13,"POLYGON ((-108.380992487369 37.547004386846446, -108.37613378072905 37.68530631170184, -108.55017354328778 37.68905258843099, -108.55471078601136 37.550732122499376, -108.380992487369 37.547004386846446))",CO3765810847420180722,PLATEAU,2018.0,78884794.44796406,0.33450221663939594,1.0,22.0,matched,0.6672511083196979,CO3765810847420180722
subsetted_512x512_HLS.S30.T12SYG.2020220.v1.4,12SYG,2020-08-07,"POLYGON ((-108.12939338182721 37.218923540293915, -108.12413103975534 37.35720391170952, -108.29737510166771 37.36129228684333, -108.3023214057364 37.22299162107251, -108.12939338182721 37.218923540293915))",CO3727110823720200614,EAST CANYON,2020.0,12270967.359477414,0.05204776509637911,1.0,54.0,matched,0.5260238825481895,CO3727110823720200614
subsetted_512x512_HLS.S30.T12TTM.2020306.v1.4,12TTM,2020-11-01,"POLYGON ((-114.10234592838815 42.15675092817349, -114.10912304495417 42.29488428788111, -114.2951544041045 42.28968450563072, -114.28797351870996 42.1515761063852, -114.10234592838815 42.15675092817349))",ID4209111416920200912,BADGER,2020.0,122688943.0380951,0.5204997346121131,1.0,50.0,matched,0.7602498673060565,ID4209111416920200912
subsetted_512x512_HLS.S30.T12TUK.2020286.v1.4,12TUK,2020-10-12,"POLYGON ((-112.74942253589333 40.00195576411209, -112.75296612494473 40.14027985032897, -112.93318274654372 40.13741064974009, -112.92927537858503 39.99910049869345, -112.74942253589333 40.00195576411209))",UT4009411287320200914,WHITE SAGE,2020.0,56241467.560619414,0.23833650460188407,1.0,28.0,matched,0.6191682523009421,UT4009411287320200914
subsetted_512x512_HLS.S30.T12TUM.2018196.v1.4,12TUM,2018-07-15,"POLYGON ((-112.17948291486387 41.870854488662125, -112.18203487930586 42.00916891926759, -112.3674802834891 42.007109219756124, -112.364528232657 41.86880469993451, -112.17948291486387 41.870854488662125))",UT4192311225720180627,ROUGH CANYON,2018.0,16133154.287542794,0.06834529871803817,1.0,18.0,matched,0.5341726493590191,UT4192311225720180627
subsetted_512x512_HLS.S30.T12TUM.2018246.v1.4,12TUM,2018-09-03,"POLYGON ((-112.26310559670485 41.78485186988674, -112.26583022596455 41.92316405732441, -112.45101997245135 41.92097282609248, -112.44789705066536 41.782671185627834, -112.26310559670485 41.78485186988674))",UT4185411239220180803,GORING,2018.0,58834383.949666195,0.24925110332048606,1.0,31.0,matched,0.624625551660243,UT4185411239220180803
subsetted_512x512_HLS.S30.T12TUM.2019261.v1.4,12TUM,2019-09-18,"POLYGON ((-112.84494196627038 41.71780682559379, -112.8489119465917 41.856082371521424, -113.03385238485701 41.852955171685366, -113.02948593569917 41.714694677570606, -112.84494196627038 41.71780682559379))",UT4178911290420190805,RUSSELL,2019.0,25235062.23547567,0.10694297254744697,1.0,44.0,ambiguous,0.5534714862737234,
subsetted_512x512_HLS.S30.T12TUM.2020191.v1.4,12TUM,2020-07-09,"POLYGON ((-112.60393602195848 41.728179521017715, -112.60738880456458 41.86647240240179, -112.79238457687259 41.86373352508859, -112.78853490077948 41.725453827630695, -112.60393602195848 41.728179521017715))",UT4180611268420200603,BAR H,2020.0,5914843.125655697,0.025062607694090144,1.0,36.0,matched,0.512531303847045,UT4180611268420200603
subsetted_512x512_HLS.S30.T12TUN.2018186.v1.4,12TUN,2018-07-05,"POLYGON ((-112.88150497234692 42.62906195939759, -112.88568499935843 42.767312581852536, -113.07330791508097 42.76406832925382, -113.06871267259909 42.6258332707345, -112.88150497234692 42.62906195939759))",ID4268911299220180609,RIM,2018.0,4096071.6522270483,0.0173587376188552,1.0,26.0,matched,0.5086793688094275,ID4268911299220180609
subsetted_512x512_HLS.S30.T12TUN.2018216.v1.4,12TUN,2018-08-04,"POLYGON ((-112.944750130277 42.415658396076935, -112.94903845260853 42.55390906709786, -113.13601350036488 42.550574938320494, -113.13131451769785 42.41234027255257, -112.944750130277 42.415658396076935))",ID4247711313220180717,NORTH HEGLAR,2018.0,9893088.48126502,0.04192785972907031,1.0,18.0,matched,0.5209639298645351,ID4247711313220180717
subsetted_512x512_HLS.S30.T12TUN.2018246.v1.4,12TUN,2018-09-03,"POLYGON ((-112.20689380759728 42.91371892164706, -112.20960221571802 43.05200671641134, -112.39815608388521 43.04985814295326, -112.39502579827995 42.91158065084606, -112.20689380759728 42.91371892164706))",ID4298011230820180816,ROSS FORK,2018.0,9767586.70914938,0.041378811484760136,1.0,18.0,matched,0.5206894057423801,ID4298011230820180816
subsetted_512x512_HLS.S30.T12TUN.2020216.v1.4,12TUN,2020-08-03,"POLYGON ((-112.28339840829942 42.77456739206102, -112.28626448896034 42.91285453042743, -112.47438754182745 42.910585876101955, -112.47110262692212 42.77230962002372, -112.28339840829942 42.77456739206102))",ID4284311240020200719,CHINESE PEAK,2020.0,6216485.587351755,0.02633606185909352,1.0,15.0,matched,0.5131680309295468,ID4284311240020200719
subsetted_512x512_HLS.S30.T12TUN.2021150.v1.4,12TUN,2021-05-30,"POLYGON ((-112.13181055960149 43.20840495830836, -112.13437679856223 43.34668931883958, -112.32384587760991 43.34465290991632, -112.32085129538123 43.20637830733508, -112.13181055960149 43.20840495830836))",ID4328311224320210421,LAVASIDE,2021.0,4209801.884402185,0.017833555168651965,1.0,39.0,matched,0.508916777584326,ID4328311224320210421
subsetted_512x512_HLS.S30.T12TUN.2021205.v1.4,12TUN,2021-07-24,"POLYGON ((-112.74363234531165 42.65717925541551, -112.74750998164319 42.79543976897075, -112.9352333033384 42.792420219700375, -112.93093971944279 42.65417419202599, -112.74363234531165 42.65717925541551))",ID4268511284420210614,COLD CREEK,2021.0,16382569.07336146,0.06942159978301106,1.0,40.0,matched,0.5347107998915055,ID4268511284420210614
subsetted_512x512_HLS.S30.T12TUP.2020241.v1.4,12TUP,2020-08-28,"POLYGON ((-112.9268287443104 43.67265213644335, -112.93126847063294 43.81087379984503, -113.1221208356995 43.80748799340024, -113.11724312943703 43.66928253237354, -112.9268287443104 43.67265213644335))",ID4369611305520200702,HOWE PEAK,2020.0,25505571.53622948,0.10809091936508976,1.0,57.0,matched,0.5540454596825449,ID4369611305520200702
subsetted_512x512_HLS.S30.T12TVK.2020188.v1.4,12TVK,2020-07-06,"POLYGON ((-111.80501023939333 40.175077140842305, -111.80665107156423 40.31344814137736, -111.98740066599592 40.31204653816834, -111.98539229773634 40.17368234030861, -111.80501023939333 40.175077140842305))",UT4020111189120200628,KNOLLS,2020.0,52376621.19481704,0.2218553300295472,1.0,8.0,matched,0.6109276650147736,UT4020111189120200628
subsetted_512x512_HLS.S30.T12TVK.2020228.v1.4,12TVK,2020-08-15,"POLYGON ((-111.43718914132357 39.73917306258646, -111.43806662156638 39.87756417656119, -111.61768190295878 39.87674670397124, -111.61644468736185 39.73835956892401, -111.43718914132357 39.73917306258646))",UT3979911153620200731,HOLLOW,2020.0,6149529.388908635,0.026045574077685846,1.0,15.0,matched,0.513022787038843,UT3979911153620200731
subsetted_512x512_HLS.S30.T12TVN.2018246.v1.4,12TVN,2018-09-03,"POLYGON ((-111.85329630001505 42.858817418896564, -111.85520759228963 42.99712195511627, -112.04361743151276 42.99555900144656, -112.04128523344058 42.857261961784104, -111.85329630001505 42.858817418896564))",ID4292911199020180813,CHESTERFIELD,2018.0,9694740.560912743,0.04106486678551195,1.0,21.0,matched,0.520532433392756,ID4292911199020180813
subsetted_512x512_HLS.S30.T12TVP.2018221.v1.4,12TVP,2018-08-09,"POLYGON ((-111.89599264979292 44.07082955216573, -111.89808637296105 44.20910308231872, -112.09031421234907 44.2074300003962, -112.08777254195734 44.069164475633535, -111.89599264979292 44.07082955216573))",ID4409311186520180726,GRASSY RIDGE,2018.0,196137364.19926304,0.8308027731316933,1.0,14.0,matched,0.9154013865658466,ID4409311186520180726
subsetted_512x512_HLS.S30.T12TVR.2018246.v1.4,12TVR,2018-09-03,"POLYGON ((-111.78885761974274 45.07765855742912, -111.79076692326885 45.21591143049949, -111.98636287590114 45.21438958835263, -111.98398147425185 45.0761439927182, -111.78885761974274 45.07765855742912))",MT4515311193120180811,WIGWAM,2018.0,17854953.084869944,0.07562769765354031,1.0,23.0,matched,0.5378138488267702,MT4515311193120180811
subsetted_512x512_HLS.S30.T12TVR.2020256.v1.4,12TVR,2020-09-12,"POLYGON ((-111.57685293319142 45.484533113241284, -111.5782690972664 45.62278221730483, -111.77528545943777 45.62161502328943, -111.7733869105101 45.4833715015966, -111.57685293319142 45.484533113241284))",MT4555711165420200823,BRADLEY CREEK,2020.0,7287241.495861033,0.030864770188632346,1.0,20.0,matched,0.5154323850943162,MT4555711165420200823
subsetted_512x512_HLS.S30.T12TVS.2019216.v1.4,12TVS,2019-08-04,"POLYGON ((-111.8423576427179 46.69845565878876, -111.84451512788029 46.83666731294032, -112.04590884790161 46.83500413857355, -112.0432370674409 46.696800450518744, -111.8423576427179 46.69845565878876))",MT4675311196320190726,NORTH HILLS,2019.0,16771326.003487887,0.0710383725115804,1.0,9.0,matched,0.5355191862557902,MT4675311196320190726
subsetted_512x512_HLS.S30.T12TVS.2020191.v1.4,12TVS,2020-07-09,"POLYGON ((-111.97030054500495 46.43609624579772, -111.97276301112313 46.57430936481766, -112.1731751379891 46.5724294609627, -112.17020560416783 46.43422534140536, -111.97030054500495 46.43609624579772))",MT4649511207120200613,LUMP GULCH,2020.0,4831487.774466827,0.0204655400016059,1.0,26.0,matched,0.5102327700008029,MT4649511207120200613
subsetted_512x512_HLS.S30.T12TVS.2020256.v1.4,12TVS,2020-09-12,"POLYGON ((-112.09288720901637 46.02269810445945, -112.0956209849654 46.160915915361194, -112.29451820064318 46.15883631969899, -112.29128845023418 46.020628457946465, -112.09288720901637 46.02269810445945))",MT4609911223320200829,STATE CREEK,2020.0,18402078.246955533,0.07795212261306841,1.0,14.0,matched,0.5389760613065342,MT4609911223320200829
subsetted_512x512_HLS.S30.T12TVT.2018196.v1.4,12TVT,2018-07-15,"POLYGON ((-111.2028891060736 47.56982677927047, -111.20342486475498 47.70803144170367, -111.40817877011713 47.707485803561866, -111.40710377969997 47.56928376068844, -111.2028891060736 47.56982677927047))",MT4763711129320180503,MTBLR-18-RX-WUI,2018.0,5800881.994049074,0.024567996307312465,1.0,73.0,matched,0.5122839981536562,MT4763711129320180503
subsetted_512x512_HLS.S30.T12TWK.2020268.v1.4,12TWK,2020-09-24,"POLYGON ((-110.49035838918562 40.50622099328011, -110.48930735153391 40.6445922634301, -110.67096742827978 40.64525275348783, -110.67164461895973 40.50687828359736, -110.49035838918562 40.50622099328011))",UT4060611070920200821,EAST FORK,2020.0,195985949.18556112,0.8300584226599618,1.0,34.0,matched,0.9150292113299809,UT4060611070920200821
subsetted_512x512_HLS.S30.T12TWQ.2020283.v1.4,12TWQ,2020-10-09,"POLYGON ((-110.68757452979577 44.32807575687351, -110.68683785481045 44.46635794841147, -110.87993908294871 44.46672415768142, -110.88022151610022 44.32844021413646, -110.68757452979577 44.32807575687351))",WY4438911082120200822,LONE STAR,2020.0,13551735.910742074,0.05739423586041713,1.0,48.0,matched,0.5286971179302086,WY4438911082120200822
subsetted_512x512_HLS.S30.T12TWT.2020276.v1.4,12TWT,2020-10-02,"POLYGON ((-109.7167714304655 47.05909414187819, -109.71344320900077 47.1972772437426, -109.91618865464363 47.1993748125649, -109.91899266216434 47.061181656651215, -109.7167714304655 47.05909414187819))",MT4712810977820200902,LOUSE CREEK,2020.0,21188293.956940897,0.08975365644577908,1.0,30.0,matched,0.5448768282228895,MT4712810977820200902
subsetted_512x512_HLS.S30.T12TXL.2018220.v1.4,12TXL,2018-08-08,"POLYGON ((-108.88550564261743 41.14032912395193, -108.8810472993451 41.278596016295594, -109.06434760785974 41.28182518253247, -109.06842089450147 41.14354270809283, -108.88550564261743 41.14032912395193))",WY4121410901620180728,LANEY RIM,2018.0,46900070.37153279,0.198770507124234,1.0,11.0,matched,0.599385253562117,WY4121410901620180728
subsetted_512x512_HLS.S30.T12TXL.2020250.v1.4,12TXL,2020-09-06,"POLYGON ((-109.17087760982946 40.92930499954648, -109.16704929414678 41.06760078551027, -109.34979178201698 41.07036342464911, -109.35323886452514 40.9320542915053, -109.17087760982946 40.92930499954648))",WY4100410927220200803,RICHARD MTN,2020.0,31572367.653944943,0.1337846637900064,1.0,34.0,matched,0.5668923318950032,WY4100410927220200803
subsetted_512x512_HLS.S30.T12TXM.2018220.v1.4,12TXM,2018-08-08,"POLYGON ((-108.7019439979347 41.44187340725316, -108.69704716438085 41.5801158956756, -108.88117615523147 41.58365823075218, -108.88568221301381 41.44539867519671, -108.7019439979347 41.44187340725316))",WY4152710878820180728,BLACK BUTTE,2018.0,12644138.64745144,0.05359479766790568,1.0,11.0,matched,0.5267973988339528,WY4152710878820180728
subsetted_512x512_HLS.S30.T12TXQ.2018248.v1.4,12TXQ,2018-09-05,"POLYGON ((-108.83480196772346 44.39089352921063, -108.82968659435379 44.52907712592331, -109.02287468941192 44.532586223604994, -109.02753547926073 44.39438585056734, -108.83480196772346 44.39089352921063))",WY4446210893620180812,POWERLINE,2018.0,7435535.340962654,0.0315117478598516,1.0,24.0,matched,0.5157558739299258,WY4446210893620180812
subsetted_512x512_HLS.S30.T12TXR.2020283.v1.4,12TXR,2020-10-09,"POLYGON ((-108.85377202121403 45.63027378484797, -108.848477357139 45.76842900435788, -109.04590096486915 45.771977525640025, -109.05071057980582 45.63380534269959, -108.85377202121403 45.63027378484797))",MT4569810891520200802,FALLING STAR,2020.0,9223906.81197612,0.03908923460785099,1.0,68.0,matched,0.5195446173039255,MT4569810891520200802
subsetted_512x512_HLS.S30.T12TXS.2020278.v1.4,12TXS,2020-10-04,"POLYGON ((-108.27845673339898 46.24500323676793, -108.2715981164234 46.38308434794761, -108.47114577681498 46.38767434407821, -108.47750412389937 46.24957128535455, -108.27845673339898 46.24500323676793))",MT4630410839320200902,BOBCAT,2020.0,117206162.25662005,0.49688610184350546,1.0,32.0,matched,0.7484430509217528,MT4630410839320200902
subsetted_512x512_HLS.S30.T12TXT.2018248.v1.4,12TXT,2018-09-05,"POLYGON ((-108.38117607185357 47.081418309337934, -108.37438031178401 47.219490739984415, -108.57706126459738 47.22395882205551, -108.58333373459106 47.08586498994364, -108.38117607185357 47.081418309337934))",MT4715410847520180825,PAYOLA,2018.0,6839523.576343004,0.02899251734573724,1.0,11.0,matched,0.5144962586728686,MT4715410847520180825
subsetted_512x512_HLS.S30.T12TYK.2018220.v1.4,12TYK,2018-08-08,"POLYGON ((-108.083608638785 40.13491755833751, -108.07767504630468 40.273123234530615, -108.25812600199535 40.27754340416528, -108.26369435335998 40.139316293334396, -108.083608638785 40.13491755833751))",CO4019210820120180720,INDIAN VALLEY,2018.0,25806452.72204763,0.10945071000411588,1.0,19.0,matched,0.5547253550020579,CO4019210820120180720
subsetted_512x512_HLS.S30.T12TYL.2018290.v1.4,12TYL,2018-10-17,"POLYGON ((-108.44968068523656 40.605663081839786, -108.44440432944566 40.743899815547934, -108.6261749351179 40.74778380153322, -108.63107689169273 40.60952827937388, -108.44968068523656 40.605663081839786))",CO4065310857420180913,BOONE DRAW,2018.0,35033299.609469235,0.1485300473310966,1.0,34.0,matched,0.5742650236655483,CO4065310857420180913
subsetted_512x512_HLS.S30.T12TYP.2018220.v1.4,12TYP,2018-08-08,"POLYGON ((-107.85545362016471 43.67722413945416, -107.84820920150153 43.815315117375064, -108.03893673837187 43.820420649525225, -108.04574437542134 43.68230525948183, -107.85545362016471 43.67722413945416))",WY4377310790720180728,ZIMMERMAN,2018.0,14790200.093143312,0.06273209487390961,1.0,11.0,matched,0.5313660474369548,WY4377310790720180728
subsetted_512x512_HLS.S30.T12TYP.2018245.v1.4,12TYP,2018-09-02,"POLYGON ((-107.69238427219504 43.71907410265684, -107.68475343940071 43.85714182354671, -107.87558480501225 43.862524095010556, -107.88277818405327 43.72443064460801, -107.69238427219504 43.71907410265684))",WY4381010781320180813,DENVER JAKE,2018.0,28219350.818508994,0.11971059822948958,1.0,20.0,matched,0.5598552991147447,WY4381010781320180813
subsetted_512x512_HLS.S30.T12TYP.2020215.v1.4,12TYP,2020-08-02,"POLYGON ((-107.78766746502576 43.70612879928294, -107.78025956966813 43.84420996683959, -107.97106710248997 43.849431547412166, -107.9780376759039 43.711325415669286, -107.78766746502576 43.70612879928294))",WY4385610791920200714,NEIBER,2020.0,70361631.12058017,0.2984557710056506,1.0,19.0,matched,0.6492278855028253,WY4385610791920200714
subsetted_512x512_HLS.S30.T12TYQ.2018185.v1.4,12TYQ,2018-07-04,"POLYGON ((-107.57742089396908 44.127303494666435, -107.56941181748797 44.26534496171762, -107.76153734114683 44.270959534768615, -107.76909984237743 44.13289124626958, -107.57742089396908 44.127303494666435))",WY4421310768820180614,WEINTZ,2018.0,8131013.841056344,0.034496225511788055,1.0,20.0,matched,0.517248112755894,WY4421310768820180614
subsetted_512x512_HLS.S30.T12TYS.2020248.v1.4,12TYS,2020-09-04,"POLYGON ((-107.59354942426799 46.31951641176725, -107.58494423133614 46.457507033612295, -107.78464134723905 46.463301849771845, -107.79274551971004 46.32528353348088, -107.59354942426799 46.31951641176725))",MT4637510768820200827,PATRIOT,2020.0,5026770.901238808,0.02132314019147174,1.0,8.0,matched,0.5106615700957359,MT4637510768820200827
subsetted_512x512_HLS.S30.T12TYS.2020278.v1.4,12TYS,2020-10-04,"POLYGON ((-107.5698417129816 46.660101980194035, -107.56107296164163 46.79808092660334, -107.76202203855617 46.80394883951242, -107.77028064308242 46.66594183325149, -107.5698417129816 46.660101980194035))",MT4674110768520200902,OIL,2020.0,13268659.518090766,0.05628465826779378,1.0,32.0,matched,0.5281423291338969,MT4674110768520200902
subsetted_512x512_HLS.S30.T12TYT.2018213.v1.4,12TYT,2018-08-01,"POLYGON ((-107.70410123824352 47.51560414447538, -107.69541925569236 47.65358146797515, -107.89965546355486 47.65928803952535, -107.90780302251058 47.521283365804386, -107.70410123824352 47.51560414447538))",MT4758010779320180720,WAWA,2018.0,9642983.505094927,0.04089768952692135,1.0,12.0,matched,0.5204488447634606,MT4758010779320180720
subsetted_512x512_HLS.S30.T12TYT.2019248.v1.4,12TYT,2019-09-05,"POLYGON ((-107.83675716626706 47.39704459378096, -107.82845879347511 47.535042883010085, -108.03225967588169 47.54050278302111, -108.04002676845595 47.40247833164751, -107.83675716626706 47.39704459378096))",MT4747210794120190812,LARK,2019.0,7223668.478598037,0.030633570822921504,1.0,24.0,matched,0.5153167854114608,MT4747210794120190812
subsetted_512x512_HLS.S30.T13REP.2018141.v1.4,13REP,2018-05-21,"POLYGON ((-104.12254549724216 30.51462897722217, -104.12129635049199 30.653218286098888, -104.28159917236168 30.654203167770678, -104.28262048895705 30.51560846290797, -104.12254549724216 30.51462897722217))",TX3054610425020180430,MCDANNALD,2018.0,74195108.8730755,0.31427393070094994,1.0,21.0,matched,0.6571369653504749,TX3054610425020180430
subsetted_512x512_HLS.S30.T13REP.2019241.v1.4,13REP,2019-08-29,"POLYGON ((-104.43980727912533 30.036391487594198, -104.43902488300319 30.175000621076123, -104.59855766292019 30.175585784824804, -104.599117574922 30.036973414474165, -104.43980727912533 30.036391487594198))",TX3009510451420190718,PETAN,2019.0,5365905.205960448,0.022726698187082294,1.0,42.0,matched,0.5113633490935412,TX3009510451420190718
subsetted_512x512_HLS.S30.T13SBS.2020217.v1.4,13SBS,2020-08-04,"POLYGON ((-107.10768311198974 32.442042124972986, -107.1109180676893 32.58051175086141, -107.27445125546446 32.57765711910507, -107.27096619380687 32.43920259028207, -107.10768311198974 32.442042124972986))",NM3250010718420200606,UVAS,2020.0,4958757.705535925,0.02102311313052646,1.0,59.0,matched,0.5105115565652633,NM3250010718420200606
subsetted_512x512_HLS.S30.T13SBT.2019237.v1.4,13SBT,2019-08-25,"POLYGON ((-107.30741969502687 33.552006508515774, -107.311114235252 33.69043277256014, -107.4766949423225 33.687223022127256, -107.47273634140284 33.54881343689105, -107.30741969502687 33.552006508515774))",NM3361010740620190713,ROBERTS,2019.0,17160447.249119397,0.07276562659722458,1.0,43.0,matched,0.5363828132986123,NM3361010740620190713
subsetted_512x512_HLS.S30.T13SCR.2018214.v1.4,13SCR,2018-08-02,"POLYGON ((-106.4514266631518 32.38853899726936, -106.45365004990045 32.52705933063828, -106.61714835622854 32.525063044567105, -106.61467514720516 32.38655328204191, -106.4514266631518 32.38853899726936))",NM3242610655220180624,ORGAN,2018.0,19749575.77678697,0.08368562751061248,1.0,39.0,matched,0.5418428137553062,NM3242610655220180624
subsetted_512x512_HLS.S30.T13SDS.2018214.v1.4,13SDS,2018-08-02,"POLYGON ((-104.92584124405043 32.453437118282835, -104.92572734667321 32.59200058133192, -105.08940422669387 32.59199072568467, -105.08926712506404 32.453427314785436, -104.92584124405043 32.453437118282835))",NM3250810502620180615,CROOKED CREEK,2018.0,26816795.060126748,0.11357355054330932,1.0,48.0,matched,0.5567867752716547,NM3250810502620180615
subsetted_512x512_HLS.S30.T13SDT.2018134.v1.4,13SDT,2018-05-14,"POLYGON ((-105.44796757354777 33.52048333575365, -105.44868417122551 33.65901892397186, -105.6143449749205 33.658306632885484, -105.61336383383195 33.519774750687304, -105.44796757354777 33.52048333575365))",NM3358510552620180412,246,2018.0,14465613.60404765,0.0612679278449481,1.0,32.0,matched,0.5306339639224741,NM3358510552620180412
subsetted_512x512_HLS.S30.T13SDT.2019184.v1.4,13SDT,2019-07-03,"POLYGON ((-105.63696704018372 33.742340746069296, -105.63799454047351 33.88086700386613, -105.80407654255727 33.87989517109226, -105.80278162741136 33.741373952928555, -105.63696704018372 33.742340746069296))",NM3380810573920190526,LONE MOUNTAIN,2019.0,13933855.00179805,0.05901864418356407,1.0,37.0,matched,0.529509322091782,NM3380810573920190526
subsetted_512x512_HLS.S30.T13SDT.2020249.v1.4,13SDT,2020-09-05,"POLYGON ((-105.54921534522029 33.59259182630498, -105.55009630047475 33.73112365605348, -105.71589240042739 33.730273784276335, -105.7147459786947 33.591746371542065, -105.54921534522029 33.59259182630498))",NM3366710562920200804,DARK CANYON,2020.0,8306066.090244288,0.03518054262221487,1.0,32.0,matched,0.5175902713111075,NM3366710562920200804
subsetted_512x512_HLS.S30.T13SDU.2018219.v1.4,13SDU,2018-08-07,"POLYGON ((-105.07548743953855 34.62057337898264, -105.07561328841687 34.75908823884244, -105.24344768541462 34.75886836020293, -105.24304250153169 34.620354626674455, -105.07548743953855 34.62057337898264))",NM3470710514020180721,VAUGHN,2018.0,11069860.864789518,0.04688293094398727,1.0,17.0,matched,0.5234414654719937,NM3470710514020180721
subsetted_512x512_HLS.S30.T13SDV.2020269.v1.4,13SDV,2020-09-25,"POLYGON ((-105.76900281011196 35.746727271820184, -105.7703393738356 35.885203896517176, -105.94049774120329 35.88399200630455, -105.93886604343042 35.745521501161626, -105.76900281011196 35.746727271820184))",NM3583110586320200818,MEDIO,2020.0,17122266.47581133,0.07252627600729497,1.0,38.0,matched,0.5362631380036474,NM3583110586320200818
subsetted_512x512_HLS.S30.T13SEA.2018144.v1.4,13SEA,2018-05-24,"POLYGON ((-104.60691940439986 36.17292308764683, -104.60622543567462 36.31139910630159, -104.77732360413405 36.31184024497886, -104.77771604633274 36.17336200952579, -104.60691940439986 36.17292308764683))",NM3623610471320180404,CHARETTE,2018.0,4685533.573077721,0.01984438054578076,1.0,50.0,matched,0.5099221902728904,NM3623610471320180404
subsetted_512x512_HLS.S30.T13SEA.2020214.v1.4,13SEA,2020-08-01,"POLYGON ((-104.14361153674582 36.107758159387785, -104.14210326113067 36.24622342327482, -104.31304687434505 36.24732721469521, -104.31425467713116 36.108856400410396, -104.14361153674582 36.107758159387785))",NM3613910422420200606,K107,2020.0,5299405.384389384,0.02244651912363455,1.0,56.0,matched,0.5112232595618172,NM3613910422420200606
subsetted_512x512_HLS.S30.T13SEB.2018189.v1.4,13SEB,2018-07-08,"POLYGON ((-103.8512158029466 36.952324169734375, -103.84912938402567 37.09075734982181, -104.0219375491057 37.09230862862127, -104.02371081539593 36.953867719507144, -103.8512158029466 36.952324169734375))",NM3698710394020180607,EMERY GAP,2018.0,5484294.836953231,0.023232014607856066,1.0,31.0,matched,0.511616007303928,NM3698710394020180607
subsetted_512x512_HLS.S30.T13SEC.2018164.v1.4,13SEC,2018-06-13,"POLYGON ((-104.22895064020011 38.42930032654506, -104.22747366165004 38.56771409213474, -104.40377857396386 38.568744889735164, -104.40491853417933 38.43032605771285, -104.22895064020011 38.42930032654506))",CO3846910432320180527,TEST CENTER,2018.0,9260494.04485121,0.03922314957971263,1.0,17.0,matched,0.5196115747898563,CO3846910432320180527
subsetted_512x512_HLS.S30.T13SER.2018156.v1.4,13SER,2018-06-05,"POLYGON ((-104.64260565406241 32.1576845819966, -104.64206297615941 32.2962519609857, -104.80520463638797 32.29660907795322, -104.80549997624892 32.15803979996547, -104.64260565406241 32.1576845819966))",NM3221210467920180522,KELLAR,2018.0,20435081.202259578,0.08654738470141478,1.0,14.0,matched,0.5432736923507074,NM3221210467920180522
subsetted_512x512_HLS.S30.T13SEV.2020154.v1.4,13SEV,2020-06-02,"POLYGON ((-104.32250914054188 35.84546222738593, -104.32132734234386 35.98393937650844, -104.49170951888519 35.98478219920515, -104.49259466045528 35.84630079893208, -104.32250914054188 35.84546222738593))",NM3592510438120200501,MOORE,2020.0,27069925.106651,0.11465367984683542,1.0,32.0,matched,0.5573268399234177,NM3592510438120200501
subsetted_512x512_HLS.S30.T13SFA.2018134.v1.4,13SFA,2018-05-14,"POLYGON ((-103.00646747481784 36.89085290055055, -103.00285538248744 37.02923129006397, -103.17545903798012 37.03201177703195, -103.17875939545671 36.89361953076419, -103.00646747481784 36.89085290055055))",NM3692110306120180308,STATELINE,2018.0,106292239.02625206,0.45048570522373216,1.0,67.0,matched,0.725242852611866,NM3692110306120180308
subsetted_512x512_HLS.S30.T13SFA.2018184.v1.4,13SFA,2018-07-03,"POLYGON ((-102.90395803758402 36.786340376585784, -102.90017467860376 36.9247123259517, -103.07253196417543 36.92763531082588, -103.07600526693003 36.789248779622774, -102.90395803758402 36.786340376585784))",NM3690210301720180609,APPLE NM,2018.0,15296356.76802229,0.06483396374224257,1.0,24.0,matched,0.5324169818711213,NM3690210301720180609
subsetted_512x512_HLS.S30.T13SFA.2019244.v1.4,13SFA,2019-09-01,"POLYGON ((-103.01624939994721 36.47189575417523, -103.01270939619965 36.61028473075384, -103.18437567372766 36.61302486684091, -103.18761031240416 36.47462217369622, -103.01624939994721 36.47189575417523))",NM3655410312720190805,K49,2019.0,8275161.160662741,0.03507165660727112,1.0,27.0,matched,0.5175358283036355,NM3655410312720190805
subsetted_512x512_HLS.S30.T13SFA.2020154.v1.4,13SFA,2020-06-02,"POLYGON ((-103.11713809652959 36.88049088660506, -103.11372773766084 37.01887860481194, -103.28631863663934 37.021497196141745, -103.28941734311711 36.88309642577405, -103.11713809652959 36.88049088660506))",NM3694510319920200523,SLOAN CANYON,2020.0,4974304.421743658,0.021080313268969496,1.0,10.0,matched,0.5105401566344847,NM3694510319920200523
subsetted_512x512_HLS.S30.T13SFB.2019109.v1.4,13SFB,2019-04-19,"POLYGON ((-103.44639061914253 37.175666713205125, -103.44354618403213 37.31407149303772, -103.61683772047142 37.31622433597637, -103.61936572437976 37.17780885578125, -103.44639061914253 37.175666713205125))",CO3724710353720190314,VILLEGREEN NORTH RX - COMANCHE RD,2019.0,4071622.8266798486,0.017251202479617353,1.0,36.0,matched,0.5086256012398087,CO3724710353720190314
subsetted_512x512_HLS.S30.T13SFB.2020189.v1.4,13SFB,2020-07-07,"POLYGON ((-103.29038809719727 36.975317599156845, -103.28728076676848 37.11371628489673, -103.46010210964336 37.116087441302874, -103.4628962141076 36.97767694715469, -103.29038809719727 36.975317599156845))",CO3702010334020200607,DEER CANYON,2020.0,13816334.194029396,0.05854456326213465,1.0,30.0,matched,0.5292722816310673,CO3702010334020200607
subsetted_512x512_HLS.S30.T13SFC.2019154.v1.4,13SFC,2019-06-03,"POLYGON ((-103.08979500520897 38.003724926850076, -103.08619190981469 38.14208407732971, -103.26139300462854 38.14480884869163, -103.26466667606884 38.00643626269904, -103.08979500520897 38.003724926850076))",CO3806310318920190404,BLACK BRIDGE,2019.0,6843599.451491147,0.029002063124277673,1.0,60.0,matched,0.5145010315621389,CO3806310318920190404
subsetted_512x512_HLS.S30.T13SFC.2020124.v1.4,13SFC,2020-05-03,"POLYGON ((-103.29375339424091 37.989829462321666, -103.29053649798617 38.12820456004515, -103.4657228999866 38.13062378937191, -103.46861045995361 37.99223675996068, -103.29375339424091 37.989829462321666))",CO3805510340720200411,BENT FORT,2020.0,5820831.654813522,0.024664456020106862,1.0,22.0,matched,0.5123322280100534,CO3805510340720200411
subsetted_512x512_HLS.S30.T13SFC.2020184.v1.4,13SFC,2020-07-02,"POLYGON ((-102.59594825642004 38.44555722600305, -102.59134172608532 38.58386082273833, -102.7675567457983 38.587356467699294, -102.77182697442878 38.44903570498377, -102.59594825642004 38.44555722600305))",CO3844710247720200615,COUNTY RD T,2020.0,5547194.033178759,0.023516933770062014,1.0,17.0,matched,0.511758466885031,CO3844710247720200615
subsetted_512x512_HLS.S30.T13SFR.2020216.v1.4,13SFR,2020-08-03,"POLYGON ((-103.72686368723588 32.052737448239355, -103.72493850153221 32.19127545973767, -103.8878600956107 32.192813288884764, -103.88953942213361 32.054267086962234, -103.72686368723588 32.052737448239355))",NM3212110384520200729,WALKER,2020.0,9423833.439966865,0.03992395565861791,1.0,5.0,matched,0.519961977829309,NM3212110384520200729
subsetted_512x512_HLS.S30.T13SFR.2020251.v1.4,13SFR,2020-09-07,"POLYGON ((-103.00931926041282 31.584849605614668, -103.00636366112033 31.723348152957964, -103.16840670887815 31.725780244083595, -103.1711224177998 31.58726864160371, -103.00931926041282 31.584849605614668))",TX3166310307120200827,SANDS,2020.0,5193657.221417906,0.0220138228459284,1.0,11.0,matched,0.5110069114229642,TX3166310307120200827
subsetted_512x512_HLS.S30.T13SFS.2018136.v1.4,13SFS,2018-05-16,"POLYGON ((-103.64453907698183 33.095308468436755, -103.64240569276791 33.23381885833493, -103.80722860395453 33.23550871430843, -103.8091031377541 33.09698947680033, -103.64453907698183 33.095308468436755))",NM3316110373620180331,GOOD,2018.0,18338961.339502316,0.07769557263065574,1.0,46.0,matched,0.5388477863153278,NM3316110373620180331
subsetted_512x512_HLS.S30.T13SFT.2018136.v1.4,13SFT,2018-05-16,"POLYGON ((-103.05933075552099 33.540176177932054, -103.05622458480065 33.6786357330886, -103.22184554619818 33.6811306210184, -103.22468740809656 33.5426580954753, -103.05933075552099 33.540176177932054))",NM3349810333820180412,206,2018.0,100923082.1410404,0.42773971310433545,1.0,34.0,matched,0.7138698565521677,NM3349810333820180412
subsetted_512x512_HLS.S30.T13SFT.2019096.v1.4,13SFT,2019-04-06,"POLYGON ((-103.75744831194885 33.49882714932041, -103.7554624107518 33.637334743188994, -103.92105684773938 33.63889069284826, -103.92277864510166 33.500375002261535, -103.75744831194885 33.49882714932041))",NM3360110379320190319,1 2019 SAND RANCH RX LD05,2019.0,5705468.368570146,0.024170518141010424,1.0,18.0,matched,0.5120852590705052,NM3360110379320190319
subsetted_512x512_HLS.S30.T13SGB.2018136.v1.4,13SGB,2018-05-16,"POLYGON ((-102.23381382843257 37.7255732377271, -102.2286491506561 37.86385418416642, -102.4030877690629 37.867833668774786, -102.40792828215095 37.729533062226004, -102.23381382843257 37.7255732377271))",CO3773310232920180304,RABBIT 22,2018.0,42058053.91813527,0.17836758900310956,1.0,73.0,matched,0.5891837945015548,CO3773310232920180304
subsetted_512x512_HLS.S30.T13SGB.2019076.v1.4,13SGB,2019-03-17,"POLYGON ((-102.39648100970768 36.98124325794986, -102.39174885634992 37.11956014749122, -102.56448688744386 37.12323690834603, -102.5689064221293 36.98490172002687, -102.39648100970768 36.98124325794986))",CO3699510252520190213,C34,2019.0,15712841.772150856,0.06662883779181657,1.0,32.0,matched,0.5333144188959082,CO3699510252520190213
subsetted_512x512_HLS.S30.T13TBE.2018220.v1.4,13TBE,2018-08-08,"POLYGON ((-107.49576814020611 39.855046935080594, -107.50079645792663 39.99330747968104, -107.68053369117894 39.98928736869643, -107.67514499492145 39.85104635761347, -107.49576814020611 39.855046935080594))",CO3991610764020180729,CABIN LAKE,2018.0,23330796.11007026,0.09892886143469626,1.0,10.0,matched,0.5494644307173482,CO3991610764020180729
subsetted_512x512_HLS.S30.T13TCG.2020247.v1.4,13TCG,2020-09-03,"POLYGON ((-106.90064065995765 42.12542233894986, -106.90478935013523 42.26368362038149, -107.09090976383041 42.260440258628996, -107.08635638333114 42.122194562815174, -106.90064065995765 42.12542233894986))",WY4217810703820200807,BRADLEY,2020.0,7707517.476908529,0.03266442387570094,1.0,27.0,matched,0.5163322119378505,WY4217810703820200807
subsetted_512x512_HLS.S30.T13TCG.2020277.v1.4,13TCG,2020-10-03,"POLYGON ((-106.47874893687292 41.75850048849551, -106.48193568271003 41.89680080251976, -106.667030842707 41.89426243455773, -106.66344649232366 41.755974338514186, -106.47874893687292 41.75850048849551))",WY4183110664420200905,RR 316,2020.0,57771225.90384147,0.2447733863411341,1.0,28.0,matched,0.622386693170567,WY4183110664420200905
subsetted_512x512_HLS.S30.T13TCJ.2020200.v1.4,13TCJ,2020-07-18,"POLYGON ((-106.24328510650814 43.87418317997906, -106.24617038584682 44.01244577538206, -106.43773721231811 44.01019548716439, -106.43440874146508 43.87194366053006, -106.24328510650814 43.87418317997906))",WY4389210640120200614,RENO,2020.0,43573793.307779856,0.1845946934027055,1.0,34.0,matched,0.5922973467013528,WY4389210640120200614
subsetted_512x512_HLS.S30.T13TCJ.2020230.v1.4,13TCJ,2020-08-17,"POLYGON ((-106.55465775876479 43.88711734424179, -106.55826710652259 44.02536120105964, -106.74984733363878 44.02258705771544, -106.74579475667892 43.884356474445305, -106.55465775876479 43.88711734424179))",WY4391910664520200716,25,2020.0,8721018.25557865,0.03695091195923333,1.0,32.0,matched,0.5184754559796166,WY4391910664520200716
subsetted_512x512_HLS.S30.T13TCK.2020215.v1.4,13TCK,2020-08-02,"POLYGON ((-106.32486303476018 44.38537000923667, -106.32799294596708 44.523615753442165, -106.52122016588868 44.52120514889233, -106.51763524207193 44.382970933384456, -106.32486303476018 44.38537000923667))",WY4446910642920200723,DOUBLE CROSS,2020.0,4593591.21829768,0.019460745207683868,1.0,10.0,matched,0.5097303726038419,WY4446910642920200723
subsetted_512x512_HLS.S30.T13TCK.2020245.v1.4,13TCK,2020-09-01,"POLYGON ((-106.40018468442287 44.84143822836537, -106.40354556201979 44.97966854798769, -106.59829141612809 44.977108577479676, -106.59446466019257 44.83889049730616, -106.40018468442287 44.84143822836537))",WY4498410652920200817,WADDLE CREEK,2020.0,101077681.76966617,0.42822799919038057,1.0,15.0,matched,0.7141139995951903,WY4498410652920200817
subsetted_512x512_HLS.S30.T13TCL.2020245.v1.4,13TCL,2020-09-01,"POLYGON ((-106.97536407690629 45.835067349897145, -106.98027236171578 45.97323248172574, -107.17840638507705 45.9696259838063, -107.17300790747377 45.83147809509096, -106.97536407690629 45.835067349897145))",MT4589610704320200803,HORSE CREEK 2,2020.0,6435291.09064534,0.02727190700920418,1.0,29.0,matched,0.5136359535046021,MT4589610704320200803
subsetted_512x512_HLS.S30.T13TCL.2020280.v1.4,13TCL,2020-10-06,"POLYGON ((-107.12684686909616 45.88716156585984, -107.13214100191584 46.025312297890046, -107.33044068674036 46.0214390220875, -107.32465520966583 45.883306807757734, -107.12684686909616 45.88716156585984))",MT4599210727920200923,GASS FLATS,2020.0,39195772.13852808,0.16612229293277253,1.0,13.0,matched,0.5830611464663863,MT4599210727920200923
subsetted_512x512_HLS.S30.T13TCM.2020215.v1.4,13TCM,2020-08-02,"POLYGON ((-106.38121080384262 46.28472299215714, -106.38469743371284 46.42291936110851, -106.58452072871364 46.42032483890213, -106.58053142827957 46.28214088545761, -106.38121080384262 46.28472299215714))",MT4635510649020200715,BLACK BUTTE,2020.0,5659719.516316946,0.023977507429073522,1.0,18.0,matched,0.5119887537145368,MT4635510649020200715
subsetted_512x512_HLS.S30.T13TCM.2020250.v1.4,13TCM,2020-09-06,"POLYGON ((-106.93264737274828 46.68145258056456, -106.93759365185255 46.81960069982413, -107.138819915152 46.81601595375129, -107.13336085295595 46.67788499521613, -106.93264737274828 46.68145258056456))",MT4675110703320200807,ACORN FLATS,2020.0,21671623.96189254,0.09183743083771916,1.0,30.0,matched,0.5459187154188596,MT4675110703320200807
subsetted_512x512_HLS.S30.T13TCN.2020278.v1.4,13TCN,2020-10-04,"POLYGON ((-106.7316038913648 47.24972569802321, -106.7361247849222 47.38787561322082, -106.93952846751453 47.38461355218301, -106.93447867186616 47.24647927553426, -106.7316038913648 47.24972569802321))",MT4738010691520200902,HUFF,2020.0,143521237.38383812,0.6081233985674025,1.0,32.0,matched,0.8040616992837013,MT4738010691520200902
subsetted_512x512_HLS.S30.T13TDE.2020247.v1.4,13TDE,2020-09-03,"POLYGON ((-105.91965597586672 39.765545724825586, -105.92150347848383 39.903922349481554, -106.10116617372802 39.90235539975066, -106.09895863165677 39.763986399816936, -105.91965597586672 39.765545724825586))",CO3985110606520200814,WILLIAMS FORK,2020.0,56531999.73942317,0.23946637971148899,1.0,20.0,matched,0.6197331898557445,CO3985110606520200814
subsetted_512x512_HLS.S30.T13TDF.2018222.v1.4,13TDF,2018-08-10,"POLYGON ((-106.00119326965755 40.978383001240026, -106.0032926230135 41.11672719452371, -106.1862162792032 41.11498882683826, -106.18373436600453 40.97665303248981, -106.00119326965755 40.978383001240026))",WY4102310619920180610,BADGER CREEK,2018.0,81444650.20131432,0.34500321062442385,1.0,61.0,matched,0.6725016053122119,WY4102310619920180610
subsetted_512x512_HLS.S30.T13TDK.2020280.v1.4,13TDK,2020-10-06,"POLYGON ((-105.63790884041812 44.560344345769494, -105.63942519619162 44.698614349542304, -105.83327942670556 44.69736442151581, -105.83130347223852 44.559100396086045, -105.63790884041812 44.560344345769494))",WY4466210575120200903,HORSE CREEK BUTTE FIRE,2020.0,13735452.688621998,0.05817675799586841,1.0,33.0,matched,0.5290883789979342,WY4466210575120200903
subsetted_512x512_HLS.S30.T13TDL.2019150.v1.4,13TDL,2019-05-30,"POLYGON ((-105.70892453213797 45.912589687347776, -105.71069111235387 46.050824798524864, -105.90921739199635 46.04941787310784, -105.90695747778275 45.91118949288383, -105.70892453213797 45.912589687347776))",MT4598010579920190425,PINE RIDGE RX,2019.0,5890183.245521546,0.02494829570451716,1.0,35.0,matched,0.5124741478522585,MT4598010579920190425
subsetted_512x512_HLS.S30.T13TDL.2020307.v1.4,13TDL,2020-11-02,"POLYGON ((-105.51132198837465 45.32714267082878, -105.51257040432668 45.46539710854717, -105.70904054927874 45.464346492633204, -105.70731369470809 45.326097079466315, -105.51132198837465 45.32714267082878))",MT4541710565520201006,BURLEY,2020.0,14264017.2555805,0.0604138296440255,1.0,27.0,matched,0.5302069148220128,MT4541710565520201006
subsetted_512x512_HLS.S30.T13TDM.2020250.v1.4,13TDM,2020-09-06,"POLYGON ((-105.63762295209156 46.13765786244572, -105.6392243984577 46.27588953582314, -105.83856542338334 46.27460123576012, -105.83646469394331 46.13637572754249, -105.63762295209156 46.13765786244572))",MT4620510572420200806,PUMPKIN,2020.0,5419900.725926572,0.0229559928713849,1.0,31.0,matched,0.5114779964356925,MT4620510572420200806
subsetted_512x512_HLS.S30.T13TEF.2019109.v1.4,13TEF,2019-04-19,"POLYGON ((-103.90307619552078 40.606729362470126, -103.90080607122701 40.74507824723388, -104.0827172164554 40.74666747461532, -104.08461178713502 40.60831089618467, -103.90307619552078 40.606729362470126))",CO4069910400320190319,KEOTA,2019.0,4632356.7951056305,0.01962229203118164,1.0,31.0,matched,0.5098111460155909,CO4069910400320190319
subsetted_512x512_HLS.S30.T13TEG.2019157.v1.4,13TEG,2019-06-06,"POLYGON ((-103.66960918045349 42.23180029163523, -103.66669410218114 42.37009797830944, -103.85320596593267 42.372115532064214, -103.85571349809935 42.23380815042271, -103.66960918045349 42.23180029163523))",NE4230710373320190405,CUTACROSS,2019.0,5955468.792839812,0.025228859308013944,1.0,62.0,matched,0.5126144296540069,NE4230710373320190405
subsetted_512x512_HLS.S30.T13TEL.2020307.v1.4,13TEL,2020-11-02,"POLYGON ((-104.30733002694535 45.64185789680417, -104.30562018466597 45.78010006840507, -104.50319685046513 45.781129998306085, -104.50442023781339 45.64288290028356, -104.30733002694535 45.64185789680417))",MT4571210446620201012,BOXELDER,2020.0,13942357.316608116,0.05905127147190269,1.0,21.0,matched,0.5295256357359513,MT4571210446620201012
subsetted_512x512_HLS.S30.T13TEN.2018245.v1.4,13TEN,2018-09-02,"POLYGON ((-104.65228935377883 47.29305763956659, -104.65138003438233 47.43126731936632, -104.85506100236796 47.43170573013214, -104.85543906023901 47.29349394724417, -104.65228935377883 47.29305763956659))",MT4736310474020180809,WHEAT - DAWSON,2018.0,5597502.093395932,0.02370653384752682,1.0,24.0,matched,0.5118532669237634,MT4736310474020180809
subsetted_512x512_HLS.S30.T13TFH.2020204.v1.4,13TFH,2020-07-22,"POLYGON ((-102.52168733217049 43.05722022771031, -102.51609907260682 43.19540544453106, -102.70498759004562 43.19935272682162, -102.71015183363848 43.06114860099118, -102.52168733217049 43.05722022771031))",SD4311610262120200616,WILSON ROAD,2020.0,6642401.910260082,0.02815776392407575,1.0,36.0,matched,0.5140788819620379,SD4311610262120200616
subsetted_512x512_HLS.S30.T13TFJ.2018319.v1.4,13TFJ,2018-11-15,"POLYGON ((-102.4770091570882 43.64024442780432, -102.47120313819048 43.778410781413996, -102.66191123639624 43.782473625547524, -102.66728040587132 43.64428783406308, -102.4770091570882 43.64024442780432))",SD4373610251320181026,HECK TABLE RX,2018.0,8819737.568117343,0.0373882906016894,1.0,20.0,matched,0.5186941453008447,SD4373610251320181026
subsetted_512x512_HLS.S30.T13TFJ.2020264.v1.4,13TFJ,2020-09-20,"POLYGON ((-102.62106528756206 43.2400475515493, -102.61566658834637 43.37823854420648, -102.80513499882693 43.38203366323221, -102.81010556949697 43.24382449707436, -102.62106528756206 43.2400475515493))",SD4327410271120200806,#6,2020.0,5854760.403039085,0.024816866926918896,1.0,45.0,matched,0.5124084334634594,SD4327410271120200806
subsetted_512x512_HLS.S30.T13TGH.2020304.v1.4,13TGH,2020-10-30,"POLYGON ((-101.40557859960036 42.70262715374122, -101.3975763338414 42.840677639922454, -101.58519407058444 42.84643393410221, -101.59278159416532 42.708355874346125, -101.40557859960036 42.70262715374122))",NE4280510153220200928,ADAMSON CA,2020.0,16889582.014089316,0.07167498500464033,1.0,32.0,matched,0.5358374925023202,NE4280510153220200928
subsetted_512x512_HLS.S30.T13UCP.2020248.v1.4,13UCP,2020-09-04,"POLYGON ((-106.8340549148039 47.76886627947432, -106.83893108881793 47.90699591268334, -107.04434743238151 47.90352139463746, -107.03892744405357 47.765408443536934, -106.8340549148039 47.76886627947432))",MT4783310693320200821,HILL,2020.0,12843879.959548933,0.05442408056785015,1.0,14.0,matched,0.5272120402839251,MT4783310693320200821
subsetted_512x512_HLS.S30.T13UDP.2018290.v1.4,13UDP,2018-10-17,"POLYGON ((-105.16400523318272 48.27033008755093, -105.16444908978015 48.40851811555881, -105.37200028775051 48.40803429751166, -105.37099626234712 48.26984859801311, -105.16400523318272 48.27033008755093))",MT4835010534020180831,BUFFALO PASTURE,2018.0,30854449.944145117,0.13067487082869092,1.0,47.0,matched,0.5653374354143454,MT4835010534020180831
subsetted_512x512_HLS.S30.T13UDP.2020255.v1.4,13UDP,2020-09-11,"POLYGON ((-105.80449646867598 48.14779343784022, -105.8066643029909 48.28597131666777, -106.0136922875938 48.28433271886182, -106.01096829273258 48.14616272157243, -105.80449646867598 48.14779343784022))",MT4818110588720200824,SAGE,2020.0,10317071.498471042,0.0436993705439964,1.0,18.0,matched,0.5218496852719982,MT4818110588720200824
subsetted_512x512_HLS.S30.T13UEP.2018135.v1.4,13UEP,2018-05-15,"POLYGON ((-104.24270822421545 48.40209504050633, -104.24064926777181 48.54026833800998, -104.44873059816528 48.54145274829808, -104.45022543085413 48.403273747744976, -104.24270822421545 48.40209504050633))",MT4845010432620180427,MTMLR-FY18-RX-WUI DEEP LAKE,2018.0,8450749.635897202,0.03579235485366251,1.0,18.0,matched,0.5178961774268313,MT4845010432620180427
subsetted_512x512_HLS.S30.T14RKU.2020158.v1.4,14RKU,2020-06-06,"POLYGON ((-101.38387663183549 30.23870062428181, -101.38723230374411 30.37719156111471, -101.54694644094815 30.374174460805452, -101.54336683490979 30.235700131258042, -101.38387663183549 30.23870062428181))",TX3029010150020200419,HOLCOMBE RD,2020.0,104034049.72618191,0.4412129159763717,1.0,48.0,matched,0.7206064579881859,TX3029010150020200419
subsetted_512x512_HLS.S30.T14RKV.2018143.v1.4,14RKV,2018-05-23,"POLYGON ((-101.29160848130984 30.916058862816385, -101.29492243708077 31.054544514003812, -101.45576767219079 31.051581465799842, -101.45222199905102 30.913111912328226, -101.29160848130984 30.916058862816385))",TX3097610133020180413,CR 205,2018.0,16088257.961095518,0.06822286075243668,1.0,40.0,matched,0.5341114303762183,TX3097610133020180413
subsetted_512x512_HLS.S30.T14RKV.2018193.v1.4,14RKV,2018-07-12,"POLYGON ((-101.19561716413163 30.821929787965963, -101.19878057321685 30.960426593242843, -101.35947898544346 30.957591215290574, -101.35608488188247 30.819109842665654, -101.19561716413163 30.821929787965963))",TX3086610127820180604,MONDAY,2018.0,7741446.896460738,0.03282466858121581,1.0,38.0,matched,0.516412334290608,TX3086610127820180604
subsetted_512x512_HLS.S30.T14RKV.2020268.v1.4,14RKV,2020-09-24,"POLYGON ((-101.85622042355759 30.769545244191686, -101.86032639353753 30.907972385691014, -102.02085161299604 30.90432034298161, -102.01651604074955 30.765913088726595, -101.85622042355759 30.769545244191686))",TX3086010191020200831,SMITH CANYON,2020.0,34778047.51077413,0.14757811312350663,1.0,24.0,matched,0.5737890565617533,TX3086010191020200831
subsetted_512x512_HLS.S30.T14RLT.2020273.v1.4,14RLT,2020-09-29,"POLYGON ((-100.78858243713545 29.26290536682492, -100.79100304278336 29.401469471680766, -100.9492325896561 29.399248563700112, -100.94659844707544 29.260696938442724, -100.78858243713545 29.26290536682492))",TX2932610087120200827,MOODY,2020.0,4340522.898133963,0.01839777856708063,1.0,33.0,matched,0.5091988892835403,TX2932610087120200827
subsetted_512x512_HLS.S30.T14RLU.2019293.v1.4,14RLU,2019-10-20,"POLYGON ((-100.20143428024355 30.588378463248805, -100.20314961391362 30.726951908935497, -100.36354743556319 30.725365833919813, -100.36160358447896 30.586801064471175, -100.20143428024355 30.588378463248805))",TX3064710027020190914,POWERS RANCH,2019.0,5825129.052713966,0.024679576296482708,1.0,36.0,matched,0.5123397881482413,TX3064710027020190914
subsetted_512x512_HLS.S30.T14RLU.2020193.v1.4,14RLU,2020-07-11,"POLYGON ((-100.84683325135725 30.570534316431196, -100.8494679121171 30.709066403588594, -101.00978456337359 30.706683123991215, -101.00692188245857 30.568164074485612, -100.84683325135725 30.570534316431196))",TX3065310092220200611,ARROYO GRANDE,2020.0,19643853.992146727,0.0832650989219011,1.0,30.0,matched,0.5416325494609505,TX3065310092220200611
subsetted_512x512_HLS.S30.T14RLU.2020278.v1.4,14RLU,2020-10-04,"POLYGON ((-100.80308714691925 30.26720195793867, -100.80562847916615 30.40574388153816, -100.96545151039582 30.403435713145726, -100.96268557312298 30.26490649218095, -100.80308714691925 30.26720195793867))",TX3034010088120200816,MCMEAN,2020.0,9698947.690902425,0.04110991643030541,1.0,49.0,matched,0.5205549582151527,TX3034010088120200816
subsetted_512x512_HLS.S30.T14RLV.2018043.v1.4,14RLV,2018-02-12,"POLYGON ((-100.36072629031116 30.90322431227583, -100.36269341400728 31.041782360716002, -100.52360573445353 31.039982460479195, -100.52140653189407 30.90143419813935, -100.36072629031116 30.90322431227583))",TX3095610045720180124,ROOSTER MCCONAUGHEY,2018.0,4481722.687054474,0.018989721130250947,1.0,19.0,matched,0.5094948605651255,TX3095610045720180124
subsetted_512x512_HLS.S30.T14RMV.2020220.v1.4,14RMV,2020-08-07,"POLYGON ((-99.76315580189154 31.42675010683509, -99.76428208334828 31.565323786853575, -99.92612105702581 31.564253691258287, -99.9247563578219 31.425685774469056, -99.76315580189154 31.42675010683509))",TX3149009984920200712,SIMS,2020.0,4763335.643780261,0.020176715154521976,1.0,26.0,matched,0.510088357577261,TX3149009984920200712
subsetted_512x512_HLS.S30.T14RNU.2018215.v1.4,14RNU,2018-08-03,"POLYGON ((-98.49926643207334 30.583215751702372, -98.49855161912173 30.721814614041865, -98.65897871867259 30.722335189408316, -98.65946485665687 30.583733478523957, -98.49926643207334 30.583215751702372))",TX3065009856720180718,308,2018.0,4458190.904412853,0.018881932080864784,1.0,16.0,matched,0.5094409660404324,TX3065009856720180718
subsetted_512x512_HLS.S30.T14RNV.2020220.v1.4,14RNV,2020-08-07,"POLYGON ((-98.7978735460125 31.425615063968994, -98.79757524858022 31.56420025692653, -98.95943064648404 31.564354085497865, -98.95949043082534 31.425768063967546, -98.7978735460125 31.425615063968994))",TX3146709888420200712,BUFFALO CREEK,2020.0,14707715.51048173,0.06228980570945326,1.0,26.0,matched,0.5311449028547266,TX3146709888420200712
subsetted_512x512_HLS.S30.T14RPQ.2018107.v1.4,14RPQ,2018-04-17,"POLYGON ((-97.51869039258771 26.975465679850352, -97.5168688467582 27.11409742493468, -97.67179477270929 27.115647929699406, -97.67342618630893 26.977006988705757, -97.51869039258771 26.975465679850352))",TX2708809759120180311,TRUST,2018.0,26904061.219535403,0.11399778411687456,1.0,37.0,matched,0.5569988920584372,TX2708809759120180311
subsetted_512x512_HLS.S30.T14RPR.2020187.v1.4,14RPR,2020-07-05,"POLYGON ((-97.3032817162469 27.07024961155641, -97.3011868320076 27.208864950723324, -97.45622828315467 27.210658995739287, -97.45813217273202 27.072033042997873, -97.3032817162469 27.07024961155641))",TX2712409737720200623,20 MILE,2020.0,5938068.441175535,0.02516471836467901,1.0,12.0,ambiguous,0.5125823591823395,
subsetted_512x512_HLS.S30.T14RQS.2019322.v1.4,14RQS,2019-11-18,"POLYGON ((-96.7435468047035 28.03045972432301, -96.74064519484267 28.16900890910049, -96.89699851733923 28.17150023761394, -96.89969970167135 28.0329366618639, -96.7435468047035 28.03045972432301))",TX2825909657320190908,TXARR-FY19-RX-MATAGORDA G5,2019.0,11829135.48930835,0.05015509762734447,1.0,71.0,matched,0.5250775488136722,TX2825909657320190908
subsetted_512x512_HLS.S30.T14RQS.2020032.v1.4,14RQS,2020-02-01,"POLYGON ((-96.79286806584405 28.12492455395198, -96.79001858091418 28.263476501634216, -96.94651464334461 28.265918838133224, -96.94916270507399 28.127352813399966, -96.79286806584405 28.12492455395198))",TX2823209684420200129,UNIT C2 AND C3,2020.0,5663216.270429161,0.024010562971281024,1.0,3.0,matched,0.5120052814856405,TX2823209684420200129
subsetted_512x512_HLS.S30.T14SKA.2020223.v1.4,14SKA,2020-08-10,"POLYGON ((-101.14691810354148 31.528743052005925, -101.15009858793073 31.667229106855828, -101.31200689067497 31.664396957151773, -101.3085874079204 31.525926117825833, -101.14691810354148 31.528743052005925))",TX3159210116820200704,7D2,2020.0,21234575.438439883,0.09003125380124397,1.0,37.0,matched,0.545015626900622,TX3159210116820200704
subsetted_512x512_HLS.S30.T14SKE.2019111.v1.4,14SKE,2019-04-21,"POLYGON ((-101.51444649730878 35.69640350490882, -101.51880737623941 35.834759863268395, -101.68869825566007 35.8310767595172, -101.6840440746305 35.69273899365123, -101.51444649730878 35.69640350490882))",TX3575010162220190313,BUGBEE,2019.0,10601395.183474613,0.044959911152228804,1.0,39.0,matched,0.5224799555761144,TX3575010162220190313
subsetted_512x512_HLS.S30.T14SKE.2020216.v1.4,14SKE,2020-08-03,"POLYGON ((-101.56601191482274 35.650427307644556, -101.57045464530191 35.788779175186846, -101.7402405028062 35.78502728992082, -101.73550518272485 35.64669437173704, -101.56601191482274 35.650427307644556))",TX3570310164720200711,BLUE CREEK,2020.0,16996785.41528957,0.07208644834857493,1.0,23.0,matched,0.5360432241742875,TX3570310164720200711
subsetted_512x512_HLS.S30.T14SKE.2020281.v1.4,14SKE,2020-10-07,"POLYGON ((-101.79903126583221 35.368349516695304, -101.80382701017726 35.50668138384303, -101.97298333894746 35.50262821038313, -101.96789927196554 35.36431688082723, -101.79903126583221 35.368349516695304))",TX3540410187920200820,RIVIERA PARK,2020.0,11093540.760186693,0.047062521990289104,1.0,48.0,matched,0.5235312609951446,TX3540410187920200820
subsetted_512x512_HLS.S30.T14SLA.2020193.v1.4,14SLA,2020-07-11,"POLYGON ((-100.79275815627128 32.00423981159057, -100.79546378478665 32.142745097848, -100.95824329926664 32.14033059126779, -100.95529273971745 32.001838171633125, -100.79275815627128 32.00423981159057))",TX3206310086420200619,SLADE,2020.0,19095996.8480267,0.08093724275043762,1.0,22.0,matched,0.5404686213752188,TX3206310086420200619
subsetted_512x512_HLS.S30.T14SLA.2020223.v1.4,14SLA,2020-08-10,"POLYGON ((-100.06148307642897 32.288508286245055, -100.06310294547932 32.42705160232257, -100.22644717762857 32.42556715966205, -100.22457855965037 32.287031718458145, -100.06148307642897 32.288508286245055))",TX3231910015220200713,GAME RANCH,2020.0,12249623.085332425,0.051894002787291504,1.0,28.0,matched,0.5259470013936458,TX3231910015220200713
subsetted_512x512_HLS.S30.T14SLC.2018038.v1.4,14SLC,2018-02-07,"POLYGON ((-100.46844835743065 33.977113753298376, -100.47083795662759 34.11559760956632, -100.63732803619091 34.11349052083101, -100.63466822752524 33.97501755112376, -100.46844835743065 33.977113753298376))",TX3401610055920180125,62,2018.0,24259766.253860004,0.10279617425487945,1.0,13.0,matched,0.5513980871274398,TX3401610055920180125
subsetted_512x512_HLS.S30.T14SLD.2018138.v1.4,14SLD,2018-05-18,"POLYGON ((-101.0228476586411 35.00953260624839, -101.02626845988318 35.14795198920048, -101.19478048436501 35.14501564166052, -101.19107573058267 35.00661121364007, -101.0228476586411 35.00953260624839))",TX3506710118520180402,FM 294,2018.0,53646126.44803663,0.2274073256926319,1.0,46.0,matched,0.613703662846316,TX3506710118520180402
subsetted_512x512_HLS.S30.T14SLD.2018218.v1.4,14SLD,2018-08-06,"POLYGON ((-101.01095937543943 34.520981966725486, -101.01429883115429 34.65941350032836, -101.18181727352601 34.65652971373483, -101.17820060837741 34.51811296265489, -101.01095937543943 34.520981966725486))",TX3455510115820180717,FOLLEY PARK,2018.0,10139535.010592489,0.0429817572935085,1.0,20.0,matched,0.5214908786467543,TX3455510115820180717
subsetted_512x512_HLS.S30.T14SLD.2020218.v1.4,14SLD,2020-08-05,"POLYGON ((-100.65333308529874 34.400021630879095, -100.65606646230164 34.53848368464238, -100.82337796175673 34.53609950998417, -100.8203687881274 34.39764970040146, -100.65333308529874 34.400021630879095))",TX3447710074220200711,OXBOW,2020.0,4147010.6544886725,0.017574315359546313,1.0,25.0,matched,0.5087871576797731,TX3447710074220200711
subsetted_512x512_HLS.S30.T14SLE.2018098.v1.4,14SLE,2018-04-08,"POLYGON ((-100.70385355057905 35.42960739124304, -100.7067802041462 35.568042334898834, -100.87619989175067 35.56552397078155, -100.87298312616501 35.427101787968645, -100.70385355057905 35.42960739124304))",TX3546110085220180323,THUT CREEK,2018.0,29529657.854449574,0.12514425472572382,1.0,16.0,matched,0.5625721273628619,TX3546110085220180323
subsetted_512x512_HLS.S30.T14SLE.2018138.v1.4,14SLE,2018-05-18,"POLYGON ((-99.9902792356254 35.15084307084326, -99.99196293659016 35.289325152530566, -100.16085391842614 35.28782207377467, -100.15888369672388 35.149347637269415, -99.9902792356254 35.15084307084326))",TX3522410013020180413,CARBON,2018.0,48378944.31395893,0.20494120239952962,1.0,35.0,matched,0.6024706011997648,TX3522410013020180413
subsetted_512x512_HLS.S30.T14SLE.2019098.v1.4,14SLE,2019-04-08,"POLYGON ((-100.55890214189164 35.67498536611447, -100.56160419756344 35.813424682181946, -100.73155669709554 35.81109621219857, -100.72856091102058 35.67266866055544, -100.55890214189164 35.67498536611447))",TX3573210066420190313,BOONE 283,2019.0,9186561.14277913,0.03892782982828665,1.0,26.0,matched,0.5194639149141433,TX3573210066420190313
subsetted_512x512_HLS.S30.T14SLE.2019248.v1.4,14SLE,2019-09-05,"POLYGON ((-100.9145204033588 35.75666671192907, -100.91784862711249 35.89507797257484, -101.08794112348082 35.89224028001859, -101.08431822234526 35.75384333987537, -100.9145204033588 35.75666671192907))",TX3582410101520190807,MORRISON,2019.0,6632363.0403845385,0.028111785002853534,1.0,29.0,matched,0.5140558925014268,TX3582410101520190807
subsetted_512x512_HLS.S30.T14SLE.2020323.v1.4,14SLE,2020-11-18,"POLYGON ((-100.73757169222833 35.675513910210576, -100.7405834054133 35.8139407345028, -100.91052059838935 35.811359233010904, -100.9072152601957 35.672945450271236, -100.73757169222833 35.675513910210576))",TX3568810093120201011,JACKALOPE,2020.0,38346416.6325627,0.1625123270864988,1.0,38.0,matched,0.5812561635432494,TX3568810093120201011
subsetted_512x512_HLS.S30.T14SLF.2020108.v1.4,14SLF,2020-04-17,"POLYGON ((-100.48148602810137 36.67497839163184, -100.48414960381629 36.81339950904691, -100.65629297741349 36.81112600367537, -100.65332078468987 36.672716244430234, -100.48148602810137 36.67497839163184))",OK3661710061020200307,412 FIRE,2020.0,72009463.49052523,0.30511941476159826,1.0,41.0,matched,0.6525597073807992,OK3661710061020200307
subsetted_512x512_HLS.S30.T14SMB.2018073.v1.4,14SMB,2018-03-14,"POLYGON ((-99.39539052996399 32.67664713218872, -99.396003017738 32.8152024636561, -99.56008156824863 32.81457598212101, -99.5592153318953 32.67602395340553, -99.39539052996399 32.67664713218872))",TX3272009947720180226,NEWELL,2018.0,16689783.174087826,0.07068747573988682,1.0,16.0,matched,0.5353437378699434,TX3272009947720180226
subsetted_512x512_HLS.S30.T14SMB.2018138.v1.4,14SMB,2018-05-18,"POLYGON ((-99.62784499178038 32.606691209637766, -99.62881494972521 32.745243044604244, -99.79275793837087 32.74431331928281, -99.79153515327013 32.60576639112552, -99.62784499178038 32.606691209637766))",TX3267009971820180413,335,2018.0,10033988.480069429,0.04250024468986244,1.0,35.0,matched,0.5212501223449312,TX3267009971820180413
subsetted_512x512_HLS.S30.T14SMB.2020268.v1.4,14SMB,2020-09-24,"POLYGON ((-99.0501010594787 32.623676053082434, -99.05017851263129 32.762235818956746, -99.21416555146352 32.762062849585085, -99.21383497866285 32.62350399640019, -99.0501010594787 32.623676053082434))",TX3268709915020200830,DEEP CREEK,2020.0,15956683.292337593,0.06757944033188054,1.0,25.0,matched,0.5337897201659403,TX3268709915020200830
subsetted_512x512_HLS.S30.T14SMC.2019258.v1.4,14SMC,2019-09-15,"POLYGON ((-99.82247850443636 34.039403419996894, -99.8238201576872 34.177917241516695, -99.99047394069531 34.17668522078372, -99.98886097799799 34.038177760505846, -99.82247850443636 34.039403419996894))",TX3402609987020190820,VIVIAN,2019.0,45811008.81419058,0.19405061605251736,1.0,26.0,matched,0.5970253080262586,TX3402609987020190820
subsetted_512x512_HLS.S30.T14SMD.2018138.v1.4,14SMD,2018-05-18,"POLYGON ((-99.89477625155658 34.849694815557015, -99.89628069129765 34.98818760184803, -100.06455609860237 34.98682866405695, -100.06276932190792 34.848342816889385, -99.89477625155658 34.849694815557015))",TX3482010022020180413,MILLIRON,2018.0,53722712.64867656,0.22756946181255552,1.0,35.0,matched,0.6137847309062777,TX3482010022020180413
subsetted_512x512_HLS.S30.T14SME.2018138.v1.4,14SME,2018-05-18,"POLYGON ((-99.73158652724186 35.6098243736576, -99.73285167585165 35.74830534596827, -99.9027198842947 35.747150569742494, -99.90116157369448 35.60867543819478, -99.73158652724186 35.6098243736576))",OK3566409983720180413,UNIT 50 EAST,2018.0,8684835.903581532,0.036786668174216684,1.0,35.0,matched,0.5183933340871083,OK3566409983720180413
subsetted_512x512_HLS.S30.T14SMF.2018098.v1.4,14SMF,2018-04-08,"POLYGON ((-98.93134041812958 36.73745281791473, -98.931216679903 36.87591887477512, -99.10356766413419 36.87589365263076, -99.103381350599 36.737427721739756, -98.93134041812958 36.73745281791473))",OK3680809902720180218,RED HORSE,2018.0,10451409.79403967,0.044263443054968196,1.0,49.0,matched,0.5221317215274841,OK3680809902720180218
subsetted_512x512_HLS.S30.T14SNB.2018215.v1.4,14SNB,2018-08-03,"POLYGON ((-98.27033637352018 32.9517122651732, -98.26919413822016 33.09025351918314, -98.43377820499487 33.091109694458574, -98.43466323688759 32.95256394678645, -98.27033637352018 32.9517122651732))",TX3300809836120180710,337,2018.0,5318720.315983472,0.02252769275622691,1.0,24.0,matched,0.5112638463781135,TX3300809836120180710
subsetted_512x512_HLS.S30.T14SNB.2019280.v1.4,14SNB,2019-10-07,"POLYGON ((-98.51414515271081 32.502046952290314, -98.51339756059957 32.64060445293179, -98.67715928547086 32.6411323622757, -98.67765529542471 32.50257207059397, -98.51414515271081 32.502046952290314))",TX3256909859720190925,STEPHEN COUNTY,2019.0,5254567.43114733,0.02225475066790579,1.0,12.0,matched,0.5111273753339529,TX3256909859720190925
subsetted_512x512_HLS.S30.T14SND.2018215.v1.4,14SND,2018-08-03,"POLYGON ((-98.63204670433205 34.69633310449584, -98.63143154134373 34.83484348946399, -98.799418719584 34.83523645898466, -98.79975350832339 34.69672406308752, -98.63204670433205 34.69633310449584))",OK3475809868420180702,WINTER VALLEY,2018.0,16019265.909279449,0.06784536287820765,1.0,32.0,matched,0.5339226814391038,OK3475809868420180702
subsetted_512x512_HLS.S30.T14SNF.2018095.v1.4,14SNF,2018-04-05,"POLYGON ((-98.60338152703503 36.41091899619744, -98.60267519784232 36.54938942759329, -98.77429639629936 36.54983777139314, -98.77469764106391 36.41136509295343, -98.60338152703503 36.41091899619744))",OK3648509869620180306,GALENA,2018.0,4522146.100876611,0.01915240003413197,1.0,30.0,matched,0.5095762000170659,OK3648509869620180306
subsetted_512x512_HLS.S30.T14SNF.2020183.v1.4,14SNF,2020-07-01,"POLYGON ((-98.28018509449478 36.262550229923356, -98.27891014128224 36.401016464027855, -98.45019699294042 36.401927839843324, -98.45116913810256 36.263457030751745, -98.28018509449478 36.262550229923356))",OK3632609837220200610,YOLO RANCH FIRE,2020.0,16908768.15479834,0.07161714805658917,1.0,21.0,matched,0.5358085740282946,OK3632609837220200610
subsetted_512x512_HLS.S30.T14SNG.2020183.v1.4,14SNG,2020-07-01,"POLYGON ((-98.24541128933329 36.95548354094779, -98.24404059782769 37.09393254130869, -98.41687339606662 37.09490838448856, -98.41793075992322 36.95645452176448, -98.24541128933329 36.95548354094779))",OK3698609831720200617,OSAGE 63,2020.0,6782006.627214672,0.028725420363052177,1.0,14.0,matched,0.5143627101815261,OK3698609831720200617
subsetted_512x512_HLS.S30.T14SPB.2018035.v1.4,14SPB,2018-02-04,"POLYGON ((-97.51668506920511 32.66687876991749, -97.51438840872595 32.80539097451888, -97.6784075317709 32.807229830287945, -97.68045081981111 32.66870793263536, -97.51668506920511 32.66687876991749))",TX3272509755820180122,FARMERS ROAD,2018.0,9643910.428093495,0.04086095347912949,1.0,13.0,matched,0.5204304767395648,TX3272509755820180122
subsetted_512x512_HLS.S30.T14SPH.2018095.v1.4,14SPH,2018-04-05,"POLYGON ((-96.75965987037067 37.83812603559768, -96.75545944151986 37.976460075551906, -96.93023145182883 37.97966666675523, -96.93410540438677 37.8413167951869, -96.75965987037067 37.83812603559768))",,,,,,,,unmatched,0.0,
subsetted_512x512_HLS.S30.T14SPJ.2018125.v1.4,14SPJ,2018-05-05,"POLYGON ((-96.56720225831735 39.29341806008877, -96.56239749981548 39.431698577364635, -96.7407255116352 39.43530090725468, -96.74517952341364 39.29700281625999, -96.56720225831735 39.29341806008877))",,,,,,,,unmatched,0.0,
subsetted_512x512_HLS.S30.T14SQE.2020065.v1.4,14SQE,2020-03-05,"POLYGON ((-95.88595554940565 35.20165452594717, -95.88065334675966 35.33995075351508, -96.04944771503962 35.344192538922684, -96.0544640461488 35.20587477718273, -95.88595554940565 35.20165452594717))",OK3525609595520200222,DOG TOWN,2020.0,5108490.958407957,0.021675912246832314,1.0,12.0,matched,0.5108379561234162,OK3525609595520200222
subsetted_512x512_HLS.S30.T14SQF.2018075.v1.4,14SQF,2018-03-16,"POLYGON ((-96.39017904892026 36.38251356485435, -96.38553766181356 36.52084370182192, -96.55693431700503 36.52447975458941, -96.56127218999502 36.38613140624548, -96.39017904892026 36.38251356485435))",OK3642109646420180203,EAST BUFORD,2018.0,28451508.145561196,0.12064915804387485,1.0,41.0,matched,0.5603245790219374,OK3642109646420180203
subsetted_512x512_HLS.S30.T14SQF.2018100.v1.4,14SQF,2018-04-10,"POLYGON ((-96.21610433795017 36.39750639429537, -96.2111508979072 36.53581629730772, -96.38255696631288 36.53970428454966, -96.38720683502866 36.401374914271365, -96.21610433795017 36.39750639429537))",OK3650509633420180324,DRUMB,2018.0,123047995.14010578,0.5218811175297181,1.0,17.0,matched,0.760940558764859,OK3650509633420180324
subsetted_512x512_HLS.S30.T14SQF.2018125.v1.4,14SQF,2018-05-05,"POLYGON ((-96.54707875014815 36.64540735300981, -96.54267422268934 36.78374820202293, -96.7146746299044 36.78717894101488, -96.71877153977317 36.64882095577997, -96.54707875014815 36.64540735300981))",OK3668409662320180130,WINDMILL,2018.0,11312051.806794802,0.047961293985836095,0.009397835176429213,95.0,unmatched,0.028679564581132654,
subsetted_512x512_HLS.S30.T14SQG.2018125.v1.4,14SQG,2018-05-05,"POLYGON ((-96.37981451634464 37.09361352192324, -96.37503265166013 37.231925941481784, -96.54802452823762 37.235636386112944, -96.55249205112491 37.09730552139229, -96.37981451634464 37.09361352192324))",,,,,,,,unmatched,0.0,
subsetted_512x512_HLS.S30.T14SQJ.2020340.v1.4,14SQJ,2020-12-05,"POLYGON ((-95.91823273489587 39.13345359216245, -95.91218192228925 39.27166217275771, -96.09001027686863 39.27624599687895, -96.09571385391146 39.13801504018539, -95.91823273489587 39.13345359216245))",KS3919209595820201118,BOURBONAIS CREEK,2020.0,11342958.582739623,0.04811853913029652,1.0,17.0,matched,0.5240592695651483,KS3919209595820201118
subsetted_512x512_HLS.S30.T14TQT.2021112.v1.4,14TQT,2021-04-22,"POLYGON ((-96.13185882943907 47.651294922134475, -96.1242666011177 47.78932466452069, -96.3291128050564 47.79427766687128, -96.33616584038074 47.65622416670939, -96.13185882943907 47.651294922134475))",MN4771209630220210329,OXCART,2021.0,45463022.63903535,0.19274757985443097,1.0,24.0,matched,0.5963737899272155,MN4771209630220210329
subsetted_512x512_HLS.S30.T14UPU.2021112.v1.4,14UPU,2021-04-22,"POLYGON ((-96.44792033633095 48.58600575810566, -96.44093873449545 48.724049135203465, -96.64960568474203 48.728497078740844, -96.65601933314 48.590432285721946, -96.44792033633095 48.58600575810566))",MN4866009654320210321,121045,2021.0,2634964.861081368,0.011168445128906364,1.0,32.0,matched,0.5055842225644532,MN4866009654320210321
subsetted_512x512_HLS.S30.T14UPV.2018136.v1.4,14UPV,2018-05-16,"POLYGON ((-96.33948158127963 48.85292913901834, -96.33213482718675 48.99095415157254, -96.5418972695185 48.99561685450444, -96.54866785374904 48.85756936673745, -96.33948158127963 48.85292913901834))",MN4884009637020180429,NORTH COUNTY ROAD 7,2018.0,11065889.587844549,0.046906337167172345,1.0,17.0,matched,0.5234531685835861,MN4884009637020180429
subsetted_512x512_HLS.S30.T14UQU.2021112.v1.4,14UQU,2021-04-22,"POLYGON ((-95.24423426605586 47.87672598165779, -95.23421652779568 48.01462609505792, -95.43977699713699 48.021189251194706, -95.44925079184452 47.88325766036685, -95.24423426605586 47.87672598165779))",MN4796109539420210307,RL 005 UNIT 8 AND 9,2021.0,25761124.858932372,0.10930276752655488,1.0,46.0,matched,0.5546513837632774,MN4796109539420210307
subsetted_512x512_HLS.S30.T15RTM.2020059.v1.4,15RTM,2020-02-28,"POLYGON ((-95.48841421080404 28.751557641821467, -95.49171145418045 28.890068784063768, -95.64908395736609 28.887064990130554, -95.6455790404215 28.748570909515138, -95.48841421080404 28.751557641821467))",TX2882309557520200129,SMITH MARSH,2020.0,8054482.919908895,0.034165014267372784,1.0,30.0,matched,0.5170825071336864,TX2882309557520200129
subsetted_512x512_HLS.S30.T15RTN.2020032.v1.4,15RTN,2020-02-01,"POLYGON ((-95.12880222587056 29.115273889216958, -95.13166573202778 29.253812771168747, -95.28963364428974 29.25119961145872, -95.28655837240005 29.11267545723892, -95.12880222587056 29.115273889216958))",TX2919009521020200107,CHOCOLATE BAYOU,2020.0,14661079.625996424,0.062162861397805,1.0,25.0,matched,0.5310814306989025,TX2919009521020200107
subsetted_512x512_HLS.S30.T15RTQ.2021101.v1.4,15RTQ,2021-04-11,"POLYGON ((-95.17511718631872 31.217627868666636, -95.17830037320836 31.35611806904337, -95.33967011953348 31.35327562824036, -95.33625162558732 31.214800784977978, -95.17511718631872 31.217627868666636))",TX3129809525420210311,UNNAMED,2021.0,29418559.086566105,0.12473447268788161,1.0,31.0,matched,0.5623672363439408,TX3129809525420210311
subsetted_512x512_HLS.S30.T15RUQ.2018094.v1.4,15RUQ,2018-04-04,"POLYGON ((-94.27968212887839 31.06347343984392, -94.28154385070309 31.202032583176965, -94.442732459606 31.200325852888795, -94.44063676269965 31.06177596151835, -94.27968212887839 31.06347343984392))",TX3111209435620180312,UNNAMED,2018.0,17167836.755452484,0.07273884245475562,1.0,23.0,matched,0.5363694212273779,TX3111209435620180312
subsetted_512x512_HLS.S30.T15RUQ.2018129.v1.4,15RUQ,2018-05-09,"POLYGON ((-94.07089735075162 31.118968833815984, -94.07245877452236 31.25753719298599, -94.23375480760377 31.25609003318686, -94.23195868367347 31.11752951139153, -94.07089735075162 31.118968833815984))",TX3118909415220180430,UNNAMED,2018.0,13491990.467050359,0.057157804778770575,1.0,9.0,matched,0.5285789023893853,TX3118909415220180430
subsetted_512x512_HLS.S30.T15RUQ.2019099.v1.4,15RUQ,2019-04-09,"POLYGON ((-94.14358640376788 30.988693681799845, -94.1452452572745 31.12726143051476, -94.30631616480235 31.125728815090074, -94.30442415631674 30.987169386549947, -94.14358640376788 30.988693681799845))",TX3105709422520190326,UNNAMED,2019.0,4844422.357781988,0.0205238445676611,1.0,14.0,ambiguous,0.5102619222838306,
subsetted_512x512_HLS.S30.T15RUQ.2021088.v1.4,15RUQ,2021-03-29,"POLYGON ((-94.1692303555988 31.004704285415013, -94.17092747430644 31.143270431586632, -94.33202384075688 31.14170497500726, -94.33009338997327 31.003147324665132, -94.1692303555988 31.004704285415013))",TX3107209425020210201,UNNAMED,2021.0,8455915.670860175,0.035824778180288216,1.0,56.0,ambiguous,0.5179123890901441,
subsetted_512x512_HLS.S30.T15RVP.2021063.v1.4,15RVP,2021-03-04,"POLYGON ((-93.27441971594614 29.838304602435848, -93.2747999445037 29.976922972387882, -93.43401701405786 29.97649455778901, -93.43341649760114 29.837878567316494, -93.27441971594614 29.838304602435848))",LA2991209334620210223,CRACKLIN,2021.0,3698738.486232244,0.01566521995864116,1.0,9.0,matched,0.5078326099793206,LA2991209334620210223
subsetted_512x512_HLS.S30.T15RVQ.2018094.v1.4,15RVQ,2018-04-04,"POLYGON ((-93.03901409790795 31.37163254008338, -93.03907155324237 31.51021973715183, -93.20083359732568 31.510068096403973, -93.20053827068008 31.371481716926176, -93.03901409790795 31.37163254008338))",LA3144909313620180323,UNNAMED,2018.0,13885642.63673372,0.05880817544663795,1.0,12.0,matched,0.5294040877233189,LA3144909313620180323
subsetted_512x512_HLS.S30.T15RVQ.2019099.v1.4,15RVQ,2019-04-09,"POLYGON ((-92.92321854731892 31.390292455302895, -92.92310539001589 31.52887915539739, -93.08490006909955 31.528874092569534, -93.08477513107947 31.39028741976269, -92.92321854731892 31.390292455302895))",LA3145209298820190319,C-49/50/68,2019.0,6410433.23356085,0.0271492423158499,1.0,21.0,matched,0.513574621157925,LA3145209298820190319
subsetted_512x512_HLS.S30.T15RVQ.2020059.v1.4,15RVQ,2020-02-28,"POLYGON ((-92.93706046920951 30.977499350021787, -92.93696920523351 31.116095001098603, -93.09805952022167 31.116073107482208, -93.09791753737822 30.97747757531066, -92.93706046920951 30.977499350021787))",LA3104809301520200106,UNNAMED,2020.0,4371328.9247424,0.018513300471396432,1.0,53.0,ambiguous,0.5092566502356982,
subsetted_512x512_HLS.S30.T15RWQ.2019134.v1.4,15RWQ,2019-05-14,"POLYGON ((-92.83874970632927 30.962254991929882, -92.838516030108 31.100850503149378, -92.99958056041167 31.10095165162375, -92.99958116736713 30.962355590905776, -92.83874970632927 30.962254991929882))",LA3103009294320190424,C-237,2019.0,12228079.771676604,0.0517880114566412,1.0,20.0,matched,0.5258940057283206,LA3103009294320190424
subsetted_512x512_HLS.S30.T15RXQ.2021095.v1.4,15RXQ,2021-04-05,"POLYGON ((-90.79532308832601 31.31534944127385, -90.79208425856639 31.45383478577159, -90.9536403161919 31.456519060357326, -90.9566425748194 31.31801923870509, -90.79532308832601 31.31534944127385))",MS3138509088020210306,HOMOCHITTO - BB 18,2021.0,5848991.099392608,0.02479642337165727,1.0,30.0,matched,0.5123982116858287,MS3138509088020210306
subsetted_512x512_HLS.S30.T15RYQ.2021095.v1.4,15RYQ,2021-04-05,"POLYGON ((-90.73062314479897 31.47630049971658, -90.72726822686293 31.61477622183635, -90.88909481706716 31.61755470262923, -90.8922113010142 31.479064039595873, -90.73062314479897 31.47630049971658))",MS3155909080920210310,HOMOCHITTO - BB 12,2021.0,8042823.1697213035,0.034099029673464065,1.0,26.0,matched,0.517049514836732,MS3155909080920210310
subsetted_512x512_HLS.S30.T15STC.2018125.v1.4,15STC,2018-05-05,"POLYGON ((-95.8502880089798 38.523929733626055, -95.85576428161289 38.66218183994217, -96.0320729145528 38.65774074461105, -96.02625977177095 38.51951042282609, -95.8502880089798 38.523929733626055))",,,,,,,,unmatched,0.0,
subsetted_512x512_HLS.S30.T15STD.2018125.v1.4,15STD,2018-05-05,"POLYGON ((-95.8073608459921 38.96633743621972, -95.81284060866942 39.104584190775704, -95.99025266881644 39.10016518002443, -95.98442850051558 38.961940026751705, -95.8073608459921 38.96633743621972))",,,,,,,,unmatched,0.0,
subsetted_512x512_HLS.S30.T15STU.2018237.v1.4,15STU,2018-08-25,"POLYGON ((-95.2330433182926 34.245835072412156, -95.23671344336064 34.384252869439294, -95.40365663669259 34.381085983198986, -95.39971320102272 34.24268447904098, -95.2330433182926 34.245835072412156))",OK3434009530020180724,BRUSHY CREEK FIRE,2018.0,5472692.40333783,0.023203775022509025,1.0,32.0,matched,0.5116018875112545,OK3434009530020180724
subsetted_512x512_HLS.S30.T15STV.2018102.v1.4,15STV,2018-04-12,"POLYGON ((-95.78474387485845 35.29837540544184, -95.78950284299651 35.43671056742334, -95.95851487456073 35.432684437363044, -95.95346856105607 35.29436969395783, -95.78474387485845 35.29837540544184))",OK3535809587220180315,DEERTE,2018.0,7428458.076135918,0.03151357387522597,1.0,28.0,matched,0.515756786937613,OK3535809587220180315
subsetted_512x512_HLS.S30.T15SUB.2018127.v1.4,15SUB,2018-05-07,"POLYGON ((-94.96151829417651 37.69305370724467, -94.96517701719381 37.83141597160356, -95.13961070335782 37.82837507829504, -95.1356278013282 37.69002784890608, -94.96151829417651 37.69305370724467))",,,,,,,,unmatched,0.0,
subsetted_512x512_HLS.S30.T15SUC.2018127.v1.4,15SUC,2018-05-07,"POLYGON ((-95.10499322860605 38.096639609535714, -95.10897685351341 38.234980005836306, -95.28435346853894 38.2316962508563, -95.28003924997073 38.0933720298644, -95.10499322860605 38.096639609535714))",,,,,,,,unmatched,0.0,
subsetted_512x512_HLS.S30.T15SUU.2018062.v1.4,15SUU,2018-03-03,"POLYGON ((-94.0746990044386 34.90775064073475, -94.07650982734317 35.046234590616294, -94.24489399543457 35.044623489274684, -94.24280009531607 34.90614775943048, -94.0746990044386 34.90775064073475))",AR3497109415320180202,MIDNIGHT,2018.0,4277929.424275383,0.018122742727111615,1.0,29.0,matched,0.5090613713635558,AR3497109415320180202
subsetted_512x512_HLS.S30.T15SUU.2020107.v1.4,15SUU,2020-04-16,"POLYGON ((-94.5922992549406 34.313455509982234, -94.59492324429695 34.45192372544236, -94.76206737498427 34.4496284508418, -94.75916872740562 34.311172037456686, -94.5922992549406 34.313455509982234))",OK3438009466820200229,BUFFALO DAN-TWIN POND,2020.0,6216126.065305557,0.02634175670766658,1.0,47.0,matched,0.5131708783538332,OK3438009466820200229
subsetted_512x512_HLS.S30.T15SUV.2018102.v1.4,15SUV,2018-04-12,"POLYGON ((-94.18112311373865 35.6819895034471, -94.18317099777587 35.82045059162289, -94.35316768622475 35.81865682836607, -94.35082576905663 35.6802048037794, -94.18112311373865 35.6819895034471))",AR3574809427220180308,UNNAMED,2018.0,11236415.513761582,0.04760346919148915,1.0,35.0,matched,0.5238017345957445,AR3574809427220180308
subsetted_512x512_HLS.S30.T15SUV.2020107.v1.4,15SUV,2020-04-16,"POLYGON ((-94.32823660726467 35.53710582230389, -94.33052726910962 35.67556242638223, -94.50020571039991 35.67356747704688, -94.49762317812598 35.53512097014694, -94.32823660726467 35.53710582230389))",AR3560709441920200307,BIRCHFIELD,2020.0,10172709.618720712,0.04310053049490357,1.0,40.0,matched,0.5215502652474517,AR3560709441920200307
subsetted_512x512_HLS.S30.T15SVA.2018102.v1.4,15SVA,2018-04-12,"POLYGON ((-93.6650992405142 36.56983233833534, -93.66629056560517 36.7082930315312, -93.83825043524004 36.70720636111136, -93.83675172506875 36.56875110443582, -93.6650992405142 36.56983233833534))",MO3663609373520180308,ROCK CREEK RX,2018.0,7917455.323867258,0.033535457886177435,1.0,35.0,matched,0.5167677289430888,MO3663609373520180308
subsetted_512x512_HLS.S30.T15SVA.2019092.v1.4,15SVA,2019-04-02,"POLYGON ((-92.89060478505431 36.79205192945131, -92.89040724150836 36.93051655809462, -93.06288112601405 36.93055047144124, -93.06276778110836 36.79208567351838, -92.89060478505431 36.79205192945131))",MO3686909295920190323,SWAN CREEK,2019.0,9562278.258151868,0.040497826326334356,1.0,10.0,matched,0.5202489131631671,MO3686909295920190323
subsetted_512x512_HLS.S30.T15SVU.2019144.v1.4,15SVU,2019-05-24,"POLYGON ((-93.86983234593167 34.7868445199636, -93.87129143610395 34.92533967367794, -94.03943972217853 34.92401751973537, -94.03769915924944 34.785529122944226, -93.86983234593167 34.7868445199636))",AR3485009395720190422,RX - FOX HUNTER 6 AND 7,2019.0,4806602.506780539,0.02036057588151645,1.0,32.0,matched,0.5101802879407582,AR3485009395720190422
subsetted_512x512_HLS.S30.T15SVU.2020109.v1.4,15SVU,2020-04-18,"POLYGON ((-93.33268707408706 35.103576290239374, -93.33325175389503 35.2420778929934, -93.50207105908564 35.24149531732429, -93.50122034701118 35.10299667996112, -93.33268707408706 35.103576290239374))",AR3517809338620200305,NORTH BLUFF,2020.0,4001308.4914927054,0.016946803897127015,1.0,44.0,matched,0.5084734019485635,AR3517809338620200305
subsetted_512x512_HLS.S30.T15SWA.2019099.v1.4,15SWA,2019-04-09,"POLYGON ((-92.65975056135582 36.68127462401931, -92.65913861927666 36.81973963872239, -92.83136229372442 36.820108597672686, -92.83166505123356 36.68164173916962, -92.65975056135582 36.68127462401931))",MO3675009275020190319,UNNAMED,2019.0,6779638.420075686,0.028713249781511106,1.0,21.0,matched,0.5143566248907555,MO3675009275020190319
subsetted_512x512_HLS.S30.T15SWA.2020109.v1.4,15SWA,2020-04-18,"POLYGON ((-92.72320511004587 36.58921605347548, -92.72270895595281 36.727684043817625, -92.89472747733129 36.72796049058792, -92.89491584291424 36.589491117392846, -92.72320511004587 36.58921605347548))",MO3665209281320200306,BIG CREEK,2020.0,25891655.469365627,0.10965621069755468,1.0,43.0,matched,0.5548281053487774,MO3665209281320200306
subsetted_512x512_HLS.S30.T15SWA.2021093.v1.4,15SWA,2021-04-03,"POLYGON ((-91.95341567882676 36.84591031546378, -91.95152218195427 36.98435073526909, -92.1240946664958 36.98574955624313, -92.12567661276333 36.8473021591281, -91.95341567882676 36.84591031546378))",MO3691309203920210307,ROCK PILE,2021.0,20524731.3697816,0.08694132577270282,1.0,27.0,matched,0.5434706628863514,MO3691309203920210307
subsetted_512x512_HLS.S30.T15SWR.2018129.v1.4,15SWR,2018-05-09,"POLYGON ((-92.76204152385296 31.985561284705913, -92.76168259965561 32.12413394499614, -92.924518436283 32.12433572968893, -92.92463211845697 31.985761993217537, -92.76204152385296 31.985561284705913))",LA3205709284220180430,WINN C-24,2018.0,10207734.146020176,0.04323167128746392,1.0,9.0,ambiguous,0.5216158356437319,
subsetted_512x512_HLS.S30.T15SWS.2021128.v1.4,15SWS,2021-05-08,"POLYGON ((-92.14010972068895 33.10864218827033, -92.13875556103046 33.2471755599165, -92.30362860996411 33.248208035047625, -92.30472359190836 33.10966925791033, -92.14010972068895 33.10864218827033))",AR3317909221920210406,JONES LAKE,2021.0,2942102.921709036,0.012461908811452618,1.0,32.0,matched,0.5062309544057263,AR3317909221920210406
subsetted_512x512_HLS.S30.T15SWV.2018099.v1.4,15SWV,2018-04-09,"POLYGON ((-92.09840706166192 35.89213406227599, -92.09683167722359 36.03060263397477, -92.2673063821076 36.031765483916594, -92.26858448199035 35.89329105036341, -92.09840706166192 35.89213406227599))",AR3596009217220180315,UNNAMED,2018.0,8652507.629332839,0.03664970028601542,1.0,25.0,matched,0.5183248501430077,AR3596009217220180315
subsetted_512x512_HLS.S30.T15SWV.2019099.v1.4,15SWV,2019-04-09,"POLYGON ((-92.1321228029063 35.90942224295362, -92.13060536429768 36.04789167901945, -92.30111869661039 36.04900694716648, -92.30233858786995 35.91053189018832, -92.1321228029063 35.90942224295362))",AR3597409222120190327,UNNAMED,2019.0,7761685.305248366,0.03287605804415131,1.0,13.0,matched,0.5164380290220757,AR3597409222120190327
subsetted_512x512_HLS.S30.T15SXA.2018154.v1.4,15SXA,2018-06-03,"POLYGON ((-91.41517218328057 36.85725876442107, -91.41230391242904 36.99566891641615, -91.58486783505674 36.99785209371281, -91.58742462690222 36.85943105556918, -91.41517218328057 36.85725876442107))",MO3691709150920180412,BIRCH TREE,2018.0,3417244.725037481,0.014478961661174556,1.0,52.0,matched,0.5072394808305872,MO3691709150920180412
subsetted_512x512_HLS.S30.T15SXB.2018154.v1.4,15SXB,2018-06-03,"POLYGON ((-91.1319635570021 37.36066359645022, -91.12852067793956 37.49904125260326, -91.30221213325666 37.50166607770101, -91.30533587197056 37.36327540103492, -91.1319635570021 37.36066359645022))",,,,,,,,unmatched,0.0,
subsetted_512x512_HLS.S30.T15SXB.2019099.v1.4,15SXB,2019-04-09,"POLYGON ((-91.11505532109851 37.047020353554196, -91.11162050301344 37.18540401342125, -91.2845894515262 37.18803541275005, -91.2877100463303 37.049638659227135, -91.11505532109851 37.047020353554196))",MO3714409115920190327,19 BOOMING SHOALS,2019.0,3776392.223732276,0.0160037281900677,1.0,13.0,matched,0.5080018640950339,MO3714409115920190327
subsetted_512x512_HLS.S30.T15SXB.2020099.v1.4,15SXB,2020-04-08,"POLYGON ((-91.25606726446534 37.47206323738257, -91.25284008207245 37.61044777193537, -91.4268014958285 37.612895734956865, -91.42970769377312 37.4744990694455, -91.25606726446534 37.47206323738257))",MO3755109130620200307,MARCOOT,2020.0,5903504.840890307,0.025015546061945504,1.0,32.0,matched,0.5125077730309727,MO3755109130620200307
subsetted_512x512_HLS.S30.T15SXB.2021093.v1.4,15SXB,2021-04-03,"POLYGON ((-91.29927338955729 37.4067201353744, -91.29613355471332 37.54510935639736, -91.46994670227804 37.547490102714995, -91.47276656042263 37.4090890761635, -91.29927338955729 37.4067201353744))",MO3749809136920210329,HODGE HOLLOW,2021.0,11845531.068528166,0.05019300273708779,1.0,5.0,matched,0.5250965013685439,MO3749809136920210329
subsetted_512x512_HLS.S30.T15SXC.2019099.v1.4,15SXC,2019-04-09,"POLYGON ((-90.97142419343905 37.89765807830453, -90.96761247406828 38.03600985769073, -91.14254880465539 38.038904898229404, -91.14603291317871 37.900538831201935, -90.97142419343905 37.89765807830453))",MO3797809106420190318,UNNAMED,2019.0,10885373.299043251,0.04613444808331451,1.0,22.0,matched,0.5230672240416573,MO3797809106420190318
subsetted_512x512_HLS.S30.T15TXM.2019157.v1.4,15TXM,2019-06-06,"POLYGON ((-91.19262783197587 46.563625855486734, -91.18802107412296 46.70178673481608, -91.38885896104935 46.704791576725746, -91.39295568046074 46.566616313233396, -91.19262783197587 46.563625855486734))",WI4664009130020190524,NW SANDS UNITS I/F/C/A,2019.0,13702554.83763998,0.05805698689488929,1.0,13.0,matched,0.5290284934474446,WI4664009130020190524
subsetted_512x512_HLS.S30.T15TYJ.2018124.v1.4,15TYJ,2018-05-04,"POLYGON ((-89.66108491373505 43.302472694944996, -89.65349323635725 43.44054611426436, -89.84300410832061 43.4459408126217, -89.85016766128791 43.30784158452182, -89.66108491373505 43.302472694944996))",WI4335708975020180426,2018 BADGER RX BURNS,2018.0,2665148.6535144104,0.011306586696338779,1.0,8.0,matched,0.5056532933481694,WI4335708975020180426
subsetted_512x512_HLS.S30.T16RBU.2018133.v1.4,16RBU,2018-05-13,"POLYGON ((-89.0061369967534 30.46912342521055, -89.0089872954865 30.60764465085663, -89.16912080888501 30.605072205647748, -89.1660437342668 30.466565078997846, -89.0061369967534 30.46912342521055))",MS3054008906020180305,UNNAMED,2018.0,5510064.351736584,0.02335914045217987,0.0,69.0,unmatched,0.011679570226089935,
subsetted_512x512_HLS.S30.T16RBU.2019133.v1.4,16RBU,2019-05-13,"POLYGON ((-89.02370598328122 30.578188200402977, -89.02659374642579 30.716705601047632, -89.18690532234982 30.71410307736745, -89.18378955239075 30.575599910108117, -89.02370598328122 30.578188200402977))",MS3067308911220190416,DESOTO BURN BLOCK 6250,2019.0,3995493.674064964,0.016938578315267794,1.0,27.0,matched,0.5084692891576339,MS3067308911220190416
subsetted_512x512_HLS.S30.T16RBU.2020123.v1.4,16RBU,2020-05-02,"POLYGON ((-89.06618383738625 30.338551484869274, -89.06910415652189 30.47707029743827, -89.22901729300547 30.47443414561653, -89.22587171190908 30.335929817853764, -89.06618383738625 30.338551484869274))",MS3041208915720200426,TILLMAN ROAD,2020.0,5643766.062942831,0.02392739800839174,1.0,6.0,matched,0.5119636990041959,MS3041208915720200426
subsetted_512x512_HLS.S30.T16RBV.2020033.v1.4,16RBV,2020-02-02,"POLYGON ((-89.14691865699793 30.859820170613478, -89.15001657736501 30.998320649949076, -89.3107839448124 30.99554281931862, -89.30745486164165 30.857057449025984, -89.14691865699793 30.859820170613478))",MS3092508923320200120,DE SOTO - BB 7313,2020.0,3983976.6538166264,0.016891690694763702,1.0,13.0,matched,0.5084458453473818,MS3092508923320200120
subsetted_512x512_HLS.S30.T16RBV.2021127.v1.4,16RBV,2021-05-07,"POLYGON ((-89.07017522996492 30.90869916410759, -89.0731682412217 31.04720546031469, -89.2340260724504 31.04451944669563, -89.23080128537569 30.906027747345163, -89.07017522996492 30.90869916410759))",MS3098008915020210421,DE SOTO BB 7307,2021.0,3375059.10337863,0.014308837589386258,1.0,16.0,matched,0.5071544187946931,MS3098008915020210421
subsetted_512x512_HLS.S30.T16RCU.2019133.v1.4,16RCU,2019-05-13,"POLYGON ((-88.92482484642903 30.57617020127923, -88.92757134333348 30.714695927785446, -89.08788968522134 30.712215815421473, -89.08491514716984 30.57370365418053, -88.92482484642903 30.57617020127923))",MS3059008898420170317,UNNAMED,2017.0,11795148.282296898,0.04999998693434681,0.0,787.0,unmatched,0.024999993467173406,
subsetted_512x512_HLS.S30.T16RCU.2020033.v1.4,16RCU,2020-02-02,"POLYGON ((-88.81777771158964 30.555516410579997, -88.82036938724107 30.694051076823822, -88.98066398122972 30.691704766371462, -88.97784444101951 30.553182939501905, -88.81777771158964 30.555516410579997))",MS3063008890020200120,DE SOTO - BB 7362,2020.0,3044072.443778649,0.012902695279287004,1.0,13.0,matched,0.5064513476396435,MS3063008890020200120
subsetted_512x512_HLS.S30.T16RCU.2021077.v1.4,16RCU,2021-03-18,"POLYGON ((-88.82066132774703 30.525704682321585, -88.82325403499644 30.664239761274747, -88.98349913648988 30.661891970688302, -88.98067890593445 30.523369746649223, -88.82066132774703 30.525704682321585))",MS3059908890620210221,DE SOTO - BB 7380,2021.0,7093077.127696526,0.030065015370077795,1.0,25.0,matched,0.5150325076850389,MS3059908890620210221
subsetted_512x512_HLS.S30.T16RCV.2020118.v1.4,16RCV,2020-04-27,"POLYGON ((-88.77853120234799 30.63265256474663, -88.78107473017404 30.77118857982665, -88.94150069262739 30.76888549928696, -88.93872839834296 30.63036206846134, -88.77853120234799 30.63265256474663))",MS3069608886120200223,DE SOTO - BB 9370,2020.0,5979572.778029949,0.025344314862341507,1.0,64.0,matched,0.5126721574311708,MS3069608886120200223
subsetted_512x512_HLS.S30.T16RCV.2021167.v1.4,16RCV,2021-06-16,"POLYGON ((-88.57702066176662 31.342458354561476, -88.57934016329409 31.48099345856361, -88.74098246837208 31.478896811786495, -88.73842584861818 31.340373013614055, -88.57702066176662 31.342458354561476))",MS3141008865720210515,CHICKASAWHAY CPT 451/452,2021.0,9634902.318868518,0.040830448280806425,1.0,32.0,matched,0.5204152241404032,MS3141008865720210515
subsetted_512x512_HLS.S30.T16REV.2018095.v1.4,16REV,2018-04-05,"POLYGON ((-86.68558465112221 31.01936050341089, -86.68512798905613 31.157953240657477, -86.84628798918375 31.158246467542856, -86.84651092268099 31.01965213903467, -86.68558465112221 31.01936050341089))",AL3108708676220180313,CN MILLER CREEK 03,2018.0,6335664.638563652,0.026832915207441917,1.0,23.0,ambiguous,0.513416457603721,
subsetted_512x512_HLS.S30.T16REV.2019080.v1.4,16REV,2019-03-21,"POLYGON ((-86.66326986724091 31.01903353307107, -86.66278080148115 31.15762596907997, -86.82394000115754 31.157947161900648, -86.82419534356025 31.019352982859377, -86.66326986724091 31.01903353307107))",AL3109508674120190225,CN MILLER CREEK 02,2019.0,3973908.377805431,0.016830406104698877,1.0,24.0,matched,0.5084152030523494,AL3109508674120190225
subsetted_512x512_HLS.S30.T16REV.2019100.v1.4,16REV,2019-04-10,"POLYGON ((-86.52398044150371 31.029422725892505, -86.52328879284102 31.168012536502626, -86.68446347878547 31.168508445236554, -86.6849212948733 31.029915944019677, -86.52398044150371 31.029422725892505))",AL3108208660420190308,UNNAMED,2019.0,6918549.592033413,0.029302229455831143,1.0,33.0,matched,0.5146511147279156,AL3108208660420190308
subsetted_512x512_HLS.S30.T16REV.2019165.v1.4,16REV,2019-06-14,"POLYGON ((-86.48408838496326 31.0823245287746, -86.48333721046522 31.220912360728885, -86.64460080676956 31.221459057300834, -86.645117535328 31.08286826212835, -86.48408838496326 31.0823245287746))",AL3113808653620190508,UNNAMED,2019.0,7936134.033560436,0.033612267558497846,1.0,37.0,matched,0.5168061337792489,AL3113808653620190508
subsetted_512x512_HLS.S30.T16REV.2020100.v1.4,16REV,2020-04-09,"POLYGON ((-86.44405386791945 31.04399111098661, -86.44324562644442 31.1825788580898, -86.6044433492273 31.183175206645096, -86.60501759749765 31.044584224906345, -86.44405386791945 31.04399111098661))",AL3111808659220171017,UNNAMED,2017.0,10900789.603933701,0.04616898767869314,0.0039079461571862786,905.0,unmatched,0.02503846691793971,
subsetted_512x512_HLS.S30.T16REV.2021314.v1.4,16REV,2021-11-10,"POLYGON ((-86.69703920863608 30.975264594627923, -86.69659994822747 31.113858430451035, -86.85768552464218 31.114136993060743, -86.85789156951175 30.97554164430289, -86.69703920863608 30.975264594627923))",AL3104408677720211016,CN ROCK CREEK 02,2021.0,10469956.38342164,0.0443424868193356,1.0,25.0,ambiguous,0.5221712434096678,
subsetted_512x512_HLS.S30.T16RFT.2019250.v1.4,16RFT,2019-09-07,"POLYGON ((-85.04740602152569 29.58001199460957, -85.04472919768357 29.718556470970594, -85.20345661640876 29.720806143138716, -85.20591643462922 29.58224911123374, -85.04740602152569 29.58001199460957))",FL2965408512120190808,UNITS 8/11/12/13,2019.0,19095618.176668666,0.08093884355636212,1.0,30.0,matched,0.540469421778181,FL2965408512120190808
subsetted_512x512_HLS.S30.T16RFU.2021054.v1.4,16RFU,2021-02-23,"POLYGON ((-84.8953689401647 30.03915197059473, -84.892429783549 30.17767371624731, -85.0518737412765 30.180139424202526, -85.0545908981143 30.04160404840513, -84.8953689401647 30.03915197059473))",FL3010308497220210121,BU 66,2021.0,11086348.577706635,0.04699671240490689,0.9684177364731826,33.0,matched,0.5077072244390448,FL3010308497220210121
subsetted_512x512_HLS.S30.T16RFU.2021109.v1.4,16RFU,2021-04-19,"POLYGON ((-84.82087234510885 30.187870676988073, -84.81781098297054 30.326382510075266, -84.97748785435654 30.328950113710675, -84.98032559427281 30.19042413036749, -84.82087234510885 30.187870676988073))",FL3025708487720210328,BU 11,2021.0,19268733.530870505,0.08168858270355599,0.9976660598422257,22.0,matched,0.5396773212728908,FL3025708487720210328
subsetted_512x512_HLS.S30.T16RGU.2019112.v1.4,16RGU,2019-04-22,"POLYGON ((-84.27895989913442 30.01431128558976, -84.27516428184082 30.152770448828896, -84.43449844109708 30.15598394955326, -84.43807272137387 30.017507021432728, -84.27895989913442 30.01431128558976))",FL3008408435820190320,BU 337/340/341,2019.0,5333075.448799354,0.02262266141856114,1.0,33.0,matched,0.5113113307092806,FL3008408435820190320
subsetted_512x512_HLS.S30.T16RGU.2019267.v1.4,16RGU,2019-09-24,"POLYGON ((-84.3615202563756 30.090135755946434, -84.35782848928874 30.228602706900837, -84.51729521612131 30.231722818259325, -84.52076474361341 30.093238644021728, -84.3615202563756 30.090135755946434))",FL3016208443720190729,BU 334,2019.0,11234976.115346905,0.04765344199974565,1.0,57.0,ambiguous,0.5238267209998728,
subsetted_512x512_HLS.S30.T16RGU.2021096.v1.4,16RGU,2021-04-06,"POLYGON ((-84.72577510101982 29.987614567218085, -84.72260579876132 30.12612164362781, -84.88194952306769 30.128789702679484, -84.88489749551988 29.990267863743107, -84.72577510101982 29.987614567218085))",FL3005708480020210311,BU 83/84/85,2021.0,42821952.88327075,0.1815587788025899,1.0,26.0,matched,0.5907793894012949,FL3005708480020210311
subsetted_512x512_HLS.S30.T16RGU.2021206.v1.4,16RGU,2021-07-25,"POLYGON ((-84.76208175754775 30.22530932168577, -84.7589331254485 30.363814853213434, -84.91866470758718 30.36645723269574, -84.92158933089645 30.22793715028542, -84.76208175754775 30.22530932168577))",FL3029608485520210518,BU 8,2021.0,10843825.521734752,0.04597430925624964,1.0,68.0,matched,0.5229871546281248,FL3029608485520210518
subsetted_512x512_HLS.S30.T16SBA.2018106.v1.4,16SBA,2018-04-16,"POLYGON ((-89.48808648685 32.27142832043358, -89.49187993739946 32.409864630566894, -89.65505895105088 32.406530125201094, -89.65101777715483 32.26811149546615, -89.48808648685 32.27142832043358))",MS3234008956020180326,UNNAMED,2018.0,4302830.819640422,0.01824954818649548,1.0,21.0,matched,0.5091247740932477,MS3234008956020180326
subsetted_512x512_HLS.S30.T16SBA.2019206.v1.4,16SBA,2019-07-25,"POLYGON ((-89.18951531065916 32.09054419901622, -89.1928305242618 32.229014089909114, -89.35572206663588 32.226081608892954, -89.35216112157413 32.087627317891695, -89.18951531065916 32.09054419901622))",,,,,,,,unmatched,0.0,
subsetted_512x512_HLS.S30.T16SBB.2019111.v1.4,16SBB,2019-04-21,"POLYGON ((-89.49988263433816 32.56092885051486, -89.50373677780142 32.69935754033251, -89.66743885328297 32.69598087947046, -89.66333341854607 32.55757000758621, -89.49988263433816 32.56092885051486))",MS3261408958320190329,UNNAMED,2019.0,2389756.729347786,0.01013569110676949,1.0,23.0,matched,0.5050678455533848,MS3261408958320190329
subsetted_512x512_HLS.S30.T16SBB.2021145.v1.4,16SBB,2021-05-25,"POLYGON ((-89.540371198347 32.455966660692766, -89.5442719522563 32.59439333781609, -89.70777761554234 32.59097364192636, -89.70362690535092 32.452565040453436, -89.540371198347 32.455966660692766))",MS3252308962220210421,BIENVILLE - CPT 6 -9,2021.0,2414322.0959196095,0.010240384355804332,1.0,34.0,matched,0.5051201921779022,MS3252308962220210421
subsetted_512x512_HLS.S30.T16SCA.2018133.v1.4,16SCA,2018-05-13,"POLYGON ((-88.92932504105374 31.532211582371914, -88.93218369520753 31.670716373556463, -89.09412118639051 31.668160452067514, -89.0910233561188 31.529669393433966, -88.92932504105374 31.532211582371914))",MS3160008902420180427,UNNAMED,2018.0,7861313.619181258,0.033323893447070166,1.0,16.0,matched,0.516661946723535,MS3160008902420180427
subsetted_512x512_HLS.S30.T16SDB.2018063.v1.4,16SDB,2018-03-04,"POLYGON ((-87.38168367061063 32.839061174242715, -87.38227861415838 32.97761313145983, -87.5466571912991 32.97700178143022, -87.54580645025528 32.838453038787634, -87.38168367061063 32.839061174242715))",AL3290808746320180223,OK COMPARTMENT 40,2018.0,6836647.010304158,0.02895567269629859,1.0,9.0,matched,0.5144778363481493,AL3290808746320180223
subsetted_512x512_HLS.S30.T16SDB.2018098.v1.4,16SDB,2018-04-08,"POLYGON ((-87.27197636886643 32.919449797226285, -87.27240161381496 33.058001489835405, -87.43693181996754 33.0575336582695, -87.43624974377342 32.91898442247859, -87.27197636886643 32.919449797226285))",AL3298808735520180323,UNNAMED,2018.0,5131521.584432358,0.021733427684860387,1.0,16.0,matched,0.5108667138424302,AL3298808735520180323
subsetted_512x512_HLS.S30.T16SDB.2021062.v1.4,16SDB,2021-03-03,"POLYGON ((-87.33185428400091 32.8007755665814, -87.33237080069611 32.939329127284985, -87.49667967934231 32.93878407062119, -87.49590784178682 32.80023337768483, -87.33185428400091 32.8007755665814))",AL3286708741320210222,OK COMP 61 AND 63,2021.0,8947540.70754309,0.037895713871137104,1.0,9.0,matched,0.5189478569355686,AL3286708741320210222
subsetted_512x512_HLS.S30.T16SDC.2020118.v1.4,16SDC,2020-04-27,"POLYGON ((-87.2338600787201 34.14393420423727, -87.23424307072868 34.28245884410298, -87.40112211039109 34.28202621950059, -87.40046628197102 34.143503810314904, -87.2338600787201 34.14393420423727))",AL3421308731220200229,BK MORELAND,2020.0,4239813.155173614,0.01795668599335743,1.0,58.0,matched,0.5089783429966788,AL3421308731220200229
subsetted_512x512_HLS.S30.T16SDD.2020093.v1.4,16SDD,2020-04-02,"POLYGON ((-87.1846417128905 34.25575865427766, -87.18494537055945 34.394281198902235, -87.3520468318205 34.39391451690486, -87.35146882450525 34.25539385999729, -87.1846417128905 34.25575865427766))",AL3430908725520200308,BK OWL CREEK,2020.0,11484887.537871473,0.0486411218168823,1.0,25.0,matched,0.5243205609084411,AL3430908725520200308
subsetted_512x512_HLS.S30.T16SEB.2019135.v1.4,16SEB,2019-05-15,"POLYGON ((-86.04706833281035 33.11987150769929, -86.04556702213932 33.25840105263924, -86.21045739423928 33.2595573937885, -86.21169940685928 33.12102179606627, -86.04706833281035 33.11987150769929))",AL3319608611820190418,BEE GUM D,2019.0,5059899.3909201175,0.02143299541225558,1.0,27.0,ambiguous,0.5107164977061278,
subsetted_512x512_HLS.S30.T16SEC.2021094.v1.4,16SEC,2021-04-04,"POLYGON ((-85.83246542818394 33.347225549068725, -85.83061009678077 33.48574036986337, -85.99591961895399 33.487190115952984, -85.99751278944106 33.34866773358195, -85.83246542818394 33.347225549068725))",AL3341708591520210223,TL HORSE CREEK SOUTH,2021.0,5127847.311452307,0.02172273938106415,1.0,40.0,matched,0.5108613696905321,AL3341708591520210223
subsetted_512x512_HLS.S30.T16SFB.2021094.v1.4,16SFB,2021-04-04,"POLYGON ((-85.51115372608821 32.44032783385118, -85.50886847825355 32.57884469287458, -85.67247345597598 32.58067977661115, -85.67450815957038 32.44215320845944, -85.51115372608821 32.44032783385118))",AL3249308559420210321,TK COMP 14/16 AND 19,2021.0,3333831.210365958,0.014125421131190372,1.0,14.0,matched,0.5070627105655952,AL3249308559420210321
subsetted_512x512_HLS.S30.T16SFC.2019165.v1.4,16SFC,2019-06-14,"POLYGON ((-85.45797885620478 33.72272070097757, -85.45549349040468 33.86120559087326, -85.62149926171352 33.863174362494306, -85.62371771494357 33.72467926292773, -85.45797885620478 33.72272070097757))",AL3382808556320190322,540C,2019.0,10613517.985888036,0.04497026354175942,0.0,84.0,unmatched,0.02248513177087971,
subsetted_512x512_HLS.S30.T16SFC.2020045.v1.4,16SFC,2020-02-14,"POLYGON ((-85.44735276510471 33.737467300588726, -85.44484888399066 33.87595116184958, -85.61088242426698 33.87793500701433, -85.61311920354906 33.739440860190506, -85.44735276510471 33.737467300588726))",AL3380408552420200108,SC RAVEN ROCK A,2020.0,3505855.315981374,0.014854664609797693,1.0,37.0,matched,0.5074273323048989,AL3380408552420200108
subsetted_512x512_HLS.S30.T16SFC.2020105.v1.4,16SFC,2020-04-14,"POLYGON ((-85.4589645784537 33.70379504295862, -85.45648257446364 33.842280422643135, -85.62245180908899 33.844246924172666, -85.624667149149 33.7057513437471, -85.4589645784537 33.70379504295862))",AL3377808553420200229,UNNAMED,2020.0,6153014.371656994,0.026070768256013056,1.0,45.0,matched,0.5130353841280065,AL3377808553420200229
subsetted_512x512_HLS.S30.T16SFC.2021094.v1.4,16SFC,2021-04-04,"POLYGON ((-85.48374603470523 33.73034446435237, -85.48130148646834 33.86883085343506, -85.64732388128786 33.87076523583959, -85.64950140461015 33.73226881642812, -85.48374603470523 33.73034446435237))",AL3379908556520210320,SC QUIAL 6/7 AND 8,2021.0,3667540.994557638,0.015539396951404893,1.0,15.0,matched,0.5077696984757024,AL3379908556520210320
subsetted_512x512_HLS.S30.T16SFD.2018100.v1.4,16SFD,2018-04-10,"POLYGON ((-85.49502208609847 34.35892481765666, -85.49253773897202 34.49739773489931, -85.65979699286464 34.49934718785321, -85.66200590442132 34.36086425210177, -85.49502208609847 34.35892481765666))",AL3443308557520180315,NORTHEAST COMPLEX FY18,2018.0,2482541.584995718,0.010518403919311381,1.0,26.0,matched,0.5052592019596557,AL3443308557520180315
subsetted_512x512_HLS.S30.T16SGA.2018107.v1.4,16SGA,2018-04-17,"POLYGON ((-84.57569450034255 32.3435500097459, -84.57198793836497 32.48199137821187, -84.73533063852943 32.48503801485143, -84.73878838151491 32.346580509966714, -84.57569450034255 32.3435500097459))",GA3239508464820180322,POND ROAD FIRE,2018.0,2984650.3660501894,0.012655652760213952,1.0,26.0,matched,0.506327826380107,GA3239508464820180322
subsetted_512x512_HLS.S30.T16SGD.2019100.v1.4,16SGD,2019-04-10,"POLYGON ((-84.01881254108523 35.00923652401928, -84.01377239282655 35.14755430555557, -84.18218861173158 35.15159135186653, -84.18694544989482 35.0132530227397, -84.01881254108523 35.00923652401928))",NC3510008412520190321,JACK DAVIS/DOGWOOD SPRINGS RX,2019.0,12632961.685548639,0.053594931007800994,1.0,20.0,matched,0.5267974655039005,NC3510008412520190321
subsetted_512x512_HLS.S30.T16SGF.2018155.v1.4,16SGF,2018-06-04,"POLYGON ((-84.47552631916122 36.57604766092981, -84.4710048248674 36.7143825811777, -84.64284150762167 36.71791138527943, -84.64705649869103 36.57955882683127, -84.47552631916122 36.57604766092981))",KY3664508455520180413,BALD KNOB,2018.0,4333806.262783331,0.01837593145656807,1.0,52.0,matched,0.5091879657282841,KY3664508455520180413
subsetted_512x512_HLS.S30.T16TGQ.2019158.v1.4,16TGQ,2019-06-07,"POLYGON ((-83.64175464012474 44.37417818955248, -83.63382793502657 44.51222288879709, -83.8267753089344 44.517752467923785, -83.8342495689097 44.379681358126724, -83.64175464012474 44.37417818955248))",MI4440008375020180430,BRITTLE 04/30/2018,2018.0,14099162.420676194,0.05981153115556417,0.0904799370574351,403.0,unmatched,0.07514573410649963,
subsetted_512x512_HLS.S30.T16TGQ.2021167.v1.4,16TGQ,2021-06-16,"POLYGON ((-83.29940200313112 44.34549142345044, -83.29067703491769 44.48348574415659, -83.48346102167083 44.48959199960146, -83.4917348631665 44.351568523750274, -83.29940200313112 44.34549142345044))",MI4441708341120210405,UNNAMED,2021.0,7088444.484567273,0.030081727603230236,1.0,72.0,matched,0.5150408638016151,MI4441708341120210405
subsetted_512x512_HLS.S30.T17RKN.2018087.v1.4,17RKN,2018-03-28,"POLYGON ((-82.96638854702594 29.24633156749577, -82.96904789802893 29.384881847645378, -83.12723473313345 29.382450859847726, -83.12436211600254 29.24391424322973, -82.96638854702594 29.24633156749577))",FL2931408304320180217,FLLSR-FY18-RX-B-C2D,2018.0,3305160.365354942,0.014011557721865209,1.0,39.0,matched,0.5070057788609326,FL2931408304320180217
subsetted_512x512_HLS.S30.T17RKN.2019112.v1.4,17RKN,2019-04-22,"POLYGON ((-82.96571560621452 29.29181644891901, -82.96837899034291 29.430365840589083, -83.12663631936702 29.427932195961287, -83.1237591776509 29.289396469364593, -82.96571560621452 29.29181644891901))",FL2941308303620190320,FLLSR-FY19-RX-A-C1B1.3,2019.0,4076004.4472527644,0.017279369447296775,1.0,33.0,matched,0.5086396847236484,FL2941308303620190320
subsetted_512x512_HLS.S30.T17RLP.2018082.v1.4,17RLP,2018-03-23,"POLYGON ((-82.29147678068179 30.34660599917208, -82.29330296678148 30.48517982945888, -82.453296979464 30.483494609061673, -82.45124505934406 30.34493004080458, -82.29147678068179 30.34660599917208))",FL3041808235520180119,UNNAMED,2018.0,12240074.784871701,0.051860969533207874,1.0,63.0,matched,0.525930484766604,FL3041808235520180119
subsetted_512x512_HLS.S30.T17RLP.2018102.v1.4,17RLP,2018-04-12,"POLYGON ((-82.18065993460318 30.344946809650377, -82.18232933496195 30.48352648798345, -82.34232790995077 30.481977493770355, -82.34043275334692 30.34340632940988, -82.18065993460318 30.344946809650377))",FL3040708225520180303,UNNAMED,2018.0,3795909.590792134,0.016082129128070652,1.0,40.0,matched,0.5080410645640353,FL3040708225520180303
subsetted_512x512_HLS.S30.T17RLP.2018127.v1.4,17RLP,2018-05-07,"POLYGON ((-82.24661499987852 30.32836368174281, -82.248376475779 30.4669403153859, -82.40834368399618 30.465311107912818, -82.40635666338342 30.326743431845472, -82.24661499987852 30.32836368174281))",FL3040108231820180427,UNNAMED,2018.0,8218963.677777687,0.034822640417595384,1.0,10.0,matched,0.5174113202087977,FL3040108231820180427
subsetted_512x512_HLS.S30.T17RLP.2019112.v1.4,17RLP,2019-04-22,"POLYGON ((-82.31553211014105 30.16121250503467, -82.31737855295067 30.299788935148914, -82.47706910390328 30.298083747949722, -82.47499902544514 30.159516724206355, -82.31553211014105 30.16121250503467))",FL3023508239920190320,CPT 93 BATTLEGROUND,2019.0,4781063.891405616,0.020257618613991214,1.0,33.0,matched,0.5101288093069956,FL3023508239920190320
subsetted_512x512_HLS.S30.T17RLP.2021111.v1.4,17RLP,2021-04-21,"POLYGON ((-82.26847860854468 30.450775836681547, -82.27027975285601 30.589348701395306, -82.43044614544816 30.58768653356726, -82.42841807716886 30.449122785541526, -82.26847860854468 30.450775836681547))",FL3053408239020210308,CPT 105/106/109/110,2021.0,18561476.027765382,0.07864344178266905,1.0,44.0,matched,0.5393217208913346,FL3053408239020210308
subsetted_512x512_HLS.S30.T17RMJ.2018064.v1.4,17RMJ,2018-03-05,"POLYGON ((-81.38446118080265 26.080179732960097, -81.3849159042622 26.21887238220201, -81.53867739062919 26.218378519698575, -81.53804103813681 26.07968887047345, -81.38446118080265 26.080179732960097))",FL2616308144920180212,COMPARTMENT 4,2018.0,7056439.890565817,0.029886759664128293,1.0,21.0,matched,0.5149433798320642,FL2616308144920180212
subsetted_512x512_HLS.S30.T17RML.2018064.v1.4,17RML,2018-03-05,"POLYGON ((-81.09948133083283 27.455304724852166, -81.09960621491088 27.59397334235714, -81.25524638651717 27.59377444036203, -81.25492636780302 27.45510698876044, -81.09948133083283 27.455304724852166))",FL2751908119020180204,CHIP (47),2018.0,5750777.592320345,0.024355677252705165,1.0,29.0,matched,0.5121778386263526,FL2751908119020180204
subsetted_512x512_HLS.S30.T17RML.2021103.v1.4,17RML,2021-04-13,"POLYGON ((-81.2239487604012 27.600057624303957, -81.22423162882308 27.738722494391606, -81.38007546546353 27.738382140855947, -81.37959600903979 27.599719258723415, -81.2239487604012 27.600057624303957))",FL2765508130820210308,UNNAMED,2021.0,5777887.271012392,0.024470842704182785,1.0,36.0,matched,0.5122354213520914,FL2765508130820210308
subsetted_512x512_HLS.S30.T17RMN.2020034.v1.4,17RMN,2020-02-03,"POLYGON ((-81.60180451959647 29.328483745765446, -81.6026212814911 29.467106695022043, -81.76102715679356 29.466295197885778, -81.75999574487648 29.32767680415484, -81.60180451959647 29.328483745765446))",FL2940608168720200120,CPT 35 RICHARD,2020.0,8178604.333618424,0.03464147681020459,1.0,14.0,matched,0.5173207384051023,FL2940608168720200120
subsetted_512x512_HLS.S30.T17RMN.2020094.v1.4,17RMN,2020-04-03,"POLYGON ((-81.49913233749972 28.990989729992553, -81.49980046328993 29.129622077561155, -81.6576895405411 29.128940416332906, -81.65681038355605 28.990311923657536, -81.49913233749972 28.990989729992553))",FL2906108158720200302,CPT 260 LEVY,2020.0,5446640.076234967,0.023069225092622773,1.0,32.0,matched,0.5115346125463114,FL2906108158720200302
subsetted_512x512_HLS.S30.T17RMN.2021063.v1.4,17RMN,2021-03-04,"POLYGON ((-81.74246853712141 29.381926009099725, -81.74347839453391 29.520543832120943, -81.90196216193183 29.519563047515444, -81.90073710274699 29.380950723893775, -81.74246853712141 29.381926009099725))",FL2945008182120210222,CPT12 WATERHOLE,2021.0,3961258.4499840424,0.016779216331093947,1.0,10.0,ambiguous,0.508389608165547,
subsetted_512x512_HLS.S30.T17RNK.2019081.v1.4,17RNK,2019-03-22,"POLYGON ((-80.56751338226199 26.27833114404668, -80.56699738022904 26.417019134050733, -80.72102330900205 26.41740251080271, -80.72135576828347 26.278712204394676, -80.56751338226199 26.27833114404668))",FL2634008064020190119,TWO TRAIL (50),2019.0,3369730.1085531493,0.01427180794588906,1.0,62.0,matched,0.5071359039729445,FL2634008064020190119
subsetted_512x512_HLS.S30.T17RNK.2020126.v1.4,17RNK,2020-05-05,"POLYGON ((-80.84590213337518 26.16621099726471, -80.84571918021778 26.30490462321289, -80.9995992700165 26.304987587118273, -80.99959974522248 26.166293458362762, -80.84590213337518 26.16621099726471))",FL2623908094820200410,SILVERKING,2020.0,2394214.2396816188,0.010139907750440453,1.0,25.0,matched,0.5050699538752202,FL2623908094820200410
subsetted_512x512_HLS.S30.T17RNM.2021103.v1.4,17RNM,2021-04-13,"POLYGON ((-80.61122929992116 28.575700083009863, -80.61071774249743 28.714343053263992, -80.76798553418955 28.714704207242768, -80.7682904313961 28.576059175505584, -80.61122929992116 28.575700083009863))",FL2862308067720200715,FMU 5.1 C AND D,2020.0,3693257.7883746033,0.015641912007414153,1.0,272.0,matched,0.507820956003707,FL2862308067720200715
subsetted_512x512_HLS.S30.T17SKS.2021126.v1.4,17SKS,2021-05-06,"POLYGON ((-83.65543261137854 33.109012082548126, -83.65961311891577 33.24741162786876, -83.8243081157945 33.2437780417054, -83.81986954549963 33.10539750050298, -83.65543261137854 33.109012082548126))",GA3318008373820210430,UNNAMED,2021.0,4411750.002666367,0.018714585771386384,1.0,6.0,ambiguous,0.5093572928856932,
subsetted_512x512_HLS.S30.T17SKT.2018132.v1.4,17SKT,2018-05-12,"POLYGON ((-83.18064322990271 33.68793637198779, -83.18415286492706 33.82637164762429, -83.35001026986231 33.82332110217992, -83.3462347001571 33.68490164753806, -83.18064322990271 33.68793637198779))",GA3374908328320180403,UNNAMED,2018.0,6640495.635453843,0.028154139793621306,1.0,39.0,matched,0.5140770698968107,GA3374908328320180403
subsetted_512x512_HLS.S30.T17SKU.2021094.v1.4,17SKU,2021-04-04,"POLYGON ((-83.32421274999518 34.46917116675328, -83.3280646787781 34.60757509712861, -83.49544231926795 34.60426469996576, -83.49131412922188 34.46587774730917, -83.32421274999518 34.46917116675328))",GA3453608340520210306,PEAR ORCHARD,2021.0,6203540.027752479,0.026304714371905385,1.0,29.0,matched,0.5131523571859526,GA3453608340520210306
subsetted_512x512_HLS.S30.T17SKV.2019100.v1.4,17SKV,2019-04-10,"POLYGON ((-83.2718257504782 35.275029813639655, -83.27570533402582 35.41342046033518, -83.4447389537974 35.410115481752094, -83.44057187847919 35.271741607978726, -83.2718257504782 35.275029813639655))",NC3534508336120190323,ALARKA RX BURN,2019.0,3102353.07677031,0.013153860850319882,1.0,18.0,matched,0.5065769304251599,NC3534508336120190323
subsetted_512x512_HLS.S30.T17SKV.2021094.v1.4,17SKV,2021-04-04,"POLYGON ((-83.54482111798852 35.3574789468681, -83.54917986046057 35.495839842919686, -83.71835019992663 35.49214469102348, -83.71370303909633 35.35380252494152, -83.54482111798852 35.3574789468681))",NC3541908364320210308,UNNAMED,2021.0,5946200.146074399,0.025218593853671454,1.0,27.0,matched,0.5126092969268358,NC3541908364320210308
subsetted_512x512_HLS.S30.T17SLB.2019287.v1.4,17SLB,2019-10-14,"POLYGON ((-82.53324030364632 37.531766539069864, -82.53608381553194 37.670164294303596, -82.71018211152335 37.66776786004369, -82.7070166810675 37.52938197415729, -82.53324030364632 37.531766539069864))",KY3760808261720190917,CLARK BRANCH #2,2019.0,5310905.849310344,0.022503920516000565,1.0,27.0,matched,0.5112519602580002,KY3760808261720190917
subsetted_512x512_HLS.S30.T17SLS.2020097.v1.4,17SLS,2020-04-06,"POLYGON ((-82.1865935276451 33.294553487401814, -82.18847537507526 33.43306853422448, -82.35367101130932 33.4313753236902, -82.35152777332829 33.29286911503613, -82.1865935276451 33.294553487401814))",SC3336008228020200302,UNNAMED,2020.0,3121352.5511862114,0.013223995824999026,1.0,35.0,matched,0.5066119979124996,SC3336008228020200302
subsetted_512x512_HLS.S30.T17SLT.2018107.v1.4,17SLT,2018-04-17,"POLYGON ((-82.17721203044125 33.98105665332742, -82.1791280611306 34.119556754369846, -82.34564719172774 34.11784490518334, -82.3434607611023 33.97935364922296, -82.17721203044125 33.98105665332742))",SC3404608226520180329,C-207 LC,2018.0,4858266.487702615,0.02058243790636754,1.0,19.0,matched,0.5102912189531837,SC3404608226520180329
subsetted_512x512_HLS.S30.T17SLT.2020097.v1.4,17SLT,2020-04-06,"POLYGON ((-82.4033354052349 33.8680343672511, -82.40560971414617 34.00652464653852, -82.57189179431514 34.00451175560705, -82.56934869229744 33.86603189285739, -82.4033354052349 33.8680343672511))",SC3394808248920200309,C-249 LC,2020.0,8427466.974908793,0.03570835239118623,0.9926487220085953,28.0,matched,0.5141785371998908,SC3394808248920200309
subsetted_512x512_HLS.S30.T17SLV.2019112.v1.4,17SLV,2019-04-22,"POLYGON ((-82.9966352728849 35.282591342348724, -83.00004607202024 35.421006704579504, -83.169127596109 35.41808695978608, -83.1654289804014 35.27968641672121, -82.9966352728849 35.282591342348724))",NC3535608307520190324,UNNAMED,2019.0,2745126.3720394527,0.011636333120176498,1.0,29.0,matched,0.5058181665600883,NC3535608307520190324
subsetted_512x512_HLS.S30.T17SMA.2021096.v1.4,17SMA,2021-04-06,"POLYGON ((-81.92929228668346 36.513165640214226, -81.9309533653603 36.651618728799576, -82.10277443001804 36.650151824221155, -82.10080691423028 36.51170607841975, -81.92929228668346 36.513165640214226))",TN3658108201420210308,RX - JONES RIDGE,2021.0,3181460.0236435216,0.013476750725475556,1.0,29.0,matched,0.5067383753627378,TN3658108201420210308
subsetted_512x512_HLS.S30.T17SMR.2021128.v1.4,17SMR,2021-05-08,"POLYGON ((-81.01769694016942 32.08646600546799, -81.01772373795073 32.22503764952542, -81.18073929272093 32.22490967501431, -81.18046602190711 32.086338712307565, -81.01769694016942 32.08646600546799))",SC3215308110120210403,IMPOUNDMENT 12 13 15 16,2021.0,3183540.724651914,0.013482849084255606,1.0,35.0,matched,0.5067414245421278,SC3215308110120210403
subsetted_512x512_HLS.S30.T17SMS.2019094.v1.4,17SMS,2019-04-04,"POLYGON ((-81.44012038255954 33.11705539533905, -81.44081372771097 33.25560015093219, -81.60570936119373 33.25490630633407, -81.60475668903385 33.11636518309901, -81.44012038255954 33.11705539533905))",SC3318508152420190308,C81 RX BURN,2019.0,2953408.5583655625,0.012508905135384366,1.0,27.0,matched,0.5062544525676922,SC3318508152420190308
subsetted_512x512_HLS.S30.T17SMS.2021103.v1.4,17SMS,2021-04-13,"POLYGON ((-81.67268485888036 33.21099645715128, -81.67374835590236 33.34953362970086, -81.83881303117265 33.34852833042132, -81.83748905015062 33.2099964128506, -81.67268485888036 33.21099645715128))",SC3329108175220210315,C-3 RX BURN,2021.0,6693857.225191088,0.02835305191733436,1.0,29.0,matched,0.5141765259586671,SC3329108175220210315
subsetted_512x512_HLS.S30.T17SMU.2018132.v1.4,17SMU,2018-05-12,"POLYGON ((-81.59164932518907 34.35430247124625, -81.59262591839344 34.492816083742895, -81.75991327928934 34.49189023081519, -81.75866106924306 34.35338137793796, -81.59164932518907 34.35430247124625))",SC3442008167020180403,UNNAMED,2018.0,4362480.602439588,0.01847758076997014,1.0,39.0,matched,0.5092387903849851,SC3442008167020180403
subsetted_512x512_HLS.S30.T17SMV.2021096.v1.4,17SMV,2021-04-06,"POLYGON ((-81.74251887928179 35.824521628673494, -81.7438131091193 35.96299730499599, -81.91413940293376 35.96182068532322, -81.91254889746439 35.82335094503268, -81.74251887928179 35.824521628673494))",NC3589008184220210311,UNNAMED,2021.0,5445377.319893495,0.023065246525707263,1.0,26.0,matched,0.5115326232628536,NC3589008184220210311
subsetted_512x512_HLS.S30.T17SNB.2019162.v1.4,17SNB,2019-06-11,"POLYGON ((-80.26736335500392 37.26579477022326, -80.26601749242899 37.40423719427103, -80.43956123879832 37.40518718222631, -80.44058893068858 37.2667400393465, -80.26736335500392 37.26579477022326))",VA3733308035220190423,UNNAMED,2019.0,3211675.191026076,0.013603072708099634,1.0,49.0,matched,0.5068015363540498,VA3733308035220190423
subsetted_512x512_HLS.S30.T17SNC.2019112.v1.4,17SNC,2019-04-22,"POLYGON ((-79.74864886885153 38.058546503364326, -79.74628362325723 38.19694846988653, -79.92166783271077 38.19869048132377, -79.92370236917539 38.060279926699266, -79.74864886885153 38.058546503364326))",VA3812107982720190320,UNNAMED,2019.0,14445122.67174899,0.061193185588179703,1.0,33.0,matched,0.5305965927940899,VA3812107982720190320
subsetted_512x512_HLS.S30.T17SNS.2021128.v1.4,17SNS,2021-05-08,"POLYGON ((-80.61969278591953 32.61580332055441, -80.61910503621966 32.75436024645829, -80.7830763568224 32.75475133813765, -80.78341109303706 32.61619234836839, -80.61969278591953 32.61580332055441))",SC3269708070820210406,MOORE,2021.0,5103375.368914362,0.021614054222463427,1.0,32.0,matched,0.5108070271112317,SC3269708070820210406
subsetted_512x512_HLS.S30.T17SPS.2018074.v1.4,17SPS,2018-03-15,"POLYGON ((-79.53672007377918 33.161461200745805, -79.53441121950418 33.29996367265824, -79.69935133355504 33.30179974941874, -79.70140053447611 33.16328767463639, -79.53672007377918 33.161461200745805))",SC3324007962020180228,UNNAMED,2018.0,2427824.2456764295,0.010286442254355653,1.0,15.0,matched,0.5051432211271778,SC3324007962020180228
subsetted_512x512_HLS.S30.T17SPS.2019094.v1.4,17SPS,2019-04-04,"POLYGON ((-79.45725694643392 33.1434563571675, -79.4548244071341 33.281954165841015, -79.6197250274397 33.28389497653639, -79.62189817937993 33.14538701474651, -79.45725694643392 33.1434563571675))",SC3321007954020190322,UNNAMED,2019.0,5655703.493493379,0.02396380071124037,1.0,13.0,ambiguous,0.5119819003556202,
subsetted_512x512_HLS.S30.T17SPS.2020039.v1.4,17SPS,2020-02-08,"POLYGON ((-79.38770483194126 33.147986582357746, -79.38516221545481 33.28647963746126, -79.55006617497212 33.288513101231004, -79.55234937843073 33.150009409400774, -79.38770483194126 33.147986582357746))",SC3320907951020190526,MEMORIAL,2019.0,6885504.256185105,0.029175894195773246,0.0,258.0,unmatched,0.014587947097886623,
subsetted_512x512_HLS.S30.T17SQD.2020094.v1.4,17SQD,2020-04-03,"POLYGON ((-78.51793835258754 38.854516477150774, -78.5131124123129 38.9928023084716, -78.69032733135336 38.99644695160103, -78.69481014832911 38.858143282289156, -78.51793835258754 38.854516477150774))",VA3892507863820200308,UNNAMED,2020.0,6361688.246260245,0.02697144005336764,1.0,26.0,matched,0.5134857200266838,VA3892507863820200308
subsetted_512x512_HLS.S30.T18SUD.2020061.v1.4,18SUD,2020-03-01,"POLYGON ((-76.91290860039267 34.691611708562284, -76.91610556326408 34.83004751493148, -77.08397923305516 34.82728663868917, -77.08050265124939 34.688864953221675, -76.91290860039267 34.691611708562284))",NC3475007701720200210,CRO C-25/34/56 RX,2020.0,5243648.487605328,0.02222603979541112,1.0,20.0,matched,0.5111130198977055,NC3475007701720200210
subsetted_512x512_HLS.S30.T18TWK.2018121.v1.4,18TWK,2018-05-01,"POLYGON ((-74.39608002342749 39.68058016023859, -74.39487042587993 39.818969000756, -74.57433553135256 39.81976619546299, -74.57518642677236 39.681373473213114, -74.39608002342749 39.68058016023859))",NJ3974007449020180422,BREECHES BRANCH FIRE,2018.0,3347171.975172632,0.014176502449272321,1.0,9.0,matched,0.5070882512246362,NJ3974007449020180422
subsetted_512x512_HLS.S30.T18TWK.2019093.v1.4,18TWK,2019-04-03,"POLYGON ((-74.3515996179988 39.7235890890582, -74.35029895097966 39.86197572174211, -74.52987482253995 39.86284254363266, -74.5308160265159 39.72445169142957, -74.3515996179988 39.7235890890582))",NJ3977007445020190330,SPRING HILL FIRE,2019.0,33131005.811255477,0.1403231775518516,1.0,4.0,matched,0.5701615887759258,NJ3977007445020190330
subsetted_512x512_HLS.S30.T18TXQ.2018266.v1.4,18TXQ,2018-09-23,"POLYGON ((-73.54069624852143 44.79748745024239, -73.53719886414505 44.935715263693204, -73.73181588945853 44.93804262492356, -73.73484829372362 44.79980368334891, -73.54069624852143 44.79748745024239))",NY4487007364020180712,FLAT ROCK FIRE,2018.0,2663654.324091359,0.011284233137120013,1.0,73.0,matched,0.50564211656856,NY4487007364020180712
subsetted_512x512_HLS.S30.T10SEH.2018190.v1.4,10SEH,2018-07-09,"POLYGON ((-122.07875779592115 38.59096982830166, -122.0769829023164 38.729374378276084, -122.25367855980245 38.73063594650889, -122.25511376645166 38.592225204295886, -122.07875779592115 38.59096982830166))",CA3881012220020180630,COUNTY,2018.0,186764438.45242655,0.7910806757318232,1.0,9.0,matched,0.8955403378659116,CA3881012220020180630
subsetted_512x512_HLS.S30.T10SFE.2021166.v1.4,10SFE,2021-06-15,"POLYGON ((-120.68783806921977 35.93815754483979, -120.68379205466087 36.07652900798844, -120.85425575540027 36.07970363723477, -120.85800457708041 35.941316190204994, -120.68783806921977 35.93815754483979))",CA3595912083320210530,SARGENTS,2021.0,4981561.5759739205,0.02111873056784118,1.0,16.0,matched,0.5105593652839205,CA3595912083320210530
subsetted_512x512_HLS.S30.T10SFF.2020215.v1.4,10SFF,2020-08-02,"POLYGON ((-120.91493314208103 36.60428701834104, -120.91119442600828 36.74266418231691, -121.08314485561128 36.74555925457966, -121.0865762794588 36.60716762004649, -120.91493314208103 36.60428701834104))",CA3667512102020200715,COYOTE,2020.0,6304572.253646903,0.026721949671858456,1.0,18.0,matched,0.5133609748359292,CA3667512102020200715
subsetted_512x512_HLS.S30.T10SFG.2020185.v1.4,10SFG,2020-07-03,"POLYGON ((-121.0793630387933 36.97749823069137, -121.07587201657529 37.11588063924028, -121.24867929396424 37.11856008308282, -121.25185719390481 36.98016433265133, -121.0793630387933 36.97749823069137))",CA3706812121320200628,PASS,2020.0,9100574.458075006,0.03856775879351082,1.0,5.0,matched,0.5192838793967554,CA3706812121320200628
subsetted_512x512_HLS.S30.T10SFG.2020215.v1.4,10SFG,2020-08-02,"POLYGON ((-121.36985564078472 36.94696157035479, -121.36689575419763 37.08536654058664, -121.53965924267774 37.087620222151116, -121.54230629413898 36.94920402484233, -121.36985564078472 36.94696157035479))",CA3702412151420200705,CREWS,2020.0,23467922.495221052,0.09943681476157593,1.0,28.0,matched,0.5497184073807879,CA3702412151420200705
subsetted_512x512_HLS.S30.T10SGD.2018257.v1.4,10SGD,2018-09-14,"POLYGON ((-120.01214237357766 35.04800933615672, -120.00708369167369 35.18632538857761, -120.17557888959492 35.1903755392758, -120.18035372643098 35.05203888295741, -120.01214237357766 35.04800933615672))",CA3511712010020180819,FRONT,2018.0,4559264.700801592,0.019342653689885376,1.0,26.0,matched,0.5096713268449427,CA3511712010020180819
subsetted_512x512_HLS.S30.T10SGF.2020217.v1.4,10SGF,2020-08-04,"POLYGON ((-120.47735313687782 36.10534743056869, -120.47291190260881 36.24369346958499, -120.6437125276186 36.24718157691383, -120.64785428807967 36.108818012061334, -120.47735313687782 36.10534743056869))",CA3609512052220200713,MINERAL,2020.0,101331749.43905681,0.42966609799870226,1.0,22.0,matched,0.7148330489993511,CA3609512052220200713
subsetted_512x512_HLS.S30.T10SGG.2018187.v1.4,10SGG,2018-07-06,"POLYGON ((-120.2107320644229 37.34143748999102, -120.2055960046636 37.47972474000041, -120.37913432426272 37.48370460092941, -120.38395234140049 37.34539761760037, -120.2107320644229 37.34143748999102))",CA3735012030020180615,PLANADA,2018.0,18822570.455706563,0.07982934090339572,1.0,21.0,matched,0.5399146704516978,CA3735012030020180615
subsetted_512x512_HLS.S30.T10SGG.2020247.v1.4,10SGG,2020-09-03,"POLYGON ((-120.18721753148289 37.71581966802084, -120.1819677690025 37.85409533990852, -120.35637672909732 37.858143127446084, -120.36130253270152 37.71984745698152, -120.18721753148289 37.71581966802084))",CA3780512029420200820,MOC,2020.0,12753496.997343631,0.054090021049023586,1.0,14.0,matched,0.5270450105245118,CA3780512029420200820
subsetted_512x512_HLS.S30.T10TFL.2018215.v1.4,10TFL,2018-08-03,"POLYGON ((-120.73814678255576 40.557358797524316, -120.73347487419478 40.695626064134494, -120.91515079339509 40.69905148665323, -120.91944890768511 40.56076764199473, -120.73814678255576 40.557358797524316))",CA4063012088020180727,WHALEBACK,2018.0,75436328.173967,0.31975115822562783,1.0,7.0,matched,0.6598755791128139,CA4063012088020180727
subsetted_512x512_HLS.S30.T10TFM.2018110.v1.4,10TFM,2018-04-20,"POLYGON ((-121.42053319161018 41.8530799324028, -121.41711813285298 41.99137144423596, -121.60250149442372 41.99377843857281, -121.6055169269046 41.855475345188815, -121.42053319161018 41.8530799324028))",CA4193212150720180221,CATKR-FY18-RX-KLB-TULE LAKE HFR-SUMP 1A,2018.0,9186327.957936902,0.038920199096883726,1.0,58.0,matched,0.5194600995484419,CA4193212150720180221
subsetted_512x512_HLS.S30.T10TFM.2019215.v1.4,10TFM,2019-08-03,"POLYGON ((-121.15113985889596 41.73287484679944, -121.1471593453067 41.87114972263285, -121.33217073327405 41.873986373606684, -121.33575425388456 41.73569784405694, -121.15113985889596 41.73287484679944))",CA4172612124320190728,TUCKER,2019.0,57094809.07268872,0.24193293795538232,1.0,6.0,matched,0.6209664689776911,CA4172612124320190728
subsetted_512x512_HLS.S30.T10TFM.2020215.v1.4,10TFM,2020-08-02,"POLYGON ((-120.9700058452432 41.65443220472888, -120.96564753447949 41.792694110091745, -121.15041457116837 41.79581861318301, -121.15437762066618 41.65754166519565, -120.9700058452432 41.65443220472888))",CA4173712105820200723,DALTON,2020.0,6632344.20148532,0.028107073061452405,1.0,10.0,matched,0.5140535365307262,CA4173712105820200723
subsetted_512x512_HLS.S30.T10TFN.2018175.v1.4,10TFN,2018-06-24,"POLYGON ((-121.23510566259485 42.5460876963554, -121.23119598915386 42.68434932283112, -121.41860989199957 42.68709073336171, -121.42210575972821 42.548815949825936, -121.23510566259485 42.5460876963554))",OR4261612132420180510,UNNAMED,2018.0,12028238.967590088,0.05096518035637495,1.0,45.0,matched,0.5254825901781874,OR4261612132420180510
subsetted_512x512_HLS.S30.T10TFP.2019278.v1.4,10TFP,2019-10-05,"POLYGON ((-120.8788759769898 43.52929099284252, -120.87401316776848 43.66749950346755, -121.06442090852109 43.670883569067136, -121.06884888778612 43.532658860322265, -120.8788759769898 43.52929099284252))",OR4359512099520190923,DEADLOG RX 1001 NE,2019.0,8286083.173303058,0.03511607195404924,1.0,12.0,matched,0.5175580359770247,OR4359512099520190923
subsetted_512x512_HLS.S30.T10TFQ.2018183.v1.4,10TFQ,2018-07-02,"POLYGON ((-121.30614420821556 44.47745259717753, -121.30212992307926 44.615672550186375, -121.49565489464331 44.61838624287517, -121.49921207359054 44.48015331367657, -121.30614420821556 44.47745259717753))",OR4453912142620180621,GRAHAM 0420 OD,2018.0,8509598.499616837,0.03605385096358378,1.0,11.0,matched,0.5180269254817919,OR4453912142620180621
subsetted_512x512_HLS.S30.T10TFQ.2019305.v1.4,10TFQ,2019-11-01,"POLYGON ((-120.64290393284593 44.33901808219942, -120.63734550989784 44.47718459082199, -120.83033822138594 44.48101568092119, -120.8354435102161 44.342830858088114, -120.64290393284593 44.33901808219942))",OR4441112073920191031,UNNAMED,2019.0,8053553.727880676,0.03413538128024605,1.0,1.0,matched,0.517067690640123,OR4441112073920191031
subsetted_512x512_HLS.S30.T10TFR.2018188.v1.4,10TFR,2018-07-07,"POLYGON ((-120.49391864042956 45.205458247762095, -120.48782772533895 45.343588396750384, -120.68372191207541 45.34773141945415, -120.68933894517575 45.20958147350644, -120.49391864042956 45.205458247762095))",OR4527212061320180622,JACK KNIFE 0440 RN,2018.0,65071762.99923438,0.27583211499131155,1.0,15.0,matched,0.6379160574956557,OR4527212061320180622
subsetted_512x512_HLS.S30.T10TFR.2020173.v1.4,10TFR,2020-06-21,"POLYGON ((-120.31553989780343 45.48035842857622, -120.30895286738016 45.61846233268166, -120.50577573629306 45.622932155509474, -120.51188225362465 45.484806893803075, -120.31553989780343 45.48035842857622))",OR4556212040420200429,ROCK CREEK 0103 RN,2020.0,4182264.3629151457,0.01773037753682275,1.0,53.0,matched,0.5088651887684114,OR4556212040420200429
subsetted_512x512_HLS.S30.T10TGK.2019245.v1.4,10TGK,2019-09-02,"POLYGON ((-119.90436290993834 39.80923224849777, -119.89813719735402 39.947422910478224, -120.0777008760389 39.9520923977982, -120.08356747412198 39.813879049021686, -119.90436290993834 39.80923224849777))",CA3988012002520190824,LONG VALLEY,2019.0,9922712.097798835,0.04209289003866297,1.0,9.0,matched,0.5210464450193315,CA3988012002520190824
subsetted_512x512_HLS.S30.T10TGK.2020285.v1.4,10TGK,2020-10-11,"POLYGON ((-120.02324523598006 39.636149680777166, -120.01729503126938 39.774359750670925, -120.19642711976822 39.77882893626481, -120.20202114812699 39.64059712538319, -120.02324523598006 39.636149680777166))",CA3968112017120200814,LOYALTON,2020.0,161751618.83104247,0.6860811705078708,1.0,58.0,matched,0.8430405852539353,CA3968112017120200814
subsetted_512x512_HLS.S30.T10TGL.2018215.v1.4,10TGL,2018-08-03,"POLYGON ((-120.01654122468247 41.19701295328941, -120.01023956156402 41.335184760964886, -120.19358024332034 41.33980516025313, -120.19949674389866 41.20161107789944, -120.01654122468247 41.19701295328941))",CA4129012012020180713,EAGLE,2018.0,8565423.954723781,0.03632852791693151,1.0,21.0,matched,0.5181642639584657,CA4129012012020180713
subsetted_512x512_HLS.S30.T10TGL.2020265.v1.4,10TGL,2020-09-21,"POLYGON ((-119.99190416523815 41.02398964775453, -119.98558908779145 41.162162495656496, -120.16844267030923 41.16680667197358, -120.1743759610904 41.02861141625139, -119.99190416523815 41.02398964775453))",CA4102912028120200818,W-5 COLD SPRINGS,2020.0,196945976.6383764,0.8353342904059445,1.0,34.0,matched,0.9176671452029723,CA4102912028120200818
subsetted_512x512_HLS.S30.T10TGM.2020215.v1.4,10TGM,2020-08-02,"POLYGON ((-119.57403791170745 41.72907052144823, -119.5666660806366 41.86716952447039, -119.75144196382155 41.87255074324921, -119.75841880118242 41.73442587013947, -119.57403791170745 41.72907052144823))",NV4180711966720200727,S-4 SHELDON,2020.0,7720552.769291192,0.03275973441555799,1.0,6.0,matched,0.516379867207779,NV4180711966720200727
subsetted_512x512_HLS.S30.T10TGR.2018215.v1.4,10TGR,2018-08-03,"POLYGON ((-119.9841453178029 45.69783403582861, -119.97668946323579 45.83589273839876, -120.17422331062639 45.840952836408626, -120.18119365288112 45.70286995916706, -119.9841453178029 45.69783403582861))",OR4576612011120180727,0809 RN,2018.0,6273838.367041075,0.026604453386846073,1.0,7.0,matched,0.5133022266934231,OR4576612011120180727
subsetted_512x512_HLS.S30.T10TGR.2019215.v1.4,10TGR,2019-08-03,"POLYGON ((-120.05001089831498 45.65445962114913, -120.0427287640142 45.79252768023391, -120.24012063076971 45.79747012993861, -120.246918250315 45.65937845764399, -120.05001089831498 45.65445962114913))",OR4572112013020190713,0461 NORTH GILLIAM SUPPORT,2019.0,5165291.910423606,0.021902422120454807,1.0,21.0,matched,0.5109512110602275,OR4572112013020190713
subsetted_512x512_HLS.S30.T10TGR.2019245.v1.4,10TGR,2019-09-02,"POLYGON ((-119.3160813134138 45.005803786940895, -119.30719318349595 45.1437846965862, -119.50219379294917 45.14993138087663, -119.51061497194259 45.011921131917106, -119.3160813134138 45.005803786940895))",OR4504511946220190805,163 HK COMPLEX,2019.0,8490524.730222125,0.03602947351971583,1.0,28.0,matched,0.5180147367598579,OR4504511946220190805
subsetted_512x512_HLS.S30.T10TGS.2018245.v1.4,10TGS,2018-09-02,"POLYGON ((-119.22538375814133 46.67327379168479, -119.21573122577381 46.811199994646564, -119.41665586386299 46.817675542374396, -119.42579863850281 46.679718384494876, -119.22538375814133 46.67327379168479))",WA4673711934020180802,SADDLE MOUNTAIN,2018.0,7383216.349295106,0.03132988904975913,1.0,31.0,matched,0.5156649445248795,WA4673711934020180802
subsetted_512x512_HLS.S30.T10TGS.2019215.v1.4,10TGS,2019-08-03,"POLYGON ((-120.14905999959296 46.66008597367014, -120.14177059273459 46.79814178475449, -120.34282664685945 46.80298975851235, -120.34960481727201 46.66491075238637, -120.14905999959296 46.66008597367014))",WA4675012022220170630,UNNAMED,2017.0,62493904.84107502,0.264960181493192,0.8502270396953274,764.0,ambiguous,0.5575936105942597,
subsetted_512x512_HLS.S30.T10TGS.2020215.v1.4,10TGS,2020-08-02,"POLYGON ((-119.44659968443271 46.721408237704914, -119.43749679266486 46.859367518090345, -119.63864905005093 46.86545825441146, -119.64724038115608 46.7274698487938, -119.44659968443271 46.721408237704914))",WA4676511950920200706,SADDLE MOUNTAIN,2020.0,31636071.174923837,0.13421343735345448,1.0,27.0,matched,0.5671067186767272,WA4676511950920200706
subsetted_512x512_HLS.S30.T10TGT.2018188.v1.4,10TGT,2018-07-07,"POLYGON ((-119.95277706174672 46.89342978177294, -119.94492242710042 47.03145547972327, -120.146819177426 47.036668090379415, -120.15415650514267 46.89861744478256, -119.95277706174672 46.89342978177294))",WA4696612008020180620,MILEPOST TWENTY TWO,2018.0,29971416.190817684,0.1270911243300288,1.0,17.0,matched,0.5635455621650144,WA4696612008020180620
subsetted_512x512_HLS.S30.T10TGT.2018285.v1.4,10TGT,2018-10-12,"POLYGON ((-120.10640952933758 47.35935900092645, -120.09882793464884 47.49739270427703, -120.30253146345962 47.50236920925151, -120.30958234986208 47.36431165686482, -120.10640952933758 47.35935900092645))",WA4742412023220180901,CRYSTAL,2018.0,10557235.434013678,0.044760488014503316,1.0,41.0,matched,0.5223802440072517,WA4742412023220180901
subsetted_512x512_HLS.S30.T10TGT.2020218.v1.4,10TGT,2020-08-05,"POLYGON ((-120.0882682380602 47.226880630732744, -120.08067445642212 47.36491531429638, -120.2838642245588 47.36991401268413, -120.29093110452175 47.23185538280869, -120.0882682380602 47.226880630732744))",WA4729212017020200724,COLOCKUM,2020.0,11035077.046066048,0.04678737455030198,1.0,12.0,matched,0.523393687275151,WA4729212017020200724
subsetted_512x512_HLS.S30.T10UGV.2020218.v1.4,10UGV,2020-08-05,"POLYGON ((-119.17302571424672 48.60950536749461, -119.16255214367088 48.74737642588421, -119.37106849211278 48.75414073055914, -119.38097608037491 48.61623713906746, -119.17302571424672 48.60950536749461))",WA4866711925320200728,ANGLIN,2020.0,8303720.525211297,0.03523272697612736,1.0,8.0,matched,0.5176163634880637,WA4866711925320200728
subsetted_512x512_HLS.S30.T11SKU.2019002.v1.4,11SKU,2019-01-02,"POLYGON ((-119.68060972100331 34.422115839109196, -119.6850441034025 34.56048303813822, -119.85227959456957 34.55668761985208, -119.84756990488474 34.4183398931336, -119.68060972100331 34.422115839109196))",CA3454611980520160818,REY,2016.0,11011392.077291906,0.04670931398439246,0.0,867.0,unmatched,0.02335465699219623,
subsetted_512x512_HLS.S30.T11SLB.2018197.v1.4,11SLB,2018-07-16,"POLYGON ((-119.07923491028643 37.50989522242526, -119.08308758232843 37.64825171998988, -119.25707862295157 37.64504969389331, -119.25290479293818 37.50670905406224, -119.07923491028643 37.50989522242526))",CA3756511912720180611,LIONS,2018.0,57673962.18880995,0.24447941658247313,1.0,35.0,matched,0.6222397082912365,CA3756511912720180611
subsetted_512x512_HLS.S30.T11SLT.2019309.v1.4,11SLT,2019-11-05,"POLYGON ((-118.73907514969584 34.190270345714026, -118.74192775096495 34.32873098637684, -118.90881389248324 34.326242714865515, -118.9056883824 34.18779488965197, -118.73907514969584 34.190270345714026))",CA3428211880320191030,EASY,2019.0,8526058.81920735,0.03613438332019226,1.0,6.0,matched,0.5180671916600962,CA3428211880320191030
subsetted_512x512_HLS.S30.T11SLU.2018274.v1.4,11SLU,2018-10-01,"POLYGON ((-118.47211775877652 34.45075928356512, -118.47455623007515 34.58923219034036, -118.64198494309815 34.58709388257162, -118.63926988226109 34.44863195065367, -118.47211775877652 34.45075928356512))",CA3449011860020180922,CHARLIE,2018.0,13625710.371700797,0.05773619771669016,1.0,9.0,matched,0.5288680988583451,CA3449011860020180922
subsetted_512x512_HLS.S30.T11SLU.2021188.v1.4,11SLU,2021-07-07,"POLYGON ((-118.8236881027996 34.83390283225935, -118.82675218409597 34.97234246053103, -118.99492471951865 34.96969532687365, -118.99157899173139 34.831269213005434, -118.8236881027996 34.83390283225935))",CA3494811892720210627,SHELL,2021.0,8293989.824782302,0.035152776798053655,1.0,10.0,matched,0.5175763883990269,CA3494811892720210627
subsetted_512x512_HLS.S30.T11SLV.2018249.v1.4,11SLV,2018-09-06,"POLYGON ((-118.66827064927291 35.3224579828777, -118.67112488770358 35.4608979305216, -118.8403229730635 35.45843624183233, -118.83718012698627 35.32000878463957, -118.66827064927291 35.3224579828777))",CA3540011877020180803,TARINA,2018.0,20122571.261864953,0.08527575015535968,1.0,34.0,matched,0.5426378750776798,CA3540011877020180803
subsetted_512x512_HLS.S30.T11SLV.2020222.v1.4,11SLV,2020-08-09,"POLYGON ((-118.56501146058355 35.238638771743766, -118.56768079613171 35.377087717592254, -118.736713021827 35.37477586613744, -118.73375620482913 35.23633866339847, -118.56501146058355 35.238638771743766))",CA3531811870820200701,BENA,2020.0,12618527.567803647,0.05347122749317087,1.0,39.0,matched,0.5267356137465854,CA3531811870820200701
subsetted_512x512_HLS.S30.T11SLV.2021186.v1.4,11SLV,2021-07-05,"POLYGON ((-118.67676422788178 35.936819869856656, -118.67969860456571 36.07524506009171, -118.85020191101775 36.07273358638145, -118.84697006491689 35.93432104531071, -118.67676422788178 35.936819869856656))",CA3602211875920210618,NETTLE,2021.0,5554732.028966435,0.023539856769706307,1.0,17.0,matched,0.5117699283848531,CA3602211875920210618
subsetted_512x512_HLS.S30.T11SLV.2021216.v1.4,11SLV,2021-08-04,"POLYGON ((-118.32058819452324 35.35272274362381, -118.32285023079717 35.49118401717157, -118.49214078169332 35.4892090016544, -118.48958950971247 35.350757747087854, -118.32058819452324 35.35272274362381))",CA3540811843620210720,PEAK,2021.0,9376313.563495206,0.039726193096839744,1.0,15.0,matched,0.5198630965484199,CA3540811843620210720
subsetted_512x512_HLS.S30.T11SLV.2021331.v1.4,11SLV,2021-11-27,"POLYGON ((-118.51435557532353 35.91301570011571, -118.51700348982106 36.05145242140565, -118.68746999139844 36.049173705932894, -118.68452485525754 35.91074846562661, -118.51435557532353 35.91301570011571))",CA3604711863120210910,WINDY,2021.0,206838942.172492,0.876446854677418,1.0,78.0,matched,0.938223427338709,CA3604711863120210910
subsetted_512x512_HLS.S30.T11SMS.2018259.v1.4,11SMS,2018-09-16,"POLYGON ((-117.33598065170439 33.29814077095779, -117.33651359920593 33.43668319843201, -117.50175351726094 33.43612476425209, -117.50095889624127 33.29758525212845, -117.33598065170439 33.29814077095779))",CA3338011743020180706,PENDLETON COMPLEX,2018.0,12000302.689965189,0.05082516299310544,1.0,72.0,matched,0.5254125814965527,CA3338011743020180706
subsetted_512x512_HLS.S30.T11SMS.2020029.v1.4,11SMS,2020-01-29,"POLYGON ((-117.20838220956861 33.300314407974845, -117.20871278317692 33.43885825969155, -117.37395927805025 33.438470072210656, -117.37336698727341 33.299928247015885, -117.20838220956861 33.300314407974845))",,,,,,,,unmatched,0.0,
subsetted_512x512_HLS.S30.T11SMT.2019309.v1.4,11SMT,2019-11-05,"POLYGON ((-117.00346229518931 33.92932748731196, -117.00346791986497 34.06785813453599, -117.16992774544589 34.06774071259701, -117.16965213848154 33.929210672679524, -117.00346229518931 33.92932748731196))",CA3399211705920191010,SANDALWOOD,2019.0,4242956.783601355,0.017969649581582745,1.0,26.0,matched,0.5089848247907913,CA3399211705920191010
subsetted_512x512_HLS.S30.T11SMT.2021248.v1.4,11SMT,2021-09-05,"POLYGON ((-117.29999566719883 33.422706167582724, -117.30047378834523 33.561246293542006, -117.46595130235197 33.56073404823905, -117.46520988844036 33.42219659144617, -117.29999566719883 33.422706167582724))",CA3350411735320210828,CHAPARRAL,2021.0,6484269.9805659745,0.027462809258124825,1.0,8.0,matched,0.5137314046290624,CA3350411735320210828
subsetted_512x512_HLS.S30.T11SMU.2020299.v1.4,11SMU,2020-10-25,"POLYGON ((-117.83155573615429 34.30258698514516, -117.83292564846423 34.441094532713876, -118.00009975545234 34.43984144055204, -117.99845499409996 34.30134033912117, -117.83155573615429 34.30258698514516))",CA3424811795920200906,BOBCAT,2020.0,179742455.55173978,0.7613720201119238,1.0,49.0,matched,0.8806860100559619,CA3424811795920200906
subsetted_512x512_HLS.S30.T11SMV.2020234.v1.4,11SMV,2020-08-21,"POLYGON ((-117.37841257049934 35.9430675531494, -117.37907504300159 36.08154913691036, -117.54966950461473 36.08088813836027, -117.54870893162719 35.94240988494237, -117.37841257049934 35.9430675531494))",CA3606611745820200728,JUNCTION RANCH,2020.0,37769408.254938155,0.15996655582980343,1.0,24.0,matched,0.5799832779149017,CA3606611745820200728
subsetted_512x512_HLS.S30.T11SNT.2020221.v1.4,11SNT,2020-08-08,"POLYGON ((-116.77585797955112 33.95482763818945, -116.77549350083889 34.0933566452417, -116.94200320862453 34.09354807957895, -116.94209736535204 33.95501808279483, -116.77585797955112 33.95482763818945))",CA3399211696420200731,APPLE,2020.0,125896285.93151389,0.533193751054667,1.0,8.0,matched,0.7665968755273336,CA3399211696420200731
subsetted_512x512_HLS.S30.T11SPB.2019281.v1.4,11SPB,2019-10-08,"POLYGON ((-114.82328607831566 37.140981418547895, -114.81930630107621 37.2793377807158, -114.99246035036981 37.28240232125655, -114.99612465890576 37.14403072722941, -114.82328607831566 37.140981418547895))",NV3721011487220190823,GREGERSON,2019.0,12985851.930194743,0.055043949924477885,1.0,46.0,matched,0.527521974962239,NV3721011487220190823
subsetted_512x512_HLS.S30.T11SPB.2020241.v1.4,11SPB,2020-08-28,"POLYGON ((-114.70102774116191 37.26358059692518, -114.69680585910164 37.40192249957687, -114.87022782959295 37.405175073332856, -114.87413242770859 37.26681702518201, -114.70102774116191 37.26358059692518))",NV3731011483320200719,STEWART CANYON,2020.0,50728184.738619775,0.2150460532446584,1.0,40.0,matched,0.6075230266223292,NV3731011483320200719
subsetted_512x512_HLS.S30.T11SPD.2020184.v1.4,11SPD,2020-07-02,"POLYGON ((-114.91012735749277 38.753801883480214, -114.90607817393257 38.892128064028746, -115.0830886631789 38.89516935552956, -115.0867960805523 38.75682827428032, -114.91012735749277 38.753801883480214))",NV3883311498820200624,BROWN,2020.0,34193259.877908304,0.14492202102423848,1.0,8.0,matched,0.5724610105121193,NV3883311498820200624
subsetted_512x512_HLS.S30.T11SQA.2019226.v1.4,11SQA,2019-08-14,"POLYGON ((-114.16610687010044 36.09730388237429, -114.16111956447143 36.23561479385008, -114.3318608151453 36.23954730760664, -114.33654905823785 36.10121664050278, -114.16610687010044 36.09730388237429))",NV3616411427620190725,BONELLI PEAK,2019.0,16587373.378899364,0.07035635043542678,1.0,20.0,matched,0.5351781752177134,NV3616411427620190725
subsetted_512x512_HLS.S30.T11SQB.2020241.v1.4,11SQB,2020-08-28,"POLYGON ((-114.51255378109039 37.12134692634005, -114.50800944702581 37.259673054769884, -114.68108193703753 37.263191402745434, -114.68531137373975 37.12484778719869, -114.51255378109039 37.12134692634005))",NV3716311461020200708,MEADOW VALLEY,2020.0,165816207.12653536,0.7030467443874705,1.0,51.0,matched,0.8515233721937352,NV3716311461020200708
subsetted_512x512_HLS.S30.T11TLE.2019257.v1.4,11TLE,2019-09-14,"POLYGON ((-118.11541944089475 39.67706381513746, -118.11765314723107 39.81543412211586, -118.2970729354127 39.81356692402884, -118.29448087375619 39.67520570753524, -118.11541944089475 39.67706381513746))",NV3974911820520190813,WOOD CANYON,2019.0,5182265.755929356,0.021953520404409302,1.0,32.0,matched,0.5109767602022046,NV3974911820520190813
subsetted_512x512_HLS.S30.T11TLG.2018247.v1.4,11TLG,2018-09-04,"POLYGON ((-118.55767105050536 41.79879786910597, -118.56103258577504 41.937092139265815, -118.74623678840538 41.93442413147322, -118.74247689980315 41.79614270068846, -118.55767105050536 41.79879786910597))",NV4186711864020180724,ANTELOPE,2018.0,9395533.853482561,0.0398100402909581,1.0,42.0,matched,0.519905020145479,NV4186711864020180724
subsetted_512x512_HLS.S30.T11TLH.2018152.v1.4,11TLH,2018-06-01,"POLYGON ((-118.72987085063099 43.20092365332538, -118.73379174869002 43.33917199597356, -118.9231829251129 43.33614325738677, -118.91883433654004 43.1979094239054, -118.72987085063099 43.20092365332538))",OR4327211882920180427,VOLTAGE,2018.0,4181317.488831217,0.017718140675754133,1.0,35.0,matched,0.508859070337877,OR4327211882920180427
subsetted_512x512_HLS.S30.T11TLL.2018215.v1.4,11TLL,2018-08-03,"POLYGON ((-118.91087121442067 45.88071800680154, -118.91562688413948 46.018887327852624, -119.1139320950365 46.01539009304677, -119.10868496825263 45.8772374941166, -118.91087121442067 45.88071800680154))",OR4597411899820180729,LAKE WALLULA,2018.0,48452254.51241222,0.20532599042900238,1.0,5.0,matched,0.6026629952145012,OR4597411899820180729
subsetted_512x512_HLS.S30.T11TLM.2018245.v1.4,11TLM,2018-09-02,"POLYGON ((-118.88102374502897 46.38019130817929, -118.88578753233146 46.518350896517006, -119.0859056240009 46.51487529838391, -119.08063715532884 46.37673233980186, -118.88102374502897 46.38019130817929))",WA4646011897220180817,ELM,2018.0,6939401.162378964,0.029406269741729937,1.0,16.0,matched,0.5147031348708649,WA4646011897220180817
subsetted_512x512_HLS.S30.T11TLM.2019245.v1.4,11TLM,2019-09-02,"POLYGON ((-118.58168535705612 46.56507990768694, -118.58571723089932 46.703256917562115, -118.78655215699268 46.70029677260413, -118.78201025905763 46.56213393307432, -118.58168535705612 46.56507990768694))",WA4662511872120190802,SULPHUR,2019.0,4807249.840760396,0.02036780632202911,1.0,31.0,matched,0.5101839031610146,WA4662511872120190802
subsetted_512x512_HLS.S30.T11TME.2019222.v1.4,11TME,2019-08-10,"POLYGON ((-117.41702127641649 40.511186914583845, -117.4178814570248 40.64955988206051, -117.59955073521421 40.6487595506796, -117.59831664691225 40.51039046026224, -117.41702127641649 40.511186914583845))",NV4057511751220190723,SHEEP CANYON,2019.0,7186501.122793255,0.030437398328726405,1.0,18.0,matched,0.5152186991643632,NV4057511751220190723
subsetted_512x512_HLS.S30.T11TMF.2020217.v1.4,11TMF,2020-08-04,"POLYGON ((-117.17156221536405 41.1769078651828, -117.17192449670964 41.315267865362614, -117.35543555519655 41.31484749157126, -117.35468659183759 41.17648952077683, -117.17156221536405 41.1769078651828))",NV4124711727320200723,OSGOOD,2020.0,4769507.679183391,0.020199889619307836,1.0,12.0,matched,0.5100999448096539,NV4124711727320200723
subsetted_512x512_HLS.S30.T11TMG.2019217.v1.4,11TMG,2019-08-05,"POLYGON ((-117.70475975191124 41.567789611257645, -117.7062685224445 41.706130291381065, -117.89086948152213 41.7048474509041, -117.88896646962439 41.56651295218654, -117.70475975191124 41.567789611257645))",NV4164111779920190723,REBEL CREEK,2019.0,4806201.23381621,0.020357262632457865,1.0,13.0,matched,0.510178631316229,NV4164111779920190723
subsetted_512x512_HLS.S30.T11TMH.2019227.v1.4,11TMH,2019-08-15,"POLYGON ((-117.13946656201098 42.38722276703829, -117.13977384925997 42.52555372538461, -117.32678622562631 42.525173043147966, -117.32606781179287 42.386843913546386, -117.13946656201098 42.38722276703829))",OR4245011723920190723,DRUMMOND BASIN,2019.0,10013328.278639574,0.04240846897295098,1.0,23.0,matched,0.5212042344864755,OR4245011723920190723
subsetted_512x512_HLS.S30.T11TMK.2018217.v1.4,11TMK,2018-08-05,"POLYGON ((-117.07483535539151 44.39410991667303, -117.07501221925277 44.53239244876553, -117.2683309505447 44.53210188037424, -117.26769828814591 44.39382073833349, -117.07483535539151 44.39410991667303))",ID4447411719020180725,ROCK CREEK,2018.0,5415746.272769334,0.022936675590901127,1.0,11.0,matched,0.5114683377954505,ID4447411719020180725
subsetted_512x512_HLS.S30.T11TMK.2020247.v1.4,11TMK,2020-09-03,"POLYGON ((-117.7572090183998 44.350571291541605, -117.75899581717098 44.48884287499532, -117.95214803255159 44.487395922790895, -117.9499066721829 44.34913126094549, -117.7572090183998 44.350571291541605))",OR4441811785820200817,BALDY,2020.0,15360435.50605576,0.06506136323001958,1.0,17.0,matched,0.5325306816150098,OR4441811785820200817
subsetted_512x512_HLS.S30.T11TNF.2019224.v1.4,11TNF,2019-08-12,"POLYGON ((-116.74268160474807 41.094324875233404, -116.74213981334226 41.232686087790306, -116.92542187280677 41.23295065523606, -116.92557857123815 41.09458816493986, -116.74268160474807 41.094324875233404))",NV4116511680820190722,MIDAS,2019.0,6329822.314183578,0.026807963934837042,1.0,21.0,matched,0.5134039819674185,NV4116511680820190722
subsetted_512x512_HLS.S30.T11TNJ.2018217.v1.4,11TNJ,2018-08-05,"POLYGON ((-116.05470678953905 43.927817356611946, -116.05250887245953 44.06609244193073, -116.24428603323511 44.067521967140635, -116.24603919628984 43.92924004025079, -116.05470678953905 43.927817356611946))",ID4401511615420180725,MM73 HWY55,2018.0,18361185.902983546,0.07777152570623026,1.0,11.0,matched,0.5388857628531152,ID4401511615420180725
subsetted_512x512_HLS.S30.T11TNJ.2019217.v1.4,11TNJ,2019-08-05,"POLYGON ((-116.58595209156539 44.06440922223408, -116.58498474503327 44.20269626120794, -116.77722135230329 44.20323288783826, -116.77774063321368 44.06494328084161, -116.58595209156539 44.06440922223408))",ID4414411669220190714,HEART,2019.0,6263467.635415745,0.02652723333626707,1.0,22.0,matched,0.5132636166681336,ID4414411669220190714
subsetted_512x512_HLS.S30.T11TPE.2020219.v1.4,11TPE,2020-08-06,"POLYGON ((-115.63798516806243 40.49445336973079, -115.635177669844 40.6327911563265, -115.81676746497965 40.63479474573092, -115.81920165322094 40.49644725427959, -115.63798516806243 40.49445336973079))",NV4061811574920200719,CEDAR,2020.0,24596646.426967792,0.1042006167581962,1.0,18.0,matched,0.5521003083790981,NV4061811574920200719
subsetted_512x512_HLS.S30.T11TPH.2018219.v1.4,11TPH,2018-08-07,"POLYGON ((-114.62734675006539 42.98247230495186, -114.62201056284468 43.120670172698524, -114.81068296619522 43.12443756557922, -114.81559663148643 42.98622164578783, -114.62734675006539 42.98247230495186))",ID4304311477420180717,DOG CREEK,2018.0,64982769.24258768,0.2754464992340046,1.0,21.0,matched,0.6377232496170023,ID4304311477420180717
subsetted_512x512_HLS.S30.T11TPH.2018244.v1.4,11TPH,2018-09-01,"POLYGON ((-115.46225956066064 42.66931429203026, -115.4588382335557 42.807588802803956, -115.6466435950041 42.80996288499581, -115.64964833118425 42.671676983142035, -115.46225956066064 42.66931429203026))",ID4275711555220180822,POT HOLE,2018.0,37472488.02980028,0.15875682780860173,1.0,10.0,matched,0.5793784139043009,ID4275711555220180822
subsetted_512x512_HLS.S30.T11TPH.2019244.v1.4,11TPH,2019-09-01,"POLYGON ((-115.11292241246639 42.805110815650714, -115.10870410406206 42.94335672863115, -115.29688990027101 42.9463121681179, -115.3006890030714 42.808052082652196, -115.11292241246639 42.805110815650714))",ID4286811517820190809,FLINT MESA,2019.0,6190905.74899163,0.02623337576352716,1.0,23.0,matched,0.5131166878817636,ID4286811517820190809
subsetted_512x512_HLS.S30.T11TPH.2020249.v1.4,11TPH,2020-09-05,"POLYGON ((-115.03894326105564 42.847361283384274, -115.03455316222465 42.985600151088384, -115.22286014421836 42.98867980501872, -115.22683019963023 42.85042617151385, -115.03894326105564 42.847361283384274))",ID4292211511120200819,BANCROFT,2020.0,5886992.467714033,0.024946662873143507,1.0,17.0,matched,0.5124733314365717,ID4292211511120200819
subsetted_512x512_HLS.S30.T11TPM.2021223.v1.4,11TPM,2021-08-11,"POLYGON ((-114.4096514914051 46.400877311389, -114.40308762461177 46.53896936878555, -114.60322588955249 46.54334055529776, -114.60928511934978 46.40522758944847, -114.4096514914051 46.400877311389))",ID4645911452820210707,STORM CREEK,2021.0,66271306.88026563,0.28092283311721084,1.0,35.0,matched,0.6404614165586054,ID4645911452820210707
subsetted_512x512_HLS.S30.T11TQG.2018221.v1.4,11TQG,2018-08-09,"POLYGON ((-113.43442522519275 42.11274925413173, -113.4266494085037 42.25081835980374, -113.61251434446663 42.256465341882915, -113.61988764091599 42.11836913292594, -113.43442522519275 42.11274925413173))",ID4218811351720180726,JIM SAGE,2018.0,7696491.713777425,0.03266209500554427,1.0,14.0,matched,0.5163310475027721,ID4218811351720180726
subsetted_512x512_HLS.S30.T11TQG.2018291.v1.4,11TQG,2018-10-18,"POLYGON ((-113.36175664265926 42.15260688438891, -113.35381146929066 42.2906639589423, -113.53977914915185 42.29643326653628, -113.54732111168849 42.158348507750674, -113.36175664265926 42.15260688438891))",ID4223511346220180922,CONNER,2018.0,54056976.415726066,0.22942410162579716,1.0,26.0,matched,0.6147120508128986,ID4223511346220180922
subsetted_512x512_HLS.S30.T11TQG.2020306.v1.4,11TQG,2020-11-01,"POLYGON ((-113.366707597703 42.256226401426645, -113.35874435717835 42.394281735344855, -113.54501871364046 42.400054133508156, -113.55257660561058 42.26197111053473, -113.366707597703 42.256226401426645))",ID4235511352920201010,CONNOR SUMMIT,2020.0,17816615.220170487,0.07561480589331726,1.0,22.0,matched,0.5378074029466586,ID4235511352920201010
subsetted_512x512_HLS.S30.T11TQH.2018219.v1.4,11TQH,2018-08-07,"POLYGON ((-113.75921761747425 43.084073412203274, -113.75190485568562 43.22216577232229, -113.94075571005511 43.227377014811694, -113.94764495500152 43.08925970858411, -113.75921761747425 43.084073412203274))",ID4316911383020180716,SPUD BUTTE,2018.0,16509311.233687898,0.0700325814531974,1.0,22.0,matched,0.5350162907265987,ID4316911383020180716
subsetted_512x512_HLS.S30.T11TQH.2019244.v1.4,11TQH,2019-09-01,"POLYGON ((-113.6983490447242 43.146889596669375, -113.6908827084708 43.28497201605245, -113.87991671283868 43.2902899769649, -113.88695826637623 43.152182105975506, -113.6983490447242 43.146889596669375))",ID4319611377420190801,SPUD,2019.0,18780636.38206977,0.07967229301922552,1.0,31.0,matched,0.5398361465096128,ID4319611377420190801
subsetted_512x512_HLS.S30.T11ULP.2020215.v1.4,11ULP,2020-08-02,"POLYGON ((-118.9196322323607 48.0913875435149, -118.92479392766852 48.22950259639058, -119.13148640685952 48.2258551632234, -119.12577139650814 48.08775764170144, -118.9196322323607 48.0913875435149))",WA4813711903820200723,GREENHOUSE,2020.0,21598738.957750693,0.09152519348859554,1.0,10.0,matched,0.5457625967442977,WA4813711903820200723
subsetted_512x512_HLS.S30.T12RVV.2020320.v1.4,12RVV,2020-11-15,"POLYGON ((-111.38748203806847 31.492586632446724, -111.38805538002823 31.631168054337326, -111.55002089640497 31.630573089934796, -111.54920827952994 31.491994868775937, -111.38748203806847 31.492586632446724))",AZ3160611150220201027,THREE HILLS,2020.0,5558067.013070641,0.0235404798812463,1.0,19.0,matched,0.5117702399406232,AZ3160611150220201027
subsetted_512x512_HLS.S30.T12RXV.2018182.v1.4,12RXV,2018-07-01,"POLYGON ((-109.78530759968214 31.44816517179345, -109.78351350875855 31.586719442962558, -109.94537738746193 31.58815802795997, -109.94693287519434 31.449596012832956, -109.78530759968214 31.44816517179345))",AZ3153510989320180607,JUDD,2018.0,17628203.582663324,0.07467973757192377,1.0,24.0,matched,0.5373398687859618,AZ3153510989320180607
subsetted_512x512_HLS.S30.T12RXV.2019062.v1.4,12RXV,2019-03-03,"POLYGON ((-108.80565847716267 31.33176204665233, -108.80243274723827 31.47024800071487, -108.9640180658335 31.47292044726661, -108.96700702491361 31.33442008405991, -108.80565847716267 31.33176204665233))",NM3145210885920190207,FITZPATRICK,2019.0,6054348.312246055,0.02566676162212819,1.0,24.0,matched,0.5128333808110641,NM3145210885920190207
subsetted_512x512_HLS.S30.T12STD.2018168.v1.4,12STD,2018-06-17,"POLYGON ((-113.2233393732173 34.81372973076116, -113.2270718240689 34.952135544037816, -113.3951590956445 34.94893579418325, -113.39114557167404 34.81054631677084, -113.2233393732173 34.81372973076116))",AZ3495111328920180515,HAPPY,2018.0,7768069.331710808,0.03293519790186749,1.0,33.0,matched,0.5164675989509337,AZ3495111328920180515
subsetted_512x512_HLS.S30.T12STF.2018231.v1.4,12STF,2018-08-19,"POLYGON ((-113.52495988955819 36.83370067390602, -113.52952483499882 36.97202953984608, -113.70190774001576 36.96822928488954, -113.69703259212274 36.82991936046895, -113.52495988955819 36.83370067390602))",AZ3689811361420180708,MOKAAC,2018.0,6902836.409648713,0.0292737340029225,1.0,42.0,matched,0.5146368670014613,AZ3689811361420180708
subsetted_512x512_HLS.S30.T12STG.2018186.v1.4,12STG,2018-07-05,"POLYGON ((-113.30806180406323 37.36911432128468, -113.31231657194891 37.507452863117074, -113.48595216913714 37.5039242670624, -113.48137867593397 37.36560322116721, -113.30806180406323 37.36911432128468))",UT3739711342320180627,WEST VALLEY,2018.0,48216107.309452966,0.20442954000856434,1.0,8.0,matched,0.6022147700042821,UT3739711342320180627
subsetted_512x512_HLS.S30.T12STG.2020241.v1.4,12STG,2020-08-28,"POLYGON ((-113.45519827845023 37.133374634704296, -113.45968568931744 37.271703857165534, -113.63275898872156 37.267979031816466, -113.62795668343728 37.12966831919488, -113.45519827845023 37.133374634704296))",UT3715711356620200714,TURKEY FARM ROAD,2020.0,48340651.885932095,0.20498791672122968,1.0,45.0,matched,0.6024939583606148,UT3715711356620200714
subsetted_512x512_HLS.S30.T12STJ.2020241.v1.4,12STJ,2020-08-28,"POLYGON ((-113.29496827267207 39.24459360794755, -113.29949310285897 39.38288908098829, -113.47768242136598 39.379229246306515, -113.4728077995832 39.240951633777286, -113.29496827267207 39.24459360794755))",UT3932711339120200719,HOWELL PEAK,2020.0,6337510.912452004,0.026868394492547992,1.0,40.0,matched,0.513434197246274,UT3932711339120200719
subsetted_512x512_HLS.S30.T12SUC.2019223.v1.4,12SUC,2019-08-11,"POLYGON ((-112.36022110666286 34.19505657351913, -112.36245280794567 34.33354199462496, -112.52938065190648 34.3315706027406, -112.52687576738106 34.19309533617544, -112.36022110666286 34.19505657351913))",AZ3424311248720190714,CELLAR,2019.0,30461645.89841293,0.12906638705501156,1.0,28.0,matched,0.5645331935275057,AZ3424311248720190714
subsetted_512x512_HLS.S30.T12SUC.2020153.v1.4,12SUC,2020-06-01,"POLYGON ((-112.03502613972975 34.11977368991662, -112.03671957591956 34.258277325542295, -112.20352036577677 34.25675297860613, -112.2015546165995 34.1182572041123, -112.03502613972975 34.11977368991662))",AZ3415011213920200531,SUNSET,2020.0,16289417.416712366,0.06900646468996802,1.0,1.0,matched,0.534503232344984,AZ3415011213920200531
subsetted_512x512_HLS.S30.T12SUC.2020248.v1.4,12SUC,2020-09-04,"POLYGON ((-112.10468060078556 34.12295446973107, -112.10648820269888 34.26145487401304, -112.27329106255829 34.259835463130834, -112.27121113232512 34.12134340965594, -112.10468060078556 34.12295446973107))",AZ3417411217520200807,BUMBLE BEE,2020.0,12362840.861161495,0.052374166938662044,1.0,28.0,matched,0.5261870834693311,AZ3417411217520200807
subsetted_512x512_HLS.S30.T12SUD.2018168.v1.4,12SUD,2018-06-17,"POLYGON ((-112.26391909816591 34.61188473607853, -112.26602538808183 34.750366053760885, -112.43379441521968 34.74850610355075, -112.43140922640292 34.61003431210234, -112.26391909816591 34.61188473607853))",AZ3468811236620180511,VIEWPOINT,2018.0,21577686.382616956,0.09141946615078093,1.0,37.0,matched,0.5457097330753905,AZ3468811236620180511
subsetted_512x512_HLS.S30.T12SUD.2020218.v1.4,12SUD,2020-08-05,"POLYGON ((-112.76868776238622 34.793060282969186, -112.77165495537193 34.931505030099736, -112.93974952774151 34.92893685166392, -112.93650121821189 34.79050522329994, -112.76868776238622 34.793060282969186))",AZ3486611284720200723,UNNAMED,2020.0,14983113.41571176,0.06350091469309328,1.0,13.0,matched,0.5317504573465467,AZ3486611284720200723
subsetted_512x512_HLS.S30.T12SUE.2020218.v1.4,12SUE,2020-08-05,"POLYGON ((-112.62664098432387 35.59917181444488, -112.62945256543696 35.73760830536184, -112.7992378086273 35.735188455447194, -112.79613363330253 35.59676420137386, -112.62664098432387 35.59917181444488))",AZ3563211274720200705,MONUMENT,2020.0,5602616.509295694,0.023742066415950582,1.0,31.0,matched,0.5118710332079753,AZ3563211274720200705
subsetted_512x512_HLS.S30.T12SUF.2020183.v1.4,12SUF,2020-07-01,"POLYGON ((-112.14360717972629 36.687897730712436, -112.14566433978597 36.82633733657183, -112.31786218315412 36.824553251259765, -112.31549602719365 36.68612255852421, -112.14360717972629 36.687897730712436))",AZ3662811235020200608,MANGUM,2020.0,117238146.86174959,0.4966705439335414,1.0,23.0,matched,0.7483352719667706,AZ3662811235020200608
subsetted_512x512_HLS.S30.T12SUH.2020268.v1.4,12SUH,2020-09-24,"POLYGON ((-112.72472847736461 38.14663561812847, -112.72799856962742 38.28500567027936, -112.90353713596454 38.282288101883815, -112.89993531680699 38.143931433331126, -112.72472847736461 38.14663561812847))",UT3821211280820200822,GREENVILLE,2020.0,4638041.240673645,0.019655076776660323,1.0,33.0,matched,0.5098275383883302,UT3821211280820200822
subsetted_512x512_HLS.S30.T12SUJ.2019298.v1.4,12SUJ,2019-10-25,"POLYGON ((-112.25672237153645 38.81925916760289, -112.2591633478977 38.957642825659306, -112.43639006574112 38.95559588165337, -112.43360579235443 38.817222250931756, -112.25672237153645 38.81925916760289))",UT3887311238420190908,MEADOW CREEK,2019.0,16954417.223254595,0.07182887128788801,1.0,47.0,matched,0.535914435643944,UT3887311238420190908
subsetted_512x512_HLS.S30.T12SUJ.2019308.v1.4,12SUJ,2019-11-04,"POLYGON ((-112.11194278561675 39.45977230955826, -112.11415241767136 39.59814797165637, -112.29301058036214 39.59629503245273, -112.29044645313675 39.45792840487979, -112.11194278561675 39.45977230955826))",UT3952611225620191026,LEAMINGTON,2019.0,13436025.288210059,0.0569187446243556,1.0,9.0,matched,0.5284593723121778,UT3952611225620191026
subsetted_512x512_HLS.S30.T12SUJ.2020186.v1.4,12SUJ,2020-07-04,"POLYGON ((-112.12500892205887 39.448293638977994, -112.12724360395521 39.586668956321105, -112.30607136250329 39.5847963397232, -112.30348239517514 39.446430153538394, -112.12500892205887 39.448293638977994))",UT3942511234720200626,CANAL,2020.0,182004543.94378433,0.7710264306493518,1.0,8.0,matched,0.8855132153246759,UT3942511234720200626
subsetted_512x512_HLS.S30.T12SVB.2020185.v1.4,12SVB,2020-07-03,"POLYGON ((-110.9726033088699 32.97521847211358, -110.97256038169115 33.11377047754837, -111.1371979276928 33.113697979488904, -111.13698329284118 32.975146354448135, -110.9726033088699 32.97521847211358))",AZ3304411105620200630,BOULDERS,2020.0,4217263.7775192205,0.017860818928206137,1.0,3.0,matched,0.5089304094641031,AZ3304411105620200630
subsetted_512x512_HLS.S30.T12SVB.2020310.v1.4,12SVB,2020-11-05,"POLYGON ((-110.895321647977 33.16839175391053, -110.89515641851327 33.30693923990287, -111.06015618269566 33.30696890855658, -111.06006137871707 33.16842126736352, -110.895321647977 33.16839175391053))",AZ3324911096720201021,HABANERO,2020.0,11786285.002579197,0.04991686531156907,1.0,15.0,matched,0.5249584326557846,AZ3324911096720201021
subsetted_512x512_HLS.S30.T12SVC.2018215.v1.4,12SVC,2018-08-03,"POLYGON ((-111.91085588231147 33.885104431122194, -111.91233309122296 34.02361848665663, -112.07868029635337 34.022271808883715, -112.07693386268262 33.88376472183451, -111.91085588231147 33.885104431122194))",AZ3394811199720180727,DAISY,2018.0,10167483.407157468,0.04306994008847371,1.0,7.0,matched,0.5215349700442369,AZ3394811199720180727
subsetted_512x512_HLS.S30.T12SVC.2019280.v1.4,12SVC,2019-10-07,"POLYGON ((-111.88999020593639 33.90636057931124, -111.89143473339354 34.04487495229281, -112.0578245037085 34.04355579303155, -112.05611046219983 33.90504824408452, -111.88999020593639 33.90636057931124))",AZ3395311201220190903,RIVER,2019.0,31551683.64793958,0.13365325347833262,1.0,34.0,matched,0.5668266267391663,AZ3395311201220190903
subsetted_512x512_HLS.S30.T12SVD.2018310.v1.4,12SVD,2018-11-06,"POLYGON ((-111.18243835856892 34.442172070096255, -111.18274049216672 34.58069040258679, -111.35021416227038 34.58032476109261, -111.34963514691124 34.44180830612607, -111.18243835856892 34.442172070096255))",AZ3451711126720181023,UNNAMED,2018.0,27846758.189530898,0.11793734625294353,1.0,14.0,matched,0.5589686731264718,AZ3451711126720181023
subsetted_512x512_HLS.S30.T12SVD.2020218.v1.4,12SVD,2020-08-05,"POLYGON ((-111.92051291153987 34.38825294933839, -111.92203422818136 34.526755249924165, -112.08937480049714 34.52537724832496, -112.08757750170264 34.3868820278763, -111.92051291153987 34.38825294933839))",AZ3445011201020200715,UNNAMED,2020.0,20581346.128922686,0.08718370629867664,1.0,21.0,matched,0.5435918531493383,AZ3445011201020200715
subsetted_512x512_HLS.S30.T12SWA.2018225.v1.4,12SWA,2018-08-13,"POLYGON ((-109.89963643078545 32.21916682711096, -109.89796172444741 32.35770988478584, -110.06119042561328 32.359030641295405, -110.0626171786671 32.22048056878426, -109.89963643078545 32.21916682711096))",AZ3228010995520180726,WINCHESTER,2018.0,7874075.823730865,0.033355594577169884,1.0,18.0,matched,0.516677797288585,AZ3228010995520180726
subsetted_512x512_HLS.S30.T12SXA.2020187.v1.4,12SXA,2020-07-05,"POLYGON ((-109.30473288075609 32.02722850998307, -109.30217206081362 32.16574050482471, -109.46501909730131 32.16782149743307, -109.4673345434183 32.02929841650042, -109.30473288075609 32.02722850998307))",AZ3209510937320200606,EMIGRANT,2020.0,18541974.244900793,0.07857333517319073,1.0,29.0,matched,0.5392866675865954,AZ3209510937320200606
subsetted_512x512_HLS.S30.T12SXA.2020247.v1.4,12SXA,2020-09-03,"POLYGON ((-108.9971032442067 32.325244474726524, -108.99404285166486 32.46372580501085, -109.15739709009648 32.46622337499054, -109.16020861912625 32.327728808665924, -108.9971032442067 32.325244474726524))",AZ3238810909020200813,WOOD CANYON,2020.0,9241852.031265195,0.039172360214100026,1.0,21.0,matched,0.51958618010705,AZ3238810909020200813
subsetted_512x512_HLS.S30.T12SXG.2019235.v1.4,12SXG,2019-08-23,"POLYGON ((-109.68983214548439 37.75076080146186, -109.68738300391422 37.88916683716559, -109.86203088487979 37.8909849553494, -109.86415434440454 37.752569931682565, -109.68983214548439 37.75076080146186))",UT3783510979920190726,POISON CANYON,2019.0,5720920.15847633,0.02423596913240836,1.0,28.0,matched,0.5121179845662042,UT3783510979920190726
subsetted_512x512_HLS.S30.T12TTM.2018219.v1.4,12TTM,2018-08-07,"POLYGON ((-113.94184187428242 41.54959395090188, -113.94813321482194 41.68776248145468, -114.13243416655241 41.682882527906344, -114.12575104365409 41.544737482867866, -113.94184187428242 41.54959395090188))",NV4180711406520180726,GOOSE CREEK,2018.0,172139234.63717124,0.7301877913962962,1.0,12.0,matched,0.8650938956981481,NV4180711406520180726
subsetted_512x512_HLS.S30.T12TTM.2019244.v1.4,12TTM,2019-09-01,"POLYGON ((-114.08335148568904 41.88467414499365, -114.09002319066018 42.022816559288124, -114.27526303996494 42.017675190202134, -114.26819307049738 41.87955748179859, -114.08335148568904 41.88467414499365))",NV4193711416620190804,GOOSE,2019.0,27749481.08029551,0.11772462068266781,1.0,28.0,matched,0.5588623103413339,NV4193711416620190804
subsetted_512x512_HLS.S30.T12TUK.2018231.v1.4,12TUK,2018-08-19,"POLYGON ((-112.86921669075801 40.47465961743591, -112.87306666215954 40.61296319437812, -113.05453398438195 40.60987658019227, -113.0503116277393 40.4715879508178, -112.86921669075801 40.47465961743591))",UT4050711296920180727,CEDAR MOUNTAIN ONE,2018.0,53331539.895905875,0.22602138016103962,1.0,23.0,matched,0.6130106900805198,UT4050711296920180727
subsetted_512x512_HLS.S30.T12TUM.2019231.v1.4,12TUM,2019-08-19,"POLYGON ((-112.15338323887707 41.70575488088744, -112.1558643227228 41.844074589531665, -112.3408342006904 41.84206395509151, -112.33795634470317 41.70375392773035, -112.15338323887707 41.70575488088744))",UT4177911224220190715,RADIO HILL,2019.0,10343709.544614978,0.043818891685657176,1.0,35.0,matched,0.5219094458428286,UT4177911224220190715
subsetted_512x512_HLS.S30.T12TUN.2019276.v1.4,12TUN,2019-10-03,"POLYGON ((-112.98694693462569 42.89527098081033, -112.99140242909542 43.03350652546141, -113.17982145946814 43.03007146519448, -113.17494517882952 42.891852386265434, -112.98694693462569 42.89527098081033))",ID4299311311120190906,FLAT TOP,2019.0,39118306.66605587,0.16579018437594392,1.0,27.0,matched,0.582895092187972,ID4299311311120190906
subsetted_512x512_HLS.S30.T12TUN.2021215.v1.4,12TUN,2021-08-03,"POLYGON ((-112.40101206578196 42.4600686126301, -112.40410649960698 42.59835669218014, -112.59127079928372 42.59590962692685, -112.5877642822501 42.457633296070206, -112.40101206578196 42.4600686126301))",ID4254611249720210721,LUSK,2021.0,6440666.691022521,0.027287416775784657,1.0,13.0,matched,0.5136437083878923,ID4254611249720210721
subsetted_512x512_HLS.S30.T12TUP.2019226.v1.4,12TUP,2019-08-14,"POLYGON ((-112.65670650793768 43.56613932283725, -112.66050984303354 43.70438404308283, -112.85105458493798 43.7014562941573, -112.84681538853744 43.563225589161085, -112.65670650793768 43.56613932283725))",ID4371511252320190722,SHEEP,2019.0,220837457.41907176,0.9357434938791658,1.0,23.0,matched,0.9678717469395829,ID4371511252320190722
subsetted_512x512_HLS.S30.T12TVK.2020308.v1.4,12TVK,2020-11-03,"POLYGON ((-111.55035891234347 40.27440961826306, -111.55148466206128 40.41278554159502, -111.7325111423019 40.41178036470642, -111.73101593225745 40.273409317363495, -111.55035891234347 40.27440961826306))",UT4032611166920201017,RANGE,2020.0,13585965.27018163,0.05754299776038902,1.0,17.0,matched,0.5287714988801945,UT4032611166920201017
subsetted_512x512_HLS.S30.T12TVM.2018246.v1.4,12TVM,2018-09-03,"POLYGON ((-111.00421897669321 41.89123234404645, -111.00422811217372 42.02957571764952, -111.18978133195131 42.0294189044556, -111.1893712834583 41.89107628552198, -111.00421897669321 41.89123234404645))",UT4194311112320180816,NORTH EDEN,2018.0,57823871.38077873,0.24489396218420914,1.0,18.0,matched,0.6224469810921046,UT4194311112320180816
subsetted_512x512_HLS.S30.T12TVN.2018291.v1.4,12TVN,2018-10-18,"POLYGON ((-111.44951826617307 42.525838042657824, -111.45051350145525 42.66416177927834, -111.63793308234294 42.663271375468256, -111.63652387419604 42.52495191415528, -111.44951826617307 42.525838042657824))",ID4257811155220180922,8 MILE,2018.0,4050468.8666012427,0.017155239105244934,1.0,26.0,matched,0.5085776195526225,ID4257811155220180922
subsetted_512x512_HLS.S30.T12TVR.2020281.v1.4,12TVR,2020-10-07,"POLYGON ((-111.69544154368867 45.69989673252752, -111.69716170818702 45.838137412287836, -111.89493099837922 45.83675954979143, -111.89272300209781 45.698525460700914, -111.69544154368867 45.69989673252752))",MT4577311182220200929,ANTELOPE,2020.0,7353963.847061541,0.03114816439543802,1.0,8.0,matched,0.515574082197719,MT4577311182220200929
subsetted_512x512_HLS.S30.T12TWR.2020283.v1.4,12TWR,2020-10-09,"POLYGON ((-110.80229255411805 45.66889920961168, -110.80180404533654 45.80715004144716, -110.99948520375648 45.80732193213926, -110.99948647262438 45.669070278047315, -110.80229255411805 45.66889920961168))",MT4572011097420200904,BRIDGER FOOTHILLS,2020.0,33527007.025150623,0.14199255233977492,1.0,35.0,matched,0.5709962761698875,MT4572011097420200904
subsetted_512x512_HLS.S30.T12TXK.2018215.v1.4,12TXK,2018-08-03,"POLYGON ((-108.64117013650251 39.63764913857369, -108.63645405263445 39.775928947135476, -108.81567655107527 39.779442261399204, -108.82003574429619 39.64114535362441, -108.64117013650251 39.63764913857369))",CO3968910875820180729,RED CANYON,2018.0,23071355.809079774,0.09780228480994788,1.0,5.0,matched,0.5489011424049739,CO3968910875820180729
subsetted_512x512_HLS.S30.T12TXT.2018293.v1.4,12TXT,2018-10-20,"POLYGON ((-109.2879563727894 47.55641724486193, -109.28343825996126 47.69456115910668, -109.48806769682182 47.69744054115504, -109.49204774233213 47.559282809024225, -109.2879563727894 47.55641724486193))",MT4762510936620180903,ROSE CREEK,2018.0,4577298.360700743,0.019392595811211912,1.0,47.0,matched,0.509696297905606,MT4762510936620180903
subsetted_512x512_HLS.S30.T12TXT.2020248.v1.4,12TXT,2020-09-04,"POLYGON ((-109.41855749671655 47.50997239727995, -109.41439073703599 47.648126524905976, -109.61885091230263 47.65077059237647, -109.62248082463677 47.51260377713255, -109.41855749671655 47.50997239727995))",MT4758110954820200807,JUDITH RIVER ROAD 2,2020.0,4228523.702235528,0.01791395033985583,1.0,28.0,matched,0.5089569751699279,MT4758110954820200807
subsetted_512x512_HLS.S30.T12TYK.2020215.v1.4,12TYK,2020-08-02,"POLYGON ((-108.30181562386365 39.717009194996066, -108.29640632009482 39.85525078883107, -108.47579012480159 39.8592957049783, -108.48084148008371 39.72103444012707, -108.30181562386365 39.717009194996066))",CO3976210841920200713,FAWN CREEK,2020.0,13759375.011414818,0.05834500581574758,1.0,20.0,matched,0.5291725029078738,CO3976210841920200713
subsetted_512x512_HLS.S30.T12TYT.2018153.v1.4,12TYT,2018-06-02,"POLYGON ((-108.04407925035905 47.365596500886156, -108.03633279446716 47.503622350760345, -108.24004963866237 47.508710359703365, -108.247265320746 47.37066012730577, -108.04407925035905 47.365596500886156))",MT4745010800920180503,3 2 1 HL LOWER CROOKED CREEK UNIT D RX FY 18,2018.0,27482173.913084112,0.11652442964178986,1.0,30.0,matched,0.5582622148208949,MT4745010800920180503
subsetted_512x512_HLS.S30.T12TYT.2019153.v1.4,12TYT,2019-06-02,"POLYGON ((-107.92119395644589 47.36046893954447, -107.91312721485704 47.4984792472283, -108.11680218227042 47.50378572473557, -108.12433852694816 47.36574999073787, -107.92119395644589 47.36046893954447))",MT4744110805920190511,3 2 1 HL LOWER CROOKED CREEK UNIT K RX,2019.0,11847598.06126966,0.050238876961453044,1.0,22.0,matched,0.5251194384807265,MT4744110805920190511
subsetted_512x512_HLS.S30.T12UXU.2021250.v1.4,12UXU,2021-09-07,"POLYGON ((-108.51741713428551 47.93672030511831, -108.51077870287087 48.074786734533554, -108.71681695734017 48.079067781194084, -108.72290712306588 47.94098079118146, -108.51741713428551 47.93672030511831))",MT4801910865120210816,PINE GROVE,2021.0,65386614.984355815,0.27713804442975565,1.0,22.0,matched,0.6385690222148779,MT4801910865120210816
subsetted_512x512_HLS.S30.T13REQ.2018156.v1.4,13REQ,2018-06-05,"POLYGON ((-104.07151603701433 30.71837985554627, -104.0701835033271 30.856962858141234, -104.23082221053704 30.858016815072148, -104.23192459150098 30.71942806084231, -104.07151603701433 30.71837985554627))",TX3076510415220180516,CALDWELL,2018.0,8797114.374256045,0.03726329701393328,1.0,20.0,matched,0.5186316485069666,TX3076510415220180516
subsetted_512x512_HLS.S30.T13RGP.2020118.v1.4,13RGP,2020-04-27,"POLYGON ((-102.52863420846815 30.15210877998604, -102.52516750689331 30.29059253720798, -102.68475452340884 30.293514316000977, -102.68799818098847 30.15501444836279, -102.52863420846815 30.15210877998604))",TX3022610256120200301,LONGFELLOW NINE MILE COMPLEX,2020.0,23409818.558227472,0.09927435272675045,1.0,57.0,matched,0.5496371763633752,TX3022610256120200301
subsetted_512x512_HLS.S30.T13SBT.2019202.v1.4,13SBT,2019-07-21,"POLYGON ((-107.79020221969408 33.43604021020729, -107.7946496418213 33.57441690564894, -107.95994349175115 33.57057120092189, -107.95523392825659 33.432214516069884, -107.79020221969408 33.43604021020729))",NM3349910789720190605,SPRING,2019.0,13300893.961058376,0.0564306505658883,1.0,46.0,matched,0.5282153252829441,NM3349910789720190605
subsetted_512x512_HLS.S30.T13SBV.2019247.v1.4,13SBV,2019-09-04,"POLYGON ((-107.45943254558675 35.26297619115299, -107.46363044374333 35.4013483078153, -107.63261476451636 35.39778144271884, -107.6281297087167 35.25942742828827, -107.45943254558675 35.26297619115299))",NM3534510752720190804,TRIPLE NICKLE,2019.0,31632832.876038518,0.13414722404946475,1.0,31.0,matched,0.5670736120247324,NM3534510752720190804
subsetted_512x512_HLS.S30.T13SCA.2019227.v1.4,13SCA,2019-08-15,"POLYGON ((-106.10786192557951 36.37182157526136, -106.10983197253292 36.51027024455024, -106.28132947039084 36.508551249422894, -106.27905518958872 36.37011119758812, -106.10786192557951 36.37182157526136))",NM3644910620720190713,FRANCISQUITO,2019.0,7852220.576301703,0.033264843443652305,1.0,33.0,matched,0.5166324217218261,NM3644910620720190713
subsetted_512x512_HLS.S30.T13SDA.2018199.v1.4,13SDA,2018-07-18,"POLYGON ((-104.9731630623091 36.28553906814408, -104.97311548689218 36.42401573134657, -105.14446222493503 36.4239313683679, -105.14420658249476 36.285455128576025, -104.9731630623091 36.28553906814408))",NM3636510508520180629,MORRIS CREEK,2018.0,7226150.924529468,0.03060395960703149,1.0,19.0,matched,0.5153019798035158,NM3636510508520180629
subsetted_512x512_HLS.S30.T13SDU.2018254.v1.4,13SDU,2018-09-11,"POLYGON ((-104.99043675499307 34.302703399037384, -104.99042099979611 34.44122560037779, -105.15761783222504 34.44112439206818, -105.15735858935157 34.302602711423106, -104.99043675499307 34.302703399037384))",NM3436210506320180807,ROAD RUNNER,2018.0,10299854.588845463,0.043621631060456106,1.0,35.0,matched,0.521810815530228,NM3436210506320180807
subsetted_512x512_HLS.S30.T13SEB.2020249.v1.4,13SEB,2020-09-05,"POLYGON ((-104.30404001310811 36.95584163483894, -104.30277579731805 37.094292428405836, -104.4756113008762 37.095182674281396, -104.47656216979348 36.956727444823215, -104.30404001310811 36.95584163483894))",CO3701810400020200822,EAST FORK,2020.0,7058923.95049628,0.02989787547208743,1.0,14.0,matched,0.5149489377360437,CO3701810400020200822
subsetted_512x512_HLS.S30.T13SFA.2018159.v1.4,13SFA,2018-06-08,"POLYGON ((-102.88910571697082 36.87422429175591, -102.88528337834067 37.01259286682461, -103.05783737683268 37.01554327907146, -103.06134832295548 36.877159998933855, -102.88910571697082 36.87422429175591))",OK3694010296020180524,75 ROAD,2018.0,5202240.49687762,0.022050033888238556,1.0,15.0,matched,0.5110250169441193,OK3694010296020180524
subsetted_512x512_HLS.S30.T13SFB.2019219.v1.4,13SFB,2019-08-07,"POLYGON ((-102.8427241903788 37.027238155722, -102.83879615818452 37.165598962978635, -103.01169246943216 37.16862731660728, -103.0153067843386 37.03025143991056, -102.8427241903788 37.027238155722))",CO3711310286620190718,GRASSLANDS COMPLEX,2019.0,8122307.208771636,0.034428085083715275,1.0,20.0,matched,0.5172140425418577,CO3711310286620190718
subsetted_512x512_HLS.S30.T13SFB.2020164.v1.4,13SFB,2020-06-12,"POLYGON ((-103.4128294391402 37.261477767737404, -103.40991453646625 37.39987830389859, -103.58340088520968 37.40208454693596, -103.58599803168251 37.26367305447218, -103.4128294391402 37.261477767737404))",CO3735610351820200518,VILLEGREEN FIRE,2020.0,6752288.307134816,0.0286095318449251,1.0,25.0,matched,0.5143047659224625,CO3735610351820200518
subsetted_512x512_HLS.S30.T13SFS.2018196.v1.4,13SFS,2018-07-15,"POLYGON ((-103.49458657939093 33.12335004334714, -103.49221470242838 33.26185071262295, -103.6570802101729 33.26374093960492, -103.65919294059289 33.1252303785793, -103.49458657939093 33.12335004334714))",NM3317010361120180518,FRIER,2018.0,11982483.654184857,0.05076986080693748,1.0,58.0,matched,0.5253849304034688,NM3317010361120180518
subsetted_512x512_HLS.S30.T13SFT.2019171.v1.4,13SFT,2019-06-20,"POLYGON ((-103.37114266329712 34.10142968876418, -103.3684796908266 34.2399002063956, -103.53521870237677 34.24200604165556, -103.53760977302781 34.103524663475035, -103.37114266329712 34.10142968876418))",NM3418210345020190410,267,2019.0,7645627.747197961,0.03239672840787923,1.0,71.0,matched,0.5161983642039396,NM3418210345020190410
subsetted_512x512_HLS.S30.T13TBF.2018190.v1.4,13TBF,2018-07-09,"POLYGON ((-107.68872860720744 40.72087725472667, -107.69431376578244 40.85909587878639, -107.8763407779116 40.854697244079034, -107.87037951237532 40.71649987967469, -107.68872860720744 40.72087725472667))",CO4078210783620180629,DIVIDE,2018.0,69153259.61072458,0.29327310133998336,1.0,10.0,matched,0.6466365506699917,CO4078210783620180629
subsetted_512x512_HLS.S30.T13TCH.2020280.v1.4,13TCH,2020-10-06,"POLYGON ((-106.82263305004965 42.95500660975238, -106.82672876797659 43.093253946156295, -107.015350244373 43.090086328654515, -107.01083228018855 42.95185417511426, -106.82263305004965 42.95500660975238))",WY4301310696720200814,MIDDLE FORK,2020.0,9025997.204736507,0.038249580534028,1.0,53.0,matched,0.519124790267014,WY4301310696720200814
subsetted_512x512_HLS.S30.T13TCL.2019150.v1.4,13TCL,2019-05-30,"POLYGON ((-106.16006665898091 45.26406606985667, -106.16289263118533 45.4022991151845, -106.35910559107495 45.40013261502544, -106.35580312795489 45.26190992885124, -106.16006665898091 45.26406606985667))",MT4532210626120190423,UNNAMED,2019.0,4659416.34788642,0.019738117226322644,1.0,37.0,matched,0.5098690586131613,MT4532210626120190423
subsetted_512x512_HLS.S30.T13TDH.2018292.v1.4,13TDH,2018-10-19,"POLYGON ((-105.26490262350836 43.17614719153258, -105.26550261734918 43.31445794724217, -105.45491368509201 43.31386145227777, -105.45388568064529 43.17555355562812, -105.26490262350836 43.17614719153258))",WY4326210530420180917,WEST TILLARD,2018.0,15907862.362622991,0.0673738157820006,1.0,32.0,matched,0.5336869078910003,WY4326210530420180917
subsetted_512x512_HLS.S30.T13TDK.2020217.v1.4,13TDK,2020-08-04,"POLYGON ((-105.66080934075082 45.01311780803475, -105.66240514157667 45.15137617518732, -105.85778692951078 45.15007578625094, -105.85572055844092 45.011823637761395, -105.66080934075082 45.01311780803475))",MT4504710573520200722,BUFFALO,2020.0,44723285.41481104,0.18942705291158451,1.0,13.0,matched,0.5947135264557922,MT4504710573520200722
subsetted_512x512_HLS.S30.T13TDL.2020187.v1.4,13TDL,2020-07-05,"POLYGON ((-105.63637490653973 45.24712133376853, -105.63792430129662 45.38537468220656, -105.83411164517128 45.384110430756124, -105.83208586768099 45.245863128295944, -105.63637490653973 45.24712133376853))",MT4529310571720200614,FIRE GULCH,2020.0,9575828.76472683,0.04055851034855701,1.0,21.0,matched,0.5202792551742785,MT4529310571720200614
subsetted_512x512_HLS.S30.T13TDL.2020245.v1.4,13TDL,2020-09-01,"POLYGON ((-105.99784012257575 45.56372142569362, -106.00029649888062 45.7019545892805, -106.19756689957181 45.70005688198088, -106.19462635455672 45.56183279397377, -105.99784012257575 45.56372142569362))",MT4564010610720200825,DAILY,2020.0,7502957.978089609,0.03178197222061281,1.0,7.0,matched,0.5158909861103064,MT4564010610720200825
subsetted_512x512_HLS.S30.T13TDL.2020280.v1.4,13TDL,2020-10-06,"POLYGON ((-106.0290363865226 45.777035951507855, -106.03158848049829 45.915262594693246, -106.22961104095405 45.91330320301925, -106.22656932550308 45.775085931778804, -106.0290363865226 45.777035951507855))",MT4590510631720200902,SNIDER,2020.0,118126850.99858056,0.5003810893602646,1.0,34.0,matched,0.7501905446801322,MT4590510631720200902
subsetted_512x512_HLS.S30.T13TEE.2020214.v1.4,13TEE,2020-08-01,"POLYGON ((-104.48918057077452 40.09971749597366, -104.48814213212302 40.238098497745185, -104.66871123126445 40.238756227846466, -104.66938335860333 40.10037203202484, -104.48918057077452 40.09971749597366))",CO4014010460020200719,SUNDAY FIRE,2020.0,8921157.728548998,0.03778376434069628,1.0,13.0,matched,0.5188918821703481,CO4014010460020200719
subsetted_512x512_HLS.S30.T13TEE.2020249.v1.4,13TEE,2020-09-05,"POLYGON ((-103.7184348037701 39.85293126078128, -103.71585237655063 39.9912889306628, -103.89573716485954 39.9931425890562, -103.89795803608031 39.85477590515068, -103.7184348037701 39.85293126078128))",CO3991410379420200820,SHAMROCK,2020.0,6390636.424237218,0.027072324245391174,1.0,16.0,matched,0.5135361621226956,CO3991410379420200820
subsetted_512x512_HLS.S30.T13TFG.2020274.v1.4,13TFG,2020-09-30,"POLYGON ((-103.36276539666004 41.580989406309214, -103.3592591212479 41.71928355838243, -103.5438535137039 41.721771520715045, -103.54696566972214 41.583465384306486, -103.36276539666004 41.580989406309214))",NE4165010345220200827,HUBBARDS GAP,2020.0,13911915.588586573,0.058943312288048916,1.0,34.0,matched,0.5294716561440245,NE4165010345220200827
subsetted_512x512_HLS.S30.T13TFN.2018157.v1.4,13TFN,2018-06-06,"POLYGON ((-103.34182193548814 46.88203606064398, -103.3375480295066 47.0202001455984, -103.53959153710596 47.02295563820075, -103.5433464999329 46.8847783531805, -103.34182193548814 46.88203606064398))",ND4695810346420180427,18 DONUT HOLE,2018.0,31722837.611654244,0.13439790501739626,1.0,40.0,matched,0.5671989525086981,ND4695810346420180427
subsetted_512x512_HLS.S30.T13TFN.2019152.v1.4,13TFN,2019-06-01,"POLYGON ((-103.31096210033502 47.5478501825395, -103.30650602007866 47.6859959574991, -103.51110417868479 47.688833848539886, -103.51502241719193 47.550674455011276, -103.31096210033502 47.5478501825395))",ND4759110337920190516,19 SHEEP RX,2019.0,6752433.207789384,0.028607679408286266,1.0,16.0,matched,0.5143038397041432,ND4759110337920190516
subsetted_512x512_HLS.S30.T13TGE.2018136.v1.4,13TGE,2018-05-16,"POLYGON ((-102.17564601709066 40.31798350977165, -102.16986220685396 40.45619598075766, -102.35081612020115 40.46048794966718, -102.35623121158007 40.32225468700119, -102.17564601709066 40.31798350977165))",CO4037010225020180404,COUNTY ROAD 56,2018.0,7553744.996912288,0.0320338857251574,1.0,42.0,matched,0.5160169428625787,CO4037010225020180404
subsetted_512x512_HLS.S30.T13TGJ.2020309.v1.4,13TGJ,2020-11-04,"POLYGON ((-102.3446443138507 43.3006816518995, -102.33860595799035 43.43884174756798, -102.52822515207953 43.44310042554558, -102.53383439218896 43.30491994347855, -102.3446443138507 43.3006816518995))",SD4334810247820200914,SINGING HORSE 2,2020.0,9419862.854798732,0.039937032064006193,1.0,51.0,matched,0.5199685160320031,SD4334810247820200914
subsetted_512x512_HLS.S30.T14RKV.2018213.v1.4,14RKV,2018-08-01,"POLYGON ((-101.1958303545883 30.886330871070893, -101.19900214260755 31.02482627645075, -101.35980851359284 31.021985273093108, -101.35640528811396 30.883505312090502, -101.1958303545883 30.886330871070893))",TX3096410129920180702,WORTHINGTON,2018.0,5057227.871404288,0.021443228173347224,1.0,30.0,matched,0.5107216140866736,TX3096410129920180702
subsetted_512x512_HLS.S30.T14RKV.2020278.v1.4,14RKV,2020-10-04,"POLYGON ((-101.2949395752748 31.068344397031574, -101.29827835165135 31.206826452855726, -101.45938028455912 31.203846044260512, -101.45580802579013 31.065380134223957, -101.2949395752748 31.068344397031574))",TX3111910137620200901,FERGUSON,2020.0,4163948.5577964606,0.017657373229371404,1.0,33.0,matched,0.5088286866146857,TX3111910137620200901
subsetted_512x512_HLS.S30.T14RLV.2019223.v1.4,14RLV,2019-08-11,"POLYGON ((-100.35279267445469 30.897082232441278, -100.35474785630971 31.035640869423077, -100.51565042052478 31.033851199781527, -100.5134632276702 30.89530229443913, -100.35279267445469 30.897082232441278))",TX3095710045720190723,MADA,2019.0,4341848.240621737,0.01839695892565107,1.0,19.0,matched,0.5091984794628255,TX3095710045720190723
subsetted_512x512_HLS.S30.T14RLV.2019348.v1.4,14RLV,2019-12-14,"POLYGON ((-100.4572076373846 30.640711661762825, -100.45929240862701 30.77926956282159, -100.61975895715376 30.777364052753725, -100.6174451722445 30.638816563657432, -100.4572076373846 30.640711661762825))",TX3068710057220191007,POWELL LEASE,2019.0,7247443.494350216,0.030710563312752324,1.0,68.0,matched,0.5153552816563761,TX3068710057220191007
subsetted_512x512_HLS.S30.T14RMV.2020280.v1.4,14RMV,2020-10-06,"POLYGON ((-99.01971259801275 31.09580698524042, -99.01974131546622 31.234400165324313, -99.18103168437827 31.234274251978402, -99.18076834149868 31.095681754224792, -99.01971259801275 31.09580698524042))",TX3112609904920200802,MAYS,2020.0,39392407.042410776,0.16683371898670524,1.0,65.0,matched,0.5834168594933526,TX3112609904920200802
subsetted_512x512_HLS.S30.T14RNQ.2021051.v1.4,14RNQ,2021-02-20,"POLYGON ((-98.3359361921613 26.890138272923483, -98.3351225290493 27.028808930892207, -98.48996925798298 27.02945508107633, -98.4905934459327 26.890780581454887, -98.3359361921613 26.890138272923483))",TX2691709832320210126,JONES,2021.0,8816579.901230358,0.03734280362392612,1.0,25.0,matched,0.518671401811963,TX2691709832320210126
subsetted_512x512_HLS.S30.T14RNV.2018215.v1.4,14RNV,2018-08-03,"POLYGON ((-98.30859677289347 31.470464355238008, -98.30757463261773 31.609039301340136, -98.46949920411231 31.60981445387401, -98.47028234698034 31.471235336168892, -98.30859677289347 31.470464355238008))",TX3157209838720180723,FM 2005,2018.0,5931564.2842838075,0.025123238607772703,1.0,11.0,matched,0.5125616193038863,TX3157209838720180723
subsetted_512x512_HLS.S30.T14RPS.2019257.v1.4,14RPS,2019-09-14,"POLYGON ((-97.23600136699265 28.400728850206853, -97.23369739621269 28.53931254887493, -97.3906396262698 28.541263669339845, -97.39273910657354 28.402668793824947, -97.23600136699265 28.400728850206853))",TX2846709731320190825,ZACATE,2019.0,4056177.4574068175,0.017190150100239724,1.0,20.0,matched,0.5085950750501199,TX2846709731320190825
subsetted_512x512_HLS.S30.T14SKA.2019278.v1.4,14SKA,2019-10-05,"POLYGON ((-101.0404165462383 32.1317266685972, -101.04351103096555 32.270209030980745, -101.20649266049602 32.2674658223136, -101.20315184208138 32.12899804413991, -101.0404165462383 32.1317266685972))",TX3217410111820190907,BODINE 1,2019.0,9120832.981292535,0.038666424728210115,1.0,28.0,matched,0.519333212364105,TX3217410111820190907
subsetted_512x512_HLS.S30.T14SKB.2019268.v1.4,14SKB,2019-09-25,"POLYGON ((-101.04143990867931 33.23123740459932, -101.04466924639469 33.36969536065771, -101.20967054295203 33.36686691053043, -101.20618109970053 33.22842372628067, -101.04143990867931 33.23123740459932))",TX3332410108120190809,CHIMNEY CREEK,2019.0,7867962.353999491,0.03335431977584975,1.0,47.0,matched,0.5166771598879248,TX3332410108120190809
subsetted_512x512_HLS.S30.T14SKD.2018156.v1.4,14SKD,2018-06-05,"POLYGON ((-101.13342860356842 34.83697732149171, -101.13701328366712 34.97539090548042, -101.30515866324166 34.97231396028358, -101.30129251706806 34.833916081362524, -101.13342860356842 34.83697732149171))",TX3481010130620180508,MALLARD,2018.0,148283950.24499875,0.6286438184230508,1.0,28.0,matched,0.8143219092115255,TX3481010130620180508
subsetted_512x512_HLS.S30.T14SKE.2018156.v1.4,14SKE,2018-06-05,"POLYGON ((-101.5432023257932 35.55789051417212, -101.5475906140836 35.69624698026749, -101.71718331566137 35.69253579314545, -101.71250374657978 35.554198092138066, -101.5432023257932 35.55789051417212))",TX3565810161920180413,HARBOR BAY,2018.0,5778847.230187362,0.02450861967515347,1.0,53.0,matched,0.5122543098375767,TX3565810161920180413
subsetted_512x512_HLS.S30.T14SKF.2019246.v1.4,14SKF,2019-09-03,"POLYGON ((-101.17712143740553 36.6299499247482, -101.18102878672116 36.76831818050366, -101.35299994549896 36.76503970287079, -101.34878517291274 36.62668782729461, -101.17712143740553 36.6299499247482))",OK3671910126720190819,CLAUSON FIRE,2019.0,4811078.146737971,0.020396277013877397,1.0,15.0,matched,0.5101981385069387,OK3671910126720190819
subsetted_512x512_HLS.S30.T14SLC.2019258.v1.4,14SLC,2019-09-15,"POLYGON ((-100.85166491930771 33.54262167285739, -100.85462895771504 33.68108832855455, -101.02024238638903 33.678490964990324, -101.01701408710112 33.54003781184974, -100.85166491930771 33.54262167285739))",TX3362710093720190817,SPUR RANCH HEADQUARTERS,2019.0,7042584.023543162,0.029850240969726705,1.0,29.0,matched,0.5149251204848634,TX3362710093720190817
subsetted_512x512_HLS.S30.T14SLD.2018163.v1.4,14SLD,2018-06-12,"POLYGON ((-100.97500242653689 34.589731158486636, -100.97829061712528 34.72816416693646, -101.14595150898836 34.72532486758963, -101.14238514273563 34.58690640042828, -100.97500242653689 34.589731158486636))",TX3464410105120180510,GLOVER,2018.0,14710412.47676727,0.06235580590682252,1.0,33.0,matched,0.5311779029534113,TX3464410105120180510
subsetted_512x512_HLS.S30.T14SMA.2020185.v1.4,14SMA,2020-07-03,"POLYGON ((-99.69502523923995 31.77412690509345, -99.69606498127563 31.91269513971946, -99.85851185405961 31.911701381962413, -99.85722952380198 31.773138466479256, -99.69502523923995 31.77412690509345))",TX3185709976920200614,WEHMEYER,2020.0,4043349.7625992615,0.017126535301547674,1.0,19.0,matched,0.5085632676507739,TX3185709976920200614
subsetted_512x512_HLS.S30.T14SMB.2019228.v1.4,14SMB,2019-08-16,"POLYGON ((-99.50443835078245 33.06160858763945, -99.50523134036143 33.20015329035107, -99.67002108551478 33.19937524519732, -99.66896949023847 33.060834619127654, -99.50443835078245 33.06160858763945))",TX3312809957020190729,FLAT TOP,2019.0,10144276.397240117,0.042965862180240524,1.0,18.0,matched,0.5214829310901202,TX3312809957020190729
subsetted_512x512_HLS.S30.T14SMC.2018213.v1.4,14SMC,2018-08-01,"POLYGON ((-99.17571832287817 33.72140071363992, -99.17600155805133 33.85993538984142, -99.3420551196303 33.859586441906465, -99.34150466795414 33.72105357591684, -99.17571832287817 33.72140071363992))",TX3378209927320180716,WAGGONER RANCH,2018.0,17274974.07049892,0.07316339830890217,1.0,16.0,matched,0.5365816991544511,TX3378209927320180716
subsetted_512x512_HLS.S30.T14SNA.2018215.v1.4,14SNA,2018-08-03,"POLYGON ((-98.7166244838259 31.57189591137082, -98.71620388102949 31.710477092320772, -98.8783122637673 31.710734845817324, -98.87849261466157 31.572152280173267, -98.7166244838259 31.57189591137082))",TX3165409878420180723,259,2018.0,6689645.5480953725,0.02833201035231434,1.0,11.0,matched,0.5141660051761572,TX3165409878420180723
subsetted_512x512_HLS.S30.T14SND.2018125.v1.4,14SND,2018-05-05,"POLYGON ((-98.4644521102653 34.678938803789045, -98.46355734079393 34.817446375539355, -98.6315062573026 34.81807091607589, -98.63212091219066 34.67956014771055, -98.4644521102653 34.678938803789045))",OK3473609854120180409,RX - SCOTT,2018.0,20052741.677669816,0.08493025062588154,1.0,26.0,matched,0.5424651253129408,OK3473609854120180409
subsetted_512x512_HLS.S30.T14SNG.2020118.v1.4,14SNG,2020-04-27,"POLYGON ((-98.78577647607922 37.003120652356536, -98.78538666107073 37.14157962858382, -98.95833831074484 37.141766592199694, -98.95841398403529 37.00330668477146, -98.78577647607922 37.003120652356536))",KS3702809890220200325,EWB,2020.0,23097063.81955137,0.0978201779237397,1.0,33.0,matched,0.5489100889618699,KS3702809890220200325
subsetted_512x512_HLS.S30.T14SPD.2018100.v1.4,14SPD,2018-04-10,"POLYGON ((-97.47158335953601 34.266387563910264, -97.46906905271953 34.40486107143645, -97.63614222646237 34.406838148309255, -97.63838236207691 34.268354467386445, -97.47158335953601 34.266387563910264))",OK3434009756220180322,CONVICT HILL,2018.0,4357710.329504581,0.01846367721195359,1.0,19.0,matched,0.5092318386059768,OK3434009756220180322
subsetted_512x512_HLS.S30.T14SPF.2019345.v1.4,14SPF,2019-12-11,"POLYGON ((-96.71889911826645 36.64449721048541, -96.71480308200518 36.782855308741475, -96.88682189549 36.78603705629178, -96.89061018220106 36.647663063426556, -96.71889911826645 36.64449721048541))",OK3669509679920191116,PACK,2019.0,4584069.750913903,0.019432724216964344,1.0,25.0,matched,0.5097163621084821,OK3669509679920191116
subsetted_512x512_HLS.S30.T14SPH.2018125.v1.4,14SPH,2018-05-05,"POLYGON ((-96.81162645920622 37.84451050204939, -96.80752247217646 37.9828492648734, -96.98231547184429 37.9859789251128, -96.98609283584545 37.84762471086777, -96.81162645920622 37.84451050204939))",,,,,,,,unmatched,0.0,
subsetted_512x512_HLS.S30.T14SPJ.2019345.v1.4,14SPJ,2019-12-11,"POLYGON ((-96.66851756260881 39.12250933279671, -96.66394071362798 39.26080413647743, -96.84184734789851 39.26423868888163, -96.8460763238987 39.12592710782387, -96.66851756260881 39.12250933279671))",KS3921209676120191113,2019-3238A,2019.0,34920134.98923241,0.14802948772527164,1.0,28.0,matched,0.5740147438626358,KS3921209676120191113
subsetted_512x512_HLS.S30.T14SQE.2018075.v1.4,14SQE,2018-03-16,"POLYGON ((-96.09646540274082 35.22906261203027, -96.09151629631091 35.36738504723136, -96.26039936359923 35.371334937012584, -96.26506199820632 35.23299245261363, -96.09646540274082 35.22906261203027))",OK3529509619120180124,WEST ALABAMA,2018.0,4545828.428657052,0.019283597277781984,1.0,51.0,matched,0.509641798638891,OK3529509619120180124
subsetted_512x512_HLS.S30.T14SQE.2018100.v1.4,14SQE,2018-04-10,"POLYGON ((-96.33866822284817 35.510992996440834, -96.33408417451773 35.649337516286465, -96.5035923574465 35.65297273686342, -96.50788569738725 35.51460982563065, -96.33866822284817 35.510992996440834))",OK3557109641620180320,HENRY,2018.0,4685143.218891126,0.019869079151769737,1.0,21.0,matched,0.5099345395758849,OK3557109641620180320
subsetted_512x512_HLS.S30.T14SQG.2020085.v1.4,14SQG,2020-03-25,"POLYGON ((-96.3860848852802 37.77960161811786, -96.38119480132134 37.91789863882436, -96.55578196422248 37.921656508004254, -96.56034685979466 37.78334092900321, -96.3860848852802 37.77960161811786))",KS3786109647720200108,D165,2020.0,7083332.243951688,0.03003569593279765,1.0,77.0,matched,0.5150178479663988,KS3786109647720200108
subsetted_512x512_HLS.S30.T14SQH.2018125.v1.4,14SQH,2018-05-05,"POLYGON ((-96.5454691473689 38.04687348124904, -96.54083270449321 38.18518130785417, -96.71607665569944 38.18872272944709, -96.72038342388332 38.05039745332084, -96.5454691473689 38.04687348124904))",KS3833809656920160424,UNNAMED,2016.0,3333151.8543409472,0.014131457172048584,0.0,741.0,unmatched,0.007065728586024292,
subsetted_512x512_HLS.S30.T14TKM.2019144.v1.4,14TKM,2019-05-24,"POLYGON ((-102.13898022537249 41.647041551022205, -102.14571576405024 41.78518237697598, -102.33025995003327 41.77997560415226, -102.32313099564276 41.64185982136969, -102.13898022537249 41.647041551022205))",NE4166810220320190321,RED KATE,2019.0,24738089.52859476,0.10495675478290446,1.0,64.0,matched,0.5524783773914522,NE4166810220320190321
subsetted_512x512_HLS.S30.T14UQU.2019163.v1.4,14UQU,2019-06-12,"POLYGON ((-95.39877114936994 48.158943360146935, -95.38906942337155 48.29686067741392, -95.59579517945221 48.303173145718574, -95.60494416756424 48.16522551705335, -95.39877114936994 48.158943360146935))",MN4823209549720190530,2019121041,2019.0,2540550.345534117,0.010777548864904347,1.0,13.0,matched,0.5053887744324522,MN4823209549720190530
subsetted_512x512_HLS.S30.T15RVQ.2021063.v1.4,15RVQ,2021-03-04,"POLYGON ((-93.76689181982937 31.108685585979366, -93.76800956680245 31.247266019446464, -93.9293034910752 31.246201222033637, -93.92795107492658 31.107626556799207, -93.76689181982937 31.108685585979366))",TX3118009383820210223,UNNAMED,2021.0,12092979.10402086,0.051224015751453286,1.0,9.0,matched,0.5256120078757266,TX3118009383820210223
subsetted_512x512_HLS.S30.T15RWQ.2021063.v1.4,15RWQ,2021-03-04,"POLYGON ((-92.27914841734557 31.398304101621843, -92.27808575054057 31.536879729862186, -92.43988476673294 31.537690689556708, -92.44070929801866 31.399110691340624, -92.27914841734557 31.398304101621843))",LA3146009237920180418,UNNAMED,2018.0,5944801.77486733,0.025179516732728606,0.02050020500205002,1051.0,unmatched,0.022839860867389313,
subsetted_512x512_HLS.S30.T15RWQ.2021098.v1.4,15RWQ,2021-04-08,"POLYGON ((-92.47806581248913 31.033305575364192, -92.47730733624645 31.171894330274817, -92.63848769449973 31.17244786083525, -92.63901229802464 31.033856102921646, -92.47806581248913 31.033305575364192))",LA3111809256120210309,MELDER 1,2021.0,10441403.899236083,0.04422300520512464,1.0,30.0,matched,0.5221115026025623,LA3111809256120210309
subsetted_512x512_HLS.S30.T15RXQ.2020106.v1.4,15RXQ,2020-04-15,"POLYGON ((-90.95847120355869 31.189239793971712, -90.95548676446703 31.327742554378055, -91.11684336866723 31.330211956591754, -91.1195926236843 31.191695845656117, -90.95847120355869 31.189239793971712))",MS3125809104020200307,HOMOCHITTO BB 32,2020.0,3486327.737081667,0.014777898127234441,1.0,39.0,matched,0.5073889490636172,MS3125809104020200307
subsetted_512x512_HLS.S30.T15STA.2018125.v1.4,15STA,2018-05-05,"POLYGON ((-95.20731970766215 36.78270430125483, -95.21130329963546 36.921066192718065, -95.38361311944958 36.917731956832945, -95.37931980565105 36.77938669688822, -95.20731970766215 36.78270430125483))",,,,,,,,unmatched,0.0,
subsetted_512x512_HLS.S30.T15SVU.2018114.v1.4,15SVU,2018-04-24,"POLYGON ((-93.55276830537908 34.69130643760683, -93.55369227052797 34.829813330284566, -93.72165958302624 34.8289329021619, -93.72045537736007 34.690430514984406, -93.55276830537908 34.69130643760683))",AR3474709363020180324,UNNAMED,2018.0,21840588.024305135,0.09250624400256673,1.0,31.0,matched,0.5462531220012834,AR3474709363020180324
subsetted_512x512_HLS.S30.T15SVU.2021063.v1.4,15SVU,2021-03-04,"POLYGON ((-93.48637123914642 34.48246351383166, -93.48717791643531 34.62097662190375, -93.65472552508659 34.62019242249084, -93.6536414616999 34.48168333882872, -93.48637123914642 34.48246351383166))",AR3455009357220210203,SEED ORCHARD,2021.0,2849975.1708805617,0.012070929849640555,1.0,29.0,ambiguous,0.5060354649248203,
subsetted_512x512_HLS.S30.T15SVU.2021098.v1.4,15SVU,2021-04-08,"POLYGON ((-93.70475687060436 34.92425560192749, -93.70594512417291 35.0627531269371, -93.87438233194278 35.06165585297382, -93.87291064261791 34.92316392578544, -93.70475687060436 34.92425560192749))",AR3499609379020210308,JACK PIGEON,2021.0,22838842.32172797,0.09673864142310173,1.0,31.0,matched,0.5483693207115509,AR3499609379020210308
subsetted_512x512_HLS.S30.T15SWR.2021128.v1.4,15SWR,2021-05-08,"POLYGON ((-92.76140570758761 31.98583074493782, -92.76104582060319 32.12440339290278, -92.92388213149043 32.124605997746066, -92.92399677319703 31.986032269230886, -92.76140570758761 31.98583074493782))",LA3206609285220210312,UNNAMED,2021.0,10689575.683042265,0.04527236268215082,1.0,57.0,matched,0.5226361813410754,LA3206609285220210312
subsetted_512x512_HLS.S30.T15SWV.2021093.v1.4,15SWV,2021-04-03,"POLYGON ((-92.24160455639114 36.003476785668845, -92.24027394787053 36.14194781807674, -92.41099459811717 36.14290911160429, -92.41202624914098 36.00443323946406, -92.24160455639114 36.003476785668845))",AR3607609232920210329,SYL BIRMINGHAM,2021.0,27534850.258603774,0.1166252061439485,1.0,5.0,matched,0.5583126030719743,AR3607609232920210329
subsetted_512x512_HLS.S30.T15SXA.2021093.v1.4,15SXA,2021-04-03,"POLYGON ((-91.05223020616249 36.891612134126724, -91.04870090191135 37.02999432618596, -91.22131077400698 37.03270816748159, -91.22452829933745 36.89431245054695, -91.05223020616249 36.891612134126724))",MO3698309113620210307,FREMONT PINEKNOT A,2021.0,10156169.706580985,0.043042228070949116,1.0,27.0,matched,0.5215211140354745,MO3698309113620210307
subsetted_512x512_HLS.S30.T15SXB.2019134.v1.4,15SXB,2019-05-14,"POLYGON ((-91.12623433207041 37.359491434801946, -91.1227810438277 37.49786866443294, -91.29646924818006 37.500501861549175, -91.29960341848191 37.36211156976815, -91.12623433207041 37.359491434801946))",MO3743109121220190409,UNNAMED,2019.0,3688793.256612027,0.015632291480547095,1.0,35.0,matched,0.5078161457402736,MO3743109121220190409
subsetted_512x512_HLS.S30.T15SXB.2020089.v1.4,15SXB,2020-03-29,"POLYGON ((-91.17076582000239 37.32503924891363, -91.16739876896733 37.46342077915247, -91.34101135541015 37.46598643132855, -91.34405980113257 37.32759216942357, -91.17076582000239 37.32503924891363))",MO3738509126320200222,LOGGERS LAKE,2020.0,7443742.27927383,0.03154399622584967,1.0,36.0,matched,0.5157719981129248,MO3738509126320200222
subsetted_512x512_HLS.S30.T15SYR.2021110.v1.4,15SYR,2021-04-20,"POLYGON ((-90.69611122496856 31.544680503674247, -90.69269619603438 31.683151395797218, -90.85463756052613 31.68597904846927, -90.85781336500747 31.547492970038228, -90.69611122496856 31.544680503674247))",MS3161809077320210309,HOMOCHITTO - BB 7,2021.0,12246365.492546815,0.051922394535096575,1.0,42.0,matched,0.5259611972675483,MS3161809077320210309
subsetted_512x512_HLS.S30.T15TVN.2018135.v1.4,15TVN,2018-05-15,"POLYGON ((-94.1040393819944 47.11792396220631, -94.1069088163441 47.256114679203016, -94.30986892732324 47.25397410971897, -94.30647369741013 47.11579365424297, -94.1040393819944 47.11792396220631))",MN4716609417820180405,BOY RIVER,2018.0,14352008.348440316,0.06079558587882306,1.0,40.0,matched,0.5303977929394116,MN4716609417820180405
subsetted_512x512_HLS.S30.T15TVN.2019140.v1.4,15TVN,2019-05-20,"POLYGON ((-93.99692498141113 47.05762508694904, -93.99951059037613 47.195822021799, -94.20224874853953 47.193873746404826, -94.19913896214962 47.0556861502057, -93.99692498141113 47.05762508694904))",MN4716409414720190419,UNNAMED,2019.0,7445270.090708273,0.03153732262435765,1.0,31.0,matched,0.5157686613121788,MN4716409414720190419
subsetted_512x512_HLS.S30.T15TXM.2018187.v1.4,15TXM,2018-07-06,"POLYGON ((-91.1889298818495 46.53359830345479, -91.1843185432135 46.67175962842492, -91.3850447820165 46.67476959512324, -91.38914690199275 46.536593862273676, -91.1889298818495 46.53359830345479))",WI4660309128320180517,UNNAMED,2018.0,3893960.834681623,0.01649854069827045,1.0,50.0,matched,0.5082492703491353,WI4660309128320180517
subsetted_512x512_HLS.S30.T15TYL.2019159.v1.4,15TYL,2019-06-08,"POLYGON ((-90.07631402736324 45.755588520859575, -90.06907124616816 45.893657390819556, -90.26682560541283 45.89856232838413, -90.27358123662357 45.76047002204569, -90.07631402736324 45.755588520859575))",WI4583509018520190514,RILEY,2019.0,5077289.7616951335,0.021528689898775724,1.0,25.0,matched,0.5107643449493878,WI4583509018520190514
subsetted_512x512_HLS.S30.T16RBV.2018158.v1.4,16RBV,2018-06-07,"POLYGON ((-89.16201843631863 30.861733685431012, -89.16513837096012 31.000232743614294, -89.32590726581176 30.997435934495993, -89.32255615593115 30.85895208787646, -89.16201843631863 30.861733685431012))",MS3093008924020180514,UNNAMED,2018.0,3835625.867159829,0.01626294404427584,1.0,24.0,matched,0.5081314720221379,MS3093008924020180514
subsetted_512x512_HLS.S30.T16RCU.2020118.v1.4,16RCU,2020-04-27,"POLYGON ((-88.8397829878272 30.52841314112109, -88.84240319844271 30.666946677438343, -89.0026509513938 30.664575086543543, -88.99980319692607 30.52605453462738, -88.8397829878272 30.52841314112109))",MS3061008891020200227,UNNAMED,2020.0,6477937.696302426,0.027458113925626877,1.0,60.0,matched,0.5137290569628135,MS3061008891020200227
subsetted_512x512_HLS.S30.T16REV.2018130.v1.4,16REV,2018-05-10,"POLYGON ((-86.62823279806261 31.057375719959452, -86.6276920282766 31.19596680392299, -86.78891573764353 31.196332272784968, -86.78922233910156 31.057739206941605, -86.62823279806261 31.057375719959452))",AL3111408672120180424,UNNAMED,2018.0,3774564.959937298,0.01598621000924644,1.0,16.0,ambiguous,0.5079931050046232,
subsetted_512x512_HLS.S30.T16REV.2019135.v1.4,16REV,2019-05-15,"POLYGON ((-86.64052303883597 31.050101868726166, -86.64000029601719 31.188693299987982, -86.80121183518419 31.18904328237874, -86.80150049370623 31.050449952957777, -86.64052303883597 31.050101868726166))",AL3111808672020190411,CN WOLF PIT 04,2019.0,2774562.6785248127,0.011750936189053672,1.0,34.0,matched,0.5058754680945269,AL3111808672020190411
subsetted_512x512_HLS.S30.T16REV.2020060.v1.4,16REV,2020-02-29,"POLYGON ((-86.6967310369976 30.973368999350406, -86.6962913626821 31.11196287196842, -86.85737373534258 31.112241807091277, -86.85758021619687 30.97364641946138, -86.6967310369976 30.973368999350406))",AL3104408677720200122,CN ROCK CREEK 02,2020.0,13497703.820488477,0.05716564145027825,1.0,38.0,matched,0.5285828207251391,AL3104408677720200122
subsetted_512x512_HLS.S30.T16REV.2021129.v1.4,16REV,2021-05-09,"POLYGON ((-86.71434555880853 30.96610033933103, -86.71393154034945 31.104694588315564, -86.87500181076844 31.10495142899874, -86.87518271939462 30.966355784813867, -86.71434555880853 30.96610033933103))",AL3103508679420210427,CN ROCK CREEK 03,2021.0,8664464.548043232,0.03669578476799352,1.0,12.0,matched,0.5183478923839968,AL3103508679420210427
subsetted_512x512_HLS.S30.T16RFU.2019105.v1.4,16RFU,2019-04-15,"POLYGON ((-85.40484933949833 30.044424694714788, -85.40262099657059 30.182986323635618, -85.56211712874314 30.184832089720313, -85.56412317147523 30.046260255840227, -85.40484933949833 30.044424694714788))",FL3011008549020190330,CR 2297 ALLENTON (03),2019.0,2931298.784048925,0.01242107712409217,1.0,16.0,matched,0.5062105385620461,FL3011008549020190330
subsetted_512x512_HLS.S30.T16RFU.2019250.v1.4,16RFU,2019-09-07,"POLYGON ((-84.82321963412626 30.081008769672717, -84.82017465065134 30.219523078202194, -84.97967886419525 30.222079761719296, -84.98250142060971 30.083551332764777, -84.82321963412626 30.081008769672717))",FL3015208489420190730,BU 43,2019.0,12954653.233963238,0.0549204380747583,1.0,39.0,matched,0.5274602190373792,FL3015208489420190730
subsetted_512x512_HLS.S30.T16RFU.2019305.v1.4,16RFU,2019-11-01,"POLYGON ((-84.97667301096264 29.972223600013237, -84.97385494547125 30.110753877588454, -85.13319913032092 30.113115943043436, -85.13579589833869 29.974572589812542, -84.97667301096264 29.972223600013237))",FL3005608509020190916,FISH CAMP,2019.0,3341023.7040590052,0.014162074762801576,1.0,46.0,matched,0.5070810373814008,FL3005608509020190916
subsetted_512x512_HLS.S30.T16RFU.2021069.v1.4,16RFU,2021-03-10,"POLYGON ((-84.86933355496288 30.04928772866215, -84.86635684370232 30.187806920967674, -85.02581455311962 30.1903050667554, -85.0285691657705 30.051772068056888, -84.86933355496288 30.04928772866215))",FL3011208494120210203,BU 64/65,2021.0,27017783.38126037,0.11453524522303708,0.9788049531546879,35.0,matched,0.5466700991888624,FL3011208494120210203
subsetted_512x512_HLS.S30.T16RGU.2018107.v1.4,16RGU,2018-04-17,"POLYGON ((-84.63586111159977 30.06911095489599, -84.63255576487278 30.207607464712773, -84.79202085857786 30.21039148915871, -84.79510402148463 30.071879601587472, -84.63586111159977 30.06911095489599))",FL3012108472320180325,UNNAMED,2018.0,10378972.471628105,0.04400929699078968,1.0,23.0,matched,0.5220046484953949,FL3012108472320180325
subsetted_512x512_HLS.S30.T16RGU.2019127.v1.4,16RGU,2019-05-07,"POLYGON ((-84.49171346754697 30.171432547667948, -84.48819228102025 30.309911996151847, -84.64780627213692 30.312880544700565, -84.65110422229553 30.17438473471702, -84.49171346754697 30.171432547667948))",FL3024208456920190430,BU 308,2019.0,11031979.41794824,0.04678535355380417,1.0,7.0,ambiguous,0.523392676776902,
subsetted_512x512_HLS.S30.T16RGU.2019277.v1.4,16RGU,2019-10-04,"POLYGON ((-84.55334582407318 30.285981112026818, -84.5498953136353 30.424464614241202, -84.70970267547034 30.427367606563212, -84.71292862279205 30.2888681399962, -84.55334582407318 30.285981112026818))",FL3037408463920190911,344 D,2019.0,9473372.042247735,0.040172637300270805,1.0,23.0,matched,0.5200863186501354,FL3037408463920190911
subsetted_512x512_HLS.S30.T16RGU.2020107.v1.4,16RGU,2020-04-16,"POLYGON ((-84.4792943460951 29.973653458939886, -84.47578373802585 30.112135755727092, -84.63507732525373 30.11510209043911, -84.63836691173478 29.976603378991793, -84.4792943460951 29.973653458939886))",FL3004608455020200311,BU 355,2020.0,16361973.040262733,0.06939059639504963,1.0,36.0,matched,0.5346952981975248,FL3004608455020200311
subsetted_512x512_HLS.S30.T16RGU.2021066.v1.4,16RGU,2021-03-07,"POLYGON ((-84.43992565604138 30.186938010365964, -84.43632958218835 30.325411562822897, -84.59596252801494 30.32844476414352, -84.59933522612921 30.18995449970067, -84.43992565604138 30.186938010365964))",FL3027308452320210129,BU 305/306,2021.0,31979426.844703082,0.13562889271113213,1.0,37.0,matched,0.5678144463555661,FL3027308452320210129
subsetted_512x512_HLS.S30.T16SBD.2020096.v1.4,16SBD,2020-04-05,"POLYGON ((-89.22968367023672 34.78142881326397, -89.2334222729819 34.91983476419682, -89.40144290788946 34.916628844624526, -89.39742368395115 34.77823926794965, -89.22968367023672 34.78142881326397))",MS3485208931720200309,UNNAMED,2020.0,3399014.822895465,0.01441130246697933,1.0,27.0,matched,0.5072056512334897,MS3485208931720200309
subsetted_512x512_HLS.S30.T16SCF.2019111.v1.4,16SCF,2019-04-21,"POLYGON ((-88.0106047376 36.76238840350872, -88.01242760600607 36.90083234135508, -88.18480106600241 36.899238338867264, -88.18266800409975 36.76080235861864, -88.0106047376 36.76238840350872))",KY3683208807020190306,UNNAMED,2019.0,9235335.690644646,0.039122403434509345,1.0,46.0,matched,0.5195612017172546,KY3683208807020190306
subsetted_512x512_HLS.S30.T16SCG.2019111.v1.4,16SCG,2019-04-21,"POLYGON ((-88.18316134886362 37.48685211380726, -88.18535216472701 37.62527106569352, -88.35937330712876 37.62339430326031, -88.35686108368091 37.4849846522148, -88.18316134886362 37.48685211380726))",IL3754908827920190328,HARRIS BRANCH RX,2019.0,2892551.710364451,0.012254238701095276,1.0,24.0,matched,0.5061271193505477,IL3754908827920190328
subsetted_512x512_HLS.S30.T16SDB.2018133.v1.4,16SDB,2018-05-13,"POLYGON ((-87.4057362964889 32.911780661253715, -87.40637049123389 33.05033060193951, -87.57088342684193 33.04968620390374, -87.56999251698437 32.91113964763345, -87.4057362964889 32.911780661253715))",AL3299008748020180411,UNNAMED,2018.0,8585673.325121064,0.03636360891909087,1.0,32.0,matched,0.5181818044595454,AL3299008748020180411
subsetted_512x512_HLS.S30.T16SDC.2018098.v1.4,16SDC,2018-04-08,"POLYGON ((-87.16915645033193 34.170284744347185, -87.1694337516693 34.308809340749455, -87.33636593472899 34.30846470634689, -87.33581543562701 34.16994188628353, -87.16915645033193 34.170284744347185))",AL3424108725320180315,BK BRUSHY WEST,2018.0,3946721.7732695863,0.016715240280967755,1.0,24.0,matched,0.5083576201404839,AL3424108725320180315
subsetted_512x512_HLS.S30.T16SDC.2021127.v1.4,16SDC,2021-05-07,"POLYGON ((-87.11386320373188 34.20254504122228, -87.11405008785118 34.341069239074294, -87.28104687525665 34.340799812418716, -87.2805863539477 34.20227700264066, -87.11386320373188 34.20254504122228))",AL3428308719620210406,BK HICKORY GROVE A,2021.0,4870147.067271653,0.02062604327246266,1.0,31.0,ambiguous,0.5103130216362314,
subsetted_512x512_HLS.S30.T16SEB.2018090.v1.4,16SEB,2018-03-31,"POLYGON ((-86.0787338308305 33.1360745564452, -86.07728150808474 33.274604998627815, -86.24220366363048 33.275719742152994, -86.24339647234511 33.137183466347444, -86.0787338308305 33.1360745564452))",AL3320708617220180223,UNNAMED,2018.0,4834284.267210052,0.020477083427070414,1.0,36.0,ambiguous,0.5102385417135352,
subsetted_512x512_HLS.S30.T16SEB.2018095.v1.4,16SEB,2018-04-05,"POLYGON ((-86.0752547085084 33.09978946283424, -86.07379891429946 33.23832057750246, -86.2386527655333 33.239438912396125, -86.239849511453 33.10090194201073, -86.0752547085084 33.09978946283424))",AL3317208615220180314,UNNAMED,2018.0,4852422.622696581,0.02055394262212746,1.0,22.0,matched,0.5102769713110638,AL3317208615220180314
subsetted_512x512_HLS.S30.T16SEB.2018155.v1.4,16SEB,2018-06-04,"POLYGON ((-85.87923006189254 33.29543515807407, -85.87745253246534 33.43395340543579, -86.04266624812475 33.435338847162065, -86.04418227078237 33.29681336779376, -85.87923006189254 33.29543515807407))",AL3339508597420180411,UNNAMED,2018.0,5147580.876879579,0.02180587937290759,1.0,54.0,matched,0.5109029396864538,AL3339508597420180411
subsetted_512x512_HLS.S30.T16SEB.2019100.v1.4,16SEB,2019-04-10,"POLYGON ((-85.99340697796738 33.1727554147411, -85.99181793907995 33.31128155100199, -86.15680541828465 33.3125108159852, -86.15813449559734 33.173978250604655, -85.99340697796738 33.1727554147411))",AL3324208607420190327,PETE WHITE,2019.0,5166092.6169379745,0.0218832616059475,1.0,14.0,matched,0.5109416308029737,AL3324208607420190327
subsetted_512x512_HLS.S30.T16SEB.2021069.v1.4,16SEB,2021-03-10,"POLYGON ((-85.91885621385981 33.295786226231904, -85.91714150063812 33.434306315764346, -86.08235787949882 33.43563889767434, -86.08381106885939 33.29711185201252, -85.91885621385981 33.295786226231904))",AL3337908600020210224,TL MUMP CREEK,2021.0,10244922.034372322,0.04339818710324841,1.0,14.0,matched,0.5216990935516242,AL3337908600020210224
subsetted_512x512_HLS.S30.T16SEC.2020105.v1.4,16SEC,2020-04-14,"POLYGON ((-85.83377285004359 33.34588496590966, -85.83191969024827 33.4843998813735, -85.99722673595068 33.48584783134412, -85.99881775174013 33.34732536351452, -85.83377285004359 33.34588496590966))",AL3339608591620200301,TL MANN CAMP C AND D,2020.0,5301941.073670874,0.022460227144547786,1.0,44.0,ambiguous,0.5112301135722739,
subsetted_512x512_HLS.S30.T16SEH.2021102.v1.4,16SEH,2021-04-12,"POLYGON ((-86.45284992119889 37.99769057065288, -86.45181791542011 38.13612079659085, -86.62708589226844 38.13680795421342, -86.62778796208583 37.99837433816513, -86.45284992119889 37.99769057065288))",IN3806808653820210322,UNNAMED,2021.0,3892697.336688689,0.01648687507838452,1.0,21.0,matched,0.5082434375391922,IN3806808653820210322
subsetted_512x512_HLS.S30.T16SFB.2019100.v1.4,16SFB,2019-04-10,"POLYGON ((-85.50317782166606 32.44023328193747, -85.50088034265896 32.57874963805189, -85.66448459249679 32.58059511699649, -85.66653153181979 32.44206899677349, -85.50317782166606 32.44023328193747))",AL3249008559320190201,UNNAMED,2019.0,3013296.382842382,0.0127673798223722,1.0,68.0,matched,0.5063836899111861,AL3249008559320190201
subsetted_512x512_HLS.S30.T16SFC.2018155.v1.4,16SFC,2018-06-04,"POLYGON ((-85.49659469720041 33.699118473266935, -85.49417371389542 33.83760638670658, -85.66013661993486 33.839521921691095, -85.6622909835065 33.70102407103493, -85.49659469720041 33.699118473266935))",AL3376908557920180430,UNNAMED,2018.0,3542085.887117182,0.015007731257837617,1.0,35.0,ambiguous,0.5075038656289188,
subsetted_512x512_HLS.S30.T16SFC.2019100.v1.4,16SFC,2019-04-10,"POLYGON ((-85.47795097573362 33.63666476664796, -85.47550575094486 33.77515288709613, -85.64134678538561 33.77709049465552, -85.64352621925394 33.63859231329434, -85.47795097573362 33.63666476664796))",AL3370708555920190327,BIG OAK D,2019.0,3053228.842925296,0.012936610799901781,1.0,14.0,matched,0.5064683053999509,AL3370708555920190327
subsetted_512x512_HLS.S30.T16SFD.2019100.v1.4,16SFD,2019-04-10,"POLYGON ((-85.00619648652979 34.54614793508602, -85.00288239810543 34.68458035293695, -85.17047604951675 34.68721215730474, -85.17351242159272 34.548766252190376, -85.00619648652979 34.54614793508602))",GA3461308509420190327,UNNAMED,2019.0,5653132.038886135,0.02396008741416034,1.0,14.0,matched,0.5119800437070802,GA3461308509420190327
subsetted_512x512_HLS.S30.T16SFF.2021094.v1.4,16SFF,2021-04-04,"POLYGON ((-84.91251064108407 36.33248859488948, -84.90880449588396 36.47087186387536, -85.08015234210215 36.473752503663626, -85.08355528792985 36.33535479359045, -84.91251064108407 36.33248859488948))",TN3638708498220210309,GOULDSTOWN ROAD,2021.0,3087833.752550816,0.013087894541702276,1.0,26.0,matched,0.5065439472708512,TN3638708498220210309
subsetted_512x512_HLS.S30.T16SGD.2018155.v1.4,16SGD,2018-06-04,"POLYGON ((-84.6240139058602 34.80029586273858, -84.6200273320424 34.93868710513687, -84.78809546340007 34.94186504467936, -84.79180109415542 34.80345757540255, -84.6240139058602 34.80029586273858))",GA3487108470620180413,BUDDY COVE,2018.0,3364038.5356249306,0.014262709024287333,1.0,52.0,matched,0.5071313545121436,GA3487108470620180413
subsetted_512x512_HLS.S30.T16SGE.2019100.v1.4,16SGE,2019-04-10,"POLYGON ((-83.99869347988482 35.26209663341611, -83.9935716178166 35.40040608173269, -84.16250913910496 35.40449611140424, -84.16734416045632 35.2661659129554, -83.99869347988482 35.26209663341611))",TN3533408408020190320,MCINTYRE-A,2019.0,4115209.476252928,0.017458866845167665,1.0,21.0,matched,0.5087294334225838,TN3533408408020190320
subsetted_512x512_HLS.S30.T16SGG.2021094.v1.4,16SGG,2021-04-04,"POLYGON ((-84.16993936586103 36.93820736307971, -84.16480379717817 37.076499190509075, -84.3374128937141 37.080502740619835, -84.34223673228719 36.9421909829034, -84.16993936586103 36.93820736307971))",KY3700108426920210323,UNNAMED,2021.0,5037880.789306915,0.02136767054554611,1.0,12.0,matched,0.5106838352727731,KY3700108426920210323
subsetted_512x512_HLS.S30.T16TDS.2019159.v1.4,16TDS,2019-06-08,"POLYGON ((-86.87400825029144 45.97628216870493, -86.8736935827117 46.114526021710425, -87.0724709550526 46.11457283064405, -87.07229040754052 45.97632875365947, -86.87400825029144 45.97628216870493))",,,,,,,,unmatched,0.0,
subsetted_512x512_HLS.S30.T16TFS.2019153.v1.4,16TFS,2019-06-02,"POLYGON ((-84.75273169138005 46.276646165266335, -84.74706135866536 46.414776310810986, -84.94679239247581 46.41853828014715, -84.95196092960022 46.28039013931628, -84.75273169138005 46.276646165266335))",MI4634108485520190506,RIFLE RANGE,2019.0,2960422.327629692,0.01254631478782255,1.0,27.0,matched,0.5062731573939113,MI4634108485520190506
subsetted_512x512_HLS.S30.T16TGQ.2018133.v1.4,16TGQ,2018-05-13,"POLYGON ((-83.65620171889732 44.35191600590917, -83.64831520422725 44.4899632917126, -83.84119190352219 44.495466301109104, -83.84862646988364 44.35739273076895, -83.65620171889732 44.35191600590917))",MI4440008375020180430,BRITTLE 04/30/2018,2018.0,14099162.420676194,0.05981073069681982,1.0,13.0,matched,0.5299053653484099,MI4440008375020180430
subsetted_512x512_HLS.S30.T17RMH.2021103.v1.4,17RMH,2021-04-13,"POLYGON ((-80.9882918802767 25.152553462634437, -80.98827859438795 25.29126688607918, -81.14085536798684 25.291200104996186, -81.1406957129645 25.15248709797379, -80.9882918802767 25.152553462634437))",FL2521008104520210308,CP3,2021.0,32967338.118964482,0.1396222699468988,1.0,36.0,matched,0.5698111349734494,FL2521008104520210308
subsetted_512x512_HLS.S30.T17RMJ.2021313.v1.4,17RMJ,2021-11-09,"POLYGON ((-81.08649627338949 25.536964074189363, -81.08659613864936 25.67567008798725, -81.23965832447793 25.67549898452146, -81.2393819461204 25.536794025946257, -81.08649627338949 25.536964074189363))",FL2561508116720211019,COASTAL PRAIRIE 1 EXOTICS,2021.0,18412058.10981334,0.07797862437114582,1.0,21.0,matched,0.5389893121855729,FL2561508116720211019
subsetted_512x512_HLS.S30.T17RNL.2019111.v1.4,17RNL,2019-04-21,"POLYGON ((-80.50088873970016 27.76562785007193, -80.50025388736063 27.904285174687477, -80.65633282443565 27.90476279700585, -80.65676941358842 27.766102693924697, -80.50088873970016 27.76562785007193))",FL2783908058120190308,UNNAMED,2019.0,4109566.0582809187,0.017405431139662097,1.0,44.0,matched,0.508702715569831,FL2783908058120190308
subsetted_512x512_HLS.S30.T17RNM.2019349.v1.4,17RNM,2019-12-15,"POLYGON ((-80.67725835987697 28.550960125892317, -80.67683412020327 28.689604599934935, -80.83406575357422 28.68988868637272, -80.83428358903326 28.551242589829176, -80.67725835987697 28.550960125892317))",FL2861908074420191120,PEACOCK,2019.0,6603687.567363171,0.02796810125692667,1.0,25.0,matched,0.5139840506284633,FL2861908074420191120
subsetted_512x512_HLS.S30.T17SKT.2018107.v1.4,17SKT,2018-04-17,"POLYGON ((-83.33016505531857 33.339776095534894, -83.33386611391282 33.47820487163614, -83.4990392316719 33.47498282078374, -83.49507688173591 33.33657084083535, -83.33016505531857 33.339776095534894))",GA3341608341420180317,UNNAMED,2018.0,5031377.595830665,0.021335225074744134,1.0,31.0,matched,0.510667612537372,GA3341608341420180317
subsetted_512x512_HLS.S30.T17SKU.2018107.v1.4,17SKU,2018-04-17,"POLYGON ((-83.32782901913032 34.434753050867336, -83.33168198096642 34.57315740568691, -83.49899017426314 34.569844962106096, -83.49486142221386 34.43145760344422, -83.32782901913032 34.434753050867336))",GA3450408341420180303,UNNAMED,2018.0,5488557.8759220755,0.0232731004808177,1.0,45.0,matched,0.5116365502404089,GA3450408341420180303
subsetted_512x512_HLS.S30.T17SKU.2021166.v1.4,17SKU,2021-06-15,"POLYGON ((-83.21742489584561 34.87442059335101, -83.22115582829998 35.01282557886816, -83.38936786391463 35.00962912566053, -83.38535501211939 34.87124044626335, -83.21742489584561 34.87442059335101))",GA3494208331120210416,UNNAMED,2021.0,2758906.86866783,0.011697178174814629,1.0,60.0,matched,0.5058485890874073,GA3494208331120210416
subsetted_512x512_HLS.S30.T17SLT.2019112.v1.4,17SLT,2019-04-22,"POLYGON ((-82.09628399365131 33.69690919145206, -82.09804932372914 33.83541959247784, -82.26402058543337 33.83382971088454, -82.26198858534353 33.69532755895362, -82.09628399365131 33.69690919145206))",SC3373008218020190325,UNNAMED,2019.0,15260324.410135277,0.06464902769304975,1.0,28.0,matched,0.5323245138465249,SC3373008218020190325
subsetted_512x512_HLS.S30.T17SLT.2021096.v1.4,17SLT,2021-04-06,"POLYGON ((-82.02988638999213 33.557597462029634, -82.03153610540372 33.69611398420982, -82.19724301451136 33.69461921770015, -82.19532843056867 33.55611046732264, -82.02988638999213 33.557597462029634))",SC3360708211720210325,C-326/327    LC,2021.0,11544827.369072476,0.04890711209332408,1.0,12.0,matched,0.524453556046662,SC3360708211720210325
subsetted_512x512_HLS.S30.T17SMA.2019112.v1.4,17SMA,2019-04-22,"POLYGON ((-81.23196307793415 36.699925146770994, -81.23238055035358 36.83839103918114, -81.40464414211901 36.83792953743307, -81.40391721374917 36.69946595082889, -81.23196307793415 36.699925146770994))",VA3676808131820190320,UNNAMED,2019.0,2613248.8627292155,0.011067759027180291,1.0,33.0,matched,0.5055338795135902,VA3676808131820190320
subsetted_512x512_HLS.S30.T17SNA.2021348.v1.4,17SNA,2021-12-14,"POLYGON ((-80.39299973848385 36.271019355719936, -80.39192426427081 36.40948856465904, -80.56323295927311 36.410237989361235, -80.56400547606889 36.2717650186859, -80.39299973848385 36.271019355719936))",NC3634008046020211127,GRINDSTONE,2021.0,4472491.336352117,0.018942761485248625,1.0,17.0,matched,0.5094713807426243,NC3634008046020211127
subsetted_512x512_HLS.S30.T17SNB.2020102.v1.4,17SNB,2020-04-11,"POLYGON ((-80.03413721276391 37.4593549100293, -80.03235049253502 37.59778439905097, -80.20633370635117 37.59908268734594, -80.2077992655454 37.46064676186035, -80.03413721276391 37.4593549100293))",VA3752908011720200305,UNNAMED,2020.0,3040156.943050166,0.012877482501810303,1.0,37.0,matched,0.5064387412509052,VA3752908011720200305
subsetted_512x512_HLS.S30.T17SNU.2018074.v1.4,17SNU,2018-03-15,"POLYGON ((-80.21137942560621 34.46384299329746, -80.21007238360137 34.6023483557567, -80.37757991318146 34.60331784119759, -80.37860984069823 34.46480750239166, -80.21137942560621 34.46384299329746))",SC3453408029820180216,SCCRR-FY18-RX-COMP-12,2018.0,4196387.725647089,0.017774230997427795,1.0,27.0,matched,0.5088871154987139,SC3453408029820180216
subsetted_512x512_HLS.S30.T17SNU.2018129.v1.4,17SNU,2018-05-09,"POLYGON ((-80.18792597550555 34.591922770304166, -80.18657361651707 34.73042442463858, -80.35433829840947 34.731429214493524, -80.35541179408511 34.59292241156585, -80.18792597550555 34.591922770304166))",SC3465108026520180322,SCCRR-FY18-RX-COMP-01,2018.0,2899148.125258474,0.012279720691952042,1.0,48.0,matched,0.506139860345976,SC3465108026520180322
subsetted_512x512_HLS.S30.T17SPS.2019009.v1.4,17SPS,2019-01-09,"POLYGON ((-79.76110493951072 33.24128107827202, -79.75914413073983 33.37979462516861, -79.92424893743778 33.3813355401762, -79.92594897822866 33.24281394334443, -79.76110493951072 33.24128107827202))",SC3333007986020160330,UNNAMED,2016.0,8599283.973416567,0.036429814348492705,0.6286826014452473,1015.0,ambiguous,0.33255620789687,
subsetted_512x512_HLS.S30.T17SQU.2018121.v1.4,17SQU,2018-05-01,"POLYGON ((-78.31115658790318 34.52956961162446, -78.3066907108051 34.66793343592407, -78.4741711531252 34.6715209187222, -78.4783600666908 34.53313871437095, -78.31115658790318 34.52956961162446))",,,,,,,,unmatched,0.0,
subsetted_512x512_HLS.S30.T18SVJ.2020131.v1.4,18SVJ,2020-05-10,"POLYGON ((-75.0071856008687 39.25207276611409, -75.00719977579324 39.390479559745685, -75.1855679596293 39.3903318072257, -75.18520261582005 39.25192573522341, -75.0071856008687 39.25207276611409))",NJ3931607511120200409,SPLIT DITCH,2020.0,6140899.317539516,0.026007761651741488,1.0,31.0,matched,0.5130038808258708,NJ3931607511120200409
