event_id,image_id,iou,dice,auprc,auroc,true_burn_fraction,pred_burn_fraction,image_id_linear,iou_linear,dice_linear,auprc_linear,auroc_linear,true_burn_fraction_linear,pred_burn_fraction_linear,image_id_mlp,iou_mlp,dice_mlp,auprc_mlp,auroc_mlp,true_burn_fraction_mlp,pred_burn_fraction_mlp,image_id_decoder,iou_decoder,dice_decoder,auprc_decoder,auroc_decoder,true_burn_fraction_decoder,pred_burn_fraction_decoder,image_id_spectral,iou_spectral,dice_spectral,auprc_spectral,auroc_spectral,true_burn_fraction_spectral,pred_burn_fraction_spectral
AR3497109415320180202,subsetted_512x512_HLS.S30.T15SUU.2018062.v1.4,0.2106656580937972,0.3480162449234614,0.3443322101702017,0.9029723662038868,0.0181007385253906,0.0063209533691406,subsetted_512x512_HLS.S30.T15SUU.2018062.v1.4,0.0188042487652871,0.0369143508933663,0.0280389725265928,0.6188978220808767,0.0181007385253906,0.958454132080078,subsetted_512x512_HLS.S30.T15SUU.2018062.v1.4,0.0310588727887189,0.0602465554749818,0.0539966989395775,0.6867234614138666,0.0181007385253906,0.2449226379394531,subsetted_512x512_HLS.S30.T15SUU.2018062.v1.4,0.0181510766323536,0.0356549770440558,0.0186970072063099,0.5082771410097031,0.0181007385253906,0.9972267150878906,subsetted_512x512_HLS.S30.T15SUU.2018062.v1.4,0.260222268819459,0.4129783693843594,0.6231028420029135,0.941594824689665,0.0181007385253906,0.0048255920410156
AZ3146411144720180705,subsetted_512x512_HLS.S30.T12RVV.2018215.v1.4,0.0001027696418477,0.0002055181626676,0.1077572198263408,0.5711365897073492,0.0742378234863281,7.62939453125e-06,subsetted_512x512_HLS.S30.T12RVV.2018215.v1.4,0.0763814605269375,0.1419226609301601,0.0857097394931052,0.5435885084467201,0.0742378234863281,0.8815689086914062,subsetted_512x512_HLS.S30.T12RVV.2018215.v1.4,0.1220750734975623,0.2175880676451504,0.1971723089586201,0.71605476563525,0.0742378234863281,0.3902130126953125,subsetted_512x512_HLS.S30.T12RVV.2018215.v1.4,0.3947846959557753,0.5660869338478788,0.5174991745405193,0.831082578533724,0.0742378234863281,0.0720596313476562,subsetted_512x512_HLS.S30.T12RVV.2018215.v1.4,0.0,0.0,0.0700565252434871,0.5271972583158456,0.0742378234863281,0.0
AZ3153510989320180607,subsetted_512x512_HLS.S30.T12RXV.2018182.v1.4,0.7638097159864804,0.8660908362887542,0.904977375193978,0.954363085377988,0.07464599609375,0.0587310791015625,subsetted_512x512_HLS.S30.T12RXV.2018182.v1.4,0.0701058680820024,0.1310260417647391,0.0737549591741408,0.4916449895693688,0.07464599609375,0.9382896423339844,subsetted_512x512_HLS.S30.T12RXV.2018182.v1.4,0.1303825203128328,0.2306874318558102,0.1496707077196732,0.6060278993688311,0.07464599609375,0.2087516784667968,subsetted_512x512_HLS.S30.T12RXV.2018182.v1.4,0.0772803386938801,0.1434730328181365,0.083566078185188,0.5314375700811292,0.07464599609375,0.965911865234375,subsetted_512x512_HLS.S30.T12RXV.2018182.v1.4,0.7750606930037519,0.873277962898493,0.9147236451898072,0.9937733302433616,0.07464599609375,0.0787582397460937
AZ3154810940620180724,subsetted_512x512_HLS.S30.T12RXV.2018217.v1.4,0.5467540202501489,0.7069695802849442,0.7693051531848825,0.9215607540886632,0.0713806126731011,0.047506962194331,subsetted_512x512_HLS.S30.T12RXV.2018217.v1.4,0.071721197589577,0.1338430139310227,0.1155390350184597,0.6308813923181193,0.0713806126731011,0.9585396558959296,subsetted_512x512_HLS.S30.T12RXV.2018217.v1.4,0.1043899473441652,0.1890454501061005,0.2198851042866189,0.6461738334962419,0.0713806126731011,0.3582878724297104,subsetted_512x512_HLS.S30.T12RXV.2018217.v1.4,0.0721132167096393,0.1345253758384919,0.0807483890800851,0.5820692547244524,0.0713806126731011,0.9898409186281616,subsetted_512x512_HLS.S30.T12RXV.2018217.v1.4,0.6930039889536668,0.818667874943362,0.893241495944693,0.9880249997991652,0.0713806126731011,0.0549116850417731
AZ3156211037620190714,subsetted_512x512_HLS.S30.T12RWV.2019225.v1.4,0.4718450117689661,0.6411612744495018,0.654398238047831,0.9045105783146024,0.0196191377192514,0.011390772939857,subsetted_512x512_HLS.S30.T12RWV.2019225.v1.4,0.0199578960672715,0.0391347449619727,0.0255658448259911,0.6047548242854073,0.0196191377192514,0.9654805410807884,subsetted_512x512_HLS.S30.T12RWV.2019225.v1.4,0.0376807708919768,0.0726249766767614,0.0460474344898207,0.6920653650287931,0.0196191377192514,0.2461642926352892,subsetted_512x512_HLS.S30.T12RWV.2019225.v1.4,0.0204583334990791,0.040096362247205,0.0227048981303666,0.5120817590729925,0.0196191377192514,0.9589802473468578,subsetted_512x512_HLS.S30.T12RWV.2019225.v1.4,0.4927395934172314,0.6601815823605707,0.7838985663691921,0.903936156616226,0.0196191377192514,0.0097924025909621
AZ3160611150220201027,subsetted_512x512_HLS.S30.T12RVV.2020320.v1.4,0.365946956817409,0.5358143008276807,0.4520092819164798,0.9503118420700708,0.0235557556152343,0.0377426147460937,subsetted_512x512_HLS.S30.T12RVV.2020320.v1.4,0.0243416773410907,0.0475264804303873,0.0537637917135924,0.6070947644327439,0.0235557556152343,0.9556732177734376,subsetted_512x512_HLS.S30.T12RVV.2020320.v1.4,0.089206199159183,0.1638003882608199,0.1290446270451967,0.7642557981187722,0.0235557556152343,0.1434707641601562,subsetted_512x512_HLS.S30.T12RVV.2020320.v1.4,0.0237461640811868,0.0463907263623284,0.0216509128276975,0.4939578731565466,0.0235557556152343,0.9919815063476562,subsetted_512x512_HLS.S30.T12RVV.2020320.v1.4,0.6528051874823795,0.7899360341151386,0.8594299753690411,0.9904482733810298,0.0235557556152343,0.0211715698242187
AZ3168311135220201006,subsetted_512x512_HLS.S30.T12SVA.2020310.v1.4,0.4403476101800124,0.6114463023616618,0.7112309757086233,0.9097118143724108,0.0303497314453125,0.0139083862304687,subsetted_512x512_HLS.S30.T12SVA.2020310.v1.4,0.0315201851725781,0.0611140443505807,0.0595478744690392,0.6410246218989561,0.0303497314453125,0.9522552490234376,subsetted_512x512_HLS.S30.T12SVA.2020310.v1.4,0.0698122489136673,0.1305130857953021,0.1463291123194559,0.7451967904157241,0.0303497314453125,0.2683067321777344,subsetted_512x512_HLS.S30.T12SVA.2020310.v1.4,0.0305934106500138,0.0593704759488381,0.0330076610118675,0.5675857662898692,0.0303497314453125,0.992034912109375,subsetted_512x512_HLS.S30.T12SVA.2020310.v1.4,0.7467749110320284,0.8550327879289489,0.92886259680085,0.9975229169103964,0.0303497314453125,0.0295677185058593
AZ3195511118320200712,subsetted_512x512_HLS.S30.T12SVA.2020230.v1.4,0.2575830991375133,0.4096478384834707,0.7424083774090933,0.917018811614068,0.0393638610839843,0.0101394653320312,subsetted_512x512_HLS.S30.T12SVA.2020230.v1.4,0.0403705688811339,0.0776080563765859,0.084142142111952,0.6756749697553821,0.0393638610839843,0.9750633239746094,subsetted_512x512_HLS.S30.T12SVA.2020230.v1.4,0.0749682913571299,0.1394800050566769,0.072367997890676,0.631316309825761,0.0393638610839843,0.0511627197265625,subsetted_512x512_HLS.S30.T12SVA.2020230.v1.4,0.0393643115727795,0.0757468986273214,0.0393695680373589,0.5000178695522685,0.0393638610839843,0.9999885559082032,subsetted_512x512_HLS.S30.T12SVA.2020230.v1.4,0.0,0.0,0.0802560071491662,0.5279274726034016,0.0393638610839843,0.0001716613769531
AZ3198010937020180512,subsetted_512x512_HLS.S30.T12SXA.2018157.v1.4,0.6558819144177724,0.7921844048262201,0.8332071168016504,0.9441802511793842,0.0252914428710937,0.0170745849609375,subsetted_512x512_HLS.S30.T12SXA.2018157.v1.4,0.0261840068244289,0.0510317967348886,0.0301290247285027,0.570387606368713,0.0252914428710937,0.965911865234375,subsetted_512x512_HLS.S30.T12SXA.2018157.v1.4,0.1139397406559877,0.2045707438158007,0.1544760993316865,0.7523760372594603,0.0252914428710937,0.1084098815917968,subsetted_512x512_HLS.S30.T12SXA.2018157.v1.4,0.025504512336798,0.0497404195300543,0.0265242179882405,0.5676097212549688,0.0252914428710937,0.9916458129882812,subsetted_512x512_HLS.S30.T12SXA.2018157.v1.4,0.7348777348777349,0.8471810089020771,0.94844409901577,0.9982412515884496,0.0252914428710937,0.0209884643554687
AZ3209510937320200606,subsetted_512x512_HLS.S30.T12SXA.2020187.v1.4,0.626756468650063,0.7705596759300628,0.8416013911441653,0.9234357545377108,0.0785980224609375,0.0494728088378906,subsetted_512x512_HLS.S30.T12SXA.2020187.v1.4,0.0805802219380584,0.1491425075197749,0.1010610616355029,0.5739077543858989,0.0785980224609375,0.9626121520996094,subsetted_512x512_HLS.S30.T12SXA.2020187.v1.4,0.0897840591147141,0.1647740364043316,0.15929961534863,0.6051720610832642,0.0785980224609375,0.1531906127929687,subsetted_512x512_HLS.S30.T12SXA.2020187.v1.4,0.0816400925603068,0.1509561140010257,0.0872910373217724,0.5282261442814034,0.0785980224609375,0.962738037109375,subsetted_512x512_HLS.S30.T12SXA.2020187.v1.4,0.6869971936389149,0.814461572585117,0.9166046499699588,0.9549293151093016,0.0785980224609375,0.058990478515625
AZ3213311040720190822,subsetted_512x512_HLS.S30.T12SWA.2019260.v1.4,0.3430383395791294,0.5108392358875296,0.524832462875441,0.8673322486570101,0.0238838195800781,0.0116615295410156,subsetted_512x512_HLS.S30.T12SWA.2019260.v1.4,0.0303928642385837,0.0589927692502854,0.0332347579995154,0.6385273777087854,0.0238838195800781,0.7278976440429688,subsetted_512x512_HLS.S30.T12SWA.2019260.v1.4,0.0755063631475174,0.140410816215991,0.2626823677668044,0.8607889519174194,0.0238838195800781,0.2507858276367187,subsetted_512x512_HLS.S30.T12SWA.2019260.v1.4,0.2496464966600029,0.3995473877248429,0.3990162612570782,0.9197101206206008,0.0238838195800781,0.073883056640625,subsetted_512x512_HLS.S30.T12SWA.2019260.v1.4,0.5157861831822445,0.6805526912765518,0.8956440201343279,0.9961046264791262,0.0238838195800781,0.0131111145019531
AZ3228010995520180726,subsetted_512x512_HLS.S30.T12SWA.2018225.v1.4,0.2447513191871561,0.3932533597907459,0.4886296042429212,0.8088284635453711,0.033355712890625,0.0089378356933593,subsetted_512x512_HLS.S30.T12SWA.2018225.v1.4,0.0325562848904975,0.0630595839992395,0.037552045305903,0.5133693050812699,0.033355712890625,0.6087226867675781,subsetted_512x512_HLS.S30.T12SWA.2018225.v1.4,0.0706753973377601,0.1320202136212243,0.0961326309341458,0.5801997098382402,0.033355712890625,0.0995025634765625,subsetted_512x512_HLS.S30.T12SWA.2018225.v1.4,0.0342011389949308,0.0661402075580164,0.0367464436553129,0.5234175217048145,0.033355712890625,0.97528076171875,subsetted_512x512_HLS.S30.T12SWA.2018225.v1.4,0.0266468435498627,0.0519104377854517,0.2323082864934036,0.4039684761173024,0.033355712890625,0.0008888244628906
AZ3237811092720200606,subsetted_512x512_HLS.S30.T12SWA.2020230.v1.4,0.2971980667313578,0.4582154018780322,0.9649555913615636,0.8595974314777894,0.8176307678222656,0.243072509765625,subsetted_512x512_HLS.S30.T12SWA.2020230.v1.4,0.7984598932121078,0.8879373915712209,0.8375576577370254,0.5293841266783396,0.8176307678222656,0.9722328186035156,subsetted_512x512_HLS.S30.T12SWA.2020230.v1.4,0.3547771812666405,0.5237424813059572,0.8461246278275311,0.536469295318693,0.8176307678222656,0.366424560546875,subsetted_512x512_HLS.S30.T12SWA.2020230.v1.4,0.4690248508903943,0.6385526434166345,0.8433623629277537,0.5405655401269984,0.8176307678222656,0.4968109130859375,subsetted_512x512_HLS.S30.T12SWA.2020230.v1.4,0.502048082165608,0.6684847018236195,0.9772571321915974,0.9001872765372789,0.8176307678222656,0.4119453430175781
AZ3238810909020200813,subsetted_512x512_HLS.S30.T12SXA.2020247.v1.4,0.503155159613957,0.6694653660945796,0.6902299004500798,0.8895288030426317,0.0391921997070312,0.0225982666015625,subsetted_512x512_HLS.S30.T12SXA.2020247.v1.4,0.0395335742105016,0.0760602162186561,0.0757308644630721,0.6488017033794149,0.0391921997070312,0.97491455078125,subsetted_512x512_HLS.S30.T12SXA.2020247.v1.4,0.1247030116226802,0.2217527833285755,0.1116387810050757,0.7170294955655001,0.0391921997070312,0.0944366455078125,subsetted_512x512_HLS.S30.T12SXA.2020247.v1.4,0.0391926482312953,0.0754290329093478,0.0391975826758435,0.50001389605749,0.0391921997070312,0.9999885559082032,subsetted_512x512_HLS.S30.T12SXA.2020247.v1.4,0.0,0.0,0.1874949267915335,0.902796158706015,0.0391921997070312,0.0001792907714843
AZ3282711447820190216,subsetted_512x512_HLS.S30.T11SQS.2019078.v1.4,0.0233339409880465,0.0456037663824914,0.0242332872056987,0.5711650129701151,0.0201492309570312,0.2796478271484375,subsetted_512x512_HLS.S30.T11SQS.2019078.v1.4,0.0217129484568384,0.0425030307967281,0.0246098317113304,0.5702639262336181,0.0201492309570312,0.7759437561035156,subsetted_512x512_HLS.S30.T11SQS.2019078.v1.4,0.0346788845880401,0.067033134829745,0.0291017866901174,0.6012353765786705,0.0201492309570312,0.0797805786132812,subsetted_512x512_HLS.S30.T11SQS.2019078.v1.4,0.0184122637791192,0.0361587628781984,0.0292767873353528,0.5917805094475654,0.0201492309570312,0.9162559509277344,subsetted_512x512_HLS.S30.T11SQS.2019078.v1.4,0.1238492101947863,0.2204018280589807,0.3203229594631781,0.8717912575830642,0.0201492309570312,0.068328857421875
AZ3304411105620200630,subsetted_512x512_HLS.S30.T12SVB.2020185.v1.4,0.0755441741357234,0.1404761904761904,0.4771912823518071,0.8522870005752787,0.0178756713867187,0.0013504028320312,subsetted_512x512_HLS.S30.T12SVB.2020185.v1.4,0.0185242285524536,0.0363746448698244,0.0256832560009688,0.5982299162771838,0.0178756713867187,0.9649887084960938,subsetted_512x512_HLS.S30.T12SVB.2020185.v1.4,0.0523639184588199,0.0995167499385699,0.0474023143772666,0.6345396305572635,0.0178756713867187,0.0752716064453125,subsetted_512x512_HLS.S30.T12SVB.2020185.v1.4,0.0179864813514042,0.0353373677959391,0.0234316012259297,0.6539053353860232,0.0178756713867187,0.9938392639160156,subsetted_512x512_HLS.S30.T12SVB.2020185.v1.4,0.0,0.0,0.6301354931793314,0.9923692520809688,0.0178756713867187,0.0
AZ3321510968220180730,subsetted_512x512_HLS.S30.T12SXB.2018217.v1.4,0.7270651722706517,0.841966109842567,0.853812503514918,0.9532728465641798,0.0250770880074269,0.0209049413689061,subsetted_512x512_HLS.S30.T12SXB.2018217.v1.4,0.0317093946638089,0.0614696247369963,0.0350829045525081,0.6114932339419816,0.0250770880074269,0.1824084614449442,subsetted_512x512_HLS.S30.T12SXB.2018217.v1.4,0.020235294117647,0.0396678966789667,0.0294362102130088,0.5938942920963455,0.0250770880074269,0.1067074855494523,subsetted_512x512_HLS.S30.T12SXB.2018217.v1.4,0.025077365163572,0.048927751242601,0.0250824936575228,0.5000510134675554,0.0250770880074269,0.9999889479559244,subsetted_512x512_HLS.S30.T12SXB.2018217.v1.4,0.7834637768412603,0.8785866996736806,0.9361579123876218,0.9975745995209224,0.0250770880074269,0.0240326698422873
AZ3324911096720201021,subsetted_512x512_HLS.S30.T12SVB.2020310.v1.4,0.5195106245975532,0.6837867615899652,0.7120550038217612,0.9275528676990826,0.049911655720626,0.0401422667272165,subsetted_512x512_HLS.S30.T12SVB.2020310.v1.4,0.0425286027967179,0.0815874071610686,0.0472796304260098,0.4891753272798504,0.049911655720626,0.2599191735707498,subsetted_512x512_HLS.S30.T12SVB.2020310.v1.4,0.0767714611500244,0.1425956461885239,0.077296693885694,0.6408004632808574,0.049911655720626,0.2023484695259938,subsetted_512x512_HLS.S30.T12SVB.2020310.v1.4,0.2167624629024381,0.3562938034517892,0.2028089105951228,0.7755614225208581,0.049911655720626,0.0736901958838816,subsetted_512x512_HLS.S30.T12SVB.2020310.v1.4,0.649361591807635,0.7874096196164728,0.8840056766206662,0.9918781178266118,0.049911655720626,0.0472021767419851
AZ3336011011920200828,subsetted_512x512_HLS.S30.T12SWB.2020250.v1.4,0.2377753251115696,0.3841978754749166,0.2382817177247637,0.9116724339128548,0.0307579040527343,0.0676383972167968,subsetted_512x512_HLS.S30.T12SWB.2020250.v1.4,0.0310953799369368,0.0603152347338393,0.0351121151516661,0.5301434711531334,0.0307579040527343,0.2848396301269531,subsetted_512x512_HLS.S30.T12SWB.2020250.v1.4,0.1185447686547969,0.2119624926543856,0.2258470071890172,0.7384914253182617,0.0307579040527343,0.1185455322265625,subsetted_512x512_HLS.S30.T12SWB.2020250.v1.4,0.2129349075331731,0.3511068998191058,0.3674729453948023,0.8355587292333023,0.0307579040527343,0.0578117370605468,subsetted_512x512_HLS.S30.T12SWB.2020250.v1.4,0.2589213844915481,0.4113384484228474,0.2438760455857229,0.9536020163370564,0.0307579040527343,0.0766334533691406
AZ3340211129720200531,subsetted_512x512_HLS.S30.T12SVB.2020155.v1.4,0.52613932057308,0.6895036560299221,0.9118174343292326,0.9136961646115154,0.3707313537597656,0.1953125,subsetted_512x512_HLS.S30.T12SVB.2020155.v1.4,0.3667030555051941,0.5366243296641264,0.3762512295000039,0.494244452459873,0.3707313537597656,0.980815887451172,subsetted_512x512_HLS.S30.T12SVB.2020155.v1.4,0.3396600549753917,0.5070839482209253,0.4455588203700342,0.5931630075674172,0.3707313537597656,0.4900588989257812,subsetted_512x512_HLS.S30.T12SVB.2020155.v1.4,0.3751283837227148,0.5455903436552973,0.403757185388517,0.5331048473672204,0.3707313537597656,0.962310791015625,subsetted_512x512_HLS.S30.T12SVB.2020155.v1.4,0.5613239558270097,0.7190358589350982,0.9707647015863636,0.9648639556512636,0.3707313537597656,0.2085113525390625
AZ3340811121020190608,subsetted_512x512_HLS.S30.T12SVC.2019190.v1.4,0.6446796454285726,0.783957711424806,0.9967103523520964,0.9268446569374028,0.9625511169433594,0.6207504272460938,subsetted_512x512_HLS.S30.T12SVC.2019190.v1.4,0.6524306744265662,0.7896617807013,0.9756829887834712,0.6403110328839139,0.9625511169433594,0.6577568054199219,subsetted_512x512_HLS.S30.T12SVC.2019190.v1.4,0.2932994062765055,0.4535676810073452,0.976526695447215,0.6043747182805415,0.9625511169433594,0.2880287170410156,subsetted_512x512_HLS.S30.T12SVC.2019190.v1.4,0.0715932407488096,0.133620179796546,0.9672843261861152,0.4831245811354723,0.9625511169433594,0.0694313049316406,subsetted_512x512_HLS.S30.T12SVC.2019190.v1.4,0.8010335405694373,0.8895265107791079,0.99840606881633,0.96107188693266,0.9625511169433594,0.772430419921875
AZ3343511035820200606,subsetted_512x512_HLS.S30.T12SWC.2020190.v1.4,0.7914228488394925,0.8835690014249699,0.9764817469799864,0.968647227431288,0.4855079650878906,0.3845291137695312,subsetted_512x512_HLS.S30.T12SWC.2020190.v1.4,0.4101698194514067,0.5817310990402185,0.4706811456660678,0.4923360646068566,0.4855079650878906,0.7378578186035156,subsetted_512x512_HLS.S30.T12SWC.2020190.v1.4,0.3389880221957512,0.5063346595735169,0.5792119620200946,0.579971523728398,0.4855079650878906,0.3678016662597656,subsetted_512x512_HLS.S30.T12SWC.2020190.v1.4,0.1468240349751563,0.256053292392563,0.6277951575045049,0.659135920252569,0.4855079650878906,0.1008796691894531,subsetted_512x512_HLS.S30.T12SWC.2020190.v1.4,0.8830009525858096,0.9378656461891202,0.985731553979928,0.9900052965637374,0.4855079650878906,0.4495277404785156
AZ3344911322120200711,subsetted_512x512_HLS.S30.T12STC.2020218.v1.4,0.4125630959057768,0.5841340427221472,0.6021883112391452,0.8840814664968757,0.0299148559570312,0.0181236267089843,subsetted_512x512_HLS.S30.T12STC.2020218.v1.4,0.0306237951221237,0.0594276888755416,0.0416747200943365,0.5761701545693068,0.0299148559570312,0.8592529296875,subsetted_512x512_HLS.S30.T12STC.2020218.v1.4,0.0734714689658369,0.136885741428448,0.1100768705148053,0.755755455906648,0.0299148559570312,0.235107421875,subsetted_512x512_HLS.S30.T12STC.2020218.v1.4,0.030590272901746,0.0593645674834783,0.0327123465956967,0.5167419052937059,0.0299148559570312,0.9779205322265624,subsetted_512x512_HLS.S30.T12STC.2020218.v1.4,0.3488754106646449,0.5172833723653396,0.7924165037986121,0.9112411984877916,0.0299148559570312,0.0108070373535156
AZ3354411042020200801,subsetted_512x512_HLS.S30.T12SWC.2020250.v1.4,0.4197003965795018,0.5912520664087861,0.65497163240544,0.7872406853102228,0.3646965026855469,0.3344955444335937,subsetted_512x512_HLS.S30.T12SWC.2020250.v1.4,0.3618819398863596,0.5314439222485855,0.389734423334995,0.5315682779687594,0.3646965026855469,0.9729499816894532,subsetted_512x512_HLS.S30.T12SWC.2020250.v1.4,0.2894911426353306,0.4490005911071217,0.4813815530223261,0.6218157992711183,0.3646965026855469,0.3322792053222656,subsetted_512x512_HLS.S30.T12SWC.2020250.v1.4,0.364702067597467,0.5344786620562806,0.3652761645677955,0.5008166157282591,0.3646965026855469,0.9999847412109376,subsetted_512x512_HLS.S30.T12SWC.2020250.v1.4,0.312643473442571,0.4763570303254159,0.6735491084001085,0.7439518219996563,0.3646965026855469,0.1413650512695312
AZ3372911159520190804,subsetted_512x512_HLS.S30.T12SVC.2019245.v1.4,0.2595526945613601,0.4121347136679334,0.6491449810033225,0.8941867296778243,0.0461883544921875,0.0120315551757812,subsetted_512x512_HLS.S30.T12SVC.2019245.v1.4,0.0636717681327346,0.1197207071585811,0.0716115825949781,0.6377162889402863,0.0461883544921875,0.4580802917480469,subsetted_512x512_HLS.S30.T12SVC.2019245.v1.4,0.1296093920754363,0.2294764774172148,0.1848176881833912,0.6950551687454926,0.0461883544921875,0.0918197631835937,subsetted_512x512_HLS.S30.T12SVC.2019245.v1.4,0.3886488725809315,0.5597511080804637,0.537074246506142,0.8805577987850028,0.0461883544921875,0.0433197021484375,subsetted_512x512_HLS.S30.T12SVC.2019245.v1.4,0.4290713762513225,0.600489777322171,0.8664994144215223,0.9773718889402292,0.0461883544921875,0.0207939147949218
AZ3376811242920190530,subsetted_512x512_HLS.S30.T12SUC.2019158.v1.4,0.3864643877450497,0.5574818814835868,0.5679904411943558,0.9586186256290083,0.0308265686035156,0.0228614807128906,subsetted_512x512_HLS.S30.T12SUC.2019158.v1.4,0.0344140504638981,0.0665382502267145,0.0400466952997568,0.574175442911918,0.0308265686035156,0.5454635620117188,subsetted_512x512_HLS.S30.T12SUC.2019158.v1.4,0.0777809469480889,0.1443353534284277,0.1156496716980468,0.6751909345386103,0.0308265686035156,0.1133193969726562,subsetted_512x512_HLS.S30.T12SUC.2019158.v1.4,0.2431681333950903,0.3912071535022354,0.2162262998512135,0.7777251946922287,0.0308265686035156,0.0306053161621093,subsetted_512x512_HLS.S30.T12SUC.2019158.v1.4,0.0,0.0,0.6144580967336901,0.9693228221458896,0.0308265686035156,0.0
AZ3384711201720200517,subsetted_512x512_HLS.S30.T12SVC.2020155.v1.4,0.5199784502110083,0.6841918714555766,0.7759649577199107,0.9045391769918112,0.0489413275967498,0.0255286763185563,subsetted_512x512_HLS.S30.T12SVC.2020155.v1.4,0.0550633170771689,0.1043791707775611,0.0521631455012221,0.556734049619318,0.0489413275967498,0.5173395274357384,subsetted_512x512_HLS.S30.T12SVC.2020155.v1.4,0.0528401345087703,0.1003763682193294,0.0536888277330817,0.5144388554447928,0.0489413275967498,0.2058703197793351,subsetted_512x512_HLS.S30.T12SVC.2020155.v1.4,0.0494703889150754,0.0942768646692682,0.0514711863165164,0.5151683281072675,0.0489413275967498,0.9893054950662744,subsetted_512x512_HLS.S30.T12SVC.2020155.v1.4,0.5809483488569009,0.7349365325906486,0.8708315149324749,0.9594724643532272,0.0489413275967498,0.0331965175770853
AZ3388511181620200925,subsetted_512x512_HLS.S30.T12SVC.2020285.v1.4,0.7061750664779884,0.827787347679071,0.8678853773217683,0.9463985349510468,0.2292518615722656,0.1892929077148437,subsetted_512x512_HLS.S30.T12SVC.2020285.v1.4,0.2297165433986912,0.3736089339154543,0.3248002513770128,0.6121950771076199,0.2292518615722656,0.9485588073730468,subsetted_512x512_HLS.S30.T12SVC.2020285.v1.4,0.2529924430470517,0.4038211793709141,0.4516598183652356,0.6563060082122804,0.2292518615722656,0.2906646728515625,subsetted_512x512_HLS.S30.T12SVC.2020285.v1.4,0.2080343596354137,0.3444179513208527,0.309176141654064,0.5414469955927337,0.2292518615722656,0.5786819458007812,subsetted_512x512_HLS.S30.T12SVC.2020285.v1.4,0.7578625822828379,0.8622546380145871,0.9186638435436528,0.9764689347009686,0.2292518615722656,0.2383308410644531
AZ3394811199720180727,subsetted_512x512_HLS.S30.T12SVC.2018215.v1.4,0.3461101646791595,0.5142375026365745,0.769678497162066,0.9368120455042306,0.063944568176194,0.0240472655283345,subsetted_512x512_HLS.S30.T12SVC.2018215.v1.4,0.0745180520787633,0.1387004191034309,0.0752411790371386,0.5765311306121814,0.063944568176194,0.451231130908191,subsetted_512x512_HLS.S30.T12SVC.2018215.v1.4,0.0784054910242872,0.1454100367197062,0.1460055922342173,0.6504987254940497,0.063944568176194,0.0624164810690423,subsetted_512x512_HLS.S30.T12SVC.2018215.v1.4,0.064791946140441,0.1216987907831062,0.0671405688760013,0.5180770625310305,0.063944568176194,0.9869215540707744,subsetted_512x512_HLS.S30.T12SVC.2018215.v1.4,0.0643957516027174,0.1209996404171161,0.5352540368359734,0.8679904487494394,0.063944568176194,0.0048750309329373
AZ3395311201220190903,subsetted_512x512_HLS.S30.T12SVC.2019280.v1.4,0.1982811184344241,0.330942573297795,0.6765657786109869,0.831545325579585,0.1851960226503021,0.0384350700371183,subsetted_512x512_HLS.S30.T12SVC.2019280.v1.4,0.055802130406714,0.1057056598005121,0.1776126063144609,0.5001809307252756,0.1851960226503021,0.0983879270638597,subsetted_512x512_HLS.S30.T12SVC.2019280.v1.4,0.0136216584369146,0.0268772047707038,0.2025173868147385,0.5344114526299977,0.1851960226503021,0.0083502668725785,subsetted_512x512_HLS.S30.T12SVC.2019280.v1.4,0.1250773494040732,0.2223444449758477,0.3046358616269226,0.6237507322099455,0.1851960226503021,0.0414045354791514,subsetted_512x512_HLS.S30.T12SVC.2019280.v1.4,0.2341277964614709,0.3794222885713608,0.9025943354261752,0.9655313223798012,0.1851960226503021,0.0434799100490395
AZ3395611183620200829,subsetted_512x512_HLS.S30.T12SVC.2020250.v1.4,0.7448478900883219,0.8537682789651294,0.8628037323436824,0.9686879950809,0.0217437744140625,0.018951416015625,subsetted_512x512_HLS.S30.T12SVC.2020250.v1.4,0.0223209915219391,0.0436672859249612,0.0657589240311454,0.7356399095510611,0.0217437744140625,0.974140167236328,subsetted_512x512_HLS.S30.T12SVC.2020250.v1.4,0.0868235875991996,0.1597749415634114,0.1562434620475429,0.8022722600495248,0.0217437744140625,0.1626701354980468,subsetted_512x512_HLS.S30.T12SVC.2020250.v1.4,0.0217440232546606,0.0425625651039235,0.0217655279858867,0.5003451045842366,0.0217437744140625,0.9999885559082032,subsetted_512x512_HLS.S30.T12SVC.2020250.v1.4,0.7307813982916799,0.8444525680862731,0.9006012653323496,0.9951889229535288,0.0217437744140625,0.0199966430664062
AZ3415011213920200531,subsetted_512x512_HLS.S30.T12SUC.2020153.v1.4,0.8582297881657452,0.9237068457641098,0.9377740785395754,0.9703680050823804,0.0689702527637692,0.0605320780340426,subsetted_512x512_HLS.S30.T12SUC.2020153.v1.4,0.0725708888486967,0.1353213845410157,0.0929011709119981,0.5938531223714154,0.0689702527637692,0.9490314409747388,subsetted_512x512_HLS.S30.T12SUC.2020153.v1.4,0.1979688839250928,0.3305075558831819,0.3407016125854996,0.7491622488587878,0.0689702527637692,0.1069763715848662,subsetted_512x512_HLS.S30.T12SUC.2020153.v1.4,0.0804523630801478,0.148923480255612,0.113273616628327,0.5742914144775559,0.0689702527637692,0.5130616230897758,subsetted_512x512_HLS.S30.T12SUC.2020153.v1.4,0.8277940949142062,0.9057848443843032,0.9555550395597272,0.9852730825849924,0.0689702527637692,0.0663457210214311
AZ3417411217520200807,subsetted_512x512_HLS.S30.T12SUC.2020248.v1.4,0.2981343886286545,0.4593274644601362,0.4330447574990635,0.9304584253767544,0.0523719787597656,0.0702590942382812,subsetted_512x512_HLS.S30.T12SUC.2020248.v1.4,0.0570068765999388,0.1078647222869773,0.0812260906990499,0.6388459593968524,0.0523719787597656,0.8312721252441406,subsetted_512x512_HLS.S30.T12SUC.2020248.v1.4,0.1153981059277446,0.2069182389937107,0.2546070215079357,0.6769692973123286,0.0523719787597656,0.1659812927246093,subsetted_512x512_HLS.S30.T12SUC.2020248.v1.4,0.0529204747385584,0.1005213138279957,0.041443496330815,0.3994952903440004,0.0523719787597656,0.9896354675292968,subsetted_512x512_HLS.S30.T12SUC.2020248.v1.4,0.5637804134827247,0.721048055880325,0.885331661522026,0.987827224486704,0.0523719787597656,0.0748748779296875
AZ3423611014020190726,subsetted_512x512_HLS.S30.T12SWC.2019225.v1.4,0.268661181750187,0.423534960499941,0.3779584218583074,0.8718072784615658,0.0379792708559831,0.0267258709940757,subsetted_512x512_HLS.S30.T12SWC.2019225.v1.4,0.0396907153530755,0.076351004711236,0.0548575903441883,0.6302721275200576,0.0379792708559831,0.9360959476316362,subsetted_512x512_HLS.S30.T12SWC.2019225.v1.4,0.0580900204649743,0.1098016602395454,0.0605227094560104,0.6315789411950253,0.0379792708559831,0.2795611555525037,subsetted_512x512_HLS.S30.T12SWC.2019225.v1.4,0.0385162947602983,0.0741756194960587,0.023221984942367,0.2296542547681193,0.0379792708559831,0.9860572283066876,subsetted_512x512_HLS.S30.T12SWC.2019225.v1.4,0.0134169884169884,0.0264787122583103,0.4750898396426046,0.9771973759091824,0.0379792708559831,0.0020713885169544
AZ3424311248720190714,subsetted_512x512_HLS.S30.T12SUC.2019223.v1.4,0.7778647645557876,0.8750550436271711,0.9251885076186186,0.9609424405453756,0.1290512084960937,0.1048469543457031,subsetted_512x512_HLS.S30.T12SUC.2019223.v1.4,0.1172241842918489,0.2098489917064431,0.119759567374798,0.4742071367913584,0.1290512084960937,0.7204933166503906,subsetted_512x512_HLS.S30.T12SUC.2019223.v1.4,0.117377553637063,0.2100947047933783,0.1783784423596512,0.5499026180892896,0.1290512084960937,0.1202812194824218,subsetted_512x512_HLS.S30.T12SUC.2019223.v1.4,0.0280243244838919,0.0545207420027949,0.1479317571719061,0.6025317408480784,0.1290512084960937,0.0702171325683593,subsetted_512x512_HLS.S30.T12SUC.2019223.v1.4,0.85436528572254,0.921463847819652,0.9858782609097864,0.9978302511548296,0.1290512084960937,0.1158027648925781
AZ3427511241920201015,subsetted_512x512_HLS.S30.T12SUC.2020318.v1.4,0.7489785336513534,0.8564753874796921,0.9308488674855934,0.9664311327609328,0.1579951864853678,0.1651809666886391,subsetted_512x512_HLS.S30.T12SUC.2020318.v1.4,0.1639929761178838,0.2817765733687303,0.1955081416354339,0.5731860990212229,0.1579951864853678,0.8149862799503319,subsetted_512x512_HLS.S30.T12SUC.2020318.v1.4,0.1837890295358649,0.310509769815867,0.2863146359478635,0.640250534167024,0.1579951864853678,0.3796123127864731,subsetted_512x512_HLS.S30.T12SUC.2020318.v1.4,0.3063330194538497,0.4689968252994494,0.4798433925390635,0.7808998428634,0.1579951864853678,0.0918898410313798,subsetted_512x512_HLS.S30.T12SUC.2020318.v1.4,0.7737292124254785,0.8724321694712868,0.9668887941649296,0.992918621583628,0.1579951864853678,0.1886315208560084
AZ3440011201020190603,subsetted_512x512_HLS.S30.T12SVD.2019183.v1.4,0.5672690763052208,0.7238949391415759,0.7481569903347638,0.9094846607268828,0.0440559387207031,0.0274009704589843,subsetted_512x512_HLS.S30.T12SVD.2019183.v1.4,0.043279229410017,0.082967681498829,0.0657147509392803,0.5777212734341672,0.0440559387207031,0.9739913940429688,subsetted_512x512_HLS.S30.T12SVD.2019183.v1.4,0.0828506097560975,0.153023157598367,0.1296788639133204,0.6787877206564766,0.0440559387207031,0.1727256774902343,subsetted_512x512_HLS.S30.T12SVD.2019183.v1.4,0.0440564429066799,0.0843947531879133,0.044083181287264,0.5001795726171712,0.0440559387207031,0.9999885559082032,subsetted_512x512_HLS.S30.T12SVD.2019183.v1.4,0.4039707243206865,0.5754688717119061,0.6994546429665506,0.9667720645627108,0.0440559387207031,0.0196075439453125
AZ3455711116020180427,subsetted_512x512_HLS.S30.T12SVD.2018168.v1.4,0.7627185576556458,0.865388923652151,0.9673871529981416,0.973228180247326,0.3644464841366302,0.2883799744814335,subsetted_512x512_HLS.S30.T12SVD.2018168.v1.4,0.2334506237718777,0.3785325805065279,0.3946648552893626,0.5427514850441916,0.3644464841366302,0.3161730219328549,subsetted_512x512_HLS.S30.T12SVD.2018168.v1.4,0.139104659473012,0.2442350811511324,0.4195489828359187,0.5376105745695936,0.3644464841366302,0.1258831895182235,subsetted_512x512_HLS.S30.T12SVD.2018168.v1.4,0.364474055842479,0.53423376469762,0.3645071473967738,0.4996429194902477,0.3644464841366302,0.9999243520755268,subsetted_512x512_HLS.S30.T12SVD.2018168.v1.4,0.8477893625445427,0.917625547294064,0.9771406281767204,0.9874645145118324,0.3644464841366302,0.3416361133105045
AZ3461611082220180724,subsetted_512x512_HLS.S30.T12SWD.2018220.v1.4,0.4065570379563553,0.5780882352941177,0.6257862912263266,0.8568199248875942,0.0695154934520471,0.0342446679865569,subsetted_512x512_HLS.S30.T12SWD.2018220.v1.4,0.0741524023527856,0.1380668184335199,0.1049635023141328,0.6139886795817935,0.0695154934520471,0.9224926852900898,subsetted_512x512_HLS.S30.T12SWD.2018220.v1.4,0.091890674474371,0.1683147894245119,0.1410806748580336,0.6142380057750697,0.0695154934520471,0.2448816104187409,subsetted_512x512_HLS.S30.T12SWD.2018220.v1.4,0.0705295424462213,0.1317657096787022,0.0500936903838091,0.3640688774842168,0.0695154934520471,0.9856223511594816,subsetted_512x512_HLS.S30.T12SWD.2018220.v1.4,0.6348992665490669,0.7766830404043272,0.8050541441561094,0.9845231191315592,0.0695154934520471,0.0648348420518571
AZ3468811236620180511,subsetted_512x512_HLS.S30.T12SUD.2018168.v1.4,0.7344287894381942,0.8468826093184096,0.8699949148490694,0.9662715116446208,0.0914091706721599,0.0950217441062027,subsetted_512x512_HLS.S30.T12SUD.2018168.v1.4,0.0913184016872607,0.1673542781759669,0.0950550967798764,0.5228270907351944,0.0914091706721599,0.816586556801709,subsetted_512x512_HLS.S30.T12SUD.2018168.v1.4,0.0592601606230226,0.111889718552556,0.1331032950933257,0.5746201420778425,0.0914091706721599,0.1410429541466392,subsetted_512x512_HLS.S30.T12SUD.2018168.v1.4,0.0936641272099722,0.1712849948711717,0.1001024027570749,0.5206495893757569,0.0914091706721599,0.9759250782024872,subsetted_512x512_HLS.S30.T12SUD.2018168.v1.4,0.8170505273969897,0.8993151429503207,0.96244727447392,0.990748456680294,0.0914091706721599,0.084050507362478
AZ3477911297320180708,subsetted_512x512_HLS.S30.T12SUD.2018218.v1.4,0.0947010821980177,0.1730172441373132,0.2492509241680153,0.5901397925523939,0.1053237915039062,0.0139122009277343,subsetted_512x512_HLS.S30.T12SUD.2018218.v1.4,0.1084789473474096,0.195725769275095,0.1572724153379394,0.6157826049147025,0.1053237915039062,0.9538803100585938,subsetted_512x512_HLS.S30.T12SUD.2018218.v1.4,0.1192950508225282,0.2131610440604785,0.1672995963834629,0.605848204708796,0.1053237915039062,0.3823738098144531,subsetted_512x512_HLS.S30.T12SUD.2018218.v1.4,0.1075327447139146,0.194184316855916,0.0854924646956857,0.4088603372047074,0.1053237915039062,0.9794578552246094,subsetted_512x512_HLS.S30.T12SUD.2018218.v1.4,0.1563027625103279,0.2703491984590531,0.6606850015336082,0.9085556069205728,0.1053237915039062,0.0174636840820312
AZ3479711322320200824,subsetted_512x512_HLS.S30.T12STD.2020248.v1.4,0.6400025887454293,0.7804897298790474,0.7473054837944223,0.9273067620606754,0.1899337768554687,0.1967315673828125,subsetted_512x512_HLS.S30.T12STD.2020248.v1.4,0.1893846433971674,0.3184581950818526,0.2175339401234781,0.5318993292837292,0.1899337768554687,0.9563026428222656,subsetted_512x512_HLS.S30.T12STD.2020248.v1.4,0.1544145579314993,0.2675201154915823,0.2849489048702571,0.5990997036437448,0.1899337768554687,0.16943359375,subsetted_512x512_HLS.S30.T12STD.2020248.v1.4,0.1920740057788082,0.3222518146485746,0.2038221837582059,0.5475546049257962,0.1899337768554687,0.9888572692871094,subsetted_512x512_HLS.S30.T12STD.2020248.v1.4,0.7147970474224354,0.8336812201733949,0.799759920645995,0.9720901126888012,0.1899337768554687,0.2505073547363281
AZ3495111328920180515,subsetted_512x512_HLS.S30.T12STD.2018168.v1.4,0.583266291230893,0.7367886178861789,0.7869324303115508,0.9104596710557026,0.0329246520996093,0.0196266174316406,subsetted_512x512_HLS.S30.T12STD.2018168.v1.4,0.03264359473979,0.0632233519988388,0.046250227979733,0.5676109715271846,0.0329246520996093,0.9657707214355468,subsetted_512x512_HLS.S30.T12STD.2018168.v1.4,0.0739551634607331,0.1377248622231465,0.0950217017175161,0.5983043887499095,0.0329246520996093,0.1138191223144531,subsetted_512x512_HLS.S30.T12STD.2018168.v1.4,0.033142615774518,0.0641588397738718,0.0373815401987432,0.5897227245585949,0.0329246520996093,0.9934234619140624,subsetted_512x512_HLS.S30.T12STD.2018168.v1.4,0.8074877916440586,0.8934918347742555,0.9420258747000736,0.9978203400861494,0.0329246520996093,0.0306129455566406
AZ3525811164320190721,subsetted_512x512_HLS.S30.T12SVE.2019228.v1.4,0.3565288104089219,0.5256487111415603,0.6205939871889009,0.862944842350162,0.0344589491031441,0.0546315299575033,subsetted_512x512_HLS.S30.T12SVE.2019228.v1.4,0.036011842169123,0.0695201361670232,0.0417123941093946,0.5653271220330903,0.0344589491031441,0.942721009544591,subsetted_512x512_HLS.S30.T12SVE.2019228.v1.4,0.090537303990239,0.1660416450844297,0.0905742089336434,0.6947309351978834,0.0344589491031441,0.1496616286078325,subsetted_512x512_HLS.S30.T12SVE.2019228.v1.4,0.0361172641562242,0.0697165570069654,0.0321770134402723,0.4745434732833419,0.0344589491031441,0.954085252805774,subsetted_512x512_HLS.S30.T12SVE.2019228.v1.4,0.5109673347009626,0.6763446475195822,0.7792822781268098,0.9829231558457772,0.0344589491031441,0.0385941755869046
AZ3530911140720190516,subsetted_512x512_HLS.S30.T12SVE.2019183.v1.4,0.2491751852452809,0.3989435400069276,0.4091726990888288,0.6969704691771486,0.1475486755371093,0.2048683166503906,subsetted_512x512_HLS.S30.T12SVE.2019183.v1.4,0.1481237089740647,0.2580274369674404,0.1686806113564578,0.5475904739847807,0.1475486755371093,0.9210739135742188,subsetted_512x512_HLS.S30.T12SVE.2019183.v1.4,0.1768208540481276,0.3005059834551442,0.2919696550580821,0.6380611816417924,0.1475486755371093,0.5649032592773438,subsetted_512x512_HLS.S30.T12SVE.2019183.v1.4,0.147694034809039,0.257375276562474,0.1494816239502384,0.503419824680887,0.1475486755371093,0.9990158081054688,subsetted_512x512_HLS.S30.T12SVE.2019183.v1.4,0.4100593713389329,0.5816200078859911,0.5717411829222045,0.8995463019460934,0.1475486755371093,0.1233406066894531
AZ3563211274720200705,subsetted_512x512_HLS.S30.T12SUE.2020218.v1.4,0.6324904214559387,0.7748779571911378,0.8084128892084185,0.948631499885812,0.0237464904785156,0.0168876647949218,subsetted_512x512_HLS.S30.T12SUE.2020218.v1.4,0.037550932875831,0.0723837870238316,0.0329200870743761,0.628266705433953,0.0237464904785156,0.1608123779296875,subsetted_512x512_HLS.S30.T12SUE.2020218.v1.4,0.0764762329072278,0.1420862450454466,0.1485893335196943,0.8210697639945721,0.0237464904785156,0.2158966064453125,subsetted_512x512_HLS.S30.T12SUE.2020218.v1.4,0.3132811706127426,0.4770968740328072,0.4308582179750568,0.8287116733455652,0.0237464904785156,0.0255546569824218,subsetted_512x512_HLS.S30.T12SUE.2020218.v1.4,0.6233444913404163,0.7679756141294602,0.8516379470420539,0.9921025187578568,0.0237464904785156,0.0188026428222656
AZ3574111380520200818,subsetted_512x512_HLS.S30.T12STE.2020246.v1.4,0.1128110906965091,0.2027497598463016,0.4811375958873881,0.821683683708992,0.1093047573252734,0.0178218426335111,subsetted_512x512_HLS.S30.T12STE.2020246.v1.4,0.1133936007633155,0.2036900529796034,0.163583125538515,0.5917495897059917,0.1093047573252734,0.941645868156527,subsetted_512x512_HLS.S30.T12STE.2020246.v1.4,0.1395701143873361,0.2449522194821208,0.195339252209327,0.6444354653469674,0.1093047573252734,0.2868515253512849,subsetted_512x512_HLS.S30.T12STE.2020246.v1.4,0.1103686920065353,0.1987964768838885,0.0972084521538195,0.483492161894611,0.1093047573252734,0.9903601767682548,subsetted_512x512_HLS.S30.T12STE.2020246.v1.4,0.0957438184029185,0.1747558449245339,0.2222457518795817,0.681762839080843,0.1093047573252734,0.0454361581144719
AZ3636511203320180806,subsetted_512x512_HLS.S30.T12SVF.2018253.v1.4,0.4362949555363186,0.6075283546107063,0.6233617406798494,0.8415585510915982,0.0784927859121186,0.060760855466455,subsetted_512x512_HLS.S30.T12SVF.2018253.v1.4,0.061674430040843,0.1161833200380844,0.0787396809564018,0.498857576411831,0.0784927859121186,0.2180134744359582,subsetted_512x512_HLS.S30.T12SVF.2018253.v1.4,0.2193917541934472,0.3598380150414604,0.3865016623093358,0.7674712052864238,0.0784927859121186,0.0995551757551711,subsetted_512x512_HLS.S30.T12SVF.2018253.v1.4,0.3847007375497683,0.555644591091209,0.5370667818128619,0.8595967159839903,0.0784927859121186,0.0833759337112686,subsetted_512x512_HLS.S30.T12SVF.2018253.v1.4,0.765226970211594,0.8670012220806573,0.9491826468270144,0.9927433247771956,0.0784927859121186,0.0682267306562492
AZ3636911230720180726,subsetted_512x512_HLS.S30.T12SUF.2018253.v1.4,0.3003463967941316,0.4619482893705928,0.4659510799662311,0.8743507853904636,0.0426165842641762,0.0304202527009705,subsetted_512x512_HLS.S30.T12SUF.2018253.v1.4,0.0450511021920852,0.0862179889530504,0.0718572592847453,0.6475715121497987,0.0426165842641762,0.9298548800585972,subsetted_512x512_HLS.S30.T12SUF.2018253.v1.4,0.0851458766821849,0.156929825771475,0.149059804738108,0.6719194205219784,0.0426165842641762,0.2339315143746566,subsetted_512x512_HLS.S30.T12SUF.2018253.v1.4,0.0426190230930934,0.0817537799505276,0.0426255280017399,0.499814709292827,0.0426165842641762,0.9999427760483428,subsetted_512x512_HLS.S30.T12SUF.2018253.v1.4,0.4884189325276938,0.6562922868741543,0.7596409135718372,0.9578129477695342,0.0426165842641762,0.0306834828785936
AZ3652211386520200510,subsetted_512x512_HLS.S30.T12STF.2020156.v1.4,0.7461568977486859,0.8546275523244257,0.9792036581598458,0.9596696315647232,0.6148872375488281,0.4597282409667969,subsetted_512x512_HLS.S30.T12STF.2020156.v1.4,0.604249398872179,0.7533110491385928,0.647447288098313,0.5571379578737639,0.6148872375488281,0.9554405212402344,subsetted_512x512_HLS.S30.T12STF.2020156.v1.4,0.4373497142745884,0.6085501808379502,0.7031075099565526,0.6000130305194853,0.6148872375488281,0.5115623474121094,subsetted_512x512_HLS.S30.T12STF.2020156.v1.4,0.6160310178698247,0.7623999923984721,0.5891377252854035,0.4712300017324056,0.6148872375488281,0.9909782409667968,subsetted_512x512_HLS.S30.T12STF.2020156.v1.4,0.8606641186065195,0.9251149737343076,0.9874730056553302,0.9823060624813376,0.6148872375488281,0.5513496398925781
AZ3662811235020200608,subsetted_512x512_HLS.S30.T12SUF.2020183.v1.4,0.9121030305346428,0.954031258744054,0.9914958057364092,0.9889757454276484,0.4966697692871094,0.4576530456542969,subsetted_512x512_HLS.S30.T12SUF.2020183.v1.4,0.4890618719272749,0.6568724660101437,0.4778651564422326,0.473416057334186,0.4966697692871094,0.9729881286621094,subsetted_512x512_HLS.S30.T12SUF.2020183.v1.4,0.3481372738012268,0.5164715501406085,0.4950334796239518,0.4904116037304711,0.4966697692871094,0.54376220703125,subsetted_512x512_HLS.S30.T12SUF.2020183.v1.4,0.4966677475346672,0.6636980697322911,0.4964963378987849,0.4996708253530352,0.4966697692871094,0.9999465942382812,subsetted_512x512_HLS.S30.T12SUF.2020183.v1.4,0.8339294079157713,0.9094454828155216,0.98293034421323,0.9814363654944928,0.4966697692871094,0.4442138671875
AZ3689811361420180708,subsetted_512x512_HLS.S30.T12STF.2018231.v1.4,0.1848051648605026,0.3119587428237813,0.3567696606131103,0.8995630781702786,0.0292549133300781,0.00994873046875,subsetted_512x512_HLS.S30.T12STF.2018231.v1.4,0.0309309972516686,0.0600059506099375,0.0285407470575068,0.495669647870852,0.0292549133300781,0.2912750244140625,subsetted_512x512_HLS.S30.T12STF.2018231.v1.4,0.0726185219380996,0.1354041916167664,0.0638709795729285,0.7166746429420607,0.0292549133300781,0.1746025085449218,subsetted_512x512_HLS.S30.T12STF.2018231.v1.4,0.4604775627830383,0.630584918957012,0.6481039677705762,0.9186731979250896,0.0292549133300781,0.0248756408691406,subsetted_512x512_HLS.S30.T12STF.2018231.v1.4,0.0,0.0,0.5388940040083596,0.9777102603007162,0.0292549133300781,0.0
AZ3697411369720210713,subsetted_512x512_HLS.S30.T12STF.2021215.v1.4,0.0854450075575709,0.157437745740498,0.1934478946472441,0.6881472685612988,0.0404319763183593,0.0061378479003906,subsetted_512x512_HLS.S30.T12STF.2021215.v1.4,0.0414416809706088,0.0795852167775458,0.0833116524056868,0.6509704172941855,0.0404319763183593,0.9756355285644532,subsetted_512x512_HLS.S30.T12STF.2021215.v1.4,0.06702588483888,0.1256312256173634,0.1138910419838325,0.6325121572345512,0.0404319763183593,0.1521987915039062,subsetted_512x512_HLS.S30.T12STF.2021215.v1.4,0.0404324390309032,0.0777223729559287,0.0404373752904326,0.5000139140114095,0.0404319763183593,0.9999885559082032,subsetted_512x512_HLS.S30.T12STF.2021215.v1.4,0.0,0.0,0.0263048458959835,0.2324035113718983,0.0404319763183593,0.0001602172851562
AZ3697611367020210624,subsetted_512x512_HLS.S30.T12STF.2021190.v1.4,0.1107516650808753,0.1994175089943464,0.2855066047212831,0.7569097974954335,0.0197677612304687,0.0024986267089843,subsetted_512x512_HLS.S30.T12STF.2021190.v1.4,0.002256725040621,0.0045032873998018,0.0159989623239254,0.4453604872941775,0.0197677612304687,0.1072959899902343,subsetted_512x512_HLS.S30.T12STF.2021190.v1.4,0.0153924638496991,0.0303182550544862,0.0286151261193319,0.5975291641471355,0.0197677612304687,0.2004203796386718,subsetted_512x512_HLS.S30.T12STF.2021190.v1.4,0.0,0.0,0.020823771959733,0.4861952096345929,0.0197677612304687,0.0234527587890625,subsetted_512x512_HLS.S30.T12STF.2021190.v1.4,0.3799694189602446,0.5506925207756233,0.8276569226101946,0.964315917890939,0.0197677612304687,0.0077743530273437
AZ3698311211020200729,subsetted_512x512_HLS.S30.T12SUF.2020223.v1.4,0.7309360518999073,0.8445558125588966,0.8852513859704906,0.9305952613489455,0.197967529296875,0.15826416015625,subsetted_512x512_HLS.S30.T12SUF.2020223.v1.4,0.1926566613904974,0.3230714548911041,0.2018247942161418,0.5027249428269569,0.197967529296875,0.971881866455078,subsetted_512x512_HLS.S30.T12SUF.2020223.v1.4,0.124642897594986,0.2216577330662578,0.2189058663223357,0.5164492278069587,0.197967529296875,0.1429252624511718,subsetted_512x512_HLS.S30.T12SUF.2020223.v1.4,0.1979697948813806,0.3305088253931861,0.1980287182852978,0.5000927476123436,0.197967529296875,0.9999885559082032,subsetted_512x512_HLS.S30.T12SUF.2020223.v1.4,0.7190113863256166,0.8365405744781039,0.9209291278591644,0.9703174825084308,0.197967529296875,0.1665840148925781
CA3257311670020190814,subsetted_512x512_HLS.S30.T11SNS.2019246.v1.4,0.3552881570614313,0.5242990654205607,0.487276093611569,0.9542332544917728,0.0289056598014452,0.0609094447030454,subsetted_512x512_HLS.S30.T11SNS.2019246.v1.4,0.0320223809854107,0.0620575320369208,0.0299424321183595,0.549662734243105,0.0289056598014452,0.4820102711241005,subsetted_512x512_HLS.S30.T11SNS.2019246.v1.4,0.0823047845790781,0.1520916949675826,0.0969818514238998,0.741285551401036,0.0289056598014452,0.1688249254084412,subsetted_512x512_HLS.S30.T11SNS.2019246.v1.4,0.2509742790335152,0.4012461059190031,0.4195946494129275,0.9314863100800516,0.0289056598014452,0.0813219684540661,subsetted_512x512_HLS.S30.T11SNS.2019246.v1.4,0.3137603795966785,0.4776523702031602,0.6226078379600655,0.973032073190617,0.0289056598014452,0.0640571703282028
CA3276011669320200905,subsetted_512x512_HLS.S30.T11SNS.2020276.v1.4,0.8737577795623369,0.9326261794269108,0.9742683840742626,0.9771002075670558,0.2811549862092907,0.2885214757394147,subsetted_512x512_HLS.S30.T11SNS.2020276.v1.4,0.273663684234857,0.4297267600893532,0.2863972090667021,0.5145736530087344,0.2811549862092907,0.8750023842858397,subsetted_512x512_HLS.S30.T11SNS.2020276.v1.4,0.2280459185961346,0.3713964032498554,0.3717045291783959,0.5751743444025514,0.2811549862092907,0.3456832981730648,subsetted_512x512_HLS.S30.T11SNS.2020276.v1.4,0.2953301833937175,0.4559921279993079,0.3204982904339772,0.5673723885360287,0.2811549862092907,0.7772352202889373,subsetted_512x512_HLS.S30.T11SNS.2020276.v1.4,0.8751226751561865,0.9334031173008924,0.9910295707594454,0.996639313279158,0.2811549862092907,0.3165339732120717
CA3298011643520210501,subsetted_512x512_HLS.S30.T11SNS.2021155.v1.4,0.5663135849208587,0.7231164823862175,0.8422832144870112,0.9109385249598412,0.0946967674008743,0.0536579411158837,subsetted_512x512_HLS.S30.T11SNS.2021155.v1.4,0.0627825213460572,0.1181474480151228,0.101526842188573,0.550253364841197,0.0946967674008743,0.1393901015480159,subsetted_512x512_HLS.S30.T11SNS.2021155.v1.4,0.1298973880597015,0.2299277605779153,0.1899215283675979,0.612878980379128,0.0946967674008743,0.1086090744710881,subsetted_512x512_HLS.S30.T11SNS.2021155.v1.4,0.1930866504287477,0.3236758207953465,0.309739651113794,0.7133154373220697,0.0946967674008743,0.0417102181260538,subsetted_512x512_HLS.S30.T11SNS.2021155.v1.4,0.662964125912552,0.7973282352663504,0.9577715465187272,0.99541696015276,0.0946967674008743,0.0669293741559917
CA3337911735120200609,subsetted_512x512_HLS.S30.T11SMT.2020194.v1.4,0.3889895339559769,0.5601043412445261,0.8177061796062057,0.8109609327349134,0.4039796743625349,0.160529809409,subsetted_512x512_HLS.S30.T11SMT.2020194.v1.4,0.4010588348796449,0.5725081986497692,0.4396590461590285,0.5421568628785446,0.4039796743625349,0.9256290723757497,subsetted_512x512_HLS.S30.T11SMT.2020194.v1.4,0.2788503633657297,0.4360953733974633,0.512502746343829,0.5813436331504278,0.4039796743625349,0.2646491080829505,subsetted_512x512_HLS.S30.T11SMT.2020194.v1.4,0.4041224520955798,0.5756228048236791,0.4067175976151936,0.4997993959111952,0.4039796743625349,0.999328582546198,subsetted_512x512_HLS.S30.T11SMT.2020194.v1.4,0.6690540268073952,0.8017164406441379,0.9027398146507088,0.9322310650190864,0.4039796743625349,0.3223490455190514
CA3338011743020180706,subsetted_512x512_HLS.S30.T11SMS.2018259.v1.4,0.2332633903920486,0.3782864102013038,0.4064801778347611,0.895572553676454,0.0507623701567465,0.1622358788905292,subsetted_512x512_HLS.S30.T11SMS.2018259.v1.4,0.0514606405738736,0.0978841025295765,0.0544768574872867,0.5341547524903214,0.0507623701567465,0.9691275372601976,subsetted_512x512_HLS.S30.T11SMS.2018259.v1.4,0.0626347286123355,0.1178857173134712,0.0702416192684316,0.547190301647084,0.0507623701567465,0.4532030227776442,subsetted_512x512_HLS.S30.T11SMS.2018259.v1.4,0.0527224967016248,0.1001640923734682,0.0671912142041954,0.6234959187682819,0.0507623701567465,0.962821818625712,subsetted_512x512_HLS.S30.T11SMS.2018259.v1.4,0.1125651791155955,0.2023525115266978,0.4818825128838518,0.9113400572006676,0.0507623701567465,0.4506204628771319
CA3350411735320210828,subsetted_512x512_HLS.S30.T11SMT.2021248.v1.4,0.2586120610559679,0.4109480102057722,0.8409879033055315,0.9272202132953344,0.0274509803921568,0.0876745250629434,subsetted_512x512_HLS.S30.T11SMT.2021248.v1.4,0.028244529486802,0.0549373785648029,0.0512454607532736,0.6662882994331014,0.0274509803921568,0.9719043259327076,subsetted_512x512_HLS.S30.T11SMT.2021248.v1.4,0.0351429452835296,0.0678996952906902,0.0603574185053837,0.6662954765643027,0.0274509803921568,0.5997672999160754,subsetted_512x512_HLS.S30.T11SMT.2021248.v1.4,0.0275104846448219,0.0535478421990631,0.0280820608080421,0.5041028618049455,0.0274509803921568,0.9978370336461432,subsetted_512x512_HLS.S30.T11SMT.2021248.v1.4,0.1992871400057028,0.3323426614993224,0.7273716365164984,0.9810867755640224,0.0274509803921568,0.1329938200961318
CA3352811727320190904,subsetted_512x512_HLS.S30.T11SMT.2019294.v1.4,0.4201111783807584,0.5916595612743198,0.8689553180826048,0.9701528393489652,0.0312141110216602,0.0672318604464827,subsetted_512x512_HLS.S30.T11SMT.2019294.v1.4,0.032091539931039,0.0621873907292822,0.0438378481808619,0.6072463349586829,0.0312141110216602,0.9726585601294198,subsetted_512x512_HLS.S30.T11SMT.2019294.v1.4,0.0855110483301382,0.1575498443091509,0.1499021642395531,0.7696409553602261,0.0312141110216602,0.215076327868352,subsetted_512x512_HLS.S30.T11SMT.2019294.v1.4,0.0312160166668574,0.060542148613547,0.0314137935006738,0.5021345978134157,0.0312141110216602,0.9999389529670766,subsetted_512x512_HLS.S30.T11SMT.2019294.v1.4,0.589579129432113,0.7418053225733328,0.9208192040443984,0.9978325167052556,0.0312141110216602,0.0529430393028428
CA3363011706020180517,subsetted_512x512_HLS.S30.T11SMT.2018154.v1.4,0.1307665052556986,0.2312882538488855,0.850321286548286,0.978552809664016,0.0224084267337207,0.1610869198571012,subsetted_512x512_HLS.S30.T11SMT.2018154.v1.4,0.0226400182855726,0.0442775910990222,0.0333759960881019,0.6348895071983223,0.0224084267337207,0.9894244185155088,subsetted_512x512_HLS.S30.T11SMT.2018154.v1.4,0.0281137577537052,0.0546899748042087,0.0735262922124349,0.6892295030249355,0.0224084267337207,0.7641212186259027,subsetted_512x512_HLS.S30.T11SMT.2018154.v1.4,0.0232643282952492,0.0454708087674812,0.0242783080938252,0.5236464416697026,0.0224084267337207,0.9632097023964674,subsetted_512x512_HLS.S30.T11SMT.2018154.v1.4,0.0716175822021855,0.1336625740219951,0.7406974937953549,0.9660418102164336,0.0224084267337207,0.3128900200855553
CA3367611751620180806,subsetted_512x512_HLS.S30.T11SMT.2018249.v1.4,0.8909663962920046,0.942339745475224,0.9805971732935248,0.9817942110833756,0.3915594398391693,0.3866078683446568,subsetted_512x512_HLS.S30.T11SMT.2018249.v1.4,0.0515362180927458,0.0980208141308173,0.3985762254599666,0.5097307757037329,0.3915594398391693,0.0637028446740088,subsetted_512x512_HLS.S30.T11SMT.2018249.v1.4,0.1360864842134772,0.2395706420320476,0.4707102393681339,0.558748313113404,0.3915594398391693,0.1031475667489385,subsetted_512x512_HLS.S30.T11SMT.2018249.v1.4,0.1561109559713301,0.2700622378241721,0.5256886064831062,0.6270648005960648,0.3915594398391693,0.0822388122332045,subsetted_512x512_HLS.S30.T11SMT.2018249.v1.4,0.924037683558548,0.960519319818644,0.9947378947646466,0.9960104481501696,0.3915594398391693,0.3976630718817116
CA3372011680020180725,subsetted_512x512_HLS.S30.T11SNT.2018216.v1.4,0.8193374128275167,0.9006986906888772,0.952388521310984,0.9700119421168942,0.2244300842285156,0.2303695678710937,subsetted_512x512_HLS.S30.T11SNT.2018216.v1.4,0.2185363329431126,0.3586866095576897,0.2629613354375785,0.5425894590662214,0.2244300842285156,0.8714828491210938,subsetted_512x512_HLS.S30.T11SNT.2018216.v1.4,0.1653232535024268,0.2837380151911343,0.2210102921816172,0.500488528343115,0.2244300842285156,0.3882865905761719,subsetted_512x512_HLS.S30.T11SNT.2018216.v1.4,0.2260772996610742,0.3687814784982464,0.2194987659040429,0.4867039532708097,0.2244300842285156,0.9927139282226562,subsetted_512x512_HLS.S30.T11SNT.2018216.v1.4,0.8677716110393067,0.9292052688994904,0.9845617451233084,0.9952905109735266,0.2244300842285156,0.2441444396972656
CA3375311768720201026,subsetted_512x512_HLS.S30.T11SMT.2020309.v1.4,0.7707894522001796,0.8705602478515841,0.9197239705788184,0.9470502335314076,0.2144331706498055,0.1994062496422615,subsetted_512x512_HLS.S30.T11SMT.2020309.v1.4,0.1904371690309613,0.3199449311314444,0.2431976709277628,0.5647489174428911,0.2144331706498055,0.3731698103127874,subsetted_512x512_HLS.S30.T11SMT.2020309.v1.4,0.1865902123311002,0.3144981483785155,0.2867514638943491,0.5601273959686298,0.2144331706498055,0.1843373539950317,subsetted_512x512_HLS.S30.T11SMT.2020309.v1.4,0.2419563283597119,0.3896374177331513,0.4575743325970005,0.6147329910062401,0.2144331706498055,0.0679302305170894,subsetted_512x512_HLS.S30.T11SMT.2020309.v1.4,0.8945524431518614,0.944341706016482,0.9860969421667722,0.995363508026232,0.2144331706498055,0.2106325578200661
CA3388811668420200917,subsetted_512x512_HLS.S30.T11SNT.2020281.v1.4,0.6422360897151361,0.782148308318494,0.8856631827075151,0.9509151414121132,0.1110266101571845,0.1293399626242514,subsetted_512x512_HLS.S30.T11SNT.2020281.v1.4,0.1124535644096452,0.2021721499347649,0.1522582004901728,0.5929582863984798,0.1110266101571845,0.9727554487191736,subsetted_512x512_HLS.S30.T11SNT.2020281.v1.4,0.1591129970570118,0.274542684727028,0.2534062574446362,0.7185671029892644,0.1110266101571845,0.5362005908272728,subsetted_512x512_HLS.S30.T11SNT.2020281.v1.4,0.1110278830867066,0.199865160500282,0.1111038874122798,0.5002127979708961,0.1110266101571845,0.999988535046452,subsetted_512x512_HLS.S30.T11SNT.2020281.v1.4,0.808158864228592,0.8939024996272922,0.9448060628838216,0.9933700832203528,0.1110266101571845,0.119682650085796
CA3399211696420200731,subsetted_512x512_HLS.S30.T11SNT.2020221.v1.4,0.891536600206597,0.9426585772743936,0.9869012644388088,0.9805060460449444,0.5332435443501617,0.4867872840485929,subsetted_512x512_HLS.S30.T11SNT.2020221.v1.4,0.4874623408665587,0.6554281442615552,0.5826595604083326,0.5476085845301281,0.5332435443501617,0.8192952200720347,subsetted_512x512_HLS.S30.T11SNT.2020221.v1.4,0.3538121932092131,0.5226902150593,0.6100689000573841,0.5989131458985067,0.5332435443501617,0.355942097552042,subsetted_512x512_HLS.S30.T11SNT.2020221.v1.4,0.0860811504879301,0.1585169772060909,0.6280670265860687,0.6196418243194138,0.5332435443501617,0.0718591661070752,subsetted_512x512_HLS.S30.T11SNT.2020221.v1.4,0.9229918183929084,0.9599539733500014,0.9944927012095164,0.9937634703267983,0.5332435443501617,0.5410803674989317
CA3399211705920191010,subsetted_512x512_HLS.S30.T11SMT.2019309.v1.4,0.2691636544933317,0.4241590964890744,0.8312362112218321,0.97298729873422,0.0180031359562949,0.0596899905005703,subsetted_512x512_HLS.S30.T11SMT.2019309.v1.4,0.0185888945281391,0.0364993072828473,0.0353338129857587,0.6135556958910031,0.0180031359562949,0.923752770666982,subsetted_512x512_HLS.S30.T11SMT.2019309.v1.4,0.0092010857790974,0.0182343953227008,0.0145641771458425,0.4184679632481125,0.0180031359562949,0.2841130622880273,subsetted_512x512_HLS.S30.T11SMT.2019309.v1.4,0.0181363279988931,0.0356265217145122,0.015500182997012,0.4635772268285189,0.0180031359562949,0.9926560634210918,subsetted_512x512_HLS.S30.T11SMT.2019309.v1.4,0.622716894977169,0.7674991206472036,0.9356865912819068,0.994982450267286,0.0180031359562949,0.0253814078231045
CA3405311699120200905,subsetted_512x512_HLS.S30.T11SMT.2020289.v1.4,0.6767084008619922,0.807186748171713,0.846583299614502,0.9182761988704172,0.3624969476832916,0.3559077589890727,subsetted_512x512_HLS.S30.T11SMT.2020289.v1.4,0.3426780602064717,0.5104396509670771,0.3842579241092398,0.5246745253965189,0.3624969476832916,0.8185245101031683,subsetted_512x512_HLS.S30.T11SMT.2020289.v1.4,0.2494790836594594,0.3993329491019378,0.3769337238970973,0.508658407872195,0.3624969476832916,0.4451384225627251,subsetted_512x512_HLS.S30.T11SMT.2020289.v1.4,0.3628319597943892,0.5324676416439922,0.3676574546142507,0.504239604930314,0.3624969476832916,0.9990766741957146,subsetted_512x512_HLS.S30.T11SMT.2020289.v1.4,0.7986465577035944,0.8880528020171558,0.909895126773698,0.9612836695197616,0.3624969476832916,0.4092241010927294
CA3408411857020210515,subsetted_512x512_HLS.S30.T11SLT.2021163.v1.4,0.7682311573153952,0.8689261628912329,0.8681664942413511,0.9653725032136358,0.0234222412109375,0.0206985473632812,subsetted_512x512_HLS.S30.T11SLT.2021163.v1.4,0.0260521042084168,0.05078125,0.0285813516379258,0.5801667244154929,0.0234222412109375,0.3867340087890625,subsetted_512x512_HLS.S30.T11SLT.2021163.v1.4,0.0455113919527584,0.0870605376527831,0.1033378383417819,0.7620110806493403,0.0234222412109375,0.4007225036621094,subsetted_512x512_HLS.S30.T11SLT.2021163.v1.4,0.239442906883314,0.3863718216523806,0.4161756677927063,0.9505201675900116,0.0234222412109375,0.0824966430664062,subsetted_512x512_HLS.S30.T11SLT.2021163.v1.4,0.6877251316154059,0.8149729108520768,0.9001967911640255,0.993848457910394,0.0234222412109375,0.0230484008789062
CA3415711791120200813,subsetted_512x512_HLS.S30.T11SMT.2020249.v1.4,0.8174648695153427,0.8995660749506903,0.9244808643502916,0.9724375856682848,0.0769060562708631,0.0681583214115403,subsetted_512x512_HLS.S30.T11SMT.2020249.v1.4,0.0787833980405955,0.1460597153862222,0.0898810495085112,0.564747182852441,0.0769060562708631,0.9640515021459228,subsetted_512x512_HLS.S30.T11SMT.2020249.v1.4,0.115759008641774,0.2074982281033764,0.1772854632753025,0.6763456464012172,0.0769060562708631,0.4452074391988555,subsetted_512x512_HLS.S30.T11SMT.2020249.v1.4,0.0775521535654795,0.1439413457787069,0.1658838349155472,0.6281813031101583,0.0769060562708631,0.959599427753934,subsetted_512x512_HLS.S30.T11SMT.2020249.v1.4,0.8714849995297658,0.9313299329128872,0.9866354890131412,0.9988238701442418,0.0769060562708631,0.0749260848831664
CA3424011870020181108,subsetted_512x512_HLS.S30.T11SLT.2018349.v1.4,0.7992508639230564,0.8884262666745462,0.9690768282833244,0.9133601927274336,0.7253566196314288,0.7098889659958362,subsetted_512x512_HLS.S30.T11SLT.2018349.v1.4,0.6970730015191205,0.8215003136519662,0.7301902278878977,0.5094313474508925,0.7253566196314288,0.9155987354460636,subsetted_512x512_HLS.S30.T11SLT.2018349.v1.4,0.1776563237522669,0.3017116626796782,0.7333634430855062,0.5110898356932452,0.7253566196314288,0.1884416685943403,subsetted_512x512_HLS.S30.T11SLT.2018349.v1.4,0.6607378897441879,0.7957160414350091,0.6992620243261979,0.4373150208630679,0.7253566196314288,0.9215513917803996,subsetted_512x512_HLS.S30.T11SLT.2018349.v1.4,0.840500070567132,0.9133388083034848,0.9885824022445516,0.9674205903932384,0.7253566196314288,0.8332215282596962
CA3424811795920200906,subsetted_512x512_HLS.S30.T11SMU.2020299.v1.4,0.609609275409239,0.7574624285813057,0.9555984768432304,0.8552850999252308,0.7629285162545042,0.4847100616773253,subsetted_512x512_HLS.S30.T11SMU.2020299.v1.4,0.7172396989982586,0.8353402258480933,0.7605696703545799,0.5160870101027263,0.7629285162545042,0.9228464889408204,subsetted_512x512_HLS.S30.T11SMU.2020299.v1.4,0.6124861766518374,0.7596792896837135,0.7784613767375951,0.5250062874256167,0.7629285162545042,0.7349992354050588,subsetted_512x512_HLS.S30.T11SMU.2020299.v1.4,0.7591427636253323,0.8630826096920657,0.7861298725940684,0.5355232868716526,0.7629285162545042,0.965099181687363,subsetted_512x512_HLS.S30.T11SMU.2020299.v1.4,0.777360596681719,0.8747359406223237,0.9801923544114346,0.9310754086335764,0.7629285162545042,0.6105976779839788
CA3428211880320191030,subsetted_512x512_HLS.S30.T11SLT.2019309.v1.4,0.3787285500403086,0.5493881301424216,0.6829675343208382,0.8994215070850514,0.0361024741048776,0.0552429277225645,subsetted_512x512_HLS.S30.T11SLT.2019309.v1.4,0.0274755034713673,0.0534815737767767,0.0316365918907181,0.4588151921508469,0.0361024741048776,0.2027278103122675,subsetted_512x512_HLS.S30.T11SLT.2019309.v1.4,0.071376739890494,0.1332430269072101,0.0698455394682905,0.6787613159385436,0.0361024741048776,0.2737042901016729,subsetted_512x512_HLS.S30.T11SLT.2019309.v1.4,0.1742906774753908,0.2968441814595661,0.1822793836728936,0.744876703629055,0.0361024741048776,0.0644793315910955,subsetted_512x512_HLS.S30.T11SLT.2019309.v1.4,0.597008516424533,0.7476585256553887,0.8795757738163511,0.9885999851460104,0.0361024741048776,0.0490319134730938
CA3444111874620200817,subsetted_512x512_HLS.S30.T11SLU.2020249.v1.4,0.4327204646920455,0.6040542804489865,0.6842116262958927,0.9496658600782244,0.0403785705566406,0.0734710693359375,subsetted_512x512_HLS.S30.T11SLU.2020249.v1.4,0.0414431698054109,0.0795879621797402,0.0811841553239358,0.6351565247055122,0.0403785705566406,0.9743118286132812,subsetted_512x512_HLS.S30.T11SLU.2020249.v1.4,0.0884932617021554,0.1625977207498228,0.1280146688338333,0.7112549791836323,0.0403785705566406,0.27728271484375,subsetted_512x512_HLS.S30.T11SLU.2020249.v1.4,0.0403788786230363,0.0776234109567442,0.0404070866051557,0.5001967729240457,0.0403785705566406,0.9999923706054688,subsetted_512x512_HLS.S30.T11SLU.2020249.v1.4,0.6468058585229043,0.7855277599061424,0.6871751337221133,0.992210488666178,0.0403785705566406,0.0604171752929687
CA3446611833020200705,subsetted_512x512_HLS.S30.T11SLU.2020229.v1.4,0.8154027814221989,0.898316108983161,0.8913814375955021,0.9578546049949268,0.0283317565917968,0.0244522094726562,subsetted_512x512_HLS.S30.T11SLU.2020229.v1.4,0.0291544271099945,0.0566570503745762,0.0472448568429706,0.6098960198006499,0.0283317565917968,0.9686851501464844,subsetted_512x512_HLS.S30.T11SLU.2020229.v1.4,0.1218779603059079,0.2172748990855919,0.2396439807348474,0.8722358009954142,0.0283317565917968,0.1568946838378906,subsetted_512x512_HLS.S30.T11SLU.2020229.v1.4,0.033637396971549,0.0650854875609243,0.0501531374012251,0.5891141890115537,0.0283317565917968,0.6619834899902344,subsetted_512x512_HLS.S30.T11SLU.2020229.v1.4,0.8259215219976219,0.904662672570982,0.9680626364413548,0.9988647507037036,0.0283317565917968,0.0302467346191406
CA3449011860020180922,subsetted_512x512_HLS.S30.T11SLU.2018274.v1.4,0.7335743801652893,0.8463142840116799,0.9523230952661648,0.9833517170119902,0.0577392578125,0.0702896118164062,subsetted_512x512_HLS.S30.T11SLU.2018274.v1.4,0.0594230437035757,0.1121800097831403,0.0808555388818813,0.5851510598718614,0.0577392578125,0.9716644287109376,subsetted_512x512_HLS.S30.T11SLU.2018274.v1.4,0.067568805938235,0.1265844516295173,0.1380144104307698,0.5982657882144499,0.0577392578125,0.4755401611328125,subsetted_512x512_HLS.S30.T11SLU.2018274.v1.4,0.0577405793894818,0.1091772037767695,0.0578076185674893,0.5004169905428164,0.0577392578125,0.9999771118164062,subsetted_512x512_HLS.S30.T11SLU.2018274.v1.4,0.7172168131085253,0.8353247040601837,0.9858179688434062,0.9991310297357592,0.0577392578125,0.0801849365234375
CA3451712013120211011,subsetted_512x512_HLS.S30.T10SGD.2021306.v1.4,0.7486130331251325,0.8562363644141511,0.9265681057855562,0.9509695823186805,0.2957339752270724,0.2393139569926108,subsetted_512x512_HLS.S30.T10SGD.2021306.v1.4,0.1955672461828199,0.3271539042362069,0.3165797069923831,0.5484407293026403,0.2957339752270724,0.2903170431180166,subsetted_512x512_HLS.S30.T10SGD.2021306.v1.4,0.2639998520491197,0.4177213337820241,0.3648621806083076,0.5553516495767605,0.2957339752270724,0.4864443181341339,subsetted_512x512_HLS.S30.T10SGD.2021306.v1.4,0.2957508984228958,0.4564934491388194,0.2958705442332646,0.4999431254976518,0.2957339752270724,0.999942778886172,subsetted_512x512_HLS.S30.T10SGD.2021306.v1.4,0.8859267935578331,0.9395134493916564,0.983990417455484,0.9933875144237748,0.2957339752270724,0.318481275344185
CA3490011851020180604,subsetted_512x512_HLS.S30.T11SLU.2018184.v1.4,0.5814516910553348,0.7353391751945585,0.824311073189774,0.9260921526736444,0.0284843444824218,0.0337677001953125,subsetted_512x512_HLS.S30.T11SLU.2018184.v1.4,0.0323152034108761,0.0626072410909059,0.0505060371792983,0.6786783303912636,0.0284843444824218,0.8563499450683594,subsetted_512x512_HLS.S30.T11SLU.2018184.v1.4,0.1429860985737497,0.2501974411625335,0.2624970715971074,0.9043964746835866,0.0284843444824218,0.1405715942382812,subsetted_512x512_HLS.S30.T11SLU.2018184.v1.4,0.013193256779868,0.0260429225946467,0.0219949284770363,0.416617220867027,0.0284843444824218,0.5093803405761719,subsetted_512x512_HLS.S30.T11SLU.2018184.v1.4,0.874453305891433,0.9330222344221796,0.9781849461376492,0.9989128244828952,0.0284843444824218,0.0271034240722656
CA3494811892720210627,subsetted_512x512_HLS.S30.T11SLU.2021188.v1.4,0.8059313215400624,0.8925381734370499,0.9092624538969988,0.9727505930314142,0.0351340319448842,0.0310713018665669,subsetted_512x512_HLS.S30.T11SLU.2021188.v1.4,0.0336577437484089,0.0651235749008256,0.0419087910873921,0.5074714967347014,0.0351340319448842,0.97169440640271,subsetted_512x512_HLS.S30.T11SLU.2021188.v1.4,0.0776457406349993,0.1441025333413312,0.2288557621568306,0.7633323673650585,0.0351340319448842,0.3464421547347018,subsetted_512x512_HLS.S30.T11SLU.2021188.v1.4,0.0354241668974429,0.0684244544988521,0.0378957438745487,0.5524644393323651,0.0351340319448842,0.9918096887529136,subsetted_512x512_HLS.S30.T11SLU.2021188.v1.4,0.86247759410476,0.9261615783564134,0.9845059458138368,0.9992708974317056,0.0351340319448842,0.0362136118624088
CA3511712010020180819,subsetted_512x512_HLS.S30.T10SGD.2018257.v1.4,0.7896525679758308,0.8824646549905043,0.8767938331839183,0.964792679306187,0.0193521068733739,0.0168038696584294,subsetted_512x512_HLS.S30.T10SGD.2018257.v1.4,0.0269328031629992,0.0524529026242904,0.0338784907150817,0.7066167180977551,0.0193521068733739,0.6762060257417736,subsetted_512x512_HLS.S30.T10SGD.2018257.v1.4,0.0202842665476911,0.0397619902859552,0.024578159106608,0.5697965901043133,0.0193521068733739,0.7134301256570866,subsetted_512x512_HLS.S30.T10SGD.2018257.v1.4,0.0193919794497769,0.0380461683841065,0.0180483247657239,0.4645308151011378,0.0193521068733739,0.9979438624867438,subsetted_512x512_HLS.S30.T10SGD.2018257.v1.4,0.813826891671203,0.897358943577431,0.9483825175954964,0.9974166053315904,0.0193521068733739,0.0187798979179223
CA3517211519520200622,subsetted_512x512_HLS.S30.T11SPV.2020186.v1.4,0.6058298890580813,0.7545380655648876,0.833803862400891,0.9520877611077966,0.0175247192382812,0.0106353759765625,subsetted_512x512_HLS.S30.T11SPV.2020186.v1.4,0.0151490370854969,0.0298459369650589,0.0185011876260688,0.4547633776028374,0.0175247192382812,0.7401504516601562,subsetted_512x512_HLS.S30.T11SPV.2020186.v1.4,0.0462182442468316,0.0883529693751498,0.0965761047041703,0.7272726477108772,0.0175247192382812,0.1893730163574218,subsetted_512x512_HLS.S30.T11SPV.2020186.v1.4,0.0307766059443911,0.0597153753139242,0.0378674163614386,0.7138352748307174,0.0175247192382812,0.0234870910644531,subsetted_512x512_HLS.S30.T11SPV.2020186.v1.4,0.5474531998258598,0.7075538050358701,0.9740453492671924,0.9995120482879808,0.0175247192382812,0.0095939636230468
CA3530111559820200815,subsetted_512x512_HLS.S30.T11SPV.2020246.v1.4,0.844800911977852,0.915872175141243,0.986769010465868,0.9632539434114268,0.7011680603027344,0.5952186584472656,subsetted_512x512_HLS.S30.T11SPV.2020246.v1.4,0.5039647186578906,0.670181570625698,0.742367167449148,0.5587401270617716,0.7011680603027344,0.5932235717773438,subsetted_512x512_HLS.S30.T11SPV.2020246.v1.4,0.3129374263737787,0.4766981580197392,0.7480260130829683,0.5850813916607271,0.7011680603027344,0.3107109069824219,subsetted_512x512_HLS.S30.T11SPV.2020246.v1.4,0.0357115782405752,0.0689604692867113,0.735073175080664,0.5350121779836973,0.7011680603027344,0.0284652709960937,subsetted_512x512_HLS.S30.T11SPV.2020246.v1.4,0.7950216673825693,0.8858073212473685,0.9931720869513694,0.9820041731179516,0.7011680603027344,0.558197021484375
CA3531811870820200701,subsetted_512x512_HLS.S30.T11SLV.2020222.v1.4,0.8717576260634986,0.9314855875831486,0.9437987146268272,0.9844307004006616,0.0534782409667968,0.0497474670410156,subsetted_512x512_HLS.S30.T11SLV.2020222.v1.4,0.0543987876300377,0.103184465437995,0.1141528027295905,0.6675262498555846,0.0534782409667968,0.9657020568847656,subsetted_512x512_HLS.S30.T11SLV.2020222.v1.4,0.1626178855821804,0.2797443383571372,0.1970133863659345,0.7380762049632894,0.0534782409667968,0.1882400512695312,subsetted_512x512_HLS.S30.T11SLV.2020222.v1.4,0.0558145645795095,0.1057279686262679,0.0597587802598526,0.5498343383206274,0.0534782409667968,0.9581413269042968,subsetted_512x512_HLS.S30.T11SLV.2020222.v1.4,0.8909739036857681,0.9423439445136048,0.9896840096027166,0.9993709403736528,0.0534782409667968,0.05377197265625
CA3533311990620190605,subsetted_512x512_HLS.S30.T11SKV.2019187.v1.4,0.464482547458665,0.6343299184612168,0.7277718498348911,0.9756348750789012,0.0205345153808593,0.0342025756835937,subsetted_512x512_HLS.S30.T11SKV.2019187.v1.4,0.0211684113663712,0.0414591973875237,0.0285859518338313,0.5858795561372516,0.0205345153808593,0.9700546264648438,subsetted_512x512_HLS.S30.T11SKV.2019187.v1.4,0.0343373158178338,0.0663948120071137,0.0319722142205258,0.6466489386066441,0.0205345153808593,0.1918182373046875,subsetted_512x512_HLS.S30.T11SKV.2019187.v1.4,0.0205347503824277,0.0402431183744262,0.0205396082860511,0.5000467360697303,0.0205345153808593,0.9999885559082032,subsetted_512x512_HLS.S30.T11SKV.2019187.v1.4,0.3623373997438835,0.531934893385445,0.5474537833432332,0.991704566847438,0.0205345153808593,0.0565719604492187
CA3535111995620200610,subsetted_512x512_HLS.S30.T10SGE.2020187.v1.4,0.6673135569725533,0.800465580312604,0.6688572287468512,0.975229864247302,0.0303077697753906,0.0385169982910156,subsetted_512x512_HLS.S30.T10SGE.2020187.v1.4,0.0288001936147469,0.0559879241732175,0.0322037290736357,0.5261823633659997,0.0303077697753906,0.1642837524414062,subsetted_512x512_HLS.S30.T10SGE.2020187.v1.4,0.0593459320678479,0.1120425920775557,0.0559998213907107,0.5765488026109067,0.0303077697753906,0.065704345703125,subsetted_512x512_HLS.S30.T10SGE.2020187.v1.4,0.3995575597719731,0.5709769590856587,0.569231298095261,0.8949358216896867,0.0303077697753906,0.032440185546875,subsetted_512x512_HLS.S30.T10SGE.2020187.v1.4,0.6855713094245204,0.8134586838198912,0.9489606484989436,0.9978060384503094,0.0303077697753906,0.0390777587890625
CA3535112000520200728,subsetted_512x512_HLS.S30.T10SGE.2020217.v1.4,0.5463429733793226,0.7066258686264978,0.5880654717668132,0.9183225377270974,0.0568771362304687,0.0765190124511718,subsetted_512x512_HLS.S30.T10SGE.2020217.v1.4,0.0608168290893848,0.1146603775914653,0.0679852707988684,0.5863996011088684,0.0568771362304687,0.8699455261230469,subsetted_512x512_HLS.S30.T10SGE.2020217.v1.4,0.1059413623011694,0.1915858578265554,0.148602848434298,0.6272103513704872,0.0568771362304687,0.0953636169433593,subsetted_512x512_HLS.S30.T10SGE.2020217.v1.4,0.059009775596628,0.1114433066746393,0.0607300713715666,0.5326765198703051,0.0568771362304687,0.9638595581054688,subsetted_512x512_HLS.S30.T10SGE.2020217.v1.4,0.52616165560328,0.6895228348471281,0.6194692390501841,0.967743969581258,0.0568771362304687,0.0922203063964843
CA3540011877020180803,subsetted_512x512_HLS.S30.T11SLV.2018249.v1.4,0.7311429076134959,0.8446938775510204,0.8792544016167437,0.946015655672905,0.0852432250976562,0.0642929077148437,subsetted_512x512_HLS.S30.T11SLV.2018249.v1.4,0.087269844415816,0.1605302397818375,0.1088817221031631,0.562536707061986,0.0852432250976562,0.9610939025878906,subsetted_512x512_HLS.S30.T11SLV.2018249.v1.4,0.1356353805892158,0.2388713541468608,0.2179632891090876,0.6945583648353477,0.0852432250976562,0.4163322448730469,subsetted_512x512_HLS.S30.T11SLV.2018249.v1.4,0.0881947815653725,0.1620937410460726,0.0940413704609467,0.5344481985866252,0.0852432250976562,0.966533660888672,subsetted_512x512_HLS.S30.T11SLV.2018249.v1.4,0.8484887349835407,0.9180350617512374,0.9834659745187024,0.9984026345439988,0.0852432250976562,0.0796966552734375
CA3540811843620210720,subsetted_512x512_HLS.S30.T11SLV.2021216.v1.4,0.3481493074575475,0.5164847921987462,0.7565475902325024,0.931335828173036,0.0501631301716119,0.1158874811448509,subsetted_512x512_HLS.S30.T11SLV.2021216.v1.4,0.0653629102859374,0.1227054361567635,0.0773413777237845,0.6560406160538468,0.0501631301716119,0.7122354857520132,subsetted_512x512_HLS.S30.T11SLV.2021216.v1.4,0.0897778299533354,0.1647635462673704,0.2339589322198726,0.7227270897305103,0.0501631301716119,0.3077304906435087,subsetted_512x512_HLS.S30.T11SLV.2021216.v1.4,0.0300302880587717,0.0583095243060624,0.0357589488899577,0.3372964825469943,0.0501631301716119,0.6430943167086741,subsetted_512x512_HLS.S30.T11SLV.2021216.v1.4,0.2956736789381417,0.4564014593249414,0.7624090846937746,0.9682645362723212,0.0501631301716119,0.149299046278849
CA3546511854420200803,subsetted_512x512_HLS.S30.T11SLV.2020247.v1.4,0.8248203861697351,0.9040017224939252,0.9394628025751746,0.973085363175094,0.132232666015625,0.1158065795898437,subsetted_512x512_HLS.S30.T11SLV.2020247.v1.4,0.1317696995232633,0.2328560299480872,0.1538686153573252,0.5527063336757533,0.132232666015625,0.9744186401367188,subsetted_512x512_HLS.S30.T11SLV.2020247.v1.4,0.1792508550471821,0.3040080136978323,0.2200951064733187,0.6427730348475156,0.132232666015625,0.1952705383300781,subsetted_512x512_HLS.S30.T11SLV.2020247.v1.4,0.1359900510394231,0.2394212007666672,0.133652171299911,0.5099602614930762,0.132232666015625,0.972370147705078,subsetted_512x512_HLS.S30.T11SLV.2020247.v1.4,0.9149483822756082,0.9555854254288976,0.9917190119387294,0.9983985569792244,0.132232666015625,0.1317024230957031
CA3566212040420190612,subsetted_512x512_HLS.S30.T10SGE.2019187.v1.4,0.5436600411240575,0.7043779415682444,0.8843821363195136,0.9742081169102704,0.0336341857910156,0.0522804260253906,subsetted_512x512_HLS.S30.T10SGE.2019187.v1.4,0.0353301830085909,0.0682491123863966,0.0397122124485,0.565249578760108,0.0336341857910156,0.8205337524414062,subsetted_512x512_HLS.S30.T10SGE.2019187.v1.4,0.118540377141212,0.2119554726208094,0.0982212755265449,0.6356691086740466,0.0336341857910156,0.0849342346191406,subsetted_512x512_HLS.S30.T10SGE.2019187.v1.4,0.0346841956193353,0.0670430567436555,0.0372994788141329,0.5220091028591505,0.0336341857910156,0.9697265625,subsetted_512x512_HLS.S30.T10SGE.2019187.v1.4,0.6411069026822293,0.7813103480759267,0.9357295983425816,0.997117383522776,0.0336341857910156,0.0473556518554687
CA3568711855020210818,subsetted_512x512_HLS.S30.T11SLV.2021251.v1.4,0.6508511264792252,0.7885037191297767,0.9399806910272438,0.9369233974047226,0.4685760716560935,0.3227575999176016,subsetted_512x512_HLS.S30.T11SLV.2021251.v1.4,0.3943609780808938,0.5656511968997672,0.4799673050631217,0.525113483670715,0.4685760716560935,0.6654243327064442,subsetted_512x512_HLS.S30.T11SLV.2021251.v1.4,0.2984133681643594,0.4596584962556929,0.5367011459303578,0.5691961036225384,0.4685760716560935,0.3296622809861868,subsetted_512x512_HLS.S30.T11SLV.2021251.v1.4,0.2207907771539267,0.361717636282712,0.7019606502260552,0.71478353622542,0.4685760716560935,0.1228117692386921,subsetted_512x512_HLS.S30.T11SLV.2021251.v1.4,0.734471485652016,0.8469109947643979,0.9751245436982132,0.9780429324883744,0.4685760716560935,0.369331771832716
CA3572011963220190507,subsetted_512x512_HLS.S30.T11SKV.2019152.v1.4,0.4989139179404666,0.6657005608780828,0.6856959632681698,0.9422753732375097,0.0586785404957857,0.083498353612704,subsetted_512x512_HLS.S30.T11SKV.2019152.v1.4,0.0603713590327392,0.1138683321054794,0.0966237347836753,0.6095725390195048,0.0586785404957857,0.971959906749234,subsetted_512x512_HLS.S30.T11SKV.2019152.v1.4,0.1496536960080594,0.2603456963217736,0.1526207465696685,0.6711540535123742,0.0586785404957857,0.1154874870750012,subsetted_512x512_HLS.S30.T11SKV.2019152.v1.4,0.0586792121669986,0.1108536211774458,0.0586886171787944,0.5000182400389122,0.0586785404957857,0.9999885535066332,subsetted_512x512_HLS.S30.T11SKV.2019152.v1.4,0.6876371616678859,0.8149111400086693,0.8682698178916824,0.9931311025459966,0.0586785404957857,0.0821591138887935
CA3580012036020180806,subsetted_512x512_HLS.S30.T10SGE.2018247.v1.4,0.7905750397589353,0.8830403889304412,0.9301711115738992,0.9725758544101276,0.0397796630859375,0.0418243408203125,subsetted_512x512_HLS.S30.T10SGE.2018247.v1.4,0.0408092983211364,0.0784183968897344,0.0548046176471805,0.5782778742423551,0.0397796630859375,0.9747695922851562,subsetted_512x512_HLS.S30.T10SGE.2018247.v1.4,0.1806381610673525,0.3060008849858742,0.2513827950220355,0.792155460416441,0.0397796630859375,0.0722923278808593,subsetted_512x512_HLS.S30.T10SGE.2018247.v1.4,0.0397801183332634,0.0765164050203801,0.0397880109428476,0.5000337682149725,0.0397796630859375,0.9999885559082032,subsetted_512x512_HLS.S30.T10SGE.2018247.v1.4,0.6934282293468139,0.81896382418791,0.985967024783132,0.9993836495020848,0.0397796630859375,0.0573387145996093
CA3595912083320210530,subsetted_512x512_HLS.S30.T10SFE.2021166.v1.4,0.7487373737373737,0.8563176895306859,0.8614420466550868,0.9441111449308586,0.0211410522460937,0.0158424377441406,subsetted_512x512_HLS.S30.T10SFE.2021166.v1.4,0.0214136009612206,0.0419293436881376,0.0360808134348907,0.6947838383991636,0.0211410522460937,0.9809036254882812,subsetted_512x512_HLS.S30.T10SFE.2021166.v1.4,0.0757853635449328,0.1408930928288605,0.1735466953815104,0.7795152937917039,0.0211410522460937,0.1869583129882812,subsetted_512x512_HLS.S30.T10SFE.2021166.v1.4,0.0220375377763639,0.0431247130595824,0.0229803583999137,0.4990159028692201,0.0211410522460937,0.959320068359375,subsetted_512x512_HLS.S30.T10SFE.2021166.v1.4,0.809177888022679,0.8945255117030653,0.9815353327779212,0.999555775118108,0.0211410522460937,0.0178108215332031
CA3602211875920210618,subsetted_512x512_HLS.S30.T11SLV.2021186.v1.4,0.4575311438278596,0.6278166278166278,0.5763591881908956,0.9490158560373172,0.0235521206063889,0.0206338549335856,subsetted_512x512_HLS.S30.T11SLV.2021186.v1.4,0.0241763061235677,0.0472112193555293,0.0360088704958602,0.6558630332643418,0.0235521206063889,0.9741819319300228,subsetted_512x512_HLS.S30.T11SLV.2021186.v1.4,0.1189415365541823,0.21259651674111,0.183534380683885,0.8295626585120799,0.0235521206063889,0.086620991676267,subsetted_512x512_HLS.S30.T11SLV.2021186.v1.4,0.0199787640134711,0.0391748626899987,0.0595779592562695,0.4922620959857997,0.0235521206063889,0.5737577343577145,subsetted_512x512_HLS.S30.T11SLV.2021186.v1.4,0.5867199201198202,0.7395381033289283,0.8365166450819834,0.9958485694230366,0.0235521206063889,0.0370676961341562
CA3604711863120210910,subsetted_512x512_HLS.S30.T11SLV.2021331.v1.4,0.6506200826776903,0.7883341412182905,0.9795963107805168,0.8676222256954482,0.8763499311444517,0.5874236580797504,subsetted_512x512_HLS.S30.T11SLV.2021331.v1.4,0.7765697537102213,0.8742350274605527,0.8831588524157739,0.5055661720022622,0.8763499311444517,0.8739924392411775,subsetted_512x512_HLS.S30.T11SLV.2021331.v1.4,0.3286409817843241,0.4947024610711154,0.8738592354851966,0.4786394128487837,0.8763499311444517,0.3593267796584307,subsetted_512x512_HLS.S30.T11SLV.2021331.v1.4,0.8720199264618669,0.9316353038078946,0.8917480394329953,0.5579834057861748,0.8763499311444517,0.9900855639860686,subsetted_512x512_HLS.S30.T11SLV.2021331.v1.4,0.8757085124235834,0.9337362459288406,0.9941881826199928,0.9612223007056164,0.8763499311444517,0.7950393487523985
CA3605412006420200503,subsetted_512x512_HLS.S30.T10SGE.2020162.v1.4,0.2118658392292275,0.349652300396517,0.8664614339782175,0.9808313073037136,0.0349697300307849,0.1564806726151193,subsetted_512x512_HLS.S30.T10SGE.2020162.v1.4,0.0370037514944139,0.0713666685218608,0.0515245625694662,0.5770128362102283,0.0349697300307849,0.9246130899019992,subsetted_512x512_HLS.S30.T10SGE.2020162.v1.4,0.1097752769720057,0.1978333438306985,0.138241921878407,0.7245123756456874,0.0349697300307849,0.0861635532022842,subsetted_512x512_HLS.S30.T10SGE.2020162.v1.4,0.0415345114031113,0.0797563805104408,0.2195986571011516,0.6490790804040536,0.0349697300307849,0.7016109650913058,subsetted_512x512_HLS.S30.T10SGE.2020162.v1.4,0.1934493563685637,0.3241852791427912,0.9638827486559072,0.9971661189613048,0.0349697300307849,0.1800634009941215
CA3606211763420200821,subsetted_512x512_HLS.S30.T11SMV.2020249.v1.4,0.7506956881916774,0.8575970035855671,0.9680250480824326,0.9302886805797594,0.6479263305664062,0.4968338012695312,subsetted_512x512_HLS.S30.T11SMV.2020249.v1.4,0.6303087040799282,0.7732384701161804,0.681894724014099,0.5435394680394421,0.6479263305664062,0.9530715942382812,subsetted_512x512_HLS.S30.T11SMV.2020249.v1.4,0.2376114885533052,0.383983973566792,0.7062727824634752,0.5739725538166583,0.6479263305664062,0.2318153381347656,subsetted_512x512_HLS.S30.T11SMV.2020249.v1.4,0.6516100281975828,0.789060392069296,0.6893997626826137,0.6045090221819268,0.6479263305664062,0.9921035766601562,subsetted_512x512_HLS.S30.T11SMV.2020249.v1.4,0.8573060015838948,0.9231715192357012,0.9873842253515952,0.9779728909150374,0.6479263305664062,0.5866737365722656
CA3606611745820200728,subsetted_512x512_HLS.S30.T11SMV.2020234.v1.4,0.6148705244960881,0.7615106166953605,0.7416349447349168,0.9342812956989824,0.1603225337788754,0.1861145308425793,subsetted_512x512_HLS.S30.T11SMV.2020234.v1.4,0.1600602839178064,0.2759516658517846,0.1778403655939882,0.525669737606482,0.1603225337788754,0.9344418361026786,subsetted_512x512_HLS.S30.T11SMV.2020234.v1.4,0.1671398922828149,0.2864093557044051,0.2804760648058376,0.6399561054519003,0.1603225337788754,0.1901442914273916,subsetted_512x512_HLS.S30.T11SMV.2020234.v1.4,0.1769335505903886,0.3006687174507565,0.3210264615800582,0.6746382696408081,0.1603225337788754,0.8476490514387086,subsetted_512x512_HLS.S30.T11SMV.2020234.v1.4,0.6019673084377827,0.7515350722416592,0.5796671849341011,0.9410044107467176,0.1603225337788754,0.2188764079310582
CA3607512023120200815,subsetted_512x512_HLS.S30.T10SGE.2020247.v1.4,0.5688492495105504,0.7251802551303383,0.7842710226265097,0.9410786453895804,0.03424072265625,0.020782470703125,subsetted_512x512_HLS.S30.T10SGE.2020247.v1.4,0.0351939273223443,0.0679948488750852,0.0501156930036965,0.620083376756339,0.03424072265625,0.9729156494140624,subsetted_512x512_HLS.S30.T10SGE.2020247.v1.4,0.0942137057290489,0.172203483169271,0.1926242503840959,0.7792064425289013,0.03424072265625,0.2428398132324218,subsetted_512x512_HLS.S30.T10SGE.2020247.v1.4,0.0342411145147077,0.0662149551669574,0.03426084965075,0.5001520729318081,0.03424072265625,0.9999885559082032,subsetted_512x512_HLS.S30.T10SGE.2020247.v1.4,0.4252326336290846,0.5967203158214394,0.7001323504691862,0.9706662465131336,0.03424072265625,0.0160064697265625
CA3609512052220200713,subsetted_512x512_HLS.S30.T10SGF.2020217.v1.4,0.7494064703589526,0.8567551144419688,0.9740712507207036,0.9740770687469644,0.4297125941298095,0.3236310645537846,subsetted_512x512_HLS.S30.T10SGF.2020217.v1.4,0.4197336451013843,0.5912850576579958,0.4625809396935829,0.5252779367387781,0.4297125941298095,0.9322379815211836,subsetted_512x512_HLS.S30.T10SGF.2020217.v1.4,0.2486577318742571,0.3982800498916825,0.5320004670785762,0.5566224417180018,0.4297125941298095,0.2676147677940627,subsetted_512x512_HLS.S30.T10SGF.2020217.v1.4,0.3129825184133463,0.476750473100838,0.4399091054489402,0.5033225657618351,0.4297125941298095,0.5298278006240987,subsetted_512x512_HLS.S30.T10SGF.2020217.v1.4,0.917378527984692,0.9569091492319208,0.9926399713040536,0.9942407337348744,0.4297125941298095,0.4265386933599859
CA3612312160220200819,subsetted_512x512_HLS.S30.T10SFE.2020267.v1.4,0.740874137258764,0.8511518683658178,0.9962009499382616,0.9346637579502164,0.9486371526122036,0.703484845594827,subsetted_512x512_HLS.S30.T10SFE.2020267.v1.4,0.4648046395660568,0.6346302121267905,0.937873134693174,0.4393647814192607,0.9486371526122036,0.4812482117992637,subsetted_512x512_HLS.S30.T10SFE.2020267.v1.4,0.222556618457876,0.3640839452304586,0.9507659440530396,0.4835858470868212,0.9486371526122036,0.2229156732218132,subsetted_512x512_HLS.S30.T10SFE.2020267.v1.4,0.1001768346595932,0.1821104235313027,0.9723571420558086,0.6876778257435182,0.9486371526122036,0.0956568180517672,subsetted_512x512_HLS.S30.T10SFE.2020267.v1.4,0.8877323717948717,0.9405277835552592,0.9986384217966155,0.9761398689909712,0.9486371526122036,0.8488259866099529
CA3620712156020210618,subsetted_512x512_HLS.S30.T10SFF.2021189.v1.4,0.2705532320992506,0.4258825608624574,0.603453466606371,0.8968829896901489,0.0530251296157118,0.1196661084003189,subsetted_512x512_HLS.S30.T10SFF.2021189.v1.4,0.0564903997349915,0.1069397313012244,0.1046559763324216,0.636493757054376,0.0530251296157118,0.9081912551836748,subsetted_512x512_HLS.S30.T10SFF.2021189.v1.4,0.0613085279355279,0.1155338458549582,0.1075382013593714,0.6143704490397872,0.0530251296157118,0.634271958370371,subsetted_512x512_HLS.S30.T10SFF.2021189.v1.4,0.0530281641778517,0.1007155667469792,0.0530498208008427,0.4998146820185157,0.0530251296157118,0.9999427745201644,subsetted_512x512_HLS.S30.T10SFF.2021189.v1.4,0.3241643202656848,0.4896134343819857,0.8672613157958312,0.9841993161617674,0.0530251296157118,0.1568893755174137
CA3641012100020180604,subsetted_512x512_HLS.S30.T10SFF.2018190.v1.4,0.5385217488538522,0.7000508757903917,0.619375108948254,0.9350725891955276,0.0253219604492187,0.0271644592285156,subsetted_512x512_HLS.S30.T10SFF.2018190.v1.4,0.0243712916235562,0.0475829258840892,0.0278267050201473,0.527771366438514,0.0253219604492187,0.899993896484375,subsetted_512x512_HLS.S30.T10SFF.2018190.v1.4,0.113101456400172,0.2032185938664532,0.1998702981184907,0.7957444262329928,0.0253219604492187,0.1128730773925781,subsetted_512x512_HLS.S30.T10SFF.2018190.v1.4,0.1982890589824403,0.3309536334260163,0.3370284798864308,0.9019039376972464,0.0253219604492187,0.076202392578125,subsetted_512x512_HLS.S30.T10SFF.2018190.v1.4,0.6127668798092555,0.7598951683354613,0.8423308434082124,0.991194159476168,0.0253219604492187,0.0314445495605468
CA3656312164020200816,subsetted_512x512_HLS.S30.T10SFF.2020250.v1.4,0.6792095054189934,0.8089633881026873,0.9311333349817248,0.9063722774561516,0.61053466796875,0.4941177368164062,subsetted_512x512_HLS.S30.T10SFF.2020250.v1.4,0.6016042266681535,0.7512520467302733,0.6244784529781872,0.5064907556583321,0.61053466796875,0.9783554077148438,subsetted_512x512_HLS.S30.T10SFF.2020250.v1.4,0.416727608437453,0.5882960224048617,0.705934896661144,0.6064802575209944,0.61053466796875,0.4314689636230469,subsetted_512x512_HLS.S30.T10SFF.2020250.v1.4,0.6202067709828504,0.7655896544693741,0.6376594986069873,0.5517409819391785,0.61053466796875,0.9611358642578124,subsetted_512x512_HLS.S30.T10SFF.2020250.v1.4,0.8336181735453728,0.9092603744579378,0.9600021287395624,0.9410471881624471,0.61053466796875,0.6500358581542969
CA3667512102020200715,subsetted_512x512_HLS.S30.T10SFF.2020215.v1.4,0.8482866486563344,0.9179167628279098,0.9315511580482588,0.9804362859663452,0.0267410278320312,0.0228462219238281,subsetted_512x512_HLS.S30.T10SFF.2020215.v1.4,0.0343704301896675,0.066456714512547,0.042632503917002,0.6797042024863285,0.0267410278320312,0.6963996887207031,subsetted_512x512_HLS.S30.T10SFF.2020215.v1.4,0.0518236402852534,0.0985405505265102,0.1112396900061,0.6479836368496331,0.0267410278320312,0.17974853515625,subsetted_512x512_HLS.S30.T10SFF.2020215.v1.4,0.2643270654759233,0.4181308344869201,0.5162637275248595,0.955915963413011,0.0267410278320312,0.0807304382324218,subsetted_512x512_HLS.S30.T10SFF.2020215.v1.4,0.8362460437594605,0.9108213429256596,0.981456794701034,0.999394850181215,0.0267410278320312,0.0241622924804687
CA3686012078020180502,subsetted_512x512_HLS.S30.T10SFF.2018155.v1.4,0.8750865051903114,0.933382542904595,0.9299734377401054,0.970084489587867,0.031585693359375,0.0304298400878906,subsetted_512x512_HLS.S30.T10SFF.2018155.v1.4,0.0320606980772633,0.0621294816031511,0.0413682568235548,0.6039748476056486,0.031585693359375,0.9252586364746094,subsetted_512x512_HLS.S30.T10SFF.2018155.v1.4,0.1220481200139846,0.2175452511118035,0.2228668553935826,0.8179739380502109,0.031585693359375,0.1030845642089843,subsetted_512x512_HLS.S30.T10SFF.2018155.v1.4,0.0373856588953121,0.0720766834874568,0.0519336121307459,0.6638298618389915,0.031585693359375,0.7583808898925781,subsetted_512x512_HLS.S30.T10SFF.2018155.v1.4,0.7138433515482696,0.8330322032096928,0.9637444411338052,0.9981905271162724,0.031585693359375,0.0401992797851562
CA3702412151420200705,subsetted_512x512_HLS.S30.T10SFG.2020215.v1.4,0.5050870887475809,0.6711732397729568,0.7579660037030217,0.9262798202969448,0.0994231913692338,0.1082546198098667,subsetted_512x512_HLS.S30.T10SFG.2020215.v1.4,0.1011127445613925,0.1836555703506436,0.1300249878519994,0.5626730847309028,0.0994231913692338,0.9749401065112232,subsetted_512x512_HLS.S30.T10SFG.2020215.v1.4,0.1385254732953671,0.243341895362985,0.2299277127647231,0.6088578786241334,0.0994231913692338,0.2392000976607205,subsetted_512x512_HLS.S30.T10SFG.2020215.v1.4,0.0994300189993666,0.1808755760368663,0.0998861706979614,0.501762189181175,0.0994231913692338,0.9999313323058612,subsetted_512x512_HLS.S30.T10SFG.2020215.v1.4,0.645324115984967,0.784434033046001,0.8457762579258868,0.979111380171127,0.0994231913692338,0.129381380373247
CA3706812121320200628,subsetted_512x512_HLS.S30.T10SFG.2020185.v1.4,0.8638729115310874,0.9269654665686996,0.9533164771191582,0.983337515492979,0.0388170907345175,0.0395890542486797,subsetted_512x512_HLS.S30.T10SFG.2020185.v1.4,0.0381294311916481,0.0734579524402466,0.0425839572636096,0.526494383219566,0.0388170907345175,0.9728622179548728,subsetted_512x512_HLS.S30.T10SFG.2020185.v1.4,0.046848770744353,0.0895043716983908,0.1365023904640395,0.6935973576664195,0.0388170907345175,0.7180259241478637,subsetted_512x512_HLS.S30.T10SFG.2020185.v1.4,0.0403851916968013,0.07763507596823,0.0891052879932804,0.5993370090937196,0.0388170907345175,0.9611713874219876,subsetted_512x512_HLS.S30.T10SFG.2020185.v1.4,0.5919648844723526,0.7436908819362004,0.939629440951185,0.9966621802996396,0.0388170907345175,0.0614728756601056
CA3735012030020180615,subsetted_512x512_HLS.S30.T10SGG.2018187.v1.4,0.9106802591463414,0.953252387244758,0.9614787212400924,0.9821384743514958,0.0798416137695312,0.0731620788574218,subsetted_512x512_HLS.S30.T10SGG.2018187.v1.4,0.0812179361660466,0.1502341636211511,0.1193590832792197,0.6045356417796045,0.0798416137695312,0.9733543395996094,subsetted_512x512_HLS.S30.T10SGG.2018187.v1.4,0.1465507434793207,0.2556376057715476,0.2071595041983331,0.6701439197602987,0.0798416137695312,0.1892967224121093,subsetted_512x512_HLS.S30.T10SGG.2018187.v1.4,0.0798425274947452,0.1478780941883838,0.0798641584309535,0.5000642582934655,0.0798416137695312,0.9999885559082032,subsetted_512x512_HLS.S30.T10SGG.2018187.v1.4,0.6413657577990666,0.7815025441484585,0.976227406984392,0.9979209001017076,0.0798416137695312,0.1240768432617187
CA3756511912720180611,subsetted_512x512_HLS.S30.T11SLB.2018197.v1.4,0.173573830632834,0.295803853327637,0.3823062978266262,0.5796023669104303,0.2445666274934753,0.1216098655392927,subsetted_512x512_HLS.S30.T11SLB.2018197.v1.4,0.2439644218551461,0.3922369765066394,0.2803003754511327,0.5689156351422437,0.2445666274934753,0.9731879855313564,subsetted_512x512_HLS.S30.T11SLB.2018197.v1.4,0.2695601851851852,0.4246512899990883,0.4144070545885124,0.6275606715258357,0.2445666274934753,0.3832282779566856,subsetted_512x512_HLS.S30.T11SLB.2018197.v1.4,0.2448188408564859,0.3933405132075935,0.2492921482910437,0.5058362417734498,0.2445666274934753,0.9989697959432854,subsetted_512x512_HLS.S30.T11SLB.2018197.v1.4,0.1740243584922035,0.2964578328097086,0.4082117520909675,0.6689562797403662,0.2445666274934753,0.065124158666687
CA3761912020720170716,subsetted_512x512_HLS.S30.T10SGG.2019307.v1.4,0.2748988484282602,0.4312480927677754,0.387889111737253,0.9296090030243004,0.0188789367675781,0.0436248779296875,subsetted_512x512_HLS.S30.T10SGG.2019307.v1.4,0.0223610311774395,0.0437439035634733,0.0305896902611391,0.6583160134851015,0.0188789367675781,0.7671890258789062,subsetted_512x512_HLS.S30.T10SGG.2019307.v1.4,0.0174725519839401,0.0343450090125201,0.0184139738715264,0.5160951898128185,0.0188789367675781,0.1377296447753906,subsetted_512x512_HLS.S30.T10SGG.2019307.v1.4,0.2102916689047644,0.347505769572164,0.2084378858928434,0.9560719580786248,0.0188789367675781,0.0670738220214843,subsetted_512x512_HLS.S30.T10SGG.2019307.v1.4,0.477010633518047,0.6459136077874671,0.6029805946853041,0.9897722048040932,0.0188789367675781,0.0187416076660156
CA3765211988120180713,subsetted_512x512_HLS.S30.T11SKB.2018222.v1.4,0.5237840022891506,0.6874780172285314,0.9855157183358229,0.9302604302644496,0.8388938903808594,0.4408988952636719,subsetted_512x512_HLS.S30.T11SKB.2018222.v1.4,0.7950462541527593,0.8858225823579257,0.8446473558589767,0.5223809489348976,0.8388938903808594,0.92132568359375,subsetted_512x512_HLS.S30.T11SKB.2018222.v1.4,0.2643707026446596,0.4181854294657105,0.8587938144841308,0.5224532031377233,0.8388938903808594,0.2750511169433594,subsetted_512x512_HLS.S30.T11SKB.2018222.v1.4,0.6364848734627543,0.7778683247049767,0.7990929473815167,0.3829952816448946,0.8388938903808594,0.7667083740234375,subsetted_512x512_HLS.S30.T11SKB.2018222.v1.4,0.6459295867243998,0.7848811904643846,0.991964976028962,0.9616017199458442,0.8388938903808594,0.5459098815917969
CA3780512029420200820,subsetted_512x512_HLS.S30.T10SGG.2020247.v1.4,0.6487496602337591,0.7869595680666035,0.8373578100307189,0.9484321726130474,0.0540657043457031,0.0384902954101562,subsetted_512x512_HLS.S30.T10SGG.2020247.v1.4,0.0556070799798792,0.1053556404357181,0.0871838037038716,0.6600355165654346,0.0540657043457031,0.9706153869628906,subsetted_512x512_HLS.S30.T10SGG.2020247.v1.4,0.1268682017234072,0.2251695478306652,0.2385379539196905,0.7938023133051166,0.0540657043457031,0.2502365112304687,subsetted_512x512_HLS.S30.T10SGG.2020247.v1.4,0.0550288451287073,0.1043172333776222,0.0521080496009124,0.480612314968449,0.0540657043457031,0.9651641845703124,subsetted_512x512_HLS.S30.T10SGG.2020247.v1.4,0.7997969414302938,0.8887635299509925,0.9661343628692648,0.997284784022572,0.0540657043457031,0.0541305541992187
CA3781211964620200725,subsetted_512x512_HLS.S30.T11SKB.2020222.v1.4,0.025588685572647,0.0499004833665055,0.1136855909808043,0.482670658853872,0.1204434559348092,0.0405649256265188,subsetted_512x512_HLS.S30.T11SKB.2020222.v1.4,0.12182576694778,0.2171919571418632,0.1374319073599403,0.5444606697219802,0.1204434559348092,0.9762172720440404,subsetted_512x512_HLS.S30.T11SKB.2020222.v1.4,0.1262823924773265,0.2242464115940954,0.2104246748600495,0.5805351230350534,0.1204434559348092,0.2912602099014584,subsetted_512x512_HLS.S30.T11SKB.2020222.v1.4,0.1205239207781697,0.2151206565844119,0.1222521249201339,0.5049207987785835,0.1204434559348092,0.9993323744959428,subsetted_512x512_HLS.S30.T11SKB.2020222.v1.4,0.0,0.0,0.1030131133785285,0.4664998790222044,0.1204434559348092,0.0001945651468966
CA3782611887220190726,subsetted_512x512_HLS.S30.T11SLB.2019237.v1.4,0.2530990527423693,0.4039569772053848,0.3722135043034447,0.7449039425870021,0.1032226558774269,0.0602984209100655,subsetted_512x512_HLS.S30.T11SLB.2019237.v1.4,0.1118497947581512,0.2011958724739086,0.1112331965381941,0.556953058659826,0.1032226558774269,0.8040883130558194,subsetted_512x512_HLS.S30.T11SLB.2019237.v1.4,0.112214352944807,0.2017854789370365,0.146744156383462,0.57963130705036,0.1032226558774269,0.4467805869987372,subsetted_512x512_HLS.S30.T11SLB.2019237.v1.4,0.1106639098021265,0.199275242178063,0.1071953842810903,0.5297727613312117,0.1032226558774269,0.7021742530893165,subsetted_512x512_HLS.S30.T11SLB.2019237.v1.4,0.0363219895287958,0.0700978844332175,0.2280580245716721,0.5647908139501133,0.1032226558774269,0.0055205197758218
CA3792911898320200817,subsetted_512x512_HLS.S30.T11SLC.2020247.v1.4,0.8596807105989677,0.924546569418447,0.9544199326623396,0.9854549918532176,0.0623028240742506,0.0559016399696344,subsetted_512x512_HLS.S30.T11SLC.2020247.v1.4,0.0643079510983732,0.1208446315411005,0.0959800649520961,0.6309426813047747,0.0623028240742506,0.9562560321051046,subsetted_512x512_HLS.S30.T11SLC.2020247.v1.4,0.0783800243605359,0.1453662393403738,0.1323446783577854,0.5740949608250094,0.0623028240742506,0.0727934416473702,subsetted_512x512_HLS.S30.T11SLC.2020247.v1.4,0.0584497369875817,0.1104440483946522,0.0758783544115455,0.4837549737615898,0.0623028240742506,0.6461877095739283,subsetted_512x512_HLS.S30.T11SLC.2020247.v1.4,0.8308644832773985,0.9076198603078284,0.9760344477947076,0.9982304072131938,0.0623028240742506,0.0584003143370501
CA3802612076120200818,subsetted_512x512_HLS.S30.T10SFH.2020245.v1.4,0.4734030461468516,0.6425981640052457,0.7576459969620428,0.9537141827227982,0.0320777893066406,0.0173721313476562,subsetted_512x512_HLS.S30.T10SFH.2020245.v1.4,0.0314564438745483,0.0609942262930383,0.0603245777708861,0.6485586924873137,0.0320777893066406,0.9774742126464844,subsetted_512x512_HLS.S30.T10SFH.2020245.v1.4,0.057129422828259,0.1080840653841877,0.1559974336093277,0.7677266085168027,0.0320777893066406,0.4138946533203125,subsetted_512x512_HLS.S30.T10SFH.2020245.v1.4,0.0332912359603941,0.0644372753814205,0.0624505236525437,0.6378779458015338,0.0320777893066406,0.9635505676269532,subsetted_512x512_HLS.S30.T10SFH.2020245.v1.4,0.4490426923534308,0.6197784160853509,0.8200018957837417,0.9001675050849243,0.0320777893066406,0.014404296875
CA3805012095020180629,subsetted_512x512_HLS.S30.T10SFH.2018185.v1.4,0.919359328891446,0.9579856309891024,0.9714505495257876,0.98077388423227,0.2049522399902343,0.1895523071289062,subsetted_512x512_HLS.S30.T10SFH.2018185.v1.4,0.2055401370672147,0.3409926069607998,0.2284361749468491,0.5456990162404026,0.2049522399902343,0.9317626953125,subsetted_512x512_HLS.S30.T10SFH.2018185.v1.4,0.219337159727075,0.3597645786111683,0.296561646097321,0.6168541495353647,0.2049522399902343,0.3874549865722656,subsetted_512x512_HLS.S30.T10SFH.2018185.v1.4,0.2119274518265717,0.3497362016301595,0.2309490665553552,0.5486906086077391,0.2049522399902343,0.9627456665039062,subsetted_512x512_HLS.S30.T10SFH.2018185.v1.4,0.9148413014493256,0.9555270201837516,0.9928202250530772,0.9981563903126855,0.2049522399902343,0.2168922424316406
CA3831012199020180810,subsetted_512x512_HLS.S30.T10SEH.2018245.v1.4,0.8366669826523842,0.9110709677419356,0.9276321187703604,0.9740360465922004,0.0378025751072961,0.0361125417262756,subsetted_512x512_HLS.S30.T10SEH.2018245.v1.4,0.0323512884322067,0.0626749611197511,0.0331316854077196,0.4614610983789193,0.0378025751072961,0.3546819265617549,subsetted_512x512_HLS.S30.T10SEH.2018245.v1.4,0.0514428031604259,0.0978518337008903,0.0537644495349801,0.5062826006634044,0.0378025751072961,0.0556108726752503,subsetted_512x512_HLS.S30.T10SEH.2018245.v1.4,0.2518166804293972,0.4023219763184801,0.3376062649576589,0.8281494187825105,0.0378025751072961,0.077863614687649,subsetted_512x512_HLS.S30.T10SEH.2018245.v1.4,0.8536074624024367,0.9210229023313136,0.9769317555889244,0.9988441281788548,0.0378025751072961,0.0364902241297091
CA3847012204820200606,subsetted_512x512_HLS.S30.T10SEH.2020190.v1.4,0.5014031805425632,0.6679127725856698,0.6800711816210556,0.9398001166493136,0.0316656111462951,0.0295672875161189,subsetted_512x512_HLS.S30.T10SEH.2020190.v1.4,0.0325305218601187,0.0630112547210992,0.0575418411692942,0.6131002139789112,0.0316656111462951,0.9734123320387312,subsetted_512x512_HLS.S30.T10SEH.2020190.v1.4,0.0724752576528655,0.1351551136228151,0.0891383645524661,0.5664800753915139,0.0316656111462951,0.1283296580877023,subsetted_512x512_HLS.S30.T10SEH.2020190.v1.4,0.0316662152005463,0.0613884892884482,0.0316962052386571,0.500295491974438,0.0316656111462951,0.9999809243306348,subsetted_512x512_HLS.S30.T10SEH.2020190.v1.4,0.5242109591857715,0.6878456765142318,0.7283764147353449,0.9840794591922496,0.0316656111462951,0.0248975636555086
CA3852112120220200612,subsetted_512x512_HLS.S30.T10SFH.2020185.v1.4,0.9127882599580712,0.954405962297238,0.9700243013876012,0.9864159728952648,0.0889035546162708,0.0851269178829471,subsetted_512x512_HLS.S30.T10SFH.2020185.v1.4,0.0900578929493811,0.1652350641775742,0.1084322477972203,0.5596594196269994,0.0889035546162708,0.9640952475413712,subsetted_512x512_HLS.S30.T10SFH.2020185.v1.4,0.1287562228842193,0.2281382290947092,0.198087322157673,0.6465377956093525,0.0889035546162708,0.1264677383668144,subsetted_512x512_HLS.S30.T10SFH.2020185.v1.4,0.0925933283537021,0.1694927581028156,0.1562520006694501,0.5716950759530348,0.0889035546162708,0.9601507602865668,subsetted_512x512_HLS.S30.T10SFH.2020185.v1.4,0.9213803631688896,0.9590816902586404,0.995268084506198,0.9995279972056572,0.0889035546162708,0.0935461474490535
CA3855412253120200927,subsetted_512x512_HLS.S30.T10SEH.2020285.v1.4,0.5290647241693291,0.6920108950348662,0.9482980249046596,0.8754551999445241,0.7031821130146133,0.3796482124461063,subsetted_512x512_HLS.S30.T10SEH.2020285.v1.4,0.5100474534459425,0.6755383114378417,0.7011599546245784,0.5041903560557388,0.7031821130146133,0.6420962264870846,subsetted_512x512_HLS.S30.T10SEH.2020285.v1.4,0.2085363711640278,0.3451056602676699,0.722642968095522,0.528730818430505,0.7031821130146133,0.2156587431798237,subsetted_512x512_HLS.S30.T10SEH.2020285.v1.4,0.7008944625955483,0.8241480915000338,0.7109516584843811,0.5197175747189753,0.7031821130146133,0.9931435766339808,subsetted_512x512_HLS.S30.T10SEH.2020285.v1.4,0.8278423398269995,0.9058137256032188,0.9833958965853876,0.9597392824961508,0.7031821130146133,0.6206837345949865
CA3867312307820200817,subsetted_512x512_HLS.S30.T10SDH.2020248.v1.4,0.327071446082555,0.4929221362543105,0.9663237486451336,0.8806846165719955,0.7933661402304112,0.2597810330357824,subsetted_512x512_HLS.S30.T10SDH.2020248.v1.4,0.7869144008903746,0.8807522067070195,0.7986206728608097,0.5106430187510127,0.7933661402304112,0.988933394369421,subsetted_512x512_HLS.S30.T10SDH.2020248.v1.4,0.4561301032956222,0.6264963580703051,0.836761054599916,0.5715089596043612,0.7933661402304112,0.4714351110093843,subsetted_512x512_HLS.S30.T10SDH.2020248.v1.4,0.7836802969629147,0.8787228275126353,0.7981344747625151,0.5582299236697689,0.7933661402304112,0.9516861219195848,subsetted_512x512_HLS.S30.T10SDH.2020248.v1.4,0.4051148019851927,0.5766287586079559,0.9560684143888778,0.8229726483255603,0.7933661402304112,0.322304875257496
CA3873012240020180908,subsetted_512x512_HLS.S30.T10SEH.2018280.v1.4,0.5911208151382824,0.7430244259445613,0.7746919596028137,0.9136370771608175,0.0427322387695312,0.0406646728515625,subsetted_512x512_HLS.S30.T10SEH.2018280.v1.4,0.0435648239228801,0.0834923196416586,0.0662039189528078,0.6190657215467146,0.0427322387695312,0.9690093994140624,subsetted_512x512_HLS.S30.T10SEH.2018280.v1.4,0.144901435872475,0.2531247342913018,0.2167459302493696,0.7451961928716656,0.0427322387695312,0.1367263793945312,subsetted_512x512_HLS.S30.T10SEH.2018280.v1.4,0.0427906763539685,0.0820695415183085,0.0437168279737745,0.5067665038136302,0.0427322387695312,0.9986343383789062,subsetted_512x512_HLS.S30.T10SEH.2018280.v1.4,0.70244702320888,0.8252204193524487,0.9433800712077822,0.9983104234570688,0.0427322387695312,0.06024169921875
CA3879612276720191023,subsetted_512x512_HLS.S30.T10SEH.2019305.v1.4,0.5780462247177682,0.7326100030069159,0.9665408602987636,0.8945252082362868,0.7667053240352188,0.4512459371614301,subsetted_512x512_HLS.S30.T10SEH.2019305.v1.4,0.7050307692905764,0.8270006406792568,0.759529838074333,0.4850225108608316,0.7667053240352188,0.9064860451986022,subsetted_512x512_HLS.S30.T10SEH.2019305.v1.4,0.2036854590323876,0.3384363539559998,0.805850648809677,0.5459946699830686,0.7667053240352188,0.1934254497733966,subsetted_512x512_HLS.S30.T10SEH.2019305.v1.4,0.7640806823977357,0.8662650070621469,0.8011585517258055,0.5529265804514254,0.7667053240352188,0.9618894297529488,subsetted_512x512_HLS.S30.T10SEH.2019305.v1.4,0.8323796418211878,0.9085231278752828,0.990569528391382,0.9668901224628792,0.7667053240352188,0.6454877695206995
CA3881012220020180630,subsetted_512x512_HLS.S30.T10SEH.2018190.v1.4,0.7481262260867889,0.855917856414159,0.993041271921486,0.9745024334655582,0.7910652160644531,0.5924568176269531,subsetted_512x512_HLS.S30.T10SEH.2018190.v1.4,0.4663908243112873,0.6361071231202431,0.8039472747511569,0.5413402117937269,0.7910652160644531,0.5135574340820312,subsetted_512x512_HLS.S30.T10SEH.2018190.v1.4,0.1484478095255922,0.2585190346384376,0.8289990027915877,0.5964638928684923,0.7910652160644531,0.1451416015625,subsetted_512x512_HLS.S30.T10SEH.2018190.v1.4,0.744389574541074,0.8534671215710666,0.8096649065403078,0.5580877024876391,0.7910652160644531,0.8771324157714844,subsetted_512x512_HLS.S30.T10SEH.2018190.v1.4,0.9122180307879896,0.9540941630093108,0.9966531343702552,0.9879799618796156,0.7910652160644531,0.7404365539550781
CA3892812226620190608,subsetted_512x512_HLS.S30.T10SEJ.2019185.v1.4,0.452903560318009,0.6234461428656397,0.728099753462648,0.9207720658907004,0.0423851013183593,0.0217514038085937,subsetted_512x512_HLS.S30.T10SEJ.2019185.v1.4,0.0450208066162422,0.0861625076385201,0.0571623037682046,0.5541847094465735,0.0423851013183593,0.7192039489746094,subsetted_512x512_HLS.S30.T10SEJ.2019185.v1.4,0.1231762295081967,0.2193355348378975,0.1910851734273637,0.7624429625126661,0.0423851013183593,0.1667022705078125,subsetted_512x512_HLS.S30.T10SEJ.2019185.v1.4,0.2162202029738022,0.3555609460278957,0.3364819327993602,0.8717521587623808,0.0423851013183593,0.1148757934570312,subsetted_512x512_HLS.S30.T10SEJ.2019185.v1.4,0.5991872615690828,0.7493647254057979,0.8885841854199934,0.9941375239042292,0.0423851013183593,0.0311737060546875
CA3919012180020180731,subsetted_512x512_HLS.S30.T10SEJ.2018220.v1.4,0.3346626256181209,0.501493964383889,0.5154834865391488,0.935816112438931,0.0175514221191406,0.0143661499023437,subsetted_512x512_HLS.S30.T10SEJ.2018220.v1.4,0.0179470676574415,0.0352612984066889,0.0215557265540596,0.5501556901288219,0.0175514221191406,0.9779548645019532,subsetted_512x512_HLS.S30.T10SEJ.2018220.v1.4,0.04667113049458,0.0891801237940454,0.0605083671714414,0.6833265420366141,0.0175514221191406,0.2030830383300781,subsetted_512x512_HLS.S30.T10SEJ.2018220.v1.4,0.0175543015860298,0.034502928361992,0.0176266641126328,0.5014677160707144,0.0175514221191406,0.999835968017578,subsetted_512x512_HLS.S30.T10SEJ.2018220.v1.4,0.0726449665876266,0.1354501607717042,0.2791928263074991,0.9573961126060764,0.0175514221191406,0.0014305114746093
CA3966012253020180609,subsetted_512x512_HLS.S30.T10SEJ.2018185.v1.4,0.6614843605404405,0.796257101481564,0.8373896317963863,0.9364499050114736,0.040374755859375,0.0281143188476562,subsetted_512x512_HLS.S30.T10SEJ.2018185.v1.4,0.0563573249777286,0.1067012527771638,0.0764843579756155,0.6988508190373551,0.040374755859375,0.6155166625976562,subsetted_512x512_HLS.S30.T10SEJ.2018185.v1.4,0.0966894977168949,0.1763297595503279,0.1722286767706605,0.7659735839067168,0.040374755859375,0.2161598205566406,subsetted_512x512_HLS.S30.T10SEJ.2018185.v1.4,0.0405854676110022,0.0780050632538223,0.0366054065282125,0.4604526725267588,0.040374755859375,0.9948081970214844,subsetted_512x512_HLS.S30.T10SEJ.2018185.v1.4,0.8389026972291264,0.9123948738486184,0.9769172487115124,0.9987623686998872,0.040374755859375,0.03582763671875
CA3968112017120200814,subsetted_512x512_HLS.S30.T10TGK.2020285.v1.4,0.9151409714743324,0.955690453188759,0.9933694779833496,0.9834760773488376,0.6861000061035156,0.6367034912109375,subsetted_512x512_HLS.S30.T10TGK.2020285.v1.4,0.6479950594700656,0.7864041287580521,0.6772706062124676,0.4795221639548616,0.6861000061035156,0.922283172607422,subsetted_512x512_HLS.S30.T10TGK.2020285.v1.4,0.5706602113734465,0.7266501146985049,0.7050291250865005,0.4900884163212278,0.6861000061035156,0.808868408203125,subsetted_512x512_HLS.S30.T10TGK.2020285.v1.4,0.6813377744015271,0.810471024650653,0.6974114801405834,0.5151588562580496,0.6861000061035156,0.9602890014648438,subsetted_512x512_HLS.S30.T10TGK.2020285.v1.4,0.951925127986348,0.9753705347995356,0.9972636889600426,0.994177903330875,0.6861000061035156,0.710174560546875
CA3988012002520190824,subsetted_512x512_HLS.S30.T10TGK.2019245.v1.4,0.9146825396825397,0.955440414507772,0.9702911508639228,0.9915666190669548,0.0420875549316406,0.0425796508789062,subsetted_512x512_HLS.S30.T10TGK.2019245.v1.4,0.0426330150068212,0.0817795224075891,0.0899627638545736,0.6506478168510303,0.0420875549316406,0.9724655151367188,subsetted_512x512_HLS.S30.T10TGK.2019245.v1.4,0.1046611998273629,0.1894901347919515,0.0821256325900329,0.6198728144431052,0.0420875549316406,0.0555496215820312,subsetted_512x512_HLS.S30.T10TGK.2019245.v1.4,0.0420880365909949,0.0807763549971812,0.0420991177996886,0.5000557522370586,0.0420875549316406,0.9999885559082032,subsetted_512x512_HLS.S30.T10TGK.2019245.v1.4,0.6905120481927711,0.8169265033407572,0.9178243833955352,0.997591862101989,0.0420875549316406,0.0606803894042968
CA4004012260920191103,subsetted_512x512_HLS.S30.T10TEK.2019350.v1.4,0.2616858329532086,0.4148193252526021,0.6488548441904524,0.929423877316215,0.0501867458158636,0.1503046303043251,subsetted_512x512_HLS.S30.T10TEK.2019350.v1.4,0.071854452707067,0.1340750183489782,0.0824238262356721,0.6614135274441498,0.0501867458158636,0.4436119196859465,subsetted_512x512_HLS.S30.T10TEK.2019350.v1.4,0.1329332243335393,0.234670890531503,0.1723283732769637,0.7272466251468906,0.0501867458158636,0.1665833718015725,subsetted_512x512_HLS.S30.T10TEK.2019350.v1.4,0.0501896179408331,0.0955820112547727,0.050192681903163,0.4998795016186949,0.0501867458158636,0.9999427745201644,subsetted_512x512_HLS.S30.T10TEK.2019350.v1.4,0.6855982644490182,0.8134776582403802,0.8862111192491287,0.990208567019357,0.0501867458158636,0.0654163535161242
CA4005312066920190904,subsetted_512x512_HLS.S30.T10TGK.2019280.v1.4,0.7753646750666124,0.8734708828624411,0.9783887958756116,0.9019669799411868,0.8226647030994857,0.6771712423886337,subsetted_512x512_HLS.S30.T10TGK.2019280.v1.4,0.7671687970142904,0.8682462007143358,0.8156156410802166,0.4686094852657607,0.8226647030994857,0.9206166923558228,subsetted_512x512_HLS.S30.T10TGK.2019280.v1.4,0.1518340848907731,0.263638812017221,0.8306802342267258,0.5048672721218387,0.8226647030994857,0.1547911547911548,subsetted_512x512_HLS.S30.T10TGK.2019280.v1.4,0.8379608574968244,0.911837544394791,0.8683243917158465,0.6426771535019813,0.8226647030994857,0.9659300746257268,subsetted_512x512_HLS.S30.T10TGK.2019280.v1.4,0.8807214572898183,0.9365783049649116,0.9876101265586784,0.9475202904593408,0.8226647030994857,0.7746081767820898
CA4010912278920190905,subsetted_512x512_HLS.S30.T10TEK.2019275.v1.4,0.5146400429799427,0.6795542549732494,0.6817945806280357,0.8509006235154025,0.1046657061887497,0.0738723619840729,subsetted_512x512_HLS.S30.T10TEK.2019275.v1.4,0.1070626715948391,0.1934175441767975,0.1209039264473118,0.5274788627599516,0.1046657061887497,0.8295098923948092,subsetted_512x512_HLS.S30.T10TEK.2019275.v1.4,0.1020370198121105,0.1851789331532748,0.1407723564048514,0.4862977227499453,0.1046657061887497,0.0829124645757801,subsetted_512x512_HLS.S30.T10TEK.2019275.v1.4,0.1050593551189486,0.1901424654382298,0.106318080452869,0.5046446927901165,0.1046657061887497,0.9962530806537584,subsetted_512x512_HLS.S30.T10TEK.2019275.v1.4,0.5429922613929493,0.7038172192811368,0.7550732476071838,0.9446523624811144,0.1046657061887497,0.1226192549435587
CA4022012217020181007,subsetted_512x512_HLS.S30.T10TEK.2018340.v1.4,0.172345792249484,0.294018698900755,0.3807645150577726,0.8953732818389087,0.0671700733742621,0.0303684738687657,subsetted_512x512_HLS.S30.T10TEK.2018340.v1.4,0.0676699293415866,0.1267618905092092,0.068641948440993,0.5179803581783057,0.0671700733742621,0.6212316039697651,subsetted_512x512_HLS.S30.T10TEK.2018340.v1.4,0.1211041698934723,0.2160444553604322,0.1557414087430841,0.6510625118205,0.0671700733742621,0.1813943017616691,subsetted_512x512_HLS.S30.T10TEK.2018340.v1.4,0.3386525444534072,0.5059603343027064,0.4377315810286447,0.8602121783832661,0.0671700733742621,0.0784681071882357,subsetted_512x512_HLS.S30.T10TEK.2018340.v1.4,0.4394567470273808,0.6105869425182827,0.8429853200148145,0.9840327900018098,0.0671700733742621,0.0335278024732811
CA4042112086320200718,subsetted_512x512_HLS.S30.T10TFK.2020220.v1.4,0.8331508257536818,0.908982298727264,0.9522042972849591,0.9757831311094046,0.1666450500488281,0.1462669372558593,subsetted_512x512_HLS.S30.T10TFK.2020220.v1.4,0.1675525470363393,0.2870149998158915,0.2045746810344131,0.56490135776471,0.1666450500488281,0.9729461669921876,subsetted_512x512_HLS.S30.T10TFK.2020220.v1.4,0.1702762936083888,0.2910018677441801,0.290415396179529,0.6024657457327457,0.1666450500488281,0.145843505859375,subsetted_512x512_HLS.S30.T10TFK.2020220.v1.4,0.1671295871208643,0.2863942255686418,0.1706065446365457,0.5104367409903002,0.1666450500488281,0.997100830078125,subsetted_512x512_HLS.S30.T10TFK.2020220.v1.4,0.8487832295938548,0.9182074090755544,0.9666287139767406,0.9911095367238866,0.1666450500488281,0.1721382141113281
CA4051012242020180624,subsetted_512x512_HLS.S30.T10TEK.2018183.v1.4,0.6441275907687785,0.7835493965131873,0.7667786700719263,0.9403965524136764,0.0231629301564413,0.019504621523367,subsetted_512x512_HLS.S30.T10TEK.2018183.v1.4,0.0232263936993296,0.0453983475061817,0.0256913619414389,0.5567590142301866,0.0231629301564413,0.988864856204438,subsetted_512x512_HLS.S30.T10TEK.2018183.v1.4,0.0301578619792157,0.058549981691688,0.0485879914362392,0.5535331640178496,0.0231629301564413,0.3935561887977172,subsetted_512x512_HLS.S30.T10TEK.2018183.v1.4,0.0235073504976817,0.0459348933571434,0.0216031656556923,0.4457917688383619,0.0231629301564413,0.9637564230210228,subsetted_512x512_HLS.S30.T10TEK.2018183.v1.4,0.7105984836263913,0.8308185590343267,0.9497441103005312,0.9910544633204984,0.0231629301564413,0.0172882739573438
CA4054112256820200927,subsetted_512x512_HLS.S30.T10TEK.2020275.v1.4,0.736932634279263,0.8485448655123597,0.977093802973941,0.9553009757564056,0.6396102905273438,0.4813613891601562,subsetted_512x512_HLS.S30.T10TEK.2020275.v1.4,0.6039315289366165,0.7530639781574896,0.6486471196969331,0.4956517952307531,0.6396102905273438,0.9238166809082032,subsetted_512x512_HLS.S30.T10TEK.2020275.v1.4,0.3369468347037113,0.5040542016442773,0.6719290389385517,0.5286327326388677,0.6396102905273438,0.3732948303222656,subsetted_512x512_HLS.S30.T10TEK.2020275.v1.4,0.6406955814230174,0.7810048234143786,0.6707028750249657,0.5586648672323097,0.6396102905273438,0.9911651611328124,subsetted_512x512_HLS.S30.T10TEK.2020275.v1.4,0.9349511093404888,0.966382152838124,0.9950057675343246,0.9910863611663876,0.6396102905273438,0.6202735900878906
CA4058912057520190828,subsetted_512x512_HLS.S30.T10TGL.2019245.v1.4,0.7545149778306478,0.8600838264299803,0.8400455937959421,0.9528619663885076,0.0647239685058593,0.0590553283691406,subsetted_512x512_HLS.S30.T10TGL.2019245.v1.4,0.0680004833071541,0.1273416714130782,0.0850441699965307,0.5612344305257281,0.0647239685058593,0.9131126403808594,subsetted_512x512_HLS.S30.T10TGL.2019245.v1.4,0.0978974301924574,0.1783362042760158,0.1541795309644719,0.6407870090503864,0.0647239685058593,0.3117485046386719,subsetted_512x512_HLS.S30.T10TGL.2019245.v1.4,0.0653164771371157,0.122623611929188,0.0587528043799841,0.4680367782687429,0.0647239685058593,0.9909286499023438,subsetted_512x512_HLS.S30.T10TGL.2019245.v1.4,0.8499189627228525,0.9188715612405818,0.9706973371025004,0.9969845720467214,0.0647239685058593,0.0658988952636718
CA4063012088020180727,subsetted_512x512_HLS.S30.T10TFL.2018215.v1.4,0.9285091643153718,0.962929480965154,0.9923020944088348,0.9956264340333408,0.3197517395019531,0.3216476440429687,subsetted_512x512_HLS.S30.T10TFL.2018215.v1.4,0.2749242561211463,0.4312793560890921,0.3268385913282043,0.5197357157567821,0.3197517395019531,0.5679397583007812,subsetted_512x512_HLS.S30.T10TFL.2018215.v1.4,0.150048730878427,0.2609432571849668,0.3537306136446954,0.5291682912279696,0.3197517395019531,0.1979026794433593,subsetted_512x512_HLS.S30.T10TFL.2018215.v1.4,0.3197700368902334,0.484584477525654,0.3198969563972903,0.4996074538898515,0.3197517395019531,0.9999427795410156,subsetted_512x512_HLS.S30.T10TFL.2018215.v1.4,0.9323130719102656,0.964971034417927,0.995956813434256,0.9977941411350608,0.3197517395019531,0.3295173645019531
CA4102912028120200818,subsetted_512x512_HLS.S30.T10TGL.2020265.v1.4,0.8838813180312882,0.9383619971930828,0.9922332819914826,0.9595172550989044,0.8353843688964844,0.7682762145996094,subsetted_512x512_HLS.S30.T10TGL.2020265.v1.4,0.5852825261538954,0.7383952279772718,0.8210569156746038,0.4594437110485359,0.8353843688964844,0.67449951171875,subsetted_512x512_HLS.S30.T10TGL.2020265.v1.4,0.2755364616781451,0.4320322781140081,0.8694020423924975,0.5759412858853804,0.8353843688964844,0.2632369995117187,subsetted_512x512_HLS.S30.T10TGL.2020265.v1.4,0.1264600189899008,0.2245264223461704,0.8875202934577131,0.6072499519776663,0.8353843688964844,0.1104812622070312,subsetted_512x512_HLS.S30.T10TGL.2020265.v1.4,0.961035446919816,0.980130622757796,0.9985850012492008,0.9930506397199964,0.8353843688964844,0.8233985900878906
CA4106412076220200720,subsetted_512x512_HLS.S30.T10TFL.2020215.v1.4,0.788351982367109,0.8816519232680649,0.97827206313327,0.9832373884646868,0.3530654907226562,0.4145278930664062,subsetted_512x512_HLS.S30.T10TFL.2020215.v1.4,0.3487598235641288,0.5171563053272494,0.3898310194551262,0.5633995077593414,0.3530654907226562,0.972026824951172,subsetted_512x512_HLS.S30.T10TFL.2020215.v1.4,0.3239906541613152,0.4894153189722443,0.3921801211283667,0.5281105508522637,0.3530654907226562,0.7126312255859375,subsetted_512x512_HLS.S30.T10TFL.2020215.v1.4,0.353154404413953,0.5219720724582102,0.3565010408878197,0.5057691609386585,0.3530654907226562,0.9997482299804688,subsetted_512x512_HLS.S30.T10TFL.2020215.v1.4,0.8658983864148123,0.9281302698145024,0.9728710494069348,0.9873160719023636,0.3530654907226562,0.3708114624023437
CA4129012012020180713,subsetted_512x512_HLS.S30.T10TGL.2018215.v1.4,0.7008292770867135,0.8241030261275107,0.8724361876239952,0.9754371349671954,0.0363235473632812,0.0356559753417968,subsetted_512x512_HLS.S30.T10TGL.2018215.v1.4,0.0092892561983471,0.0184075202253447,0.0255249001072677,0.3499141892501056,0.0363235473632812,0.0801429748535156,subsetted_512x512_HLS.S30.T10TGL.2018215.v1.4,0.1130093417178583,0.2030698889614631,0.1908796548975743,0.6074293143275977,0.0363235473632812,0.0804824829101562,subsetted_512x512_HLS.S30.T10TGL.2018215.v1.4,0.3179289258683775,0.4824674830759869,0.4464020096446431,0.8803919931987718,0.0363235473632812,0.0639801025390625,subsetted_512x512_HLS.S30.T10TGL.2018215.v1.4,0.8412844036697248,0.9138016940707524,0.9849819938834156,0.9994199404176825,0.0363235473632812,0.0325813293457031
CA4139512105720180815,subsetted_512x512_HLS.S30.T10TFL.2018245.v1.4,0.8090629228487524,0.894455259272808,0.9798765131256388,0.960410353698521,0.6418495178222656,0.5260734558105469,subsetted_512x512_HLS.S30.T10TFL.2018245.v1.4,0.6077840833997493,0.7560518724809813,0.660391494905844,0.5270522645775008,0.6418495178222656,0.8895454406738281,subsetted_512x512_HLS.S30.T10TFL.2018245.v1.4,0.3966678780085539,0.5680203350479355,0.6802427328000669,0.524507707184103,0.6418495178222656,0.5017127990722656,subsetted_512x512_HLS.S30.T10TFL.2018245.v1.4,0.6428997316903508,0.7826402540450628,0.6508076184710363,0.512205656338562,0.6418495178222656,0.9978790283203124,subsetted_512x512_HLS.S30.T10TFL.2018245.v1.4,0.94157626603859,0.969909122302668,0.9943043670121784,0.9912046348969632,0.6418495178222656,0.6505966186523438
CA4172612124320190728,subsetted_512x512_HLS.S30.T10TFM.2019215.v1.4,0.9587582179052736,0.9789449347460396,0.9931902515213166,0.9963412479476508,0.2418594360351562,0.2366294860839843,subsetted_512x512_HLS.S30.T10TFM.2019215.v1.4,0.2460363484305162,0.3949103872297449,0.2725696342941706,0.5629648984192842,0.2418594360351562,0.9630470275878906,subsetted_512x512_HLS.S30.T10TFM.2019215.v1.4,0.1626011399418071,0.2797195604847695,0.2780073870797714,0.5572871716619507,0.2418594360351562,0.203216552734375,subsetted_512x512_HLS.S30.T10TFM.2019215.v1.4,0.2418631265735866,0.3895165600751977,0.2420718251028963,0.5003647945577683,0.2418594360351562,0.9999847412109376,subsetted_512x512_HLS.S30.T10TFM.2019215.v1.4,0.7850446456215091,0.879579844176027,0.984776970930513,0.9959416559914868,0.2418594360351562,0.3079795837402344
CA4173712105820200723,subsetted_512x512_HLS.S30.T10TFM.2020215.v1.4,0.6640401146131805,0.7981058975462764,0.810753666280711,0.9455536801216792,0.0280914306640625,0.0250778198242187,subsetted_512x512_HLS.S30.T10TFM.2020215.v1.4,0.0306392532198983,0.0594567946527865,0.0361193576466742,0.5690426956206245,0.0280914306640625,0.6373672485351562,subsetted_512x512_HLS.S30.T10TFM.2020215.v1.4,0.0855074498165119,0.1575437364911049,0.1822996609321208,0.7507416629673452,0.0280914306640625,0.1784019470214843,subsetted_512x512_HLS.S30.T10TFM.2020215.v1.4,0.3889997782213351,0.5601149608813668,0.5672959249214721,0.9474418912138104,0.0280914306640625,0.0435829162597656,subsetted_512x512_HLS.S30.T10TFM.2020215.v1.4,0.764427383237364,0.866487780114584,0.9610460285010612,0.9986490088433646,0.0280914306640625,0.0245094299316406
CA4174812105620190905,subsetted_512x512_HLS.S30.T10TFM.2019280.v1.4,0.6988654781199352,0.8227437511925205,0.9314506257102312,0.9739692340924476,0.0987891227052845,0.1211487692847659,subsetted_512x512_HLS.S30.T10TFM.2019280.v1.4,0.0981635449265885,0.1787776426928298,0.1332078741935835,0.5757852462192911,0.0987891227052845,0.9775220887824084,subsetted_512x512_HLS.S30.T10TFM.2019280.v1.4,0.1687022434134115,0.2887001276230725,0.2282479523944103,0.6719754630406146,0.0987891227052845,0.2659008713433337,subsetted_512x512_HLS.S30.T10TFM.2019280.v1.4,0.1027913844981303,0.1864203618981113,0.1144295318324128,0.5454277975109735,0.0987891227052845,0.9610642291434588,subsetted_512x512_HLS.S30.T10TFM.2019280.v1.4,0.7885506892765646,0.8817761710690107,0.9926401697596032,0.9991281903273204,0.0987891227052845,0.1249332377042926
CO3699510252520190213,subsetted_512x512_HLS.S30.T13SGB.2019076.v1.4,0.6328302031724085,0.775132897398504,0.8371192926641974,0.989093490209462,0.0666084289550781,0.0955696105957031,subsetted_512x512_HLS.S30.T13SGB.2019076.v1.4,0.0686842814774871,0.1285398927783033,0.0881214083522673,0.6049467324947049,0.0666084289550781,0.9615859985351562,subsetted_512x512_HLS.S30.T13SGB.2019076.v1.4,0.0725434743366026,0.1352737228324899,0.1148013771001807,0.5762199785231608,0.0666084289550781,0.2733688354492187,subsetted_512x512_HLS.S30.T13SGB.2019076.v1.4,0.0670458338791256,0.1256662680278466,0.0830574266152477,0.5956515416601547,0.0666084289550781,0.8967018127441406,subsetted_512x512_HLS.S30.T13SGB.2019076.v1.4,0.4073512538928044,0.578890668219537,0.63872122128272,0.9382388471702674,0.0666084289550781,0.0644073486328125
CO3701810400020200822,subsetted_512x512_HLS.S30.T13SEB.2020249.v1.4,0.242986605047478,0.390972202050716,0.7938305869742583,0.958684768142986,0.0298564980330958,0.1015006467318104,subsetted_512x512_HLS.S30.T13SEB.2020249.v1.4,0.0293851910570145,0.0570927021532932,0.0326773449416677,0.5201526756519395,0.0298564980330958,0.8917344240652912,subsetted_512x512_HLS.S30.T13SEB.2020249.v1.4,0.0456468945860659,0.0873084304508664,0.0652065626046779,0.6503524027177019,0.0298564980330958,0.2445027796113504,subsetted_512x512_HLS.S30.T13SEB.2020249.v1.4,0.0333207718462816,0.0644926004666409,0.0386033969238163,0.5984707286536947,0.0298564980330958,0.8908263286618565,subsetted_512x512_HLS.S30.T13SEB.2020249.v1.4,0.3585004525317963,0.5277884918826046,0.4017791291221906,0.9793459620517218,0.0298564980330958,0.0789585137759598
CO3702010334020200607,subsetted_512x512_HLS.S30.T13SFB.2020189.v1.4,0.6180631688854085,0.7639543137381428,0.8323418402356711,0.9513680640534212,0.0585556030273437,0.0596771240234375,subsetted_512x512_HLS.S30.T13SFB.2020189.v1.4,0.0586212287009535,0.1107501476668635,0.0796161802917935,0.5815595438245335,0.0585556030273437,0.9747695922851562,subsetted_512x512_HLS.S30.T13SFB.2020189.v1.4,0.1246834849479508,0.2217219095267875,0.1802552667692368,0.6957636750628167,0.0585556030273437,0.2159309387207031,subsetted_512x512_HLS.S30.T13SFB.2020189.v1.4,0.0603610653433109,0.1138500220653951,0.0649007462528803,0.5247007625793172,0.0585556030273437,0.9700889587402344,subsetted_512x512_HLS.S30.T13SFB.2020189.v1.4,0.8030059044551798,0.8907412920512057,0.9509487273472916,0.9888426279586616,0.0585556030273437,0.0567665100097656
CO3711310286620190718,subsetted_512x512_HLS.S30.T13SFB.2019219.v1.4,0.7812119197961671,0.8771689781702843,0.9149909320091254,0.9696952769682587,0.034423828125,0.0269126892089843,subsetted_512x512_HLS.S30.T13SFB.2019219.v1.4,0.0351896501029109,0.0679868661735801,0.0549393342523544,0.6339793847517029,0.034423828125,0.9728507995605468,subsetted_512x512_HLS.S30.T13SFB.2019219.v1.4,0.0526844962799115,0.1000955109837631,0.0811442175959156,0.5497000717832234,0.034423828125,0.1053657531738281,subsetted_512x512_HLS.S30.T13SFB.2019219.v1.4,0.0344242220789575,0.0665572621835413,0.0344344680477595,0.5000750632111252,0.034423828125,0.9999885559082032,subsetted_512x512_HLS.S30.T13SFB.2019219.v1.4,0.5206952743074416,0.6848121160165738,0.7570127132204734,0.9778349907691024,0.034423828125,0.0189743041992187
CO3727110823720200614,subsetted_512x512_HLS.S30.T12SYG.2020220.v1.4,0.8082228834189884,0.8939416604338071,0.932398698980254,0.9806938883871572,0.0520824591252069,0.0499233239999694,subsetted_512x512_HLS.S30.T12SYG.2020220.v1.4,0.0542602968050284,0.1029352940056001,0.0794924288054718,0.5982539333475319,0.0520824591252069,0.9492641392832892,subsetted_512x512_HLS.S30.T12SYG.2020220.v1.4,0.0724820901812052,0.1351669941060903,0.1198254412354587,0.6210607996544637,0.0520824591252069,0.4333414714162553,subsetted_512x512_HLS.S30.T12SYG.2020220.v1.4,0.0524298688581248,0.0996358435075786,0.0404412342232822,0.3950636205247955,0.0520824591252069,0.9933738202958702,subsetted_512x512_HLS.S30.T12SYG.2020220.v1.4,0.8636926082709215,0.9268616556592236,0.9881190911796932,0.99930693894975,0.0520824591252069,0.0570835653958541
CO3735610351820200518,subsetted_512x512_HLS.S30.T13SFB.2020164.v1.4,0.3144552630062799,0.4784571553802323,0.242993414690127,0.9173624709344352,0.0286216735839843,0.05841064453125,subsetted_512x512_HLS.S30.T13SFB.2020164.v1.4,0.0280423067822111,0.054554771913977,0.0328242870625647,0.5413724457240561,0.0286216735839843,0.8497657775878906,subsetted_512x512_HLS.S30.T13SFB.2020164.v1.4,0.0545581256429827,0.1034710639770903,0.0580658677902909,0.5596656014152055,0.0286216735839843,0.0925979614257812,subsetted_512x512_HLS.S30.T13SFB.2020164.v1.4,0.0292394926053662,0.056817665500477,0.0314603066782394,0.5171182174119643,0.0286216735839843,0.9788703918457032,subsetted_512x512_HLS.S30.T13SFB.2020164.v1.4,0.0211362176680095,0.0413974498256046,0.0668061492734476,0.6425143678075416,0.0286216735839843,0.0380935668945312
CO3765810847420180722,subsetted_512x512_HLS.S30.T12SYG.2018225.v1.4,0.6424434326846489,0.7823020505912288,0.8721929971414724,0.9139113459858664,0.3338094274268387,0.3040484546673133,subsetted_512x512_HLS.S30.T12SYG.2018225.v1.4,0.3386133619707768,0.5059166023447613,0.3395850848098114,0.5311781135146041,0.3338094274268387,0.9229033083447584,subsetted_512x512_HLS.S30.T12SYG.2018225.v1.4,0.2314457867897037,0.3758927746109998,0.40744158977011,0.5626372660086463,0.3338094274268387,0.2859085059174422,subsetted_512x512_HLS.S30.T12SYG.2018225.v1.4,0.3454501226409357,0.5135086270799308,0.3500675822904592,0.5377576266354355,0.3338094274268387,0.933550503526788,subsetted_512x512_HLS.S30.T12SYG.2018225.v1.4,0.629008029008029,0.7722589671839226,0.8816954260141198,0.9411426413723124,0.3338094274268387,0.2666801602425788
CO3773310232920180304,subsetted_512x512_HLS.S30.T13SGB.2018136.v1.4,0.1467022982362373,0.2558681507168559,0.8360296421076943,0.9133587296806543,0.1784286499023437,0.0261802673339843,subsetted_512x512_HLS.S30.T13SGB.2018136.v1.4,0.1797298194500314,0.3046965779568379,0.1899091095764403,0.5256630366835879,0.1784286499023437,0.9738807678222656,subsetted_512x512_HLS.S30.T13SGB.2018136.v1.4,0.167899374163886,0.2875236991784284,0.2983384617951503,0.5728338592554261,0.1784286499023437,0.1113052368164062,subsetted_512x512_HLS.S30.T13SGB.2018136.v1.4,0.1832714905355051,0.3097708209847313,0.1963114816999052,0.5283991570943949,0.1784286499023437,0.9735755920410156,subsetted_512x512_HLS.S30.T13SGB.2018136.v1.4,0.0017744901013383,0.0035426937277247,0.2426431537942331,0.2711274009979622,0.1784286499023437,0.0003166198730468
CO3805510340720200411,subsetted_512x512_HLS.S30.T13SFC.2020124.v1.4,0.744217856254663,0.8533542453839025,0.937896142041602,0.9838910704499572,0.0246925354003906,0.0288162231445312,subsetted_512x512_HLS.S30.T13SFC.2020124.v1.4,0.0262359501863677,0.0511304445758369,0.0261133897746841,0.5293048145489228,0.0246925354003906,0.652740478515625,subsetted_512x512_HLS.S30.T13SFC.2020124.v1.4,0.030457224438994,0.0591140004973533,0.0309019952917162,0.5429354171258336,0.0246925354003906,0.0826873779296875,subsetted_512x512_HLS.S30.T13SFC.2020124.v1.4,0.0251938286212479,0.0491493957881708,0.0270053777123236,0.5175635875793501,0.0246925354003906,0.9801025390625,subsetted_512x512_HLS.S30.T13SFC.2020124.v1.4,0.7751531058617673,0.8733366190241498,0.9441430265262588,0.9985547775553943,0.0246925354003906,0.0294876098632812
CO3806310318920190404,subsetted_512x512_HLS.S30.T13SFC.2019154.v1.4,0.0712798530312308,0.1330741968674974,0.1768397607646716,0.7875862670533044,0.0289667016506058,0.0044156091975956,subsetted_512x512_HLS.S30.T13SFC.2019154.v1.4,0.0298274673856533,0.0579271156194233,0.0726627740221967,0.7060989443840706,0.0289667016506058,0.9462379543936648,subsetted_512x512_HLS.S30.T13SFC.2019154.v1.4,0.0930810053068989,0.1703094370041954,0.2371383483312157,0.7988477199720696,0.0289667016506058,0.1793454823013071,subsetted_512x512_HLS.S30.T13SFC.2019154.v1.4,0.023337542509337,0.045610644660042,0.0495791426764521,0.4646966397142362,0.0289667016506058,0.5555805743726744,subsetted_512x512_HLS.S30.T13SFC.2019154.v1.4,0.0,0.0,0.0328314923170587,0.4244224601808968,0.0289667016506058,0.001820436981204
CO3844710247720200615,subsetted_512x512_HLS.S30.T13SFC.2020184.v1.4,0.2555735056542811,0.4071024189397838,0.8176841062803704,0.9721220820042504,0.0234642028808593,0.0061836242675781,subsetted_512x512_HLS.S30.T13SFC.2020184.v1.4,0.0227366581001599,0.0444623900396719,0.0250288554455948,0.5403220301104816,0.0234642028808593,0.9496345520019532,subsetted_512x512_HLS.S30.T13SFC.2020184.v1.4,0.0341929636648265,0.0661249203314212,0.032268099473974,0.5560849619537263,0.0234642028808593,0.0722999572753906,subsetted_512x512_HLS.S30.T13SFC.2020184.v1.4,0.0236015025765581,0.04611463058065,0.0303082900301633,0.6222569647072944,0.0234642028808593,0.994182586669922,subsetted_512x512_HLS.S30.T13SFC.2020184.v1.4,0.0,0.0,0.362841582932241,0.8175335302067309,0.0234642028808593,0.0
CO3846910432320180527,subsetted_512x512_HLS.S30.T13SEC.2018164.v1.4,0.639676824448933,0.7802474425579776,0.8559709375512121,0.9676782798697432,0.0392074584960937,0.0320167541503906,subsetted_512x512_HLS.S30.T13SEC.2018164.v1.4,0.0393579836674556,0.075735183230282,0.0699123407123794,0.6538057338353056,0.0392074584960937,0.9726028442382812,subsetted_512x512_HLS.S30.T13SEC.2018164.v1.4,0.0554877081681205,0.1051413630660345,0.1680212165299847,0.7033555053545022,0.0392074584960937,0.4685173034667969,subsetted_512x512_HLS.S30.T13SEC.2018164.v1.4,0.0366397823804524,0.0706895162682564,0.0935727041669652,0.6193260744457582,0.0392074584960937,0.9551353454589844,subsetted_512x512_HLS.S30.T13SEC.2018164.v1.4,0.0,0.0,0.5551503272303961,0.7802093960327903,0.0392074584960937,0.0
CO3905010893820200605,subsetted_512x512_HLS.S30.T12SXJ.2020200.v1.4,0.7682313495389773,0.8689262858497274,0.9054897959736966,0.9798500982765148,0.0176849365234375,0.0145034790039062,subsetted_512x512_HLS.S30.T12SXJ.2020200.v1.4,0.0225367134301419,0.0440800083442316,0.020731954123633,0.5862070643862688,0.0176849365234375,0.4577674865722656,subsetted_512x512_HLS.S30.T12SXJ.2020200.v1.4,0.0498373475634184,0.0949429884145131,0.0702298099525685,0.7848868702645866,0.0176849365234375,0.2322273254394531,subsetted_512x512_HLS.S30.T12SXJ.2020200.v1.4,0.1822802766120929,0.3083537469379593,0.2644786663673482,0.9118237514602529,0.0176849365234375,0.0586204528808593,subsetted_512x512_HLS.S30.T12SXJ.2020200.v1.4,0.564963503649635,0.7220149253731343,0.9139423021365876,0.9983633741836184,0.0176849365234375,0.0109405517578125
CO3968910875820180729,subsetted_512x512_HLS.S30.T12TXK.2018215.v1.4,0.8128741944094878,0.8967794863164981,0.9015653311414384,0.952292541057395,0.0978373715629246,0.0836119635414281,subsetted_512x512_HLS.S30.T12TXK.2018215.v1.4,0.096366049620269,0.1757917433755739,0.1226403418731691,0.5715118550822958,0.0978373715629246,0.967804851982473,subsetted_512x512_HLS.S30.T12TXK.2018215.v1.4,0.1029324214993359,0.1866522726014504,0.1073635117223365,0.5557464639353683,0.0978373715629246,0.4537130337867753,subsetted_512x512_HLS.S30.T12TXK.2018215.v1.4,0.1187850595156656,0.212346524482708,0.1415620415802918,0.6346443858034082,0.0978373715629246,0.68244171666743,subsetted_512x512_HLS.S30.T12TXK.2018215.v1.4,0.8347049141782271,0.9099064462386262,0.9852320164199588,0.9981812763244584,0.0978373715629246,0.1106429105787874
CO3976210841920200713,subsetted_512x512_HLS.S30.T12TYK.2020215.v1.4,0.4941999110787761,0.6614910192599005,0.7599114019278403,0.9499485176407058,0.0580933295161752,0.0830193720774883,subsetted_512x512_HLS.S30.T12TYK.2020215.v1.4,0.0587563640345046,0.1109912837937657,0.085974215978004,0.5866157227136682,0.0580933295161752,0.9754404046187614,subsetted_512x512_HLS.S30.T12TYK.2020215.v1.4,0.0871416143779961,0.1603132714735677,0.1662948474710214,0.6608459853939812,0.0580933295161752,0.3903082355186563,subsetted_512x512_HLS.S30.T12TYK.2020215.v1.4,0.0580937730224107,0.1098083638777454,0.0581221715136817,0.5001398142294412,0.0580933295161752,0.9999923656837484,subsetted_512x512_HLS.S30.T12TYK.2020215.v1.4,0.5602665276950566,0.7181677203864965,0.6209671380878194,0.983798443948714,0.0580933295161752,0.101902853325699
CO3985110606520200814,subsetted_512x512_HLS.S30.T13TDE.2020247.v1.4,0.5875372431179811,0.7401870358191238,0.8315312433851381,0.8829012285121837,0.2395834128104375,0.2360660740853775,subsetted_512x512_HLS.S30.T13TDE.2020247.v1.4,0.2428595697691703,0.3908077399513049,0.2857046847340879,0.5718025508369182,0.2395834128104375,0.6535230610765651,subsetted_512x512_HLS.S30.T13TDE.2020247.v1.4,0.1881281836101407,0.3166799444795782,0.2881456363412424,0.5679719134228015,0.2395834128104375,0.2249074886506695,subsetted_512x512_HLS.S30.T13TDE.2020247.v1.4,0.2395971234000343,0.3865725708411687,0.2396455800535751,0.4999322724353828,0.2395834128104375,0.9999427764849502,subsetted_512x512_HLS.S30.T13TDE.2020247.v1.4,0.6726736115453397,0.8043094682696333,0.8831448496526337,0.9164132532169657,0.2395834128104375,0.2706672261854805
CO3991410379420200820,subsetted_512x512_HLS.S30.T13TEE.2020249.v1.4,0.4705934533841923,0.6400048256725781,0.7306250670688714,0.968899308997149,0.027069091796875,0.0361709594726562,subsetted_512x512_HLS.S30.T13TEE.2020249.v1.4,0.028106087011629,0.0546754607655797,0.0692316728144724,0.728641217903515,0.027069091796875,0.963104248046875,subsetted_512x512_HLS.S30.T13TEE.2020249.v1.4,0.0589298626174981,0.1113007852509388,0.1814782862580394,0.8156193008716144,0.027069091796875,0.3639945983886719,subsetted_512x512_HLS.S30.T13TEE.2020249.v1.4,0.0254070172907197,0.0495549900913472,0.0589050001272582,0.6302208105368198,0.027069091796875,0.948871612548828,subsetted_512x512_HLS.S30.T13TEE.2020249.v1.4,0.6890273119310014,0.8158865248226951,0.8890356373103201,0.9964769303809364,0.027069091796875,0.0267181396484375
CO3991610764020180729,subsetted_512x512_HLS.S30.T13TBE.2018220.v1.4,0.1415625765368601,0.2480154473288993,0.2733943356742485,0.609957553208027,0.0990498304359781,0.0255529925758455,subsetted_512x512_HLS.S30.T13TBE.2018220.v1.4,0.0978400954653938,0.1782410678376939,0.1230016230136304,0.563928377574667,0.0990498304359781,0.9549853350035136,subsetted_512x512_HLS.S30.T13TBE.2018220.v1.4,0.1202361782071927,0.2146621945376138,0.157268728401006,0.6092758831842514,0.0990498304359781,0.3791665393663499,subsetted_512x512_HLS.S30.T13TBE.2018220.v1.4,0.0991198602782968,0.1803622404806692,0.1011161923921137,0.5049340432025502,0.0990498304359781,0.9992934832421864,subsetted_512x512_HLS.S30.T13TBE.2018220.v1.4,0.180668629828512,0.3060446009389671,0.2997749591803483,0.6456244063753296,0.0990498304359781,0.0311020133818092
CO4014010460020200719,subsetted_512x512_HLS.S30.T13TEE.2020214.v1.4,0.7092476489028213,0.8298945437872536,0.9293851420334204,0.9831430177579664,0.037750244140625,0.0454483032226562,subsetted_512x512_HLS.S30.T13TEE.2020214.v1.4,0.0401079622132253,0.0771226904712476,0.0489351102612388,0.5949238405412933,0.037750244140625,0.9177703857421876,subsetted_512x512_HLS.S30.T13TEE.2020214.v1.4,0.0657584490437516,0.123402163225172,0.086635300961544,0.6033224772353866,0.037750244140625,0.148468017578125,subsetted_512x512_HLS.S30.T13TEE.2020214.v1.4,0.0388770595491581,0.0748443893178844,0.0416191777941331,0.5220180140179506,0.037750244140625,0.9710159301757812,subsetted_512x512_HLS.S30.T13TEE.2020214.v1.4,0.6093525629019167,0.7572642277999767,0.9271735961422162,0.9969114941565892,0.037750244140625,0.0605812072753906
CO4019210820120180720,subsetted_512x512_HLS.S30.T12TYK.2018220.v1.4,0.8686248868323106,0.9296942291128336,0.9510347328656122,0.9779677281197235,0.1094703674316406,0.1031150817871093,subsetted_512x512_HLS.S30.T12TYK.2018220.v1.4,0.1119635081899232,0.2013798247249673,0.1517712780455329,0.5848933393585983,0.1094703674316406,0.9748153686523438,subsetted_512x512_HLS.S30.T12TYK.2018220.v1.4,0.154003167341193,0.2669025037357811,0.249351349100765,0.6064232286928308,0.1094703674316406,0.1407051086425781,subsetted_512x512_HLS.S30.T12TYK.2018220.v1.4,0.1094716202349117,0.1973400999869343,0.1095054567656261,0.500085672550943,0.1094703674316406,0.9999885559082032,subsetted_512x512_HLS.S30.T12TYK.2018220.v1.4,0.7679253402183852,0.8687305088613372,0.972302493529786,0.996850455046551,0.1094703674316406,0.1412887573242187
CO4037010225020180404,subsetted_512x512_HLS.S30.T13TGE.2018136.v1.4,0.2221961152882205,0.3636014098045498,0.3221464539136112,0.8888670674665319,0.0320053100585937,0.0275230407714843,subsetted_512x512_HLS.S30.T13TGE.2018136.v1.4,0.0362029631000931,0.069876200685205,0.0485237015134916,0.6085130516869064,0.0320053100585937,0.6939620971679688,subsetted_512x512_HLS.S30.T13TGE.2018136.v1.4,0.0837955838671581,0.1546335584209744,0.1072014872605471,0.7372424167379624,0.0320053100585937,0.1990470886230468,subsetted_512x512_HLS.S30.T13TGE.2018136.v1.4,0.3510024954823165,0.5196178343949045,0.5174203451058544,0.8378012165038954,0.0320053100585937,0.0278854370117187,subsetted_512x512_HLS.S30.T13TGE.2018136.v1.4,0.0,0.0,0.0370036961213607,0.5495534698171306,0.0320053100585937,0.0003623962402343
CO4065310857420180913,subsetted_512x512_HLS.S30.T12TYL.2018290.v1.4,0.3684160091992206,0.5384561518171844,0.870590608421226,0.9273075627438744,0.1485099792480468,0.341766357421875,subsetted_512x512_HLS.S30.T12TYL.2018290.v1.4,0.1515642151481888,0.2632318947644353,0.2316906342266513,0.6240753345295689,0.1485099792480468,0.9720230102539062,subsetted_512x512_HLS.S30.T12TYL.2018290.v1.4,0.1604954804151322,0.2765981998615278,0.2665573607745645,0.5941128848340453,0.1485099792480468,0.1159553527832031,subsetted_512x512_HLS.S30.T12TYL.2018290.v1.4,0.1485116788293323,0.2586158792581177,0.1485519136108673,0.5000739204257816,0.1485099792480468,0.9999885559082032,subsetted_512x512_HLS.S30.T12TYL.2018290.v1.4,0.7520368978198589,0.8584715296300591,0.8640782832572156,0.9842479885306984,0.1485099792480468,0.1804313659667968
CO4069910400320190319,subsetted_512x512_HLS.S30.T13TEF.2019109.v1.4,0.4533159947984395,0.6238367931281317,0.6726471116825157,0.9251763618413276,0.0196304321289062,0.0230026245117187,subsetted_512x512_HLS.S30.T13TEF.2019109.v1.4,0.0201517686328816,0.0395073934143882,0.0329945139509837,0.6307869612448074,0.0196304321289062,0.9526939392089844,subsetted_512x512_HLS.S30.T13TEF.2019109.v1.4,0.0414309437361029,0.0795654171508878,0.0637531355693801,0.5019665599058727,0.0196304321289062,0.1215171813964843,subsetted_512x512_HLS.S30.T13TEF.2019109.v1.4,0.0200817944835552,0.0393729102747534,0.0215988885764292,0.516716083393645,0.0196304321289062,0.9775238037109376,subsetted_512x512_HLS.S30.T13TEF.2019109.v1.4,0.2879398542861572,0.4471324547150508,0.3932801904659141,0.9577724309265624,0.0196304321289062,0.0437583923339843
CO4078210783620180629,subsetted_512x512_HLS.S30.T13TBF.2018190.v1.4,0.8890501114162823,0.94126683674869,0.9767695146995388,0.9816854306589649,0.2932624816894531,0.2629661560058594,subsetted_512x512_HLS.S30.T13TBF.2018190.v1.4,0.2864969259361701,0.4453907664453832,0.3389456001984405,0.5493800427703692,0.2932624816894531,0.7180900573730469,subsetted_512x512_HLS.S30.T13TBF.2018190.v1.4,0.2788608533761181,0.4361082015137796,0.4478946595804517,0.6291273956780422,0.2932624816894531,0.351348876953125,subsetted_512x512_HLS.S30.T13TBF.2018190.v1.4,0.1177767871806301,0.2107340007975988,0.4019901873828898,0.5887508085602599,0.2932624816894531,0.0702247619628906,subsetted_512x512_HLS.S30.T13TBF.2018190.v1.4,0.914612502464997,0.9554022041404882,0.992763875925184,0.9969465099512942,0.2932624816894531,0.2993278503417969
FL2616308144920180212,subsetted_512x512_HLS.S30.T17RMJ.2018064.v1.4,0.1309619238476954,0.2315938690528927,0.2899930926256802,0.8950745912249038,0.0298662902702805,0.013191676044786,subsetted_512x512_HLS.S30.T17RMJ.2018064.v1.4,0.0322565632643352,0.0624971822166562,0.0303201353215779,0.5282266056317868,0.0298662902702805,0.7316687966124326,subsetted_512x512_HLS.S30.T17RMJ.2018064.v1.4,0.070229596758634,0.1312421128537948,0.0690673025117056,0.7470109517537604,0.0298662902702805,0.1605813798233734,subsetted_512x512_HLS.S30.T17RMJ.2018064.v1.4,0.0238443441215743,0.0465780648366662,0.0279184476195206,0.4967991669135465,0.0298662902702805,0.0929864382856161,subsetted_512x512_HLS.S30.T17RMJ.2018064.v1.4,0.2939044787214272,0.4542908438061041,0.4355756412915006,0.96902882646851,0.0298662902702805,0.0232551929349381
FL2623908094820200410,subsetted_512x512_HLS.S30.T17RNK.2020126.v1.4,0.0300214438884917,0.0582928521859819,0.0715656499519158,0.7429228280288017,0.0101386673586043,0.0008585623468897,subsetted_512x512_HLS.S30.T17RNK.2020126.v1.4,0.0105202824166948,0.0208215165984303,0.0143858306356743,0.5844394729548477,0.0101386673586043,0.7298810223378843,subsetted_512x512_HLS.S30.T17RNK.2020126.v1.4,0.0103600655867885,0.0205076703635781,0.0110449962094214,0.545329556053076,0.0101386673586043,0.5142025291338823,subsetted_512x512_HLS.S30.T17RNK.2020126.v1.4,0.0101397120275989,0.0200758606099072,0.0101569607865623,0.4983443134201203,0.0101386673586043,0.9998969725183732,subsetted_512x512_HLS.S30.T17RNK.2020126.v1.4,0.0543226233852269,0.103047439522463,0.4024999016322226,0.9874922515927111,0.0101386673586043,0.0020071279753955
FL2634008064020190119,subsetted_512x512_HLS.S30.T17RNK.2019081.v1.4,0.1543030456211298,0.2673527479746004,0.2531094897983345,0.8464812392799912,0.014245003376226,0.0206007011868292,subsetted_512x512_HLS.S30.T17RNK.2019081.v1.4,0.0134337268193109,0.0265113079697339,0.0268171511307305,0.6229535287187496,0.014245003376226,0.9895928309559868,subsetted_512x512_HLS.S30.T17RNK.2019081.v1.4,0.017126125108274,0.0336755190639723,0.0655914216175463,0.6581927134112182,0.014245003376226,0.8100195706661275,subsetted_512x512_HLS.S30.T17RNK.2019081.v1.4,0.0148801696036471,0.0293239932148017,0.0221857759263947,0.7123901970958149,0.014245003376226,0.9573145841519568,subsetted_512x512_HLS.S30.T17RNK.2019081.v1.4,0.2833422603106588,0.4415692821368948,0.4993467697020552,0.7342457226319378,0.014245003376226,0.0040362114547528
FL2751908119020180204,subsetted_512x512_HLS.S30.T17RML.2018064.v1.4,0.4560079086905725,0.626381087587186,0.4933469503863603,0.9541356063126848,0.0243567386468139,0.0374642738578128,subsetted_512x512_HLS.S30.T17RML.2018064.v1.4,0.025139241784314,0.0490455164716117,0.0323308445405604,0.555246366396916,0.0243567386468139,0.9055417972014363,subsetted_512x512_HLS.S30.T17RML.2018064.v1.4,0.052406682814732,0.0995939757329682,0.074657912231219,0.7388341999031571,0.0243567386468139,0.2989395679664813,subsetted_512x512_HLS.S30.T17RML.2018064.v1.4,0.0257166455147962,0.0501437616855468,0.0223749373969246,0.465645032102344,0.0243567386468139,0.9471195857484652,subsetted_512x512_HLS.S30.T17RML.2018064.v1.4,0.3679136135750096,0.537919368480406,0.7570537453230236,0.987439411966666,0.0243567386468139,0.0568527415163529
FL2783908058120190308,subsetted_512x512_HLS.S30.T17RNL.2019111.v1.4,0.1153329495298407,0.2068134893324157,0.2207355797982108,0.8768579098461656,0.0173697649299446,0.0048128485116809,subsetted_512x512_HLS.S30.T17RNL.2019111.v1.4,0.024556494286893,0.0479358520956616,0.0290991665691681,0.6801756482347889,0.0173697649299446,0.6366356624059663,subsetted_512x512_HLS.S30.T17RNL.2019111.v1.4,0.0230153785415985,0.0449951760733236,0.0354686447473191,0.6855782767781371,0.0173697649299446,0.6155904231566333,subsetted_512x512_HLS.S30.T17RNL.2019111.v1.4,0.1464523402553005,0.2554878822484456,0.3566488748220957,0.9652510620592688,0.0173697649299446,0.1029476311701595,subsetted_512x512_HLS.S30.T17RNL.2019111.v1.4,0.0,0.0,0.3975937127521406,0.907689720104458,0.0173697649299446,0.0
FL2861908074420191120,subsetted_512x512_HLS.S30.T17RNM.2019349.v1.4,0.316709591820807,0.481062177701381,0.4564574865863652,0.9564189665708042,0.0279739220331353,0.0363855541186478,subsetted_512x512_HLS.S30.T17RNM.2019349.v1.4,0.0322422234953709,0.0624702666902978,0.0441656304468097,0.6240335167130586,0.0279739220331353,0.7899419006092234,subsetted_512x512_HLS.S30.T17RNM.2019349.v1.4,0.0466456877106018,0.0891336739037888,0.0799796038798177,0.7111009493154612,0.0279739220331353,0.4021523096701343,subsetted_512x512_HLS.S30.T17RNM.2019349.v1.4,0.0279757363039829,0.0544287872096432,0.0279779777870194,0.4999450558076011,0.0279739220331353,0.9999351484147602,subsetted_512x512_HLS.S30.T17RNM.2019349.v1.4,0.8111349577073602,0.8957200613411404,0.951746870303766,0.9987266503318436,0.0279739220331353,0.0267531863109747
FL3005608509020190916,subsetted_512x512_HLS.S30.T16RFU.2019305.v1.4,0.0069222577209797,0.0137493389740877,0.0380310003789673,0.6911678864674842,0.014190673828125,0.0002365112304687,subsetted_512x512_HLS.S30.T16RFU.2019305.v1.4,0.0141690294522179,0.0279421458173911,0.0148773698115091,0.5443689903506083,0.014190673828125,0.9927902221679688,subsetted_512x512_HLS.S30.T16RFU.2019305.v1.4,0.0165199841874206,0.0325030190146754,0.0331146026586997,0.4586789607285385,0.014190673828125,0.1721839904785156,subsetted_512x512_HLS.S30.T16RFU.2019305.v1.4,0.0148817262802485,0.0293270159367104,0.0235190945056939,0.7125776584883923,0.014190673828125,0.9535636901855468,subsetted_512x512_HLS.S30.T16RFU.2019305.v1.4,0.0,0.0,0.0186902353601575,0.66056311162717,0.014190673828125,0.0
FL3011008549020190330,subsetted_512x512_HLS.S30.T16RFU.2019105.v1.4,0.3176699029126213,0.4821691718243442,0.719047746112057,0.9526508074642756,0.0124707686556061,0.0263606642429606,subsetted_512x512_HLS.S30.T16RFU.2019105.v1.4,0.0144382679025246,0.0284655426739323,0.0162194809504703,0.5675471628151112,0.0124707686556061,0.6133870973894932,subsetted_512x512_HLS.S30.T16RFU.2019105.v1.4,0.0107740324594257,0.021318380000741,0.0228912607447355,0.5202224625424597,0.0124707686556061,0.6052538215333437,subsetted_512x512_HLS.S30.T16RFU.2019105.v1.4,0.0124712444157895,0.0246352565261952,0.0124886822510954,0.4990805983064466,0.0124707686556061,0.999961851426566,subsetted_512x512_HLS.S30.T16RFU.2019105.v1.4,0.5126546146527117,0.6778211095735313,0.827583267818966,0.9912662919045534,0.0124707686556061,0.0178535323671571
FL3037408463920190911,subsetted_512x512_HLS.S30.T16RGU.2019277.v1.4,0.037598944591029,0.0724729815638906,0.3383441300372173,0.8162636543187689,0.0402010050251256,0.001812402941053,subsetted_512x512_HLS.S30.T16RGU.2019277.v1.4,0.0398595326760182,0.0766633019624142,0.0537316582617172,0.5675311557428117,0.0402010050251256,0.9879618288862688,subsetted_512x512_HLS.S30.T16RGU.2019277.v1.4,0.0809395094269932,0.149757703777336,0.1826821040912615,0.687363901026311,0.0402010050251256,0.205461628568049,subsetted_512x512_HLS.S30.T16RGU.2019277.v1.4,0.0421283282618865,0.0808505576892824,0.0444617272774783,0.5558766396816681,0.0402010050251256,0.9542511341826826,subsetted_512x512_HLS.S30.T16RGU.2019277.v1.4,0.0,0.0,0.2452655842313494,0.917429594681022,0.0402010050251256,0.0
GA3239508464820180322,subsetted_512x512_HLS.S30.T16SGA.2018107.v1.4,0.0931556295987782,0.1704343408686817,0.0883381451798036,0.8644874407456847,0.0127734484844049,0.0175577135681295,subsetted_512x512_HLS.S30.T16SGA.2018107.v1.4,0.0141456458260419,0.0278966751654691,0.0177671821457117,0.5546545991788159,0.0127734484844049,0.7350857662335661,subsetted_512x512_HLS.S30.T16SGA.2018107.v1.4,0.0103169485640593,0.0204231921056507,0.1022861252932846,0.5546350237537359,0.0127734484844049,0.6149282938047234,subsetted_512x512_HLS.S30.T16SGA.2018107.v1.4,0.0127765983270208,0.0252308324424678,0.0128305332642021,0.4983436408685643,0.0127734484844049,0.9997534678217728,subsetted_512x512_HLS.S30.T16SGA.2018107.v1.4,0.1433932759968725,0.2508205689277899,0.1624595142746273,0.9594434752305332,0.0127734484844049,0.0153928528780705
ID4209111416920200912,subsetted_512x512_HLS.S30.T12TTM.2020306.v1.4,0.7393012544166058,0.8501129433895352,0.9358285492231556,0.9221573215428458,0.5204963684082031,0.4691200256347656,subsetted_512x512_HLS.S30.T12TTM.2020306.v1.4,0.5176232264988005,0.682149847815616,0.554458600406208,0.5279833015836347,0.5204963684082031,0.9684410095214844,subsetted_512x512_HLS.S30.T12TTM.2020306.v1.4,0.235212065733839,0.3808448318452906,0.5761649984339184,0.5576958194464888,0.5204963684082031,0.2361831665039062,subsetted_512x512_HLS.S30.T12TTM.2020306.v1.4,0.520472275735785,0.6846192252784336,0.5220284126343104,0.5028604926734693,0.5204963684082031,0.9999237060546876,subsetted_512x512_HLS.S30.T12TTM.2020306.v1.4,0.823174525000648,0.903012315839983,0.9582023771107362,0.9589289565482424,0.5204963684082031,0.5527496337890625
ID4218811351720180726,subsetted_512x512_HLS.S30.T11TQG.2018221.v1.4,0.8733021840704118,0.9323665893271462,0.968141621790718,0.9944925172329832,0.0326766967773437,0.0330886840820312,subsetted_512x512_HLS.S30.T11TQG.2018221.v1.4,0.033726666745412,0.0652525814228962,0.0429794050017543,0.5466597798283417,0.0326766967773437,0.9688682556152344,subsetted_512x512_HLS.S30.T11TQG.2018221.v1.4,0.0720743387175229,0.1344577257650666,0.1255215254419423,0.7522785479554004,0.0326766967773437,0.2111434936523437,subsetted_512x512_HLS.S30.T11TQG.2018221.v1.4,0.0329809106519947,0.0638557989056699,0.0253600040956652,0.3938394551717035,0.0326766967773437,0.9907760620117188,subsetted_512x512_HLS.S30.T11TQG.2018221.v1.4,0.8974134151687856,0.9459334565619224,0.9875936166190866,0.9994715111984568,0.0326766967773437,0.0333633422851562
ID4223511346220180922,subsetted_512x512_HLS.S30.T11TQG.2018291.v1.4,0.8115680976683679,0.8959840910346352,0.8669727815426918,0.969444705099114,0.2293586730957031,0.2540435791015625,subsetted_512x512_HLS.S30.T11TQG.2018291.v1.4,0.2211637541269741,0.3622180127432409,0.271315819887851,0.5422802383329067,0.2293586730957031,0.6567192077636719,subsetted_512x512_HLS.S30.T11TQG.2018291.v1.4,0.2506107156238291,0.4007813342600693,0.3521980941558922,0.623732393586536,0.2293586730957031,0.4072914123535156,subsetted_512x512_HLS.S30.T11TQG.2018291.v1.4,0.2006764196948246,0.3342722758656832,0.453406990018624,0.6694304903845987,0.2293586730957031,0.0618057250976562,subsetted_512x512_HLS.S30.T11TQG.2018291.v1.4,0.730136324802199,0.8440217274620521,0.9465970451641,0.9852748169597972,0.2293586730957031,0.3036727905273437
ID4229111562520190723,subsetted_512x512_HLS.S30.T11TPG.2019214.v1.4,0.7160820010414055,0.8345545266564776,0.8386686133310707,0.9261956099563664,0.1810722351074218,0.1583747863769531,subsetted_512x512_HLS.S30.T11TPG.2019214.v1.4,0.1828933599226015,0.3092305124353196,0.1944312346994703,0.5233108518254554,0.1810722351074218,0.9616203308105468,subsetted_512x512_HLS.S30.T11TPG.2019214.v1.4,0.1979420870515388,0.3304702108575685,0.2672245503644339,0.6093464163224267,0.1810722351074218,0.5717086791992188,subsetted_512x512_HLS.S30.T11TPG.2019214.v1.4,0.1879879737132943,0.3164812740076824,0.1891904135117059,0.5240615195960047,0.1810722351074218,0.962970733642578,subsetted_512x512_HLS.S30.T11TPG.2019214.v1.4,0.8218275565740476,0.9022012578616352,0.9633733846059004,0.9922856371319994,0.1810722351074218,0.2071113586425781
ID4229611529420200814,subsetted_512x512_HLS.S30.T11TPG.2020249.v1.4,0.9312814861460956,0.9644181781129,0.9721992485483784,0.987560203304456,0.0961570739746093,0.0910301208496093,subsetted_512x512_HLS.S30.T11TPG.2020249.v1.4,0.0892060381785618,0.1638001168773132,0.1015909939451917,0.5095121404340008,0.0961570739746093,0.5696678161621094,subsetted_512x512_HLS.S30.T11TPG.2020249.v1.4,0.1173662223990451,0.2100765533202777,0.2219855847827538,0.5926134069629052,0.0961570739746093,0.1823959350585937,subsetted_512x512_HLS.S30.T11TPG.2020249.v1.4,0.2064006347736965,0.3421759386133187,0.3298898484257204,0.6835595353290022,0.0961570739746093,0.0430412292480468,subsetted_512x512_HLS.S30.T11TPG.2020249.v1.4,0.8728828668211802,0.9321275583055688,0.990927834538081,0.9989441986334822,0.0961570739746093,0.1042098999023437
ID4235511352920201010,subsetted_512x512_HLS.S30.T11TQG.2020306.v1.4,0.8316948307887464,0.908115060226064,0.9552394929320072,0.9857296747093524,0.0756874084472656,0.0785446166992187,subsetted_512x512_HLS.S30.T11TQG.2020306.v1.4,0.078927119376089,0.146306674396562,0.0907950712094653,0.5581902703755559,0.0756874084472656,0.7533912658691406,subsetted_512x512_HLS.S30.T11TQG.2020306.v1.4,0.0939843912649602,0.1718203513969468,0.1403098915385026,0.6756247342370492,0.0756874084472656,0.6659812927246094,subsetted_512x512_HLS.S30.T11TQG.2020306.v1.4,0.231455978725425,0.3759062162579052,0.2448110954656796,0.7453989794842054,0.0756874084472656,0.0726966857910156,subsetted_512x512_HLS.S30.T11TQG.2020306.v1.4,0.7984314745006282,0.8879198188213753,0.9579362534769272,0.9962686179316768,0.0756874084472656,0.0826454162597656
ID4247711313220180717,subsetted_512x512_HLS.S30.T12TUN.2018216.v1.4,0.8560544949359147,0.9224454317172108,0.942106473835375,0.9848229779708114,0.0419235229492187,0.0370712280273437,subsetted_512x512_HLS.S30.T12TUN.2018216.v1.4,0.0427058232335822,0.0819134645304756,0.0711702744104726,0.6201050534898335,0.0419235229492187,0.9633331298828124,subsetted_512x512_HLS.S30.T12TUN.2018216.v1.4,0.1395514156146586,0.2449234210979177,0.2274455492966864,0.7766214982396491,0.0419235229492187,0.1354141235351562,subsetted_512x512_HLS.S30.T12TUN.2018216.v1.4,0.047061556329849,0.0898926257875587,0.0660639941312925,0.523741193181845,0.0419235229492187,0.559906005859375,subsetted_512x512_HLS.S30.T12TUN.2018216.v1.4,0.8110800815155861,0.8956866013752866,0.9773088783671052,0.9988866140030468,0.0419235229492187,0.0496101379394531
ID4253711500720210703,subsetted_512x512_HLS.S30.T11TPH.2021238.v1.4,0.6104433654381916,0.7581059707394227,0.9379990820154216,0.9785276144641488,0.0953941345214843,0.0589637756347656,subsetted_512x512_HLS.S30.T11TPH.2021238.v1.4,0.0976978100928885,0.1780049284868687,0.1295623080398757,0.5893304280060989,0.0953941345214843,0.97119140625,subsetted_512x512_HLS.S30.T11TPH.2021238.v1.4,0.1069661652887073,0.1932600446930725,0.1537224902419544,0.582622046629602,0.0953941345214843,0.1589584350585937,subsetted_512x512_HLS.S30.T11TPH.2021238.v1.4,0.0953952262332103,0.1741749899006784,0.0954123329797706,0.50003162728718,0.0953941345214843,0.9999885559082032,subsetted_512x512_HLS.S30.T11TPH.2021238.v1.4,0.0,0.0,0.0949025839636054,0.4214422128484044,0.0953941345214843,0.0001602172851562
ID4254611249720210721,subsetted_512x512_HLS.S30.T12TUN.2021215.v1.4,0.7037264789078834,0.8261026492456508,0.86513334330133,0.9651812858754404,0.0272407531738281,0.025604248046875,subsetted_512x512_HLS.S30.T12TUN.2021215.v1.4,0.0282869015127808,0.0550175276397395,0.0392328037615418,0.6396665658531704,0.0272407531738281,0.9630165100097656,subsetted_512x512_HLS.S30.T12TUN.2021215.v1.4,0.0887426856259285,0.1630186577554998,0.1782686477961936,0.6694988938909507,0.0272407531738281,0.1097450256347656,subsetted_512x512_HLS.S30.T12TUN.2021215.v1.4,0.0275158656458194,0.0535580355803558,0.0234170723644923,0.4542624707008631,0.0272407531738281,0.9900016784667968,subsetted_512x512_HLS.S30.T12TUN.2021215.v1.4,0.8284810126582278,0.90619591554171,0.9611723097847976,0.9984277091873144,0.0272407531738281,0.027862548828125
ID4254811347120200723,subsetted_512x512_HLS.S30.T11TQH.2020216.v1.4,0.9362892365067854,0.9670964635386016,0.9762621251425212,0.991026686904244,0.0366592407226562,0.0346412658691406,subsetted_512x512_HLS.S30.T11TQH.2020216.v1.4,0.0402618498997978,0.0774071449485069,0.0388041543437024,0.5522536625991006,0.0366592407226562,0.8623237609863281,subsetted_512x512_HLS.S30.T11TQH.2020216.v1.4,0.1115676048022042,0.200739216076843,0.1909079066577843,0.721107600293704,0.0366592407226562,0.1357002258300781,subsetted_512x512_HLS.S30.T11TQH.2020216.v1.4,0.0369623914398024,0.071289743475616,0.0285903879640128,0.4068735470012684,0.0366592407226562,0.9917984008789062,subsetted_512x512_HLS.S30.T11TQH.2020216.v1.4,0.8901601830663616,0.9418886198547216,0.9863910548799856,0.999489455420956,0.0366592407226562,0.0389633178710937
ID4257811155220180922,subsetted_512x512_HLS.S30.T12TVN.2018291.v1.4,0.2118205349439171,0.3495906016375934,0.7668398944372632,0.9474364213529004,0.0171921850232042,0.0686426920799831,subsetted_512x512_HLS.S30.T12TVN.2018291.v1.4,0.017907109110376,0.0351841714241026,0.0222812830629488,0.6239617582865626,0.0171921850232042,0.9596417180726112,subsetted_512x512_HLS.S30.T12TVN.2018291.v1.4,0.0299903987246607,0.0582343267700262,0.0978029703174189,0.7263308163587107,0.0171921850232042,0.4171501690189263,subsetted_512x512_HLS.S30.T12TVN.2018291.v1.4,0.0171931044229939,0.0338049960194072,0.0173083430751245,0.5019101918353388,0.0171921850232042,0.9999465250854644,subsetted_512x512_HLS.S30.T12TVN.2018291.v1.4,0.5499433177982114,0.7096302316131654,0.9472827948418052,0.9983874555770866,0.0171921850232042,0.0298084452168598
ID4261911561220210806,subsetted_512x512_HLS.S30.T11TPH.2021263.v1.4,0.5894587567950839,0.7417100371747212,0.7584387468285246,0.9159581171174208,0.0395614289420274,0.0374059605377607,subsetted_512x512_HLS.S30.T11TPH.2021263.v1.4,0.047739188709741,0.0911280006020016,0.0461301583834217,0.5660773793131038,0.0395614289420274,0.4674123697181486,subsetted_512x512_HLS.S30.T11TPH.2021263.v1.4,0.1173615221987315,0.2100690239767498,0.2381954570012912,0.81104127405479,0.0395614289420274,0.2124719598358029,subsetted_512x512_HLS.S30.T11TPH.2021263.v1.4,0.3014928025590901,0.4633030654741585,0.4356193751774808,0.9017227592158452,0.0395614289420274,0.0721948390837924,subsetted_512x512_HLS.S30.T11TPH.2021263.v1.4,0.5586542151720609,0.7168417596848325,0.8556157688927385,0.9866118973697128,0.0395614289420274,0.0534022065892478
ID4262311348620200808,subsetted_512x512_HLS.S30.T11TQH.2020251.v1.4,0.4864864864864865,0.6545454545454545,0.5045038737307423,0.9789419399859772,0.0227928161621093,0.0432968139648437,subsetted_512x512_HLS.S30.T11TQH.2020251.v1.4,0.0232482097897524,0.0454400204512047,0.030843397386703,0.565895789473839,0.0227928161621093,0.9322242736816406,subsetted_512x512_HLS.S30.T11TQH.2020251.v1.4,0.0265764621672169,0.0517768780926675,0.0313394952387814,0.5026407922946918,0.0227928161621093,0.1468086242675781,subsetted_512x512_HLS.S30.T11TQH.2020251.v1.4,0.0236614921590369,0.0462291340258032,0.0255455416082361,0.5163563897270942,0.0227928161621093,0.963287353515625,subsetted_512x512_HLS.S30.T11TQH.2020251.v1.4,0.4062432412947876,0.577770942274172,0.4014575047721557,0.9847509506464508,0.0227928161621093,0.0516166687011718
ID4268511284420210614,subsetted_512x512_HLS.S30.T12TUN.2021205.v1.4,0.8668819332326442,0.928694972939798,0.9413685023531124,0.9755315795268809,0.0694389343261718,0.0673027038574218,subsetted_512x512_HLS.S30.T12TUN.2021205.v1.4,0.0705418285210844,0.1317871504722715,0.0876317058264802,0.5761994799291902,0.0694389343261718,0.9503250122070312,subsetted_512x512_HLS.S30.T12TUN.2021205.v1.4,0.1205807075116024,0.2152111074254845,0.2300453328837512,0.722215975106404,0.0694389343261718,0.33306884765625,subsetted_512x512_HLS.S30.T12TUN.2021205.v1.4,0.0755338430257698,0.1404583286998622,0.1065581754467228,0.6376325489024897,0.0694389343261718,0.8224601745605469,subsetted_512x512_HLS.S30.T12TUN.2021205.v1.4,0.8362197887018187,0.9108057693823398,0.9796201756519456,0.9981638499997594,0.0694389343261718,0.0757598876953125
ID4268911299220180609,subsetted_512x512_HLS.S30.T12TUN.2018186.v1.4,0.5803975325565456,0.7344956197415213,0.6341767166630545,0.9922369081500028,0.0173225402832031,0.0266571044921875,subsetted_512x512_HLS.S30.T12TUN.2018186.v1.4,0.0195118546730742,0.0382768568774143,0.024525612879539,0.6174577173447279,0.0173225402832031,0.7628211975097656,subsetted_512x512_HLS.S30.T12TUN.2018186.v1.4,0.0293842861878786,0.0570909942616231,0.0423098255048378,0.6702877976754684,0.0173225402832031,0.3735618591308594,subsetted_512x512_HLS.S30.T12TUN.2018186.v1.4,0.0179113779257354,0.0351924112730415,0.0196079286847296,0.4798526340474557,0.0173225402832031,0.9671249389648438,subsetted_512x512_HLS.S30.T12TUN.2018186.v1.4,0.3446255117604559,0.5125970149253731,0.6132391415765077,0.9905246757820924,0.0173225402832031,0.0465736389160156
ID4274811621820200722,subsetted_512x512_HLS.S30.T11TNH.2020217.v1.4,0.1126280801032881,0.2024541391995654,0.8529525732506475,0.9727941973261136,0.0325889587402343,0.2764244079589844,subsetted_512x512_HLS.S30.T11TNH.2020217.v1.4,0.0343440606849796,0.0664074208774124,0.0399592683009369,0.5964046638230189,0.0325889587402343,0.9218978881835938,subsetted_512x512_HLS.S30.T11TNH.2020217.v1.4,0.0910988607129731,0.1669855298967961,0.2229975805381367,0.8251786137280208,0.0325889587402343,0.2505455017089844,subsetted_512x512_HLS.S30.T11TNH.2020217.v1.4,0.0330273709647558,0.0639428768163446,0.0466265336582706,0.5858926974076799,0.0325889587402343,0.7762527465820312,subsetted_512x512_HLS.S30.T11TNH.2020217.v1.4,0.605865060586506,0.7545653435727999,0.9218404101794372,0.9972926774169422,0.0325889587402343,0.0528488159179687
ID4275711555220180822,subsetted_512x512_HLS.S30.T11TPH.2018244.v1.4,0.735928903935675,0.8478790833739639,0.9061596471718032,0.9821882737073264,0.1587562561035156,0.2011451721191406,subsetted_512x512_HLS.S30.T11TPH.2018244.v1.4,0.1560930938804901,0.2700355096085818,0.1734138313020249,0.5267157182945958,0.1587562561035156,0.9681549072265624,subsetted_512x512_HLS.S30.T11TPH.2018244.v1.4,0.1263498552205757,0.2243527703847084,0.1726798098305175,0.5494754631276212,0.1587562561035156,0.2196311950683593,subsetted_512x512_HLS.S30.T11TPH.2018244.v1.4,0.1587580729454759,0.2740141823425226,0.1588022955874048,0.5000861572505861,0.1587562561035156,0.9999885559082032,subsetted_512x512_HLS.S30.T11TPH.2018244.v1.4,0.6348067399536973,0.7766138032580866,0.9512060723761422,0.9909377782776388,0.1587562561035156,0.2479934692382812
ID4284111556820200530,subsetted_512x512_HLS.S30.T11TPH.2020174.v1.4,0.4622050581641784,0.632202789319419,0.8403940424795222,0.9712352889657272,0.0410690307617187,0.0773658752441406,subsetted_512x512_HLS.S30.T11TPH.2020174.v1.4,0.0530368612542149,0.1007312530181433,0.0720652997415761,0.6732959838799708,0.0410690307617187,0.6224899291992188,subsetted_512x512_HLS.S30.T11TPH.2020174.v1.4,0.1328201768752047,0.2344947231458725,0.246688967947073,0.6868511533515134,0.0410690307617187,0.11724853515625,subsetted_512x512_HLS.S30.T11TPH.2020174.v1.4,0.3905985796415285,0.5617704280155642,0.6254963518150288,0.9201028763193114,0.0410690307617187,0.0530471801757812,subsetted_512x512_HLS.S30.T11TPH.2020174.v1.4,0.1701224164814384,0.2907771256839896,0.8789079002569691,0.9762463385046593,0.0410690307617187,0.22802734375
ID4284311240020200719,subsetted_512x512_HLS.S30.T12TUN.2020216.v1.4,0.8467903376484719,0.9170400346870936,0.944014105536136,0.986596771288519,0.026317696829593,0.0264702853022968,subsetted_512x512_HLS.S30.T12TUN.2020216.v1.4,0.0275340219236412,0.0535924287394299,0.0723949323648793,0.7192123206970493,0.026317696829593,0.9273526281457068,subsetted_512x512_HLS.S30.T12TUN.2020216.v1.4,0.1078853630712639,0.1947590728560321,0.1142481479406431,0.829499022219164,0.026317696829593,0.1552129944343354,subsetted_512x512_HLS.S30.T12TUN.2020216.v1.4,0.0304484883221091,0.0590975457136897,0.0641751035313468,0.5442838425165322,0.026317696829593,0.5223523038952023,subsetted_512x512_HLS.S30.T12TUN.2020216.v1.4,0.806727613689639,0.8930262731106066,0.9813943363507248,0.9995516776720018,0.026317696829593,0.0324860858386453
ID4286811517820190809,subsetted_512x512_HLS.S30.T11TPH.2019244.v1.4,0.9370327774583094,0.9674929493839988,0.9780670430735984,0.9954858400836816,0.0261917114257812,0.02520751953125,subsetted_512x512_HLS.S30.T11TPH.2019244.v1.4,0.0270101219114008,0.0525995242600558,0.0251694142044821,0.4973657243526632,0.0261917114257812,0.9696998596191406,subsetted_512x512_HLS.S30.T11TPH.2019244.v1.4,0.0565534462699696,0.1070526937745071,0.0353128886629557,0.5591407094287619,0.0261917114257812,0.1158447265625,subsetted_512x512_HLS.S30.T11TPH.2019244.v1.4,0.0261920111695614,0.0510469987769835,0.0261967080513098,0.5000274210860316,0.0261917114257812,0.9999885559082032,subsetted_512x512_HLS.S30.T11TPH.2019244.v1.4,0.6263726207906296,0.7702695099307939,0.8262510965591564,0.9971843741654988,0.0261917114257812,0.0416069030761718
ID4291611449620170710,subsetted_512x512_HLS.S30.T11TQH.2019221.v1.4,0.6955259026687598,0.820424980324985,0.8403596214674469,0.9792166951532668,0.0993074828621707,0.0898083539804414,subsetted_512x512_HLS.S30.T11TQH.2019221.v1.4,0.109011137360783,0.1965916007303712,0.1243805068339857,0.5659005292462956,0.0993074828621707,0.7925250172910411,subsetted_512x512_HLS.S30.T11TQH.2019221.v1.4,0.1397658199500927,0.245253573152795,0.1536966125854238,0.5870757031953877,0.0993074828621707,0.2905814167272217,subsetted_512x512_HLS.S30.T11TQH.2019221.v1.4,0.1010023337118536,0.1834734234782961,0.1013316945296465,0.4997233309347115,0.0993074828621707,0.978734208245419,subsetted_512x512_HLS.S30.T11TQH.2019221.v1.4,0.7581891108965312,0.8624659386155763,0.922312744938134,0.9919623246920825,0.0993074828621707,0.1079267385156845
ID4292211511120200819,subsetted_512x512_HLS.S30.T11TPH.2020249.v1.4,0.8083870967741935,0.8940420977524082,0.9624128769870858,0.995212889463154,0.0248947143554687,0.0285682678222656,subsetted_512x512_HLS.S30.T11TPH.2020249.v1.4,0.0255491361525028,0.0498252794563391,0.0407485035210751,0.6591978425816583,0.0248947143554687,0.963054656982422,subsetted_512x512_HLS.S30.T11TPH.2020249.v1.4,0.0468325367819323,0.0894747443099165,0.109105233419276,0.6779266713750313,0.0248947143554687,0.316009521484375,subsetted_512x512_HLS.S30.T11TPH.2020249.v1.4,0.0258529164751929,0.0504027742378955,0.027793867120954,0.5129392296317161,0.0248947143554687,0.9629364013671876,subsetted_512x512_HLS.S30.T11TPH.2020249.v1.4,0.5798779393286663,0.7340794182809748,0.957348666967461,0.9985104609689152,0.0248947143554687,0.0422554016113281
ID4292911199020180813,subsetted_512x512_HLS.S30.T12TVN.2018246.v1.4,0.8099591836734694,0.8950027061158218,0.947948438183647,0.9901441403172068,0.0410614013671875,0.04351806640625,subsetted_512x512_HLS.S30.T12TVN.2018246.v1.4,0.0424620597499284,0.0814649499284692,0.0890772807834952,0.5819357553218164,0.0410614013671875,0.9588661193847656,subsetted_512x512_HLS.S30.T12TVN.2018246.v1.4,0.1249018516139163,0.222067110005584,0.4468190605550446,0.8667186641075341,0.0410614013671875,0.259521484375,subsetted_512x512_HLS.S30.T12TVN.2018246.v1.4,0.0349787559422046,0.0675931863168752,0.0711233470672784,0.4982293139491708,0.0410614013671875,0.506256103515625,subsetted_512x512_HLS.S30.T12TVN.2018246.v1.4,0.6849146845915202,0.8129962791054509,0.9814263099703338,0.9990318397850776,0.0410614013671875,0.0583839416503906
ID4295011487620200703,subsetted_512x512_HLS.S30.T11TPH.2020219.v1.4,0.5167368210062137,0.6813796749041893,0.7798513595858911,0.9785708693829366,0.0174713134765625,0.0113945007324218,subsetted_512x512_HLS.S30.T11TPH.2020219.v1.4,0.0197260633069008,0.0386889460154241,0.0180475820928889,0.5496868646171564,0.0174713134765625,0.8728790283203125,subsetted_512x512_HLS.S30.T11TPH.2020219.v1.4,0.0300792393026941,0.0584017969783685,0.046674448181966,0.616537192197586,0.0174713134765625,0.1065025329589843,subsetted_512x512_HLS.S30.T11TPH.2020219.v1.4,0.0177129420500603,0.034809308830012,0.0115452794100747,0.2666576794853006,0.0174713134765625,0.986358642578125,subsetted_512x512_HLS.S30.T11TPH.2020219.v1.4,0.7696,0.8698010849909584,0.9702759756103406,0.9990802341135172,0.0174713134765625,0.0205001831054687
ID4298011230820180816,subsetted_512x512_HLS.S30.T12TUN.2018246.v1.4,0.6648268941294531,0.7986738999397227,0.6782784234558846,0.9886715537687883,0.0413932800292968,0.0598640441894531,subsetted_512x512_HLS.S30.T12TUN.2018246.v1.4,0.0464460014496255,0.0887690361189867,0.0679530545722768,0.6241536443773609,0.0413932800292968,0.7847251892089844,subsetted_512x512_HLS.S30.T12TUN.2018246.v1.4,0.1331165468817961,0.2349564963076698,0.2561561831894172,0.8056328299928631,0.0413932800292968,0.1673011779785156,subsetted_512x512_HLS.S30.T12TUN.2018246.v1.4,0.0418326002058668,0.0803057999866786,0.0330232287539897,0.3879454449697857,0.0413932800292968,0.9894981384277344,subsetted_512x512_HLS.S30.T12TUN.2018246.v1.4,0.6120655213743508,0.7593556381660471,0.6868379997539149,0.9910410908004702,0.0413932800292968,0.0663528442382812
ID4298311481320200606,subsetted_512x512_HLS.S30.T11TPH.2020184.v1.4,0.5183687818597293,0.6827969437369762,0.7169014632410211,0.9548080262764368,0.019195556640625,0.0137557983398437,subsetted_512x512_HLS.S30.T11TPH.2020184.v1.4,0.0232417773923983,0.0454277335149999,0.0315907427447498,0.6129044503181753,0.019195556640625,0.4399681091308594,subsetted_512x512_HLS.S30.T11TPH.2020184.v1.4,0.067813240521327,0.1270132977340106,0.1164684614409209,0.8206837116315997,0.019195556640625,0.2008323669433593,subsetted_512x512_HLS.S30.T11TPH.2020184.v1.4,0.3067645869828864,0.4695024490848157,0.5165364095713293,0.983438937531186,0.019195556640625,0.0547904968261718,subsetted_512x512_HLS.S30.T11TPH.2020184.v1.4,0.5389830508474577,0.7004405286343612,0.8697259156258641,0.992084375652812,0.019195556640625,0.0275650024414062
ID4299311311120190906,subsetted_512x512_HLS.S30.T12TUN.2019276.v1.4,0.8881783578031539,0.9407780299277724,0.9757882873289426,0.9906148538762076,0.1658172607421875,0.1653327941894531,subsetted_512x512_HLS.S30.T12TUN.2019276.v1.4,0.1744873766772321,0.2971294202767477,0.2191347953823288,0.6078359476853987,0.1658172607421875,0.8886604309082031,subsetted_512x512_HLS.S30.T12TUN.2019276.v1.4,0.2616428824297764,0.4147653604257378,0.4522903720010742,0.7236716943332486,0.1658172607421875,0.2284317016601562,subsetted_512x512_HLS.S30.T12TUN.2019276.v1.4,0.1834655268425567,0.3100479442473262,0.2621040963590563,0.6095525812973677,0.1658172607421875,0.7340660095214844,subsetted_512x512_HLS.S30.T12TUN.2019276.v1.4,0.8993473684210527,0.9470067280728006,0.9909368996096856,0.9979555227668678,0.1658172607421875,0.1783409118652343
ID4302611590820180704,subsetted_512x512_HLS.S30.T11TNH.2018217.v1.4,0.4051101717107478,0.5766240681576145,0.9408211733438644,0.9952401438891066,0.0419044494628906,0.1013755798339843,subsetted_512x512_HLS.S30.T11TNH.2018217.v1.4,0.0444377428110198,0.0850940960663088,0.043764636355066,0.5307761860529832,0.0419044494628906,0.8564720153808594,subsetted_512x512_HLS.S30.T11TNH.2018217.v1.4,0.0964987035593189,0.1760124353017049,0.2422785018250028,0.729778088608249,0.0419044494628906,0.18878173828125,subsetted_512x512_HLS.S30.T11TNH.2018217.v1.4,0.0422607277231912,0.0810943492335347,0.0411787631931299,0.5181826829607199,0.0419044494628906,0.9915695190429688,subsetted_512x512_HLS.S30.T11TNH.2018217.v1.4,0.2204111274737245,0.3612079937848158,0.9627893835003838,0.99586101464471,0.0419044494628906,0.188873291015625
ID4304311477420180717,subsetted_512x512_HLS.S30.T11TPH.2018219.v1.4,0.934528491974772,0.9661563485382452,0.9931519848718032,0.9958733939247064,0.2753982543945312,0.2593231201171875,subsetted_512x512_HLS.S30.T11TPH.2018219.v1.4,0.1896280775275013,0.3188022897402025,0.2985868892027439,0.5626585901374527,0.2753982543945312,0.2790451049804687,subsetted_512x512_HLS.S30.T11TPH.2018219.v1.4,0.2892541840437632,0.448715525027832,0.4669166588887423,0.6779036833083986,0.2753982543945312,0.2694206237792969,subsetted_512x512_HLS.S30.T11TPH.2018219.v1.4,0.120654010034541,0.2153278513335658,0.3864025647465311,0.5813578251758447,0.2753982543945312,0.0637168884277343,subsetted_512x512_HLS.S30.T11TPH.2018219.v1.4,0.9400892203209268,0.9691195749909054,0.9959384156922644,0.9984895971380322,0.2753982543945312,0.2803688049316406
ID4316911383020180716,subsetted_512x512_HLS.S30.T11TQH.2018219.v1.4,0.7819227366558538,0.8776168804302855,0.9540853598089044,0.9903752319403412,0.0700607299804687,0.0682411193847656,subsetted_512x512_HLS.S30.T11TQH.2018219.v1.4,0.0724972889047175,0.1351934212882813,0.0965549528725375,0.6210977343826054,0.0700607299804687,0.9523391723632812,subsetted_512x512_HLS.S30.T11TQH.2018219.v1.4,0.249234550864634,0.3990196247648307,0.4507584474037385,0.8447087125282223,0.0700607299804687,0.1509513854980468,subsetted_512x512_HLS.S30.T11TQH.2018219.v1.4,0.0659068646140671,0.1236634584165662,0.1405751082768677,0.5132483938917092,0.0700607299804687,0.6231422424316406,subsetted_512x512_HLS.S30.T11TQH.2018219.v1.4,0.6609968501019085,0.7959037972424255,0.8221815149161962,0.9930029760020544,0.0700607299804687,0.100921630859375
ID4319611377420190801,subsetted_512x512_HLS.S30.T11TQH.2019244.v1.4,0.3428600854832895,0.5106415615293171,0.8148919448856891,0.9671314248123152,0.0796737670898437,0.2187538146972656,subsetted_512x512_HLS.S30.T11TQH.2019244.v1.4,0.0921348055201232,0.1687242363386534,0.1003291952051679,0.5940809730391088,0.0796737670898437,0.6421432495117188,subsetted_512x512_HLS.S30.T11TQH.2019244.v1.4,0.1615548059493655,0.2781699238329492,0.1928376109381236,0.7364119591026494,0.0796737670898437,0.2894401550292969,subsetted_512x512_HLS.S30.T11TQH.2019244.v1.4,0.1106904027603896,0.1993181943146203,0.1437935837555726,0.6570409836643177,0.0796737670898437,0.05908203125,subsetted_512x512_HLS.S30.T11TQH.2019244.v1.4,0.178477803456245,0.3028954859103914,0.7928761155839472,0.9630510602534548,0.0796737670898437,0.4416465759277344
ID4328311224320210421,subsetted_512x512_HLS.S30.T12TUN.2021150.v1.4,0.5214225232853514,0.6854407836153161,0.7059287276344357,0.9364747580365846,0.0178680419921875,0.0164031982421875,subsetted_512x512_HLS.S30.T12TUN.2021150.v1.4,0.0183064572862357,0.0359547111878718,0.0282608079503502,0.6640988492620179,0.0178680419921875,0.9760513305664062,subsetted_512x512_HLS.S30.T12TUN.2021150.v1.4,0.0204153711958644,0.0400138448952193,0.0274122700080677,0.5837465441142375,0.0178680419921875,0.70953369140625,subsetted_512x512_HLS.S30.T12TUN.2021150.v1.4,0.01787042795173,0.0351133650433107,0.017956404732149,0.5015963644838033,0.0178680419921875,0.9998664855957032,subsetted_512x512_HLS.S30.T12TUN.2021150.v1.4,0.4865682262942536,0.654619435136429,0.6764939947022197,0.9763418540371042,0.0178680419921875,0.014007568359375
ID4345211594520190815,subsetted_512x512_HLS.S30.T11TNJ.2019244.v1.4,0.7148106274731487,0.8336904565683204,0.722789926264963,0.9794379646018802,0.0208091735839843,0.0254783630371093,subsetted_512x512_HLS.S30.T11TNJ.2019244.v1.4,0.02202364314957,0.0430981089276952,0.0526223172785319,0.7321682746623818,0.0208091735839843,0.9276847839355468,subsetted_512x512_HLS.S30.T11TNJ.2019244.v1.4,0.1382634894549438,0.2429375812118003,0.2431787334762044,0.7930224550782687,0.0208091735839843,0.0584564208984375,subsetted_512x512_HLS.S30.T11TNJ.2019244.v1.4,0.0218237960057771,0.0427153802663131,0.0280623711404984,0.564007998151772,0.0208091735839843,0.7618598937988281,subsetted_512x512_HLS.S30.T11TNJ.2019244.v1.4,0.6254677127338564,0.7695849112645726,0.8263606521539999,0.9966323440493614,0.0208091735839843,0.0305633544921875
ID4345611483420200806,subsetted_512x512_HLS.S30.T11TPJ.2020249.v1.4,0.6786925941249483,0.8085966382412383,0.9311853753779248,0.9801166160555488,0.0342750549316406,0.0431137084960937,subsetted_512x512_HLS.S30.T11TPJ.2020249.v1.4,0.0359395777251645,0.0693854709250222,0.0401452157314645,0.5511434952569273,0.0342750549316406,0.94049072265625,subsetted_512x512_HLS.S30.T11TPJ.2020249.v1.4,0.107725433903171,0.1944984390646168,0.2096160295710178,0.792129838017891,0.0342750549316406,0.0952491760253906,subsetted_512x512_HLS.S30.T11TPJ.2020249.v1.4,0.0314487025262072,0.0609796734421859,0.0359168715354784,0.4907758230329327,0.0342750549316406,0.5381202697753906,subsetted_512x512_HLS.S30.T11TPJ.2020249.v1.4,0.7823971693940734,0.8779156327543425,0.9672326573617502,0.998911188384948,0.0342750549316406,0.0425910949707031
ID4346711414520180729,subsetted_512x512_HLS.S30.T11TQJ.2018219.v1.4,0.9392796556703632,0.96868922738807,0.9969114768099796,0.9861196774849236,0.8121056526615346,0.7708875342371692,subsetted_512x512_HLS.S30.T11TQJ.2018219.v1.4,0.7572072735161268,0.8618303428723857,0.8075217253986072,0.505644757370763,0.8121056526615346,0.918288561161508,subsetted_512x512_HLS.S30.T11TQJ.2018219.v1.4,0.250005603597061,0.4000071725720843,0.8355860202266185,0.554217664514927,0.8121056526615346,0.2515926482593403,subsetted_512x512_HLS.S30.T11TQJ.2018219.v1.4,0.7837761855802596,0.8787831028535662,0.8563058663663177,0.6278924581677375,0.8121056526615346,0.8821898055252497,subsetted_512x512_HLS.S30.T11TQJ.2018219.v1.4,0.9476186605981796,0.973104930415006,0.9975874126325645,0.9897320513202796,0.8121056526615346,0.8333498638142686
ID4369611305520200702,subsetted_512x512_HLS.S30.T12TUP.2020241.v1.4,0.5438655125162929,0.7045503745075118,0.8771761193496497,0.9718416808466002,0.1080856323242187,0.0681304931640625,subsetted_512x512_HLS.S30.T12TUP.2020241.v1.4,0.1110250229568411,0.199860526383759,0.1232825039680486,0.5445310238530846,0.1080856323242187,0.6303825378417969,subsetted_512x512_HLS.S30.T12TUP.2020241.v1.4,0.1121808501590433,0.2017313104123333,0.1782574376350534,0.6138263984079368,0.1080856323242187,0.1413345336914062,subsetted_512x512_HLS.S30.T12TUP.2020241.v1.4,0.1111472876123378,0.2000586040239076,0.1193533168208394,0.5262927163081135,0.1080856323242187,0.972454071044922,subsetted_512x512_HLS.S30.T12TUP.2020241.v1.4,0.3502111141378371,0.5187501576173303,0.5732666338373587,0.7505083509629449,0.1080856323242187,0.0431785583496093
ID4371511252320190722,subsetted_512x512_HLS.S30.T12TUP.2019226.v1.4,0.5927477866727536,0.7443084104495946,0.9979336156784,0.97268841295012,0.9357376098632812,0.5548629760742188,subsetted_512x512_HLS.S30.T12TUP.2019226.v1.4,0.8978130391373038,0.9461554121742426,0.9264595585314362,0.4675781860666981,0.9357376098632812,0.9567832946777344,subsetted_512x512_HLS.S30.T12TUP.2019226.v1.4,0.1645740455540244,0.2826338886433476,0.937525544478536,0.4535478835020844,0.9357376098632812,0.1604042053222656,subsetted_512x512_HLS.S30.T12TUP.2019226.v1.4,0.9308246028289128,0.9641731325208224,0.9424611542585316,0.5860331930257594,0.9357376098632812,0.9920082092285156,subsetted_512x512_HLS.S30.T12TUP.2019226.v1.4,0.7082486991284362,0.8292102894499976,0.9884036725260832,0.8460604420612958,0.9357376098632812,0.6747512817382812
ID4401511615420180725,subsetted_512x512_HLS.S30.T11TNJ.2018217.v1.4,0.9007793195210037,0.9478,0.9717078681612126,0.9909465454805524,0.0778010475198651,0.0747874251839644,subsetted_512x512_HLS.S30.T11TNJ.2018217.v1.4,0.0780417057114972,0.1447842050971311,0.0943318364453511,0.5622445847473336,0.0778010475198651,0.979843062755824,subsetted_512x512_HLS.S30.T11TNJ.2018217.v1.4,0.1508556021830358,0.2621625196017306,0.1844368726403992,0.6216134665310074,0.0778010475198651,0.1241078342736597,subsetted_512x512_HLS.S30.T11TNJ.2018217.v1.4,0.0786540590658534,0.1458374135892469,0.0841055867802676,0.4512562585407257,0.0778010475198651,0.9739836654039972,subsetted_512x512_HLS.S30.T11TNJ.2018217.v1.4,0.8937291245236864,0.9438827474847844,0.9785224313161922,0.98993441017152,0.0778010475198651,0.0757601766974513
ID4409311186520180726,subsetted_512x512_HLS.S30.T12TVP.2018221.v1.4,0.9413643612633584,0.969796685307191,0.9986310418310173,0.993582518044948,0.8308372497558594,0.7851791381835938,subsetted_512x512_HLS.S30.T12TVP.2018221.v1.4,0.8134026374049476,0.8971009754005427,0.8519056056547879,0.5662417872792085,0.8308372497558594,0.9658317565917968,subsetted_512x512_HLS.S30.T12TVP.2018221.v1.4,0.1253262065712938,0.2227375597217177,0.8531142085309924,0.5417801736076412,0.8308372497558594,0.1248855590820312,subsetted_512x512_HLS.S30.T12TVP.2018221.v1.4,0.8308435885893904,0.9076073934087732,0.8310351823658699,0.5005814674885859,0.8308372497558594,0.9999923706054688,subsetted_512x512_HLS.S30.T12TVP.2018221.v1.4,0.9047542353699092,0.9499957722306396,0.9911969340806184,0.9584340815114464,0.8308372497558594,0.838409423828125
ID4414411669220190714,subsetted_512x512_HLS.S30.T11TNJ.2019217.v1.4,0.8858921161825726,0.9394939493949396,0.9553232147769988,0.9863293813954118,0.0265769958496093,0.0254364013671875,subsetted_512x512_HLS.S30.T11TNJ.2019217.v1.4,0.027977373490292,0.0544318857822724,0.0478080132130732,0.6297428400268691,0.0265769958496093,0.9481239318847656,subsetted_512x512_HLS.S30.T11TNJ.2019217.v1.4,0.1159420289855072,0.2077922077922078,0.2469068225625621,0.8490661746581925,0.0265769958496093,0.1376190185546875,subsetted_512x512_HLS.S30.T11TNJ.2019217.v1.4,0.0268101776313764,0.0522203192282755,0.0281569889798533,0.5528869398279107,0.0265769958496093,0.991302490234375,subsetted_512x512_HLS.S30.T11TNJ.2019217.v1.4,0.8142090148582845,0.8975911906400551,0.9779775760160624,0.9992498692887972,0.0265769958496093,0.0288505554199218
ID4447411719020180725,subsetted_512x512_HLS.S30.T11TMK.2018217.v1.4,0.8613079896907216,0.9254868022501082,0.935221971388436,0.9819194560791444,0.0229301452636718,0.021148681640625,subsetted_512x512_HLS.S30.T11TMK.2018217.v1.4,0.023074828792226,0.0451087802042136,0.0226656209737934,0.494226094623213,0.0229301452636718,0.9088249206542968,subsetted_512x512_HLS.S30.T11TMK.2018217.v1.4,0.0701635980778575,0.1311268636008173,0.4138284271915346,0.880638626386672,0.0229301452636718,0.2795066833496094,subsetted_512x512_HLS.S30.T11TMK.2018217.v1.4,0.2610954752110846,0.4140772532188841,0.674233133331977,0.9513074694288128,0.0229301452636718,0.0659523010253906,subsetted_512x512_HLS.S30.T11TMK.2018217.v1.4,0.833086663377734,0.9089441105230108,0.9777944595590804,0.999292613625822,0.0229301452636718,0.01959228515625
ID4453211532920210810,subsetted_512x512_HLS.S30.T11TPK.2021268.v1.4,0.6582271982915724,0.7938926571337467,0.9168581360429822,0.8318063236521119,0.6619873046875,0.5702400207519531,subsetted_512x512_HLS.S30.T11TPK.2021268.v1.4,0.6451652865366673,0.7843166784716715,0.6774913210555727,0.5213057718244634,0.6619873046875,0.9591102600097656,subsetted_512x512_HLS.S30.T11TPK.2021268.v1.4,0.5463668243525525,0.7066458174712983,0.6952647755309084,0.5384136975686383,0.6619873046875,0.7358741760253906,subsetted_512x512_HLS.S30.T11TPK.2021268.v1.4,0.6620364718449565,0.7966569724069386,0.6642100589355234,0.5043474230251105,0.6619873046875,0.999897003173828,subsetted_512x512_HLS.S30.T11TPK.2021268.v1.4,0.8184083001335001,0.9001370045147902,0.9413913901603628,0.91194520394053,0.6619873046875,0.6577987670898438
ID4458311709720180915,subsetted_512x512_HLS.S30.T11TMK.2018292.v1.4,0.4390510152099556,0.6101952058258319,0.744973339840848,0.9261624542819884,0.0318802316619993,0.0435625281374711,subsetted_512x512_HLS.S30.T11TMK.2018292.v1.4,0.031101912248425,0.0603275231652011,0.0357006727892032,0.5333242442821535,0.0318802316619993,0.5326203902238026,subsetted_512x512_HLS.S30.T11TMK.2018292.v1.4,0.0584855063210318,0.1105079020388466,0.1485276715305206,0.5941258631301185,0.0318802316619993,0.0946182079006203,subsetted_512x512_HLS.S30.T11TMK.2018292.v1.4,0.032019374097108,0.0620518856540288,0.0344925215522219,0.5377257593729293,0.0318802316619993,0.9956544298871448,subsetted_512x512_HLS.S30.T11TMK.2018292.v1.4,0.8316939890710382,0.9081145584725536,0.9623240761853648,0.9973021593285968,0.0318802316619993,0.0320633636772908
ID4467611644820180726,subsetted_512x512_HLS.S30.T11TNK.2018222.v1.4,0.8610613952178897,0.9253444270354962,0.9860805229058788,0.978094966208539,0.5667069760699476,0.4924067002620747,subsetted_512x512_HLS.S30.T11TNK.2018222.v1.4,0.5607990702063267,0.7186050798097836,0.5882876351312647,0.5379232764083945,0.5667069760699476,0.985542021599228,subsetted_512x512_HLS.S30.T11TNK.2018222.v1.4,0.4301694342174468,0.601564295705739,0.6008937951327582,0.5349399819532241,0.5667069760699476,0.5950659764476098,subsetted_512x512_HLS.S30.T11TNK.2018222.v1.4,0.568691893750806,0.7250523777375308,0.5667611426874422,0.5144183909765668,0.5667069760699476,0.9645836750731482,subsetted_512x512_HLS.S30.T11TNK.2018222.v1.4,0.876764436904399,0.9343361581920904,0.984088353775636,0.9717284544288542,0.5667069760699476,0.5136358954600422
ID4532811445320190804,subsetted_512x512_HLS.S30.T11TPL.2019244.v1.4,0.3820113173831033,0.5528338481430932,0.6053406906953417,0.9116995475626324,0.0904828575461512,0.1750563658074139,subsetted_512x512_HLS.S30.T11TPL.2019244.v1.4,0.0945226522749809,0.1727194080058813,0.1406519606709564,0.6418798046108378,0.0904828575461512,0.9369847440362876,subsetted_512x512_HLS.S30.T11TPL.2019244.v1.4,0.1364338662916862,0.2401087653906083,0.2089464464152796,0.6824681670138906,0.0904828575461512,0.4089849576731889,subsetted_512x512_HLS.S30.T11TPL.2019244.v1.4,0.0908356280327372,0.1665431999073121,0.0690571855437527,0.3687443716268476,0.0904828575461512,0.9961163863318162,subsetted_512x512_HLS.S30.T11TPL.2019244.v1.4,0.4925517716450682,0.6600129804572006,0.6715295910434677,0.967519680935321,0.0904828575461512,0.1740263307480725
ID4558511544420210705,subsetted_512x512_HLS.S30.T11TPL.2021223.v1.4,0.6489414328384377,0.7871006451955903,0.9425795109831772,0.8913117823328045,0.6058894469293358,0.3990833040743737,subsetted_512x512_HLS.S30.T11TPL.2021223.v1.4,0.5982923084618847,0.7486644405335978,0.6064388999484808,0.5159598140405707,0.6058894469293358,0.9793190040759004,subsetted_512x512_HLS.S30.T11TPL.2021223.v1.4,0.3366434025012881,0.5037146061115784,0.6524666250028638,0.5558301652122032,0.6058894469293358,0.3742500801441067,subsetted_512x512_HLS.S30.T11TPL.2021223.v1.4,0.6140199793317258,0.7608579660655213,0.6012566931075828,0.558964206386828,0.6058894469293358,0.967698108599081,subsetted_512x512_HLS.S30.T11TPL.2021223.v1.4,0.7670687492589657,0.8681821231693924,0.9777520242141072,0.9581750203854535,0.6058894469293358,0.4748004030103653
ID4645911452820210707,subsetted_512x512_HLS.S30.T11TPM.2021223.v1.4,0.7101033295063146,0.8304800268546492,0.900991974061232,0.9206150836324924,0.2809410095214844,0.2190742492675781,subsetted_512x512_HLS.S30.T11TPM.2021223.v1.4,0.1976761836422095,0.3300995483454696,0.2793892292431322,0.5018269842354465,0.2809410095214844,0.3812294006347656,subsetted_512x512_HLS.S30.T11TPM.2021223.v1.4,0.0833264930404906,0.1538344969421443,0.3093658912207904,0.5384559791082034,0.2809410095214844,0.0714797973632812,subsetted_512x512_HLS.S30.T11TPM.2021223.v1.4,0.0698275539128154,0.130539830755763,0.3517074186441966,0.6038309464553556,0.2809410095214844,0.0458831787109375,subsetted_512x512_HLS.S30.T11TPM.2021223.v1.4,0.8125102943226019,0.8965579912761437,0.9586943316542286,0.9842252762355804,0.2809410095214844,0.2647743225097656
KS3702809890220200325,subsetted_512x512_HLS.S30.T14SNG.2020118.v1.4,0.4812284154628838,0.6497693541917369,0.8347165405391663,0.9771558554889012,0.0978050231933593,0.0543556213378906,subsetted_512x512_HLS.S30.T14SNG.2020118.v1.4,0.1062473296674638,0.192086031429159,0.1460689807059868,0.6018930470898842,0.0978050231933593,0.6627273559570312,subsetted_512x512_HLS.S30.T14SNG.2020118.v1.4,0.2210282205382806,0.3620362196720434,0.3292537114152593,0.7379275594661368,0.0978050231933593,0.1874046325683593,subsetted_512x512_HLS.S30.T14SNG.2020118.v1.4,0.2676912836958823,0.4223288227011288,0.3522851162308101,0.6595703594357025,0.0978050231933593,0.0620346069335937,subsetted_512x512_HLS.S30.T14SNG.2020118.v1.4,0.5229483804509557,0.6867578535998797,0.926138534605242,0.9822637985673656,0.0978050231933593,0.0544700622558593
KS3786109647720200108,subsetted_512x512_HLS.S30.T14SQG.2020085.v1.4,0.3104885390136606,0.4738515901060071,0.6157403503717045,0.9445537589947718,0.0300067520914317,0.0131761151441399,subsetted_512x512_HLS.S30.T14SQG.2020085.v1.4,0.0319510112265939,0.0619235038853567,0.0425085319121696,0.5896697959927197,0.0300067520914317,0.9149999427788862,subsetted_512x512_HLS.S30.T14SQG.2020085.v1.4,0.023105188924356,0.0451667906183678,0.0352844148703131,0.6026092068696732,0.0300067520914317,0.1802961001903555,subsetted_512x512_HLS.S30.T14SQG.2020085.v1.4,0.030335284725918,0.0588842975206611,0.0189590424898847,0.2498123084324914,0.0300067520914317,0.9891699505228102,subsetted_512x512_HLS.S30.T14SQG.2020085.v1.4,0.6494947672320462,0.7875075206475961,0.8861162441727455,0.9951964541354285,0.0300067520914317,0.0397381561831228
KS3919209595820201118,subsetted_512x512_HLS.S30.T14SQJ.2020340.v1.4,0.3287278343123466,0.4948008551088603,0.7429517717771706,0.9701244682465996,0.0481643676757812,0.1356315612792968,subsetted_512x512_HLS.S30.T14SQJ.2020340.v1.4,0.0495321786547929,0.0943890614545604,0.0613133264872931,0.5614294805498259,0.0481643676757812,0.9723854064941406,subsetted_512x512_HLS.S30.T14SQJ.2020340.v1.4,0.0887869870556588,0.1630934023114294,0.1600498844498919,0.6866415428194729,0.0481643676757812,0.1818962097167968,subsetted_512x512_HLS.S30.T14SQJ.2020340.v1.4,0.0481649188795342,0.0919033217234966,0.0481768647262626,0.5000541043131157,0.0481643676757812,0.9999885559082032,subsetted_512x512_HLS.S30.T14SQJ.2020340.v1.4,0.3904895979978101,0.5616577046819808,0.7773867386734794,0.9858757822893404,0.0481643676757812,0.1213874816894531
KS3921209676120191113,subsetted_512x512_HLS.S30.T14SPJ.2019345.v1.4,0.6272283085849525,0.7709161711061848,0.8272177783691105,0.9345976172872936,0.1480712890625,0.1771583557128906,subsetted_512x512_HLS.S30.T14SPJ.2019345.v1.4,0.1507832051891518,0.2620531903997815,0.1951588055200931,0.6128762519446331,0.1480712890625,0.9692916870117188,subsetted_512x512_HLS.S30.T14SPJ.2019345.v1.4,0.2640320783357169,0.4177616737121953,0.4701466782617359,0.798191545902318,0.1480712890625,0.4014854431152344,subsetted_512x512_HLS.S30.T14SPJ.2019345.v1.4,0.1555848133309977,0.2692745898633285,0.2045301494690787,0.5661376478342142,0.1480712890625,0.6320533752441406,subsetted_512x512_HLS.S30.T14SPJ.2019345.v1.4,0.5745712929448763,0.7298129916623487,0.9353034136860744,0.988424341818885,0.1480712890625,0.2568397521972656
KY3760808261720190917,subsetted_512x512_HLS.S30.T17SLB.2019287.v1.4,0.4635500365230095,0.6334597724096626,0.5510628087459398,0.7935806707520958,0.0224544615126332,0.0157696328686003,subsetted_512x512_HLS.S30.T17SLB.2019287.v1.4,0.0240029420028758,0.0468806114090412,0.0277689598632337,0.605184473147091,0.0224544615126332,0.923116839510695,subsetted_512x512_HLS.S30.T17SLB.2019287.v1.4,0.0379405919882857,0.0731074442625015,0.0604506200077972,0.7355950169182857,0.0224544615126332,0.4319192936669643,subsetted_512x512_HLS.S30.T17SLB.2019287.v1.4,0.0224722104483368,0.0439566185148115,0.022748475444384,0.502261188584551,0.0224544615126332,0.9992101829170578,subsetted_512x512_HLS.S30.T17SLB.2019287.v1.4,0.4962825278810409,0.6633540372670808,0.7584543813168583,0.9583403485933212,0.0224544615126332,0.0297612234152148
LA2991209334620210223,subsetted_512x512_HLS.S30.T15RVP.2021063.v1.4,0.4675627485941572,0.637196261682243,0.7947061729642599,0.9907268030131476,0.015655517578125,0.0251617431640625,subsetted_512x512_HLS.S30.T15RVP.2021063.v1.4,0.0159242326823476,0.031349252572316,0.0194539957090157,0.606371157190976,0.015655517578125,0.9668197631835938,subsetted_512x512_HLS.S30.T15RVP.2021063.v1.4,0.0442849910857746,0.0848139951522816,0.0543697566850258,0.7383401919040009,0.015655517578125,0.1653327941894531,subsetted_512x512_HLS.S30.T15RVP.2021063.v1.4,0.0164841123522394,0.032433585831644,0.0240383682057956,0.6912178623952707,0.015655517578125,0.9497337341308594,subsetted_512x512_HLS.S30.T15RVP.2021063.v1.4,0.1573438908706048,0.2719051651143099,0.760261502278896,0.9873425074553622,0.015655517578125,0.0969734191894531
LA3111809256120210309,subsetted_512x512_HLS.S30.T15RWQ.2021098.v1.4,0.0027306084136871,0.0054463449919155,0.1595274600077006,0.7863719899120984,0.0442704061585647,0.0005569564238819,subsetted_512x512_HLS.S30.T15RWQ.2021098.v1.4,0.0434459566662667,0.0832739949562379,0.046951427163421,0.5210654832316518,0.0442704061585647,0.984344183810879,subsetted_512x512_HLS.S30.T15RWQ.2021098.v1.4,0.0558487786915429,0.1057893513136479,0.0882559734045751,0.4639557489863435,0.0442704061585647,0.1854321562224621,subsetted_512x512_HLS.S30.T15RWQ.2021098.v1.4,0.0461255345871953,0.0881835555336036,0.0506906290084546,0.5987197901078214,0.0442704061585647,0.9597808796096728,subsetted_512x512_HLS.S30.T15RWQ.2021098.v1.4,0.0,0.0,0.2763160639322379,0.9370290923301314,0.0442704061585647,0.0
MN4771209630220210329,subsetted_512x512_HLS.S30.T14TQT.2021112.v1.4,0.3111424171935917,0.4746126936531734,0.3804134947964936,0.7625677835283466,0.1927207113728871,0.4179430154001091,subsetted_512x512_HLS.S30.T14TQT.2021112.v1.4,0.1889886533603857,0.3178981613092025,0.2102207811799356,0.5289772114804516,0.1927207113728871,0.8110215494714677,subsetted_512x512_HLS.S30.T14TQT.2021112.v1.4,0.1524512623091278,0.2645686933496283,0.2626944636153661,0.5306528517666274,0.1927207113728871,0.1818486997455567,subsetted_512x512_HLS.S30.T14TQT.2021112.v1.4,0.1936893762220603,0.324522241850008,0.2144867886926886,0.563143429165893,0.1927207113728871,0.994998874651428,subsetted_512x512_HLS.S30.T14TQT.2021112.v1.4,0.308148639436983,0.4711217519892965,0.5928654277378717,0.844608264007119,0.1927207113728871,0.619876326099313
MN4796109539420210307,subsetted_512x512_HLS.S30.T14UQU.2021112.v1.4,0.040861085804906,0.0785140041493775,0.3818910115916396,0.8257504346817572,0.1092544692929246,0.0084311885305315,subsetted_512x512_HLS.S30.T14UQU.2021112.v1.4,0.1088686565418283,0.1963598770684914,0.1382221584006103,0.5564693238922845,0.1092544692929246,0.9756830788716704,subsetted_512x512_HLS.S30.T14UQU.2021112.v1.4,0.0904723360923261,0.1659323819557513,0.1263092859523914,0.5162421638743606,0.1092544692929246,0.2094063069868229,subsetted_512x512_HLS.S30.T14UQU.2021112.v1.4,0.1135540733682706,0.2039489165080112,0.1086040688189583,0.5177290450537599,0.1092544692929246,0.9607892508068762,subsetted_512x512_HLS.S30.T14UQU.2021112.v1.4,0.0470329823582734,0.0898404981519097,0.2521092836328608,0.5913280929596723,0.1092544692929246,0.0053143192864391
MN4823209549720190530,subsetted_512x512_HLS.S30.T14UQU.2019163.v1.4,0.0277260638297872,0.0539561363783399,0.0316889759740509,0.8274188884246398,0.0107994079589843,0.1071281433105468,subsetted_512x512_HLS.S30.T14UQU.2019163.v1.4,0.0110361765164509,0.0218314176540672,0.0227883091960019,0.5682136837879496,0.0107994079589843,0.978546142578125,subsetted_512x512_HLS.S30.T14UQU.2019163.v1.4,0.0117433561918721,0.0232141009278741,0.010875380536318,0.4907083031364906,0.0107994079589843,0.4315681457519531,subsetted_512x512_HLS.S30.T14UQU.2019163.v1.4,0.0108179369112898,0.0214043232045243,0.0110410832819824,0.5045948332709891,0.0107994079589843,0.9982872009277344,subsetted_512x512_HLS.S30.T14UQU.2019163.v1.4,0.1811473458700309,0.3067311567916163,0.1682612775875371,0.7974416833377693,0.0107994079589843,0.0081291198730468
MN4866009654320210321,subsetted_512x512_HLS.S30.T14UPU.2021112.v1.4,0.0350107394906413,0.0676529008923542,0.0320298879099515,0.8262846001923035,0.0111696892476481,0.1175068093904737,subsetted_512x512_HLS.S30.T14UPU.2021112.v1.4,0.0111111111111111,0.0219780219780219,0.0105200559715594,0.4966042345615924,0.0111696892476481,0.6605566533657844,subsetted_512x512_HLS.S30.T14UPU.2021112.v1.4,0.0201419788730002,0.0394885796097755,0.089097335086734,0.5818289514820462,0.0111696892476481,0.2179767908506206,subsetted_512x512_HLS.S30.T14UPU.2021112.v1.4,0.045240239444827,0.0865642896964168,0.0402578824007326,0.564908810645334,0.0111696892476481,0.0640998252828662,subsetted_512x512_HLS.S30.T14UPU.2021112.v1.4,0.0424376602190631,0.0814200442646039,0.039325631584798,0.8514913430741536,0.0111696892476481,0.1594694397607367
MN4884009637020180429,subsetted_512x512_HLS.S30.T14UPV.2018136.v1.4,0.3736867403694294,0.544063984003999,0.5909991456554506,0.9679259716518184,0.0469169616699218,0.1057090759277343,subsetted_512x512_HLS.S30.T14UPV.2018136.v1.4,0.0485906641939935,0.0926780408279584,0.0478264031843975,0.5246565263340741,0.0469169616699218,0.863311767578125,subsetted_512x512_HLS.S30.T14UPV.2018136.v1.4,0.0677736262785095,0.1269438102057635,0.1234888535537308,0.7012533642880701,0.0469169616699218,0.5177879333496094,subsetted_512x512_HLS.S30.T14UPV.2018136.v1.4,0.1549392536881689,0.2683071913841144,0.2468429573359491,0.7862365555334444,0.0469169616699218,0.0749282836914062,subsetted_512x512_HLS.S30.T14UPV.2018136.v1.4,0.3441912953304663,0.5121165365765111,0.4583215634952115,0.9549575760957484,0.0469169616699218,0.1212043762207031
MO3686909295920190323,subsetted_512x512_HLS.S30.T15SVA.2019092.v1.4,0.2068373131764301,0.3427758007117438,0.4379796136521936,0.8857531791340639,0.0405387878417968,0.0130577087402343,subsetted_512x512_HLS.S30.T15SVA.2019092.v1.4,0.0473723005159686,0.0904593342646765,0.0434073989043052,0.5492802629324192,0.0405387878417968,0.6858024597167969,subsetted_512x512_HLS.S30.T15SVA.2019092.v1.4,0.0722049007553135,0.1346848922336558,0.099678945513062,0.7009505515039306,0.0405387878417968,0.3320236206054687,subsetted_512x512_HLS.S30.T15SVA.2019092.v1.4,0.2282117405651221,0.3716162824825593,0.5118740117529372,0.9237008378375038,0.0405387878417968,0.1284255981445312,subsetted_512x512_HLS.S30.T15SVA.2019092.v1.4,0.7071421920104293,0.8284514263895707,0.981213033904246,0.9991909103090444,0.0405387878417968,0.0293960571289062
MO3691709150920180412,subsetted_512x512_HLS.S30.T15SXA.2018154.v1.4,0.0,0.0,0.059719730658883,0.7651784584196959,0.0144923113310114,1.5259080106355787e-05,subsetted_512x512_HLS.S30.T15SXA.2018154.v1.4,0.0194406316676406,0.0381398015023962,0.0163696239558714,0.5945437830204438,0.0144923113310114,0.5578261914480486,subsetted_512x512_HLS.S30.T15SXA.2018154.v1.4,0.0624500273534486,0.1175585218045708,0.0773939130942794,0.7511931555312664,0.0144923113310114,0.0818191875302797,subsetted_512x512_HLS.S30.T15SXA.2018154.v1.4,0.1604725447447142,0.2765641384131422,0.3051262092850561,0.9273967952148698,0.0144923113310114,0.0728201450375564,subsetted_512x512_HLS.S30.T15SXA.2018154.v1.4,0.0,0.0,0.0653224292067125,0.8101353549459471,0.0144923113310114,0.0
MO3743109121220190409,subsetted_512x512_HLS.S30.T15SXB.2019134.v1.4,0.0004873294346978,0.0009741841207988,0.112082856719531,0.8229914615034677,0.0156288146972656,3.4332275390625e-05,subsetted_512x512_HLS.S30.T15SXB.2019134.v1.4,0.0180621489228907,0.0354833915434346,0.0494157638059809,0.6742443569797378,0.0156288146972656,0.8057212829589844,subsetted_512x512_HLS.S30.T15SXB.2019134.v1.4,0.0311201374785189,0.060361807217963,0.024960692513402,0.6149294722133232,0.0156288146972656,0.110260009765625,subsetted_512x512_HLS.S30.T15SXB.2019134.v1.4,0.1926832208293153,0.323108797816969,0.4438358350683474,0.936707882745369,0.0156288146972656,0.0598602294921875,subsetted_512x512_HLS.S30.T15SXB.2019134.v1.4,0.0,0.0,0.0725253135966631,0.845769075266489,0.0156288146972656,0.0
MS3041208915720200426,subsetted_512x512_HLS.S30.T16RBU.2020123.v1.4,0.521494801910649,0.6855032317636196,0.6678877479692789,0.8823304670152708,0.0239181518554687,0.01739501953125,subsetted_512x512_HLS.S30.T16RBU.2020123.v1.4,0.0249497662469447,0.0486848566994715,0.0424495618199238,0.6535520233187937,0.0239181518554687,0.9470558166503906,subsetted_512x512_HLS.S30.T16RBU.2020123.v1.4,0.0526484509060738,0.1000304533973451,0.0616894367836168,0.6578504516882493,0.0239181518554687,0.1890296936035156,subsetted_512x512_HLS.S30.T16RBU.2020123.v1.4,0.024202513664577,0.0472611877859603,0.0247585113416001,0.5064452600954326,0.0239181518554687,0.988250732421875,subsetted_512x512_HLS.S30.T16RBU.2020123.v1.4,0.6433366661905442,0.7829639287266406,0.8978400508910794,0.996552575798652,0.0239181518554687,0.0199699401855468
MT4485811343720200811,subsetted_512x512_HLS.S30.T11TQK.2020249.v1.4,0.5705312253162652,0.7265455358283306,0.8315634297102634,0.8970225221981131,0.2572479248046875,0.2205963134765625,subsetted_512x512_HLS.S30.T11TQK.2020249.v1.4,0.2613651976433126,0.4144163770042768,0.2957563314078533,0.5567877155414589,0.2572479248046875,0.933490753173828,subsetted_512x512_HLS.S30.T11TQK.2020249.v1.4,0.2500234660993085,0.4000300360432519,0.3890796786587243,0.6145546028771279,0.2572479248046875,0.3523712158203125,subsetted_512x512_HLS.S30.T11TQK.2020249.v1.4,0.2623613062412678,0.4156675350299816,0.2723376113632039,0.5349510538086844,0.2572479248046875,0.9801063537597656,subsetted_512x512_HLS.S30.T11TQK.2020249.v1.4,0.8404123215787858,0.9132869974026728,0.9696567179882456,0.9898592800558228,0.2572479248046875,0.2685470581054687
MT4504710573520200722,subsetted_512x512_HLS.S30.T13TDK.2020217.v1.4,0.7158662711456747,0.8344079992524063,0.9177573409078968,0.9530094393841038,0.1894569396972656,0.1371116638183593,subsetted_512x512_HLS.S30.T13TDK.2020217.v1.4,0.1894541397656744,0.3185564427107671,0.238848596598187,0.5497039306373898,0.1894569396972656,0.9371223449707032,subsetted_512x512_HLS.S30.T13TDK.2020217.v1.4,0.249147476662585,0.3989080253810317,0.4081042230024044,0.6689034209539381,0.1894569396972656,0.1724586486816406,subsetted_512x512_HLS.S30.T13TDK.2020217.v1.4,0.1941919328044065,0.3252273398772201,0.3087290220328264,0.6122199359677384,0.1894569396972656,0.7401390075683594,subsetted_512x512_HLS.S30.T13TDK.2020217.v1.4,0.8106775482444954,0.8954411005211512,0.9685232087894888,0.9928682860219404,0.1894569396972656,0.2167892456054687
MT4515311193120180811,subsetted_512x512_HLS.S30.T12TVR.2018246.v1.4,0.5262784387393029,0.6896231059570045,0.7039199906648048,0.8784056584420493,0.0756512815817683,0.063825404273338,subsetted_512x512_HLS.S30.T12TVR.2018246.v1.4,0.0791806377969608,0.146742139404206,0.0965535832304655,0.572179076881106,0.0756512815817683,0.8476445522760999,subsetted_512x512_HLS.S30.T12TVR.2018246.v1.4,0.1320460993798177,0.2332874950095373,0.1797433118264798,0.7341723241897196,0.0756512815817683,0.0963427520723896,subsetted_512x512_HLS.S30.T12TVR.2018246.v1.4,0.2294452668289133,0.3732500714256561,0.3285728167640228,0.7402347194361221,0.0756512815817683,0.1112815054723293,subsetted_512x512_HLS.S30.T12TVR.2018246.v1.4,0.6070902023857392,0.7555147825361744,0.8141757952042753,0.98480944677181,0.0756512815817683,0.1073141143753075
MT4529310571720200614,subsetted_512x512_HLS.S30.T13TDL.2020187.v1.4,0.6176636039752484,0.7636490089254666,0.8899207963502289,0.9700489577808704,0.0405769348144531,0.0252418518066406,subsetted_512x512_HLS.S30.T13TDL.2020187.v1.4,0.0437422244339387,0.0838180604558024,0.052583843830775,0.5878126837565862,0.0405769348144531,0.919536590576172,subsetted_512x512_HLS.S30.T13TDL.2020187.v1.4,0.0930216938679562,0.1702101511613616,0.1226796150754495,0.644197942425509,0.0405769348144531,0.1456642150878906,subsetted_512x512_HLS.S30.T13TDL.2020187.v1.4,0.0423358129057165,0.081232578563519,0.0427933882357685,0.5291504385317306,0.0405769348144531,0.958454132080078,subsetted_512x512_HLS.S30.T13TDL.2020187.v1.4,0.6526847177604406,0.7898478285016106,0.8837971841325505,0.9372770939596456,0.0405769348144531,0.0281105041503906
MT4541710565520201006,subsetted_512x512_HLS.S30.T13TDL.2020307.v1.4,0.6331903905565546,0.7754030322708151,0.8969412181374635,0.9750340386260008,0.0603904724121093,0.0747222900390625,subsetted_512x512_HLS.S30.T13TDL.2020307.v1.4,0.061248690633832,0.1154275923718712,0.0797571940996169,0.574006256474388,0.0603904724121093,0.9637794494628906,subsetted_512x512_HLS.S30.T13TDL.2020307.v1.4,0.1306200276152278,0.2310591081439438,0.2510180902825237,0.70372339879496,0.0603904724121093,0.2675895690917969,subsetted_512x512_HLS.S30.T13TDL.2020307.v1.4,0.0625760905655604,0.1177818532172205,0.0675568008956682,0.5222708066244635,0.0603904724121093,0.9650726318359376,subsetted_512x512_HLS.S30.T13TDL.2020307.v1.4,0.710971615720524,0.8310735364491945,0.9729285266257286,0.9977750129390214,0.0603904724121093,0.0830955505371093
MT4555711165420200823,subsetted_512x512_HLS.S30.T12TVR.2020256.v1.4,0.7070921985815602,0.8284171167428334,0.8926638790407831,0.9637856965843667,0.0308877215870727,0.0333863578275979,subsetted_512x512_HLS.S30.T12TVR.2020256.v1.4,0.0322653867265366,0.0625137433482194,0.038388331371562,0.5770188783317913,0.0308877215870727,0.9232518129417912,subsetted_512x512_HLS.S30.T12TVR.2020256.v1.4,0.1114529360967184,0.2005535861700577,0.1260094419983793,0.7243912491097482,0.0308877215870727,0.1262249993324254,subsetted_512x512_HLS.S30.T12TVR.2020256.v1.4,0.0312828398343326,0.060667818034009,0.0221308661766447,0.3582525235596006,0.0308877215870727,0.9873694891719405,subsetted_512x512_HLS.S30.T12TVR.2020256.v1.4,0.9247555449558787,0.9609070070008054,0.9936545718062396,0.9997686827516,0.0308877215870727,0.0306855418607401
MT4564010610720200825,subsetted_512x512_HLS.S30.T13TDL.2020245.v1.4,0.7485065710872163,0.8561667236077896,0.865725076086589,0.9541747813312724,0.0317649841308593,0.0240631103515625,subsetted_512x512_HLS.S30.T13TDL.2020245.v1.4,0.0323055256138915,0.0625890781601311,0.0492708378032757,0.5796223691409949,0.0317649841308593,0.9692497253417968,subsetted_512x512_HLS.S30.T13TDL.2020245.v1.4,0.0696140046714344,0.1301665916253939,0.1156363193524661,0.7561945917430521,0.0317649841308593,0.3071327209472656,subsetted_512x512_HLS.S30.T13TDL.2020245.v1.4,0.0317653476564139,0.0615747519115015,0.0317837771814847,0.5001595637802039,0.0317649841308593,0.9999885559082032,subsetted_512x512_HLS.S30.T13TDL.2020245.v1.4,0.7277921120530778,0.8424533333333334,0.9505948887566098,0.9975702297130464,0.0317649841308593,0.0397605895996093
MT4568311385420210708,subsetted_512x512_HLS.S30.T11TQL.2021223.v1.4,0.5256932893694932,0.6891205369157005,0.9650777793386388,0.7384032199782868,0.897998344351913,0.4911972166800822,subsetted_512x512_HLS.S30.T11TQL.2021223.v1.4,0.8870074832009774,0.9401207902963106,0.8960901945057641,0.4891468670729109,0.897998344351913,0.987475823341586,subsetted_512x512_HLS.S30.T11TQL.2021223.v1.4,0.3698848754340013,0.5400232998657145,0.895466154045399,0.502680978989754,0.897998344351913,0.3889094467312395,subsetted_512x512_HLS.S30.T11TQL.2021223.v1.4,0.8800594548683499,0.9362038552445412,0.8969371168541963,0.5855123296790083,0.897998344351913,0.9597341807403112,subsetted_512x512_HLS.S30.T11TQL.2021223.v1.4,0.6220445177246496,0.7669882187909776,0.9655025182236456,0.7390992833576289,0.897998344351913,0.6031785391385289
MT4569810891520200802,subsetted_512x512_HLS.S30.T12TXR.2020283.v1.4,0.690152922681149,0.8166751226111957,0.9442371080710849,0.9926473691599692,0.0391273498535156,0.0510978698730468,subsetted_512x512_HLS.S30.T12TXR.2020283.v1.4,0.0396284287821832,0.0762357544004521,0.0453913087404798,0.5127064963572088,0.0391273498535156,0.9124984741210938,subsetted_512x512_HLS.S30.T12TXR.2020283.v1.4,0.0722555997823048,0.1347730891719745,0.0660678445470345,0.6895111064849135,0.0391273498535156,0.3441734313964844,subsetted_512x512_HLS.S30.T12TXR.2020283.v1.4,0.0394689754689754,0.0759406512371729,0.0343618509747709,0.4816073998331414,0.0391273498535156,0.9913444519042968,subsetted_512x512_HLS.S30.T12TXR.2020283.v1.4,0.8405568445475639,0.913372327551432,0.96043773576462,0.9966088685619372,0.0391273498535156,0.0365257263183593
MT4571210446620201012,subsetted_512x512_HLS.S30.T13TEL.2020307.v1.4,0.7177700348432056,0.8356997971602435,0.8760902078186625,0.9453921061653026,0.0591049194335937,0.0593757629394531,subsetted_512x512_HLS.S30.T13TEL.2020307.v1.4,0.0579590184214669,0.1095676059512116,0.0599375068894529,0.5035183067928887,0.0591049194335937,0.8380317687988281,subsetted_512x512_HLS.S30.T13TEL.2020307.v1.4,0.0783698649832045,0.1453487667414096,0.0759235400800557,0.5410737704787197,0.0591049194335937,0.2556266784667969,subsetted_512x512_HLS.S30.T13TEL.2020307.v1.4,0.0612532120972524,0.1154356215821549,0.0663875879976177,0.5246259882424489,0.0591049194335937,0.9649276733398438,subsetted_512x512_HLS.S30.T13TEL.2020307.v1.4,0.6940343130490778,0.8193863698072223,0.9309526138181315,0.995484424422671,0.0591049194335937,0.081390380859375
MT4572011097420200904,subsetted_512x512_HLS.S30.T12TWR.2020283.v1.4,0.7053999906816382,0.8272545966177636,0.8868184744833689,0.9362618600045756,0.161822118269005,0.1564399307880253,subsetted_512x512_HLS.S30.T12TWR.2020283.v1.4,0.1754764230345601,0.2985622162995964,0.1920104551623719,0.5864887377031937,0.161822118269005,0.8218009025380623,subsetted_512x512_HLS.S30.T12TWR.2020283.v1.4,0.184608668537574,0.3116787398921833,0.222272954084695,0.5557575310622646,0.161822118269005,0.2510846977193089,subsetted_512x512_HLS.S30.T12TWR.2020283.v1.4,0.1623472351858475,0.2793437800192123,0.1643028978790086,0.5056121496296604,0.161822118269005,0.9967654705283936,subsetted_512x512_HLS.S30.T12TWR.2020283.v1.4,0.7530877297228471,0.8591557820576451,0.9528434023171866,0.9898166805249486,0.161822118269005,0.1973193402255475
MT4577311182220200929,subsetted_512x512_HLS.S30.T12TVR.2020281.v1.4,0.5457227138643068,0.7061068702290076,0.8024226762649633,0.9603146014220336,0.0311568907963757,0.0408087744396757,subsetted_512x512_HLS.S30.T12TVR.2020281.v1.4,0.0433829032572971,0.0831581639336082,0.0483614367781217,0.6587522412268271,0.0311568907963757,0.5804635193133048,subsetted_512x512_HLS.S30.T12TVR.2020281.v1.4,0.0656693885953475,0.1232453316162266,0.0971082536398845,0.8118743991255097,0.0311568907963757,0.0280896518836433,subsetted_512x512_HLS.S30.T12TVR.2020281.v1.4,0.0319276773296244,0.0618796801966693,0.2272165788332757,0.6080062367619722,0.0311568907963757,0.6764787792083929,subsetted_512x512_HLS.S30.T12TVR.2020281.v1.4,0.7063588850174216,0.8279136249936189,0.9592113470119236,0.9986730766637768,0.0311568907963757,0.0435746304244158
MT4589610704320200803,subsetted_512x512_HLS.S30.T13TCL.2020245.v1.4,0.6274809160305344,0.7711069418386491,0.7811232030928082,0.9422389264916204,0.0273062956075469,0.0215403179306631,subsetted_512x512_HLS.S30.T13TCL.2020245.v1.4,0.026718400208808,0.0520462089768221,0.0231787467789654,0.4522794146577271,0.0273062956075469,0.7537698420274858,subsetted_512x512_HLS.S30.T13TCL.2020245.v1.4,0.0293662604800565,0.0570569710850272,0.0312920017501981,0.5863205912283905,0.0273062956075469,0.2394560888342415,subsetted_512x512_HLS.S30.T13TCL.2020245.v1.4,0.0282565573705714,0.0549601306561629,0.0305098919290221,0.5200722333451104,0.0273062956075469,0.966370221589195,subsetted_512x512_HLS.S30.T13TCL.2020245.v1.4,0.8339931740614335,0.9094834003275272,0.98053587260716,0.9993287157998496,0.0273062956075469,0.0239918130754044
MT4590510631720200902,subsetted_512x512_HLS.S30.T13TDL.2020280.v1.4,0.8593020554668824,0.9243275485446676,0.9766940604271236,0.9711241473517144,0.5004158020019531,0.4460945129394531,subsetted_512x512_HLS.S30.T13TDL.2020280.v1.4,0.4809969089601275,0.649558288812171,0.5553875947240031,0.5235349386126388,0.5004158020019531,0.9526214599609376,subsetted_512x512_HLS.S30.T13TDL.2020280.v1.4,0.3757068808686152,0.5462019360278194,0.5423057212615492,0.5263373411967157,0.5004158020019531,0.5899887084960938,subsetted_512x512_HLS.S30.T13TDL.2020280.v1.4,0.5031604541205166,0.6694700525698841,0.5853538000497417,0.6278763582405525,0.5004158020019531,0.9900550842285156,subsetted_512x512_HLS.S30.T13TDL.2020280.v1.4,0.929363301293633,0.9633885963006524,0.9913639746774582,0.9922260597894094,0.5004158020019531,0.5179786682128906
MT4599210727920200923,subsetted_512x512_HLS.S30.T13TCL.2020280.v1.4,0.8832825124084667,0.9380244403999338,0.941963780528851,0.9772084999292052,0.1661300659179687,0.156646728515625,subsetted_512x512_HLS.S30.T13TCL.2020280.v1.4,0.1624830698012092,0.2795448364318883,0.2052670156797102,0.5475136538243834,0.1661300659179687,0.969989776611328,subsetted_512x512_HLS.S30.T13TCL.2020280.v1.4,0.1199851641219014,0.2142620598300033,0.2256550414220657,0.5471665625132257,0.1661300659179687,0.179443359375,subsetted_512x512_HLS.S30.T13TCL.2020280.v1.4,0.1661319671474511,0.2849282445345136,0.1661883900905164,0.5001052178925314,0.1661300659179687,0.9999885559082032,subsetted_512x512_HLS.S30.T13TCL.2020280.v1.4,0.7109477124183007,0.8310572056155096,0.9656507903268664,0.9938693999466606,0.1661300659179687,0.233306884765625
MT4609911223320200829,subsetted_512x512_HLS.S30.T12TVS.2020256.v1.4,0.197388022643758,0.3296976734541533,0.4752323272145686,0.8147335363868742,0.0754179789298055,0.201406720573097,subsetted_512x512_HLS.S30.T12TVS.2020256.v1.4,0.0759461508994394,0.1411709142431563,0.094724809608426,0.5586280503558604,0.0754179789298055,0.9779195383384932,subsetted_512x512_HLS.S30.T12TVS.2020256.v1.4,0.1110955660783469,0.1999748166945943,0.2524380683502706,0.6508368557733508,0.0754179789298055,0.3196692140197538,subsetted_512x512_HLS.S30.T12TVS.2020256.v1.4,0.0756725209070872,0.1406980645806115,0.0771151092085801,0.5082716289542195,0.0754179789298055,0.9966362693586716,subsetted_512x512_HLS.S30.T12TVS.2020256.v1.4,0.4600908761912421,0.6302222467021013,0.6516225254925824,0.9159845414176782,0.0754179789298055,0.0635358587462736
MT4620510572420200806,subsetted_512x512_HLS.S30.T13TDM.2020250.v1.4,0.8630271330500163,0.9264783295314968,0.9304267623706456,0.9763313763660544,0.022979736328125,0.0205001831054687,subsetted_512x512_HLS.S30.T13TDM.2020250.v1.4,0.022089216493603,0.0432236562858625,0.0305491434977572,0.519950561126829,0.022979736328125,0.9476470947265624,subsetted_512x512_HLS.S30.T13TDM.2020250.v1.4,0.0742414223789582,0.1382211127449304,0.2497161153516935,0.8151139850769238,0.022979736328125,0.2001266479492187,subsetted_512x512_HLS.S30.T13TDM.2020250.v1.4,0.0254431929144146,0.0496237979640831,0.0645578702499105,0.6779694237133408,0.022979736328125,0.8303031921386719,subsetted_512x512_HLS.S30.T13TDM.2020250.v1.4,0.7789416405931165,0.8757360250822054,0.9761756845783598,0.9993364262249248,0.022979736328125,0.0269050598144531
MT4630410839320200902,subsetted_512x512_HLS.S30.T12TXS.2020278.v1.4,0.7522988932630171,0.8586422055681779,0.9485776991033532,0.9518268103363005,0.4968605041503906,0.4030723571777344,subsetted_512x512_HLS.S30.T12TXS.2020278.v1.4,0.4894096965642768,0.6571861290996449,0.5330788621943239,0.5305559933162525,0.4968605041503906,0.9640159606933594,subsetted_512x512_HLS.S30.T12TXS.2020278.v1.4,0.3515260097078487,0.5201912611120758,0.6078584022043715,0.5883015364927363,0.4968605041503906,0.4038543701171875,subsetted_512x512_HLS.S30.T12TXS.2020278.v1.4,0.4847966658447931,0.6530142166893433,0.4841702838708653,0.4825470272099713,0.4968605041503906,0.927410125732422,subsetted_512x512_HLS.S30.T12TXS.2020278.v1.4,0.8540740325137111,0.9212944224840656,0.9638739985584736,0.97088951001182,0.4968605041503906,0.5116119384765625
MT4635510649020200715,subsetted_512x512_HLS.S30.T13TCM.2020215.v1.4,0.6826498422712933,0.8113985751781028,0.8260282658634002,0.9474212085165216,0.0239677429199218,0.0167274475097656,subsetted_512x512_HLS.S30.T13TCM.2020215.v1.4,0.0253912150948393,0.049524931988989,0.0583517624678439,0.6981458297591991,0.0239677429199218,0.9211387634277344,subsetted_512x512_HLS.S30.T13TCM.2020215.v1.4,0.0717255717255717,0.1338506304558681,0.259645980069117,0.7765714975690682,0.0239677429199218,0.1372833251953125,subsetted_512x512_HLS.S30.T13TCM.2020215.v1.4,0.0264663528911482,0.0515678917610948,0.0525987906797565,0.6501823809846895,0.0239677429199218,0.786346435546875,subsetted_512x512_HLS.S30.T13TCM.2020215.v1.4,0.7406994047619048,0.8510365462705707,0.9545676082290584,0.9987013648273704,0.0239677429199218,0.0295791625976562
MT4637510768820200827,subsetted_512x512_HLS.S30.T12TYS.2020248.v1.4,0.7956461750728192,0.886194826261419,0.9518507600428906,0.99110884013787,0.0213088989257812,0.0233726501464843,subsetted_512x512_HLS.S30.T12TYS.2020248.v1.4,0.0217203943987159,0.0425172963519014,0.0507313271899613,0.723002438138002,0.0213088989257812,0.9645462036132812,subsetted_512x512_HLS.S30.T12TYS.2020248.v1.4,0.0832720943724618,0.1537417880605541,0.2863963705806044,0.869150799283674,0.0213088989257812,0.1923751831054687,subsetted_512x512_HLS.S30.T12TYS.2020248.v1.4,0.0220801859384079,0.0432063672541216,0.023905098556108,0.5249475752071656,0.0213088989257812,0.965068817138672,subsetted_512x512_HLS.S30.T12TYS.2020248.v1.4,0.6058248110271232,0.7545341270940052,0.92698536100553,0.9979082771626216,0.0213088989257812,0.0337982177734375
MT4649511207120200613,subsetted_512x512_HLS.S30.T12TVS.2020191.v1.4,0.4603114318268135,0.6304291287386216,0.7052152353945015,0.8987182119929872,0.0204696655273437,0.0235328674316406,subsetted_512x512_HLS.S30.T12TVS.2020191.v1.4,0.0209552893946553,0.0410503566852181,0.0284166766811129,0.5827572478518137,0.0204696655273437,0.976825714111328,subsetted_512x512_HLS.S30.T12TVS.2020191.v1.4,0.0233227303892367,0.0455823557840165,0.0850150533411008,0.5256284677291081,0.0204696655273437,0.3268356323242187,subsetted_512x512_HLS.S30.T12TVS.2020191.v1.4,0.0206021700235738,0.0403725773444083,0.0212499702991469,0.5079601835048173,0.0204696655273437,0.9935684204101562,subsetted_512x512_HLS.S30.T12TVS.2020191.v1.4,0.6569767441860465,0.7929824561403509,0.9077210314317512,0.9964241475427564,0.0204696655273437,0.0262794494628906
MT4674110768520200902,subsetted_512x512_HLS.S30.T12TYS.2020278.v1.4,0.7091224326487063,0.8298088177916504,0.8839759166566908,0.961288626557236,0.0562782287597656,0.0414924621582031,subsetted_512x512_HLS.S30.T12TYS.2020278.v1.4,0.0563559741210454,0.1066988316470442,0.0654496131107686,0.5060541915066384,0.0562782287597656,0.9620819091796876,subsetted_512x512_HLS.S30.T12TYS.2020278.v1.4,0.1729434387018103,0.2948879425818189,0.1843051026504424,0.7322128404297293,0.0562782287597656,0.1345291137695312,subsetted_512x512_HLS.S30.T12TYS.2020278.v1.4,0.0583279300365315,0.1102265722771167,0.0610465959183276,0.5293279000323852,0.0562782287597656,0.9648590087890624,subsetted_512x512_HLS.S30.T12TYS.2020278.v1.4,0.7234732272069464,0.839552614785208,0.8971322925885596,0.9918291092524976,0.0562782287597656,0.0572967529296875
MT4675110703320200807,subsetted_512x512_HLS.S30.T13TCM.2020250.v1.4,0.79407628030115,0.8852201982937514,0.9197190446863588,0.9661566600553654,0.0918464660644531,0.0735969543457031,subsetted_512x512_HLS.S30.T13TCM.2020250.v1.4,0.0959212814499274,0.1750514075664659,0.197914743330887,0.7320052693532088,0.0918464660644531,0.956298828125,subsetted_512x512_HLS.S30.T13TCM.2020250.v1.4,0.3237829499568985,0.4891783052009253,0.5400506935585905,0.8418774709817187,0.0918464660644531,0.1307601928710937,subsetted_512x512_HLS.S30.T13TCM.2020250.v1.4,0.100257128851152,0.1822430888602136,0.2753271342603756,0.7159457709973226,0.0918464660644531,0.8157196044921875,subsetted_512x512_HLS.S30.T13TCM.2020250.v1.4,0.9078479411997156,0.9516984258492128,0.9924263682709168,0.999169983601007,0.0918464660644531,0.0923271179199218
MT4675311196320190726,subsetted_512x512_HLS.S30.T12TVS.2019216.v1.4,0.7138406034765497,0.8330303320256435,0.8629984599752216,0.9805716891340676,0.0710830688476562,0.0883865356445312,subsetted_512x512_HLS.S30.T12TVS.2019216.v1.4,0.0734427526201305,0.1368359000810552,0.1002917932832797,0.6121323290961138,0.0710830688476562,0.9643020629882812,subsetted_512x512_HLS.S30.T12TVS.2019216.v1.4,0.2196983260227374,0.360250270637236,0.3042987804583004,0.8138728174215117,0.0710830688476562,0.1368217468261718,subsetted_512x512_HLS.S30.T12TVS.2019216.v1.4,0.0798214356528192,0.1478419172232161,0.104531320948681,0.5421378338763492,0.0710830688476562,0.6560325622558594,subsetted_512x512_HLS.S30.T12TVS.2019216.v1.4,0.7267220014948271,0.8417359608155827,0.8899496650604684,0.9934722791231476,0.0710830688476562,0.0963630676269531
MT4712810977820200902,subsetted_512x512_HLS.S30.T12TWT.2020276.v1.4,0.7019412183975514,0.824871283226172,0.8246710916981607,0.9093410313653156,0.0896873474121093,0.0651626586914062,subsetted_512x512_HLS.S30.T12TWT.2020276.v1.4,0.0926447288480858,0.1695788693288366,0.1105053430183766,0.561773980019365,0.0896873474121093,0.959980010986328,subsetted_512x512_HLS.S30.T12TWT.2020276.v1.4,0.1606350403834206,0.2768054294317258,0.3423749300137293,0.7314923163388393,0.0896873474121093,0.30938720703125,subsetted_512x512_HLS.S30.T12TWT.2020276.v1.4,0.0989850333911904,0.1801390016854872,0.2538099790171758,0.7116110381470617,0.0896873474121093,0.8450393676757812,subsetted_512x512_HLS.S30.T12TWT.2020276.v1.4,0.8407018311811483,0.9134579179960762,0.9791665895922232,0.997894120929511,0.0896873474121093,0.1028060913085937
MT4715410847520180825,subsetted_512x512_HLS.S30.T12TXT.2018248.v1.4,0.859866178512814,0.9246538148248712,0.928904889406792,0.97276991258438,0.0289688110351562,0.0272293090820312,subsetted_512x512_HLS.S30.T12TXT.2018248.v1.4,0.0291368668560791,0.056623890940939,0.0361383812764757,0.5354695754026778,0.0289688110351562,0.972808837890625,subsetted_512x512_HLS.S30.T12TXT.2018248.v1.4,0.0445269943862337,0.0852577188058178,0.0610053436805063,0.6853541553730015,0.0289688110351562,0.4494247436523437,subsetted_512x512_HLS.S30.T12TXT.2018248.v1.4,0.0289690320513309,0.0563069074947355,0.0289805295415168,0.5001060695344727,0.0289688110351562,0.9999923706054688,subsetted_512x512_HLS.S30.T12TXT.2018248.v1.4,0.6511227738105481,0.7887030378823406,0.9861440513057548,0.9995015632527764,0.0289688110351562,0.0442390441894531
MT4730311448320200727,subsetted_512x512_HLS.S30.T11TPN.2020217.v1.4,0.5750429980990314,0.7301933963619645,0.8382918264355701,0.9587672896423686,0.0613250732421875,0.0714225769042968,subsetted_512x512_HLS.S30.T11TPN.2020217.v1.4,0.0650189701897019,0.1220991775914013,0.0935497605598894,0.6153769784274813,0.0613250732421875,0.875640869140625,subsetted_512x512_HLS.S30.T11TPN.2020217.v1.4,0.1183760994402849,0.2116928276624094,0.1904810913710804,0.7015224451163167,0.0613250732421875,0.2908210754394531,subsetted_512x512_HLS.S30.T11TPN.2020217.v1.4,0.0613285824918265,0.1155694541794719,0.0614432044029964,0.4995265536355804,0.0613250732421875,0.9999427795410156,subsetted_512x512_HLS.S30.T11TPN.2020217.v1.4,0.6678420617300074,0.8008456880350804,0.9182394129739284,0.9932544657041236,0.0613250732421875,0.0848236083984375
MT4736310474020180809,subsetted_512x512_HLS.S30.T13TEN.2018245.v1.4,0.6045003309066843,0.753506022108563,0.7900078433045237,0.9386390016944786,0.0236930847167968,0.0225486755371093,subsetted_512x512_HLS.S30.T13TEN.2018245.v1.4,0.0242796439558893,0.0474082328964743,0.0383455518738782,0.6103081703650097,0.0236930847167968,0.9758415222167968,subsetted_512x512_HLS.S30.T13TEN.2018245.v1.4,0.0521701464090791,0.0991667490037216,0.0876032376504987,0.7151009879647933,0.0236930847167968,0.2079582214355468,subsetted_512x512_HLS.S30.T13TEN.2018245.v1.4,0.0297715957622519,0.0578217458798998,0.0762230958470219,0.6575915340903624,0.0236930847167968,0.642242431640625,subsetted_512x512_HLS.S30.T13TEN.2018245.v1.4,0.7466566679165104,0.8549552772808586,0.9479577299776436,0.9986912407654126,0.0236930847167968,0.0296173095703125
MT4738010691520200902,subsetted_512x512_HLS.S30.T13TCN.2020278.v1.4,0.6801255581921115,0.8096127755165587,0.9602105808876632,0.9309048609719504,0.6081428527832031,0.4209327697753906,subsetted_512x512_HLS.S30.T13TCN.2020278.v1.4,0.2730608273023605,0.4289831584575285,0.6316611165058515,0.5268049096749545,0.6081428527832031,0.3051261901855469,subsetted_512x512_HLS.S30.T13TCN.2020278.v1.4,0.1490153613103268,0.2593792325637685,0.6248644915739638,0.5064975420133374,0.6081428527832031,0.1325912475585937,subsetted_512x512_HLS.S30.T13TCN.2020278.v1.4,0.052099780941266,0.0990396194069249,0.6697318324215581,0.5715551182160108,0.6081428527832031,0.0349349975585937,subsetted_512x512_HLS.S30.T13TCN.2020278.v1.4,0.7930693250746761,0.8845941581669153,0.9783863629572324,0.970108870899335,0.6081428527832031,0.5116157531738281
MT4743511435720190723,subsetted_512x512_HLS.S30.T11TPN.2019214.v1.4,0.8634909061449346,0.9267455003912703,0.9685726937392936,0.9872038100621588,0.0930671691894531,0.0824241638183593,subsetted_512x512_HLS.S30.T11TPN.2019214.v1.4,0.0920812676193253,0.1686344603640299,0.1198726729550836,0.5742149442648778,0.0930671691894531,0.978313446044922,subsetted_512x512_HLS.S30.T11TPN.2019214.v1.4,0.1267595637464808,0.224998425262981,0.1625950809565722,0.6349191658415997,0.0930671691894531,0.2702980041503906,subsetted_512x512_HLS.S30.T11TPN.2019214.v1.4,0.0930721397779727,0.17029459701878,0.0934167550533574,0.5012429178917084,0.0930671691894531,0.9999465942382812,subsetted_512x512_HLS.S30.T11TPN.2019214.v1.4,0.7635180240320427,0.8659032838080818,0.93924364609901,0.9938421901442588,0.0930671691894531,0.1084823608398437
MT4747210794120190812,subsetted_512x512_HLS.S30.T12TYT.2019248.v1.4,0.486468330134357,0.6545290205952612,0.6732264111366881,0.9396135985843332,0.0306167602539062,0.0284690856933593,subsetted_512x512_HLS.S30.T12TYT.2019248.v1.4,0.0306373052313404,0.0594531268678722,0.0493790498769667,0.5585227964490468,0.0306167602539062,0.92669677734375,subsetted_512x512_HLS.S30.T12TYT.2019248.v1.4,0.0540989630765789,0.1026449412656309,0.0919312418679421,0.6140688353678428,0.0306167602539062,0.2210578918457031,subsetted_512x512_HLS.S30.T12TYT.2019248.v1.4,0.0309179860549327,0.0599814659811072,0.023153580802741,0.3837675855635894,0.0306167602539062,0.9902572631835938,subsetted_512x512_HLS.S30.T12TYT.2019248.v1.4,0.8349589891376635,0.9100573844759892,0.960107214117339,0.9979087755796268,0.0306167602539062,0.0325355529785156
MT4758010779320180720,subsetted_512x512_HLS.S30.T12TYT.2018213.v1.4,0.6041570081903879,0.7532392466644189,0.7937431920977834,0.9295196005170472,0.0409507751464843,0.0382461547851562,subsetted_512x512_HLS.S30.T12TYT.2018213.v1.4,0.0404233704254967,0.0777056178754711,0.0448460432720712,0.5326573772092864,0.0409507751464843,0.966999053955078,subsetted_512x512_HLS.S30.T12TYT.2018213.v1.4,0.1735471648235449,0.2957651298993843,0.2387181130027045,0.7264134912716234,0.0409507751464843,0.0606575012207031,subsetted_512x512_HLS.S30.T12TYT.2018213.v1.4,0.040951087578488,0.0786801379376055,0.0409931531696662,0.5002346773584081,0.0409507751464843,0.9999923706054688,subsetted_512x512_HLS.S30.T12TYT.2018213.v1.4,0.6674839547126271,0.8005881589759114,0.8751874930038781,0.9932815345771318,0.0409507751464843,0.0472564697265625
MT4758110954820200807,subsetted_512x512_HLS.S30.T12TXT.2020248.v1.4,0.5404672507300793,0.7016926201760325,0.7100371206347562,0.9302532434632796,0.0178794860839843,0.0102920532226562,subsetted_512x512_HLS.S30.T12TXT.2020248.v1.4,0.0225282167042889,0.0440637555741975,0.0227788451378912,0.5704429319178157,0.0178794860839843,0.0685195922851562,subsetted_512x512_HLS.S30.T12TXT.2020248.v1.4,0.0483294540256217,0.0922027972027972,0.0634168493619271,0.7282497821401002,0.0178794860839843,0.2003211975097656,subsetted_512x512_HLS.S30.T12TXT.2020248.v1.4,0.2015823679005368,0.3355281723262158,0.2828800307421776,0.9303906938388368,0.0178794860839843,0.0632286071777343,subsetted_512x512_HLS.S30.T12TXT.2020248.v1.4,0.4520091609410785,0.6225982219673072,0.8776539599142141,0.9966217931049144,0.0178794860839843,0.0087242126464843
MT4762510936620180903,subsetted_512x512_HLS.S30.T12TXT.2018293.v1.4,0.2548649159266956,0.4062029509183981,0.6192209091945352,0.941407625965746,0.0193316520989359,0.0566901556222792,subsetted_512x512_HLS.S30.T12TXT.2018293.v1.4,0.028484730413427,0.0553916447587449,0.0598533262470789,0.7926785113834758,0.0193316520989359,0.6453307593405797,subsetted_512x512_HLS.S30.T12TXT.2018293.v1.4,0.0510454068207448,0.0971326385891348,0.1785627387113577,0.8087949616071035,0.0193316520989359,0.2900243791704978,subsetted_512x512_HLS.S30.T12TXT.2018293.v1.4,0.2016036127367402,0.3355576008590274,0.4252799047846291,0.9648447481028743,0.0193316520989359,0.0801536765238889,subsetted_512x512_HLS.S30.T12TXT.2018293.v1.4,0.3303121116877421,0.4965934065934066,0.8526472018675637,0.9853333753869744,0.0193316520989359,0.0501051089432259
MT4783310693320200821,subsetted_512x512_HLS.S30.T13UCP.2020248.v1.4,0.6287674714104193,0.7720776383948075,0.8944659024911367,0.9592068623173896,0.0543899536132812,0.0678558349609375,subsetted_512x512_HLS.S30.T13UCP.2020248.v1.4,0.0570203706552789,0.1078888775245273,0.1041662419876067,0.6877879917882288,0.0543899536132812,0.9153289794921876,subsetted_512x512_HLS.S30.T13UCP.2020248.v1.4,0.2055493895671476,0.3410053397164426,0.3090947479256946,0.7913496584631214,0.0543899536132812,0.0906333923339843,subsetted_512x512_HLS.S30.T13UCP.2020248.v1.4,0.0639952242369972,0.120292314813516,0.2756933185484179,0.7291549593326098,0.0543899536132812,0.7614936828613281,subsetted_512x512_HLS.S30.T13UCP.2020248.v1.4,0.8078728147365951,0.8937274880747639,0.979187865448922,0.9985991526109405,0.0543899536132812,0.0631675720214843
MT4801910865120210816,subsetted_512x512_HLS.S30.T12UXU.2021250.v1.4,0.8665138374854996,0.9284837005578656,0.9744446588120848,0.9873105567262483,0.1954517583604191,0.1712454759049546,subsetted_512x512_HLS.S30.T12UXU.2021250.v1.4,0.191539703248347,0.3214994896538925,0.2282367641295524,0.539772657810712,0.1954517583604191,0.9741115952488184,subsetted_512x512_HLS.S30.T12UXU.2021250.v1.4,0.2118298135083526,0.3496032382551918,0.2996416866587838,0.6192344743193888,0.1954517583604191,0.3796332973395336,subsetted_512x512_HLS.S30.T12UXU.2021250.v1.4,0.1955621189334752,0.3271467301221124,0.1961966731133191,0.5023609260825291,0.1954517583604191,0.9994356751007916,subsetted_512x512_HLS.S30.T12UXU.2021250.v1.4,0.855522048645442,0.922136224972358,0.9811047169545324,0.9903100171437138,0.1954517583604191,0.2118768686479535
MT4818110588720200824,subsetted_512x512_HLS.S30.T13UDP.2020255.v1.4,0.8985887758450936,0.9465859982713916,0.969609051185547,0.9896771076538816,0.0437088012695312,0.0445632934570312,subsetted_512x512_HLS.S30.T13UDP.2020255.v1.4,0.0422527491886516,0.0810796598455482,0.0436422545940604,0.5115575005664993,0.0437088012695312,0.9718856811523438,subsetted_512x512_HLS.S30.T13UDP.2020255.v1.4,0.0595881177987031,0.1124741147956577,0.1677159719876449,0.6585158441835359,0.0437088012695312,0.3670845031738281,subsetted_512x512_HLS.S30.T13UDP.2020255.v1.4,0.0437093014827897,0.0837576160731581,0.0437179736654342,0.5000378960133394,0.0437088012695312,0.9999885559082032,subsetted_512x512_HLS.S30.T13UDP.2020255.v1.4,0.5729485570890841,0.728502600427555,0.9669389849134776,0.9983514283759456,0.0437088012695312,0.0758476257324218
MT4831111365120180811,subsetted_512x512_HLS.S30.T11UQP.2018249.v1.4,0.1836472022761143,0.3103073313111658,0.3562874530168506,0.8602924686727325,0.0189980749839582,0.0477396339413939,subsetted_512x512_HLS.S30.T11UQP.2018249.v1.4,0.0218534719393628,0.042772222318504,0.0193189022846022,0.5339895210680685,0.0189980749839582,0.6421647263727198,subsetted_512x512_HLS.S30.T11UQP.2018249.v1.4,0.0358909073103853,0.069294762715069,0.0331429836676859,0.5115086946996716,0.0189980749839582,0.1426116050967091,subsetted_512x512_HLS.S30.T11UQP.2018249.v1.4,0.0189992360580595,0.0372899907787115,0.0190000343788318,0.4999240778377368,0.0189980749839582,0.9999388883796254,subsetted_512x512_HLS.S30.T11UQP.2018249.v1.4,0.5718216840946615,0.7275910364145658,0.7894620968453048,0.99393981610989,0.0189980749839582,0.0246356219635163
MT4835010534020180831,subsetted_512x512_HLS.S30.T13UDP.2018290.v1.4,0.418363756632373,0.5899244882366366,0.7650629732847528,0.9108091376784982,0.1306800842285156,0.2537612915039062,subsetted_512x512_HLS.S30.T13UDP.2018290.v1.4,0.1351392684232343,0.2381016535723402,0.1914522240923792,0.5909074514251759,0.1306800842285156,0.9452781677246094,subsetted_512x512_HLS.S30.T13UDP.2018290.v1.4,0.1797589449324237,0.3047384310236702,0.2852988496949975,0.6712742468861455,0.1306800842285156,0.3924446105957031,subsetted_512x512_HLS.S30.T13UDP.2018290.v1.4,0.1316832406293364,0.23272102281219,0.1294181006241862,0.5157073324145529,0.1306800842285156,0.9923820495605468,subsetted_512x512_HLS.S30.T13UDP.2018290.v1.4,0.2013107382470071,0.3351518168242907,0.902545679168083,0.9682631848436816,0.1306800842285156,0.6356925964355469
NC3634008046020211127,subsetted_512x512_HLS.S30.T17SNA.2021348.v1.4,0.6418887330528285,0.7818906605922551,0.7785877747367214,0.9683333276163966,0.0189472559672791,0.0212517550821073,subsetted_512x512_HLS.S30.T17SNA.2021348.v1.4,0.0211980347210661,0.0415160115870302,0.0433976490421318,0.7498371679334851,0.0189472559672791,0.8938213479030584,subsetted_512x512_HLS.S30.T17SNA.2021348.v1.4,0.0610878367718978,0.1151419037235272,0.0958208693125677,0.8451145101668205,0.0189472559672791,0.2120139185641902,subsetted_512x512_HLS.S30.T17SNA.2021348.v1.4,0.0181137477288994,0.035582954791261,0.0170350983676917,0.4411607110986058,0.0189472559672791,0.9688129540321104,subsetted_512x512_HLS.S30.T17SNA.2021348.v1.4,0.740081835972247,0.8506287700644106,0.9346216841527542,0.9978289744352524,0.0189472559672791,0.0183711311885721
NE4165010345220200827,subsetted_512x512_HLS.S30.T13TFG.2020274.v1.4,0.7977450239355002,0.8874951823692232,0.9237535438655942,0.9751387438644163,0.0589332580566406,0.0499420166015625,subsetted_512x512_HLS.S30.T13TFG.2020274.v1.4,0.0586653105495055,0.1108288142908074,0.110430070034789,0.6107361657837433,0.0589332580566406,0.957550048828125,subsetted_512x512_HLS.S30.T13TFG.2020274.v1.4,0.095309575990473,0.174032215329234,0.224899348900861,0.6903835282799801,0.0589332580566406,0.3585891723632812,subsetted_512x512_HLS.S30.T13TFG.2020274.v1.4,0.059367398463649,0.112080848532335,0.0710693482927447,0.6129072757807467,0.0589332580566406,0.9926872253417968,subsetted_512x512_HLS.S30.T13TFG.2020274.v1.4,0.8596837944664032,0.924548352816153,0.9812932816181872,0.9987334538126428,0.0589332580566406,0.0595245361328125
NE4166810220320190321,subsetted_512x512_HLS.S30.T14TKM.2019144.v1.4,0.4338881745838691,0.6051910912924412,0.733440032544576,0.9349806322974922,0.1049661571802483,0.0524697246026234,subsetted_512x512_HLS.S30.T14TKM.2019144.v1.4,0.1056233369468808,0.1910656792729321,0.1074766582395925,0.5259663339371405,0.1049661571802483,0.9651422771982572,subsetted_512x512_HLS.S30.T14TKM.2019144.v1.4,0.1314401329575836,0.2323412951845702,0.2147147766321359,0.5212030587896526,0.1049661571802483,0.0742596167787129,subsetted_512x512_HLS.S30.T14TKM.2019144.v1.4,0.1088006264410318,0.1962492153170119,0.1170227699061214,0.5210820903475529,0.1049661571802483,0.9647569192732378,subsetted_512x512_HLS.S30.T14TKM.2019144.v1.4,0.0,0.0,0.0922645105994374,0.4425149927643328,0.1049661571802483,0.00560104390028
NE4230710373320190405,subsetted_512x512_HLS.S30.T13TEG.2019157.v1.4,0.0321782178217821,0.0623501199040767,0.3114179162830194,0.8998649481950689,0.0252456665039062,0.0017967224121093,subsetted_512x512_HLS.S30.T13TEG.2019157.v1.4,0.0257781353145074,0.0502606449231904,0.037782795798131,0.6156920162624413,0.0252456665039062,0.9670486450195312,subsetted_512x512_HLS.S30.T13TEG.2019157.v1.4,0.0872949845495602,0.1605727714925944,0.0857456001472899,0.6459656079338707,0.0252456665039062,0.114349365234375,subsetted_512x512_HLS.S30.T13TEG.2019157.v1.4,0.0263611776093303,0.0513682282307922,0.0288470340035829,0.5099852852547294,0.0252456665039062,0.957683563232422,subsetted_512x512_HLS.S30.T13TEG.2019157.v1.4,0.0,0.0,0.0178105776749034,0.3607538533087837,0.0252456665039062,0.0
NE4280510153220200928,subsetted_512x512_HLS.S30.T13TGH.2020304.v1.4,0.8490338796669634,0.918354053977514,0.944728338140346,0.976873186760251,0.0716994666035849,0.0630270055781513,subsetted_512x512_HLS.S30.T13TGH.2020304.v1.4,0.0693361848214536,0.1296807978737401,0.0792628863126942,0.5190427141077412,0.0716994666035849,0.3632704296931635,subsetted_512x512_HLS.S30.T13TGH.2020304.v1.4,0.2073268921095008,0.3434478159386462,0.2950549704345805,0.7347716349995262,0.0716994666035849,0.1457072653322853,subsetted_512x512_HLS.S30.T13TGH.2020304.v1.4,0.21816622543719,0.3581879400061218,0.301324108228185,0.7103600082311199,0.0716994666035849,0.0529504681526475,subsetted_512x512_HLS.S30.T13TGH.2020304.v1.4,0.884682790045566,0.9388134647572997,0.988072907972756,0.99897884929104,0.0716994666035849,0.0719093149785954
NJ3931607511120200409,subsetted_512x512_HLS.S30.T18SVJ.2020131.v1.4,0.1505285686490693,0.2616685456595265,0.2243235966627493,0.8424516659830866,0.0260047912597656,0.0416679382324218,subsetted_512x512_HLS.S30.T18SVJ.2020131.v1.4,0.0254282742255306,0.0495954224487046,0.0514393260183756,0.5743952736993018,0.0260047912597656,0.9366798400878906,subsetted_512x512_HLS.S30.T18SVJ.2020131.v1.4,0.0419119574802774,0.0804520135878578,0.0456266386841106,0.625361704635675,0.0260047912597656,0.3075180053710937,subsetted_512x512_HLS.S30.T18SVJ.2020131.v1.4,0.026938807769062,0.0524642901120551,0.0202528286792057,0.3928194838234629,0.0260047912597656,0.9653282165527344,subsetted_512x512_HLS.S30.T18SVJ.2020131.v1.4,0.5257050330589664,0.6891306270451932,0.8349651162224847,0.9911639683487244,0.0260047912597656,0.0171279907226562
NJ3974007449020180422,subsetted_512x512_HLS.S30.T18TWK.2018121.v1.4,0.1939076871150113,0.3248286097957453,0.3287408876510737,0.9427712951337268,0.0141983573850913,0.0397760001220707,subsetted_512x512_HLS.S30.T18TWK.2018121.v1.4,0.0155196497446054,0.0305649422903998,0.0144012239642607,0.5225565340259776,0.0141983573850913,0.9148632616548984,subsetted_512x512_HLS.S30.T18TWK.2018121.v1.4,0.0360493827160493,0.0695900857959961,0.0531977695713207,0.564908011459775,0.0141983573850913,0.1058506235146465,subsetted_512x512_HLS.S30.T18TWK.2018121.v1.4,0.0141991698712079,0.0280007523039307,0.0142001991537871,0.4998974541542677,0.0141983573850913,0.999942779322736,subsetted_512x512_HLS.S30.T18TWK.2018121.v1.4,0.181125196785152,0.3066994037179937,0.1651120779389017,0.9582603838816676,0.0141983573850913,0.0401803595747359
NJ3977007445020190330,subsetted_512x512_HLS.S30.T18TWK.2019093.v1.4,0.757027814831283,0.8617140929029355,0.9196397069932936,0.968875730333666,0.1402816772460937,0.1310501098632812,subsetted_512x512_HLS.S30.T18TWK.2019093.v1.4,0.140797586151158,0.2468406102193524,0.1676359223709708,0.5636783060821582,0.1402816772460937,0.9904632568359376,subsetted_512x512_HLS.S30.T18TWK.2019093.v1.4,0.1190657152904609,0.21279485853886,0.2031656028278189,0.548363403510179,0.1402816772460937,0.2360343933105468,subsetted_512x512_HLS.S30.T18TWK.2019093.v1.4,0.1458894288217956,0.2546309009444292,0.1672201012842546,0.6179006134709767,0.1402816772460937,0.9571571350097656,subsetted_512x512_HLS.S30.T18TWK.2019093.v1.4,0.747173639965214,0.8552940851146199,0.891527300098566,0.9353031663317304,0.1402816772460937,0.1356201171875
NM3134910867820180516,subsetted_512x512_HLS.S30.T12RYV.2018152.v1.4,0.7816753113644128,0.8774610125408353,0.957800341641955,0.924636085828904,0.5911178588867188,0.5030250549316406,subsetted_512x512_HLS.S30.T12RYV.2018152.v1.4,0.5809252608041885,0.7349180574275626,0.6111549435702064,0.5304282397385066,0.5911178588867188,0.957012176513672,subsetted_512x512_HLS.S30.T12RYV.2018152.v1.4,0.4104342612596781,0.5819970097622468,0.7091135254271018,0.6064456390702995,0.5911178588867188,0.4498672485351562,subsetted_512x512_HLS.S30.T12RYV.2018152.v1.4,0.5255745544481237,0.6890185116364244,0.6491610860706333,0.5680801819435998,0.5911178588867188,0.825408935546875,subsetted_512x512_HLS.S30.T12RYV.2018152.v1.4,0.9001438548172921,0.9474481129786304,0.989808909447682,0.9859601742550624,0.5911178588867188,0.5879478454589844
NM3145210885920190207,subsetted_512x512_HLS.S30.T12RXV.2019062.v1.4,0.1573328622264846,0.2718886974725778,0.8244373140768713,0.966573829007319,0.0256462097167968,0.1492843627929687,subsetted_512x512_HLS.S30.T12RXV.2019062.v1.4,0.0270103051364978,0.0525998716885474,0.051138681951538,0.69538546884155,0.0256462097167968,0.9494972229003906,subsetted_512x512_HLS.S30.T12RXV.2019062.v1.4,0.0549361100872343,0.1041505917978133,0.1424286217432657,0.7471417036764767,0.0256462097167968,0.2363815307617187,subsetted_512x512_HLS.S30.T12RXV.2019062.v1.4,0.0259281321801756,0.0505457085479787,0.0389746373746402,0.6293543004477086,0.0256462097167968,0.8481483459472656,subsetted_512x512_HLS.S30.T12RXV.2019062.v1.4,0.296971655433478,0.4579462537818117,0.9098403587831034,0.9891892331042914,0.0256462097167968,0.0815277099609375
NM3212110384520200729,subsetted_512x512_HLS.S30.T13SFR.2020216.v1.4,0.6907714150496924,0.8171079885797459,0.9316671517036584,0.9757981735762516,0.0399322509765625,0.0282096862792968,subsetted_512x512_HLS.S30.T13SFR.2020216.v1.4,0.0463381121509864,0.0885719665811042,0.0797615675567748,0.6790598999697697,0.0399322509765625,0.7298812866210938,subsetted_512x512_HLS.S30.T13SFR.2020216.v1.4,0.1135429467350311,0.2039309701847518,0.2225831637559841,0.736665144103582,0.0399322509765625,0.1605567932128906,subsetted_512x512_HLS.S30.T13SFR.2020216.v1.4,0.3642987249544626,0.5340453938584779,0.4628192919306867,0.9018671559908988,0.0399322509765625,0.0457839965820312,subsetted_512x512_HLS.S30.T13SFR.2020216.v1.4,0.0,0.0,0.904394803559132,0.9922576790705238,0.0399322509765625,0.0
NM3221210467920180522,subsetted_512x512_HLS.S30.T13SER.2018156.v1.4,0.5134822660649685,0.6785441462753505,0.6815328862441585,0.8058237767653036,0.0865669250488281,0.0682373046875,subsetted_512x512_HLS.S30.T13SER.2018156.v1.4,0.0888895103107197,0.1632663543344351,0.1189632795428102,0.5870268577434012,0.0865669250488281,0.953216552734375,subsetted_512x512_HLS.S30.T13SER.2018156.v1.4,0.079357760841854,0.1470462597683242,0.1461981616187019,0.6327189681395236,0.0865669250488281,0.06524658203125,subsetted_512x512_HLS.S30.T13SER.2018156.v1.4,0.0883559937080471,0.1623659799162162,0.0943791719520056,0.5151889113012683,0.0865669250488281,0.9797515869140624,subsetted_512x512_HLS.S30.T13SER.2018156.v1.4,0.5798632153060341,0.7340676201435695,0.7194289943475367,0.8196626261553606,0.0865669250488281,0.0526618957519531
NM3242610655220180624,subsetted_512x512_HLS.S30.T13SCR.2018214.v1.4,0.0047335123571981,0.0094224235560588,0.3427812856396377,0.7650390177610717,0.0837059020996093,0.0005035400390625,subsetted_512x512_HLS.S30.T13SCR.2018214.v1.4,0.0864832090291593,0.1591984272015348,0.1427936196417984,0.6216467402894513,0.0837059020996093,0.9621353149414062,subsetted_512x512_HLS.S30.T13SCR.2018214.v1.4,0.0872404219877845,0.1604804608502032,0.1746321619128446,0.555568271439901,0.0837059020996093,0.1030349731445312,subsetted_512x512_HLS.S30.T13SCR.2018214.v1.4,0.0842914379443998,0.1554774574337681,0.0918785649852943,0.5943399539102562,0.0837059020996093,0.9930534362792968,subsetted_512x512_HLS.S30.T13SCR.2018214.v1.4,0.0,0.0,0.144457888182494,0.6549822729194296,0.0837059020996093,0.0
NM3250010718420200606,subsetted_512x512_HLS.S30.T13SBS.2020217.v1.4,0.6604311419918047,0.7954935622317597,0.8314307324650099,0.9578693306829044,0.0209999084472656,0.0145530700683593,subsetted_512x512_HLS.S30.T13SBS.2020217.v1.4,0.0210826073509979,0.0412946165162731,0.0276654653991069,0.5316230845775834,0.0209999084472656,0.9487800598144532,subsetted_512x512_HLS.S30.T13SBS.2020217.v1.4,0.0665019917546575,0.1247104876855325,0.1731797997341369,0.8230353610535868,0.0209999084472656,0.2128791809082031,subsetted_512x512_HLS.S30.T13SBS.2020217.v1.4,0.0237899392691612,0.046474258745195,0.0369205224550019,0.6118727628586625,0.0209999084472656,0.77191162109375,subsetted_512x512_HLS.S30.T13SBS.2020217.v1.4,0.5360169491525424,0.6979310344827586,0.8166884549043812,0.9928709704612024,0.0209999084472656,0.01495361328125
NM3250810502620180615,subsetted_512x512_HLS.S30.T13SDS.2018214.v1.4,0.1329755115732975,0.2347367797714218,0.6649582075651258,0.8831585887430865,0.1135673522949218,0.0152702331542968,subsetted_512x512_HLS.S30.T13SDS.2018214.v1.4,0.1129252603475464,0.2029341311064894,0.1756509930351422,0.5987804982137794,0.1135673522949218,0.9741058349609376,subsetted_512x512_HLS.S30.T13SDS.2018214.v1.4,0.0998303401473144,0.1815377090505483,0.1779556918485931,0.5485989095895731,0.1135673522949218,0.0892105102539062,subsetted_512x512_HLS.S30.T13SDS.2018214.v1.4,0.1135686519850004,0.2039724300474115,0.1135846839422519,0.5000193654168084,0.1135673522949218,0.9999885559082032,subsetted_512x512_HLS.S30.T13SDS.2018214.v1.4,0.0,0.0,0.0847260579270442,0.3580646040472438,0.1135673522949218,0.0001716613769531
NM3316110373620180331,subsetted_512x512_HLS.S30.T13SFS.2018136.v1.4,0.6214992531740104,0.7665735916405193,0.869693435751124,0.9628424550741912,0.0776481628417968,0.05487060546875,subsetted_512x512_HLS.S30.T13SFS.2018136.v1.4,0.0778625773922216,0.1444758896456024,0.1263430519578249,0.6106990323265009,0.0776481628417968,0.9669876098632812,subsetted_512x512_HLS.S30.T13SFS.2018136.v1.4,0.1023764316775892,0.1857377003639192,0.1853167658921138,0.5886141352140826,0.0776481628417968,0.0596694946289062,subsetted_512x512_HLS.S30.T13SFS.2018136.v1.4,0.078025276279626,0.1447559310462536,0.1176293335404156,0.6628296724817324,0.0776481628417968,0.9951667785644532,subsetted_512x512_HLS.S30.T13SFS.2018136.v1.4,0.5425311702690994,0.7034297662515994,0.923510116687674,0.99061234826207,0.0776481628417968,0.044586181640625
NM3317010361120180518,subsetted_512x512_HLS.S30.T13SFS.2018196.v1.4,0.0172349194454852,0.0338858195211786,0.4257720635853935,0.8518558081728844,0.0507967025631048,0.0009880103607572,subsetted_512x512_HLS.S30.T13SFS.2018196.v1.4,0.069052505558406,0.1291844978602567,0.093194977401899,0.678359780431026,0.0507967025631048,0.6168579744643191,subsetted_512x512_HLS.S30.T13SFS.2018196.v1.4,0.125124495465744,0.2224189340290719,0.1374634583736932,0.6972096920746738,0.0507967025631048,0.112961246342645,subsetted_512x512_HLS.S30.T13SFS.2018196.v1.4,0.2847686459562197,0.4432994949752589,0.3985618357142643,0.7644644683669837,0.0507967025631048,0.0239830931972244,subsetted_512x512_HLS.S30.T13SFS.2018196.v1.4,0.0,0.0,0.0287009880123983,0.1431853033646847,0.0507967025631048,0.0
NM3349810333820180412,subsetted_512x512_HLS.S30.T13SFT.2018136.v1.4,0.1437153911685361,0.2513132065516786,0.8666167898298179,0.8948286077474126,0.427703857421875,0.0639457702636718,subsetted_512x512_HLS.S30.T13SFT.2018136.v1.4,0.424128479760505,0.5956323264201984,0.4518012884049467,0.5364314575644826,0.427703857421875,0.926055908203125,subsetted_512x512_HLS.S30.T13SFT.2018136.v1.4,0.0826035113687759,0.1526015951386251,0.4603167783529315,0.5235518572825708,0.427703857421875,0.0745010375976562,subsetted_512x512_HLS.S30.T13SFT.2018136.v1.4,0.4292399634826504,0.600654857756307,0.4564514916212856,0.5769541684247395,0.427703857421875,0.99365234375,subsetted_512x512_HLS.S30.T13SFT.2018136.v1.4,0.0085700795538569,0.0169945147642055,0.5535963069705617,0.6087169696860871,0.427703857421875,0.0041694641113281
NM3349910789720190605,subsetted_512x512_HLS.S30.T13SBT.2019202.v1.4,0.1964330751215997,0.3283645014605354,0.2543019432855984,0.8206005909492387,0.0564842224121093,0.0701904296875,subsetted_512x512_HLS.S30.T13SBT.2019202.v1.4,0.0778074678292665,0.1443810145163921,0.0797580143727246,0.6134560111098177,0.0564842224121093,0.2943344116210937,subsetted_512x512_HLS.S30.T13SBT.2019202.v1.4,0.1453089977585654,0.2537463654663386,0.2164000970305061,0.6360402026906035,0.0564842224121093,0.0799598693847656,subsetted_512x512_HLS.S30.T13SBT.2019202.v1.4,0.3858156796879233,0.5568066306982563,0.5221006612936145,0.8466961533701848,0.0564842224121093,0.0410881042480468,subsetted_512x512_HLS.S30.T13SBT.2019202.v1.4,0.1235100698725852,0.2198646423998536,0.3947415773352544,0.9481553908532738,0.0564842224121093,0.0269355773925781
NM3358510552620180412,subsetted_512x512_HLS.S30.T13SDT.2018134.v1.4,0.6748530132288094,0.8058653600029254,0.8676764526688208,0.9558491519248188,0.061309814453125,0.0430107116699218,subsetted_512x512_HLS.S30.T13SDT.2018134.v1.4,0.0643519862833755,0.1209223773952582,0.0724095424024484,0.5580380746671999,0.061309814453125,0.8195991516113281,subsetted_512x512_HLS.S30.T13SDT.2018134.v1.4,0.0952768550498273,0.1739776653008757,0.1190927423200546,0.56630736196305,0.061309814453125,0.1286163330078125,subsetted_512x512_HLS.S30.T13SDT.2018134.v1.4,0.0634359286069514,0.1193037152507144,0.0680218557032635,0.523919828342924,0.061309814453125,0.9664840698242188,subsetted_512x512_HLS.S30.T13SDT.2018134.v1.4,0.8434259148885446,0.9150635326069384,0.9802116292640368,0.9987383150319644,0.061309814453125,0.0566749572753906
NM3361010740620190713,subsetted_512x512_HLS.S30.T13SBT.2019237.v1.4,0.1324622946687392,0.2339367858732749,0.236168734592394,0.6596289096904223,0.0727653503417968,0.0300636291503906,subsetted_512x512_HLS.S30.T13SBT.2019237.v1.4,0.0752072820817255,0.1398935504531099,0.1125646401020173,0.6394488427033111,0.0727653503417968,0.963603973388672,subsetted_512x512_HLS.S30.T13SBT.2019237.v1.4,0.1395480849587663,0.2449182913835808,0.1988820357072918,0.7319020011722424,0.0727653503417968,0.2029190063476562,subsetted_512x512_HLS.S30.T13SBT.2019237.v1.4,0.0414082477431021,0.0795235640448218,0.0471370810338174,0.2716356578026075,0.0727653503417968,0.7708244323730469,subsetted_512x512_HLS.S30.T13SBT.2019237.v1.4,0.035031185031185,0.067691071607914,0.3523872018571416,0.6924721286444737,0.0727653503417968,0.0032005310058593
NM3366710562920200804,subsetted_512x512_HLS.S30.T13SDT.2020249.v1.4,0.1594941872323067,0.2751099384344767,0.2630686259274017,0.6879038282695676,0.0351638793945312,0.0298957824707031,subsetted_512x512_HLS.S30.T13SDT.2020249.v1.4,0.0346861057192981,0.0670466251118446,0.0431841588090731,0.5504561307878495,0.0351638793945312,0.979522705078125,subsetted_512x512_HLS.S30.T13SDT.2020249.v1.4,0.0400962527833278,0.0771010426699049,0.0557758341643116,0.5802881980131188,0.0351638793945312,0.6936264038085938,subsetted_512x512_HLS.S30.T13SDT.2020249.v1.4,0.0367107663143473,0.0708216168041918,0.0401222208680815,0.5134545282019247,0.0351638793945312,0.9578628540039062,subsetted_512x512_HLS.S30.T13SDT.2020249.v1.4,0.0984921708872994,0.1793224813022437,0.137510518231476,0.6714554397960251,0.0351638793945312,0.0081901550292968
NM3380810573920190526,subsetted_512x512_HLS.S30.T13SDT.2019184.v1.4,0.1815253800566864,0.3072729255261149,0.3217786472799563,0.6542353283476624,0.0590362548828125,0.0109329223632812,subsetted_512x512_HLS.S30.T13SDT.2019184.v1.4,0.0592753498620867,0.111916792682477,0.0897761444971802,0.617967967822096,0.0590362548828125,0.9752426147460938,subsetted_512x512_HLS.S30.T13SDT.2019184.v1.4,0.1158443728690214,0.2076353579149506,0.1977166897927637,0.6813569974761643,0.0590362548828125,0.2568168640136719,subsetted_512x512_HLS.S30.T13SDT.2019184.v1.4,0.0590369305068646,0.1114917314141425,0.0590508968669752,0.5000445943535441,0.0590362548828125,0.9999885559082032,subsetted_512x512_HLS.S30.T13SDT.2019184.v1.4,0.1908051598703918,0.320464113358661,0.2673814149949242,0.437446481850973,0.0590362548828125,0.0152664184570312
NM3418210345020190410,subsetted_512x512_HLS.S30.T13SFT.2019171.v1.4,0.2005740057400574,0.3341301823645926,0.2481575705333288,0.7223574750721465,0.03240966796875,0.0234413146972656,subsetted_512x512_HLS.S30.T13SFT.2019171.v1.4,0.0336436970742866,0.065097280947999,0.0393774937496049,0.5714303375261183,0.03240966796875,0.9500770568847656,subsetted_512x512_HLS.S30.T13SFT.2019171.v1.4,0.0424325798723939,0.0814106939704209,0.0490972254891424,0.6414833900967551,0.03240966796875,0.1352462768554687,subsetted_512x512_HLS.S30.T13SFT.2019171.v1.4,0.0326499241012239,0.0632352229718917,0.029750485779307,0.510347718891955,0.03240966796875,0.9926414489746094,subsetted_512x512_HLS.S30.T13SFT.2019171.v1.4,0.0,0.0,0.0344801639341058,0.5294538622551554,0.03240966796875,0.0002212524414062
NM3436210506320180807,subsetted_512x512_HLS.S30.T13SDU.2018254.v1.4,0.2412934216963928,0.3887774114949118,0.368717421754145,0.8893736550809983,0.04364013671875,0.0628204345703125,subsetted_512x512_HLS.S30.T13SDU.2018254.v1.4,0.0428659588271595,0.0822079932024398,0.1051658768323926,0.6135529903735137,0.04364013671875,0.962005615234375,subsetted_512x512_HLS.S30.T13SDU.2018254.v1.4,0.1103909054646988,0.1988325101032779,0.0936372640968974,0.5965585378357761,0.04364013671875,0.0837898254394531,subsetted_512x512_HLS.S30.T13SDU.2018254.v1.4,0.0439064454969027,0.0841195026360875,0.0693048158563354,0.7075207310618892,0.04364013671875,0.9939346313476562,subsetted_512x512_HLS.S30.T13SDU.2018254.v1.4,0.1729895104895105,0.2949549146732245,0.7358935885597351,0.9689042354282784,0.04364013671875,0.0075492858886718
NM3470710514020180721,subsetted_512x512_HLS.S30.T13SDU.2018219.v1.4,0.1736371033360455,0.2958957293399889,0.8426048420387569,0.9476895911225616,0.0468673706054687,0.0081558227539062,subsetted_512x512_HLS.S30.T13SDU.2018219.v1.4,0.0460579639436885,0.0880600607829567,0.107357724327432,0.6595349119393743,0.0468673706054687,0.9673233032226562,subsetted_512x512_HLS.S30.T13SDU.2018219.v1.4,0.1350243102337297,0.2379232039636664,0.2666129793103252,0.6595843836336317,0.0468673706054687,0.1009597778320312,subsetted_512x512_HLS.S30.T13SDU.2018219.v1.4,0.0471673122770916,0.0900855321286244,0.0806741707977728,0.7058662401800465,0.0468673706054687,0.9936408996582032,subsetted_512x512_HLS.S30.T13SDU.2018219.v1.4,0.0,0.0,0.1993941145287146,0.7384838356703619,0.0468673706054687,0.0
NM3534510752720190804,subsetted_512x512_HLS.S30.T13SBV.2019247.v1.4,0.6284199773611993,0.7718156078870183,0.8547978571434236,0.9307077985299514,0.1341743469238281,0.0908279418945312,subsetted_512x512_HLS.S30.T13SBV.2019247.v1.4,0.1224930314773268,0.2182517450751783,0.1396768213859631,0.5336379930396585,0.1341743469238281,0.3696937561035156,subsetted_512x512_HLS.S30.T13SBV.2019247.v1.4,0.1613700139991258,0.2778959540094468,0.1971327727520448,0.644736828763185,0.1341743469238281,0.5652198791503906,subsetted_512x512_HLS.S30.T13SBV.2019247.v1.4,0.2918784754540464,0.4518667676562413,0.4483599865011881,0.7585354658014765,0.1341743469238281,0.0723190307617187,subsetted_512x512_HLS.S30.T13SBV.2019247.v1.4,0.2460008523938059,0.3948646614826808,0.9241179002121982,0.9815841581564868,0.1341743469238281,0.033111572265625
NM3583110586320200818,subsetted_512x512_HLS.S30.T13SDV.2020269.v1.4,0.4583799925345278,0.6286153058612747,0.6919524658780175,0.8989376533989129,0.0725288391113281,0.0467033386230468,subsetted_512x512_HLS.S30.T13SDV.2020269.v1.4,0.0764198508271178,0.141988928889405,0.080835328926978,0.5523544781779455,0.0725288391113281,0.912921905517578,subsetted_512x512_HLS.S30.T13SDV.2020269.v1.4,0.1153015940103852,0.2067630757986912,0.1385376442707262,0.7131835567943747,0.0725288391113281,0.491180419921875,subsetted_512x512_HLS.S30.T13SDV.2020269.v1.4,0.326990904028216,0.4928306637756172,0.4833522147908108,0.832077767541799,0.0725288391113281,0.0910873413085937,subsetted_512x512_HLS.S30.T13SDV.2020269.v1.4,0.416658466988094,0.5882271227643688,0.7624691098221694,0.970332849272356,0.0725288391113281,0.0373153686523437
NM3592510438120200501,subsetted_512x512_HLS.S30.T13SEV.2020154.v1.4,0.1892778993435448,0.3183072677092916,0.7393168239247588,0.9058634897218883,0.1147117614746093,0.022125244140625,subsetted_512x512_HLS.S30.T13SEV.2020154.v1.4,0.116188909774436,0.2081886117250815,0.1406756906960525,0.5664912307511025,0.1147117614746093,0.9725914001464844,subsetted_512x512_HLS.S30.T13SEV.2020154.v1.4,0.1378734142681762,0.2423352414061797,0.1835417570839163,0.6354250898799453,0.1147117614746093,0.1398582458496093,subsetted_512x512_HLS.S30.T13SEV.2020154.v1.4,0.1147130742615615,0.2058163251338069,0.1147270791922444,0.5000129269669458,0.1147117614746093,0.9999885559082032,subsetted_512x512_HLS.S30.T13SEV.2020154.v1.4,0.0,0.0,0.0865234046968634,0.3234949009317156,0.1147117614746093,0.0001754760742187
NM3613910422420200606,subsetted_512x512_HLS.S30.T13SEA.2020214.v1.4,0.0312382979562072,0.0605840532069413,0.0342040292616884,0.6162642362344564,0.0224723815917968,0.1771278381347656,subsetted_512x512_HLS.S30.T13SEA.2020214.v1.4,0.0230712895405715,0.0451020173793209,0.0264525549295691,0.5742196828170598,0.0224723815917968,0.974040985107422,subsetted_512x512_HLS.S30.T13SEA.2020214.v1.4,0.0164918323678304,0.0324485290342455,0.0276863769877343,0.5184098939792863,0.0224723815917968,0.1261253356933593,subsetted_512x512_HLS.S30.T13SEA.2020214.v1.4,0.0224726387707378,0.0439574379178605,0.0224764971613454,0.500025365556696,0.0224723815917968,0.9999885559082032,subsetted_512x512_HLS.S30.T13SEA.2020214.v1.4,0.0,0.0,0.0173955610841012,0.4176554812589222,0.0224723815917968,0.0006561279296875
NM3623610471320180404,subsetted_512x512_HLS.S30.T13SEA.2018144.v1.4,0.2359720385414698,0.3818404157749923,0.6682106802540476,0.962650186774662,0.0198326110839843,0.0051231384277343,subsetted_512x512_HLS.S30.T13SEA.2018144.v1.4,0.0216037198788296,0.0422937376958495,0.0358987289067809,0.6975466151204329,0.0198326110839843,0.9180183410644532,subsetted_512x512_HLS.S30.T13SEA.2018144.v1.4,0.004787697069349,0.0095297684940077,0.0145333934418166,0.3608871774083642,0.0198326110839843,0.0594253540039062,subsetted_512x512_HLS.S30.T13SEA.2018144.v1.4,0.0203520804218388,0.0398922701533078,0.021848668865962,0.518542878826208,0.0198326110839843,0.9744758605957032,subsetted_512x512_HLS.S30.T13SEA.2018144.v1.4,0.0,0.0,0.0191571665367991,0.1759672729355013,0.0198326110839843,0.0
NM3636510508520180629,subsetted_512x512_HLS.S30.T13SDA.2018199.v1.4,0.4707557242852058,0.6401548761797209,0.7108619737461916,0.9388132863873666,0.0306546607986014,0.0166652034674005,subsetted_512x512_HLS.S30.T13SDA.2018199.v1.4,0.0284196896877126,0.0552686611753659,0.0348464440234564,0.4953728731765467,0.0306546607986014,0.5059679444849475,subsetted_512x512_HLS.S30.T13SDA.2018199.v1.4,0.0673639957960062,0.1262249730388709,0.0696196486825744,0.7105778284472142,0.0306546607986014,0.2135634754926846,subsetted_512x512_HLS.S30.T13SDA.2018199.v1.4,0.1887480465358569,0.3175576979257961,0.4564981048758527,0.9184469250396052,0.0306546607986014,0.1261341384746338,subsetted_512x512_HLS.S30.T13SDA.2018199.v1.4,0.5950066018485176,0.7460866947621915,0.8957338693973407,0.994026655002801,0.0306546607986014,0.0200661875007156
NM3644910620720190713,subsetted_512x512_HLS.S30.T13SCA.2019227.v1.4,0.2872544480455056,0.4463056212105641,0.4257910177111703,0.8199731335864006,0.0332906970084572,0.0410186899830091,subsetted_512x512_HLS.S30.T13SCA.2019227.v1.4,0.0338834290392282,0.0655459369741821,0.04992802586295,0.634749783057637,0.0332906970084572,0.969691300280636,subsetted_512x512_HLS.S30.T13SCA.2019227.v1.4,0.0362910130830878,0.0700401964793998,0.0681621850081346,0.6606702318466855,0.0332906970084572,0.8909413718714801,subsetted_512x512_HLS.S30.T13SCA.2019227.v1.4,0.034249141306791,0.0662299632437049,0.0447612581177585,0.6249559354546549,0.0332906970084572,0.968095301731544,subsetted_512x512_HLS.S30.T13SCA.2019227.v1.4,0.0560586954029577,0.1061658706035605,0.1551793894587994,0.3079384100555947,0.0332906970084572,0.0018823619251255
NM3655410312720190805,subsetted_512x512_HLS.S30.T13SFA.2019244.v1.4,0.4101387295295713,0.5816998298690732,0.6677176805292648,0.9723374055302328,0.0350151062011718,0.0681266784667968,subsetted_512x512_HLS.S30.T13SFA.2019244.v1.4,0.035132382892057,0.0678799803246433,0.0646434804853565,0.6443351979524365,0.0350151062011718,0.9654159545898438,subsetted_512x512_HLS.S30.T13SFA.2019244.v1.4,0.1171972295658633,0.2098058005593256,0.2365532072981582,0.7917734162860073,0.0350151062011718,0.1600418090820312,subsetted_512x512_HLS.S30.T13SFA.2019244.v1.4,0.0397552513128282,0.076470402554124,0.218615369668036,0.7288027723630469,0.0350151062011718,0.8109283447265625,subsetted_512x512_HLS.S30.T13SFA.2019244.v1.4,0.5422311307713574,0.7031775198314884,0.8485030845770236,0.9888132946544106,0.0350151062011718,0.0501022338867187
NM3690210301720180609,subsetted_512x512_HLS.S30.T13SFA.2018184.v1.4,0.2293331777609241,0.3731017463933181,0.6624794693448465,0.8862471694572975,0.0648460388183593,0.0155372619628906,subsetted_512x512_HLS.S30.T13SFA.2018184.v1.4,0.0672596333632229,0.1260417451586165,0.1043880413009465,0.6264543305455142,0.0648460388183593,0.947650909423828,subsetted_512x512_HLS.S30.T13SFA.2018184.v1.4,0.1850482445471499,0.312304997536811,0.3396544138648099,0.8264726614718052,0.0648460388183593,0.2139167785644531,subsetted_512x512_HLS.S30.T13SFA.2018184.v1.4,0.0719991695701623,0.1343269129565309,0.1992261031455459,0.746607562417654,0.0648460388183593,0.8412399291992188,subsetted_512x512_HLS.S30.T13SFA.2018184.v1.4,0.6330640699347129,0.7753083073587207,0.9202619992215356,0.9940228610760448,0.0648460388183593,0.0477485656738281
NM3692110306120180308,subsetted_512x512_HLS.S30.T13SFA.2018134.v1.4,0.1106746804368069,0.1992927044907167,0.9328562352155794,0.931167495436272,0.4505424499511719,0.0499610900878906,subsetted_512x512_HLS.S30.T13SFA.2018134.v1.4,0.4414644182543749,0.6125221166249694,0.4584052935311973,0.5012813270048866,0.4505424499511719,0.9659576416015624,subsetted_512x512_HLS.S30.T13SFA.2018134.v1.4,0.1965242014760039,0.3284918119225274,0.5360557169484292,0.5552843760520892,0.4505424499511719,0.1716461181640625,subsetted_512x512_HLS.S30.T13SFA.2018134.v1.4,0.4514078394883142,0.6220275613881975,0.4629045327057485,0.49089893035442,0.4505424499511719,0.9656410217285156,subsetted_512x512_HLS.S30.T13SFA.2018134.v1.4,0.0590615845708383,0.1115356943001039,0.7307669463350246,0.6219081609222877,0.4505424499511719,0.0266380310058593
NM3694510319920200523,subsetted_512x512_HLS.S30.T13SFA.2020154.v1.4,0.4716206123973114,0.6409540725704136,0.6777730582327037,0.9260964808995894,0.0210609436035156,0.0240402221679687,subsetted_512x512_HLS.S30.T13SFA.2020154.v1.4,0.0217580641983093,0.0425894641025047,0.0492349360379982,0.7261360238723461,0.0210609436035156,0.9679603576660156,subsetted_512x512_HLS.S30.T13SFA.2020154.v1.4,0.033662031184155,0.0651316004044225,0.0727040096708227,0.604899974127402,0.0210609436035156,0.2128639221191406,subsetted_512x512_HLS.S30.T13SFA.2020154.v1.4,0.0211975197250964,0.0415150239119319,0.0203548806223738,0.530259275458576,0.0210609436035156,0.9935569763183594,subsetted_512x512_HLS.S30.T13SFA.2020154.v1.4,0.5509396636993076,0.7104591836734694,0.7848122701932788,0.9888694984800996,0.0210609436035156,0.0327720642089843
NM3698710394020180607,subsetted_512x512_HLS.S30.T13SEB.2018189.v1.4,0.4476717381281697,0.6184713375796178,0.5977084802958708,0.8885986390929022,0.0232197020278132,0.0127200930924629,subsetted_512x512_HLS.S30.T13SEB.2018189.v1.4,0.0214527780604058,0.0420044441039,0.0206230455601186,0.4758572522506144,0.0232197020278132,0.972640735583068,subsetted_512x512_HLS.S30.T13SEB.2018189.v1.4,0.0508570504527813,0.096791567284758,0.0478377619200901,0.5204496814034905,0.0232197020278132,0.0263672955494935,subsetted_512x512_HLS.S30.T13SEB.2018189.v1.4,0.0232199677987958,0.0453860724566348,0.0232249299741266,0.500037106620993,0.0232197020278132,0.9999885542053756,subsetted_512x512_HLS.S30.T13SEB.2018189.v1.4,0.6448906203176505,0.7841136819092731,0.8075988825824116,0.9815944209242592,0.0232197020278132,0.0186642757673451
NV3594511544620200720,subsetted_512x512_HLS.S30.T11SPV.2020236.v1.4,0.0241585033512558,0.0471772743617403,0.2016595159490647,0.7946010036369283,0.0476760864257812,0.0053672790527343,subsetted_512x512_HLS.S30.T11SPV.2020236.v1.4,0.0507164496847621,0.0965368909946697,0.0718596376404236,0.6157854721517546,0.0476760864257812,0.9313583374023438,subsetted_512x512_HLS.S30.T11SPV.2020236.v1.4,0.1396318369983265,0.2450472731019914,0.1380908767209541,0.6929958939637371,0.0476760864257812,0.1003990173339843,subsetted_512x512_HLS.S30.T11SPV.2020236.v1.4,0.0479374029112249,0.0914890579877238,0.0542097718905949,0.586877846042318,0.0476760864257812,0.994548797607422,subsetted_512x512_HLS.S30.T11SPV.2020236.v1.4,0.0,0.0,0.267801725901656,0.7166115821379293,0.0476760864257812,0.0
NV3599911559820210610,subsetted_512x512_HLS.S30.T11SPV.2021215.v1.4,0.0962041884816753,0.1755223880597015,0.1248858127838212,0.8147441492039607,0.0185775756835937,0.0197601318359375,subsetted_512x512_HLS.S30.T11SPV.2021215.v1.4,0.019207029693989,0.0376901436791616,0.0455350812999916,0.6254761556319943,0.0185775756835937,0.9672279357910156,subsetted_512x512_HLS.S30.T11SPV.2021215.v1.4,0.0317427471754335,0.0615322904131568,0.0249495849811591,0.5902670550636104,0.0185775756835937,0.1716232299804687,subsetted_512x512_HLS.S30.T11SPV.2021215.v1.4,0.0186510003370201,0.0366190193321352,0.0211341491068851,0.5572312867756632,0.0185775756835937,0.996063232421875,subsetted_512x512_HLS.S30.T11SPV.2021215.v1.4,0.2894007620367163,0.4488918737407656,0.4888212317800247,0.9541242788331724,0.0185775756835937,0.0098228454589843
NV3616411427620190725,subsetted_512x512_HLS.S30.T11SQA.2019226.v1.4,0.1971070490909991,0.3293056360175453,0.4723568550950791,0.8562132882193975,0.0703506469726562,0.0218353271484375,subsetted_512x512_HLS.S30.T11SQA.2019226.v1.4,0.0706325631466677,0.1319454789214956,0.1204991703458533,0.6069955792544188,0.0703506469726562,0.9539718627929688,subsetted_512x512_HLS.S30.T11SQA.2019226.v1.4,0.1475544264720069,0.2571632735985204,0.2057767725794204,0.6559649279152947,0.0703506469726562,0.2019081115722656,subsetted_512x512_HLS.S30.T11SQA.2019226.v1.4,0.0708384068464578,0.1323045688192524,0.0957581396972816,0.6363362283996695,0.0703506469726562,0.9931144714355468,subsetted_512x512_HLS.S30.T11SQA.2019226.v1.4,0.1996459071026869,0.3328413924819863,0.6894733279933021,0.9710039378835662,0.0703506469726562,0.0175323486328125
NV3630611561820200628,subsetted_512x512_HLS.S30.T11SPA.2020196.v1.4,0.9267851525636992,0.9620015509571038,0.9836846381422348,0.9959707802072548,0.0465511058891745,0.0469135048942939,subsetted_512x512_HLS.S30.T11SPA.2020196.v1.4,0.0524364406779661,0.0996477101157524,0.0897341444922568,0.636013545741611,0.0465511058891745,0.85545238840018,subsetted_512x512_HLS.S30.T11SPA.2020196.v1.4,0.191332384465681,0.3212073925976496,0.2912265920857212,0.8387260025823093,0.0465511058891745,0.1099060814367785,subsetted_512x512_HLS.S30.T11SPA.2020196.v1.4,0.0525383034847856,0.0998316228698561,0.1211067221013843,0.7916606028663586,0.0465511058891745,0.8347613125710492,subsetted_512x512_HLS.S30.T11SPA.2020196.v1.4,0.8884957084776389,0.9409560259937008,0.9889775594195384,0.999320016334252,0.0465511058891745,0.0491336756414462
NV3660711406220200922,subsetted_512x512_HLS.S30.T11SQA.2020286.v1.4,0.4813959994404811,0.6499220999952788,0.9638821634281256,0.9923983023300066,0.0272371462794973,0.0535625729566418,subsetted_512x512_HLS.S30.T11SQA.2020286.v1.4,0.0285636495152022,0.055540849666747,0.0417287903418077,0.6220632319641058,0.0272371462794973,0.9383120598759452,subsetted_512x512_HLS.S30.T11SQA.2020286.v1.4,0.0390716325070314,0.0752048872949422,0.0597963696374504,0.6635248892539031,0.0272371462794973,0.5322535114556233,subsetted_512x512_HLS.S30.T11SQA.2020286.v1.4,0.0274805634670156,0.0534911597243032,0.021401659614795,0.4111640092151087,0.0272371462794973,0.9911422053696088,subsetted_512x512_HLS.S30.T11SQA.2020286.v1.4,0.8287144426809914,0.9063355364176514,0.9721891735575888,0.9984995193754398,0.0272371462794973,0.0299036400119019
NV3700011641620210517,subsetted_512x512_HLS.S30.T11SNB.2021153.v1.4,0.6836900976157704,0.8121329436859267,0.9057836108869473,0.9063880065176853,0.4358634948730469,0.3760643005371094,subsetted_512x512_HLS.S30.T11SNB.2021153.v1.4,0.4272705249738883,0.5987239524640294,0.4130131408195021,0.4811100991550152,0.4358634948730469,0.9351043701171876,subsetted_512x512_HLS.S30.T11SNB.2021153.v1.4,0.3144602169062446,0.4784628897272648,0.5085290095784196,0.5744346481945964,0.4358634948730469,0.4023666381835937,subsetted_512x512_HLS.S30.T11SNB.2021153.v1.4,0.4477759924756045,0.618570821456897,0.47297272957565,0.5339987442700698,0.4358634948730469,0.9733963012695312,subsetted_512x512_HLS.S30.T11SNB.2021153.v1.4,0.7581577353177137,0.8624456385088888,0.9446227166556864,0.9409334721532018,0.4358634948730469,0.3834037780761719
NV3701011608020200727,subsetted_512x512_HLS.S30.T11SNB.2020234.v1.4,0.7064593475259754,0.8279826279485651,0.8433852530397188,0.9237573107602056,0.0515365600585937,0.038055419921875,subsetted_512x512_HLS.S30.T11SNB.2020234.v1.4,0.0532470508292443,0.1011102775693923,0.0953153886453491,0.6450713981729106,0.0515365600585937,0.9654617309570312,subsetted_512x512_HLS.S30.T11SNB.2020234.v1.4,0.0961004034065441,0.1753496360513617,0.2100436865748921,0.6581692249500868,0.0515365600585937,0.0883903503417968,subsetted_512x512_HLS.S30.T11SNB.2020234.v1.4,0.0518504588247485,0.0985890311493175,0.0593652622689498,0.5858311902095373,0.0515365600585937,0.9939460754394532,subsetted_512x512_HLS.S30.T11SNB.2020234.v1.4,0.76372470810066,0.8660361842105263,0.9482135634015296,0.9944654118601448,0.0515365600585937,0.0412368774414062
NV3716311461020200708,subsetted_512x512_HLS.S30.T11SQB.2020241.v1.4,0.3278824608139415,0.4938425959974831,0.9647202729257384,0.9147360115705214,0.7030258178710938,0.2306060791015625,subsetted_512x512_HLS.S30.T11SQB.2020241.v1.4,0.675486598009908,0.8063169216778342,0.7201488474203085,0.5187608692232348,0.7030258178710938,0.949687957763672,subsetted_512x512_HLS.S30.T11SQB.2020241.v1.4,0.2364170704081989,0.3824228507782517,0.7372571015057053,0.5262715349149717,0.7030258178710938,0.2422523498535156,subsetted_512x512_HLS.S30.T11SQB.2020241.v1.4,0.7026175203446625,0.8253380597216349,0.7586361974960077,0.6264474184699396,0.7030258178710938,0.9929733276367188,subsetted_512x512_HLS.S30.T11SQB.2020241.v1.4,0.2619371776026383,0.4151350514932173,0.94033384719253,0.8558969855201695,0.7030258178710938,0.1844711303710937
NV3721011487220190823,subsetted_512x512_HLS.S30.T11SPB.2019281.v1.4,0.5280524191189375,0.6911443776561124,0.742775959593085,0.9479431078035272,0.0549740217134225,0.0446628163361842,subsetted_512x512_HLS.S30.T11SPB.2019281.v1.4,0.0678134896184103,0.1270137346600554,0.1007989982687011,0.6230441894912742,0.0549740217134225,0.5135689816969429,subsetted_512x512_HLS.S30.T11SPB.2019281.v1.4,0.1377811328613077,0.242192683429042,0.2055854953138775,0.6573711583109931,0.0549740217134225,0.1117638531788114,subsetted_512x512_HLS.S30.T11SPB.2019281.v1.4,0.4399101017269931,0.6110243982584408,0.6189263979123871,0.864613757816158,0.0549740217134225,0.0378993064827459,subsetted_512x512_HLS.S30.T11SPB.2019281.v1.4,0.7629975629569455,0.8655684828936758,0.96654454153001,0.9973839725689264,0.0549740217134225,0.0443728971320887
NV3722911623920180728,subsetted_512x512_HLS.S30.T11SNB.2018224.v1.4,0.7860511791269443,0.8802112596921002,0.9105048071047108,0.9654505427035254,0.0341224670410156,0.0337715148925781,subsetted_512x512_HLS.S30.T11SNB.2018224.v1.4,0.0349007723140091,0.067447572265256,0.0487445335839827,0.629582524288627,0.0341224670410156,0.9754371643066406,subsetted_512x512_HLS.S30.T11SNB.2018224.v1.4,0.0593594608741167,0.1120667026943565,0.1697898398079671,0.7428878163339405,0.0341224670410156,0.4599952697753906,subsetted_512x512_HLS.S30.T11SNB.2018224.v1.4,0.0354019076265484,0.0683829291133918,0.0382168598515758,0.519368164961157,0.0341224670410156,0.9638595581054688,subsetted_512x512_HLS.S30.T11SNB.2018224.v1.4,0.845420857596612,0.9162363740676994,0.9765897732700246,0.9989639967755164,0.0341224670410156,0.0323677062988281
NV3727011619820210825,subsetted_512x512_HLS.S30.T11SNB.2021268.v1.4,0.5402032199693778,0.7014700566333293,0.897830114240716,0.935194411761429,0.2465657270816405,0.3866146328065096,subsetted_512x512_HLS.S30.T11SNB.2021268.v1.4,0.2427699963568998,0.3906917564288877,0.2877153137718995,0.5438212923921582,0.2465657270816405,0.9766953921041288,subsetted_512x512_HLS.S30.T11SNB.2021268.v1.4,0.2502001936200982,0.4002562068009522,0.3226471702635814,0.5918945538294673,0.2465657270816405,0.5515131400756094,subsetted_512x512_HLS.S30.T11SNB.2021268.v1.4,0.2465685489100994,0.3955956519610243,0.2466325276838659,0.5000810114276745,0.2465657270816405,0.9999885556026048,subsetted_512x512_HLS.S30.T11SNB.2021268.v1.4,0.8313788340760431,0.9079266600735676,0.9845761768302322,0.9951583791420644,0.2465657270816405,0.2896081056851951
NV3731011483320200719,subsetted_512x512_HLS.S30.T11SPB.2020241.v1.4,0.7541583440864016,0.8598520727946956,0.918109868701832,0.93947311040126,0.2151756286621093,0.1633872985839843,subsetted_512x512_HLS.S30.T11SPB.2020241.v1.4,0.2129499404973494,0.3511273357415442,0.2360948174222775,0.5438530384598625,0.2151756286621093,0.9823570251464844,subsetted_512x512_HLS.S30.T11SPB.2020241.v1.4,0.1743666477477942,0.2969543593258466,0.2995960269953892,0.5805157076424982,0.2151756286621093,0.2189445495605468,subsetted_512x512_HLS.S30.T11SPB.2020241.v1.4,0.2237043742010274,0.3656183289319153,0.2462902319766048,0.5469065623935573,0.2151756286621093,0.9606437683105468,subsetted_512x512_HLS.S30.T11SPB.2020241.v1.4,0.7476562764409246,0.8556102095356133,0.9489046806962592,0.9778881636687864,0.2151756286621093,0.1787910461425781
NV3746711499420200626,subsetted_512x512_HLS.S30.T11SPB.2020196.v1.4,0.4831079713371928,0.65148051345394,0.8958098003289298,0.9083413419243046,0.3758888244628906,0.18310546875,subsetted_512x512_HLS.S30.T11SPB.2020196.v1.4,0.3679881398226691,0.5379990207669066,0.4023602473561961,0.5380169371161382,0.3758888244628906,0.9018669128417968,subsetted_512x512_HLS.S30.T11SPB.2020196.v1.4,0.3325601685357394,0.4991296849299755,0.4238750743803687,0.5526572963963952,0.3758888244628906,0.5796318054199219,subsetted_512x512_HLS.S30.T11SPB.2020196.v1.4,0.3836232389263375,0.5545197972014709,0.3956933874123765,0.5234716153897561,0.3758888244628906,0.9716796875,subsetted_512x512_HLS.S30.T11SPB.2020196.v1.4,0.6848992883849958,0.8129854325494829,0.9459807496289266,0.938998028886236,0.3758888244628906,0.2635841369628906
NV3788911411120200713,subsetted_512x512_HLS.S30.T11SQC.2020241.v1.4,0.8498437365599105,0.9188275958274564,0.9591107184091998,0.9848810916423052,0.1207656860351562,0.1253471374511718,subsetted_512x512_HLS.S30.T11SQC.2020241.v1.4,0.1192802452089904,0.2131374081148347,0.1152060198922652,0.4884151055615905,0.1207656860351562,0.9337387084960938,subsetted_512x512_HLS.S30.T11SQC.2020241.v1.4,0.1347726804799071,0.2375324728877159,0.2037219278876003,0.6319694112780877,0.1207656860351562,0.3417854309082031,subsetted_512x512_HLS.S30.T11SQC.2020241.v1.4,0.1212701624581497,0.216308551709412,0.0932218117484112,0.3785763810040548,0.1207656860351562,0.9868812561035156,subsetted_512x512_HLS.S30.T11SQC.2020241.v1.4,0.8138920840740353,0.8973985731786409,0.978403858234278,0.9970489789358108,0.1207656860351562,0.1439170837402343
NV3833511422820200626,subsetted_512x512_HLS.S30.T11SQC.2020196.v1.4,0.8064816870144285,0.8928755744513529,0.9058105561526438,0.952912258840256,0.0848960876464843,0.0703277587890625,subsetted_512x512_HLS.S30.T11SQC.2020196.v1.4,0.088406179321809,0.1624507118783455,0.1103928132770426,0.5865037954501646,0.0848960876464843,0.954143524169922,subsetted_512x512_HLS.S30.T11SQC.2020196.v1.4,0.1481148220681381,0.2580139533454221,0.218967082801177,0.65725213448927,0.0848960876464843,0.1633415222167968,subsetted_512x512_HLS.S30.T11SQC.2020196.v1.4,0.0855717987957273,0.1576529509898026,0.0847662108423405,0.5227080608920021,0.0848960876464843,0.9921035766601562,subsetted_512x512_HLS.S30.T11SQC.2020196.v1.4,0.8335432938607542,0.9092158299743496,0.9746021050585169,0.997048045152996,0.0848960876464843,0.0816688537597656
NV3881811941120180617,subsetted_512x512_HLS.S30.T11SKD.2018192.v1.4,0.6511519302615193,0.7887244272650137,0.7328271729454087,0.9588937851160644,0.0215339660644531,0.0189285278320312,subsetted_512x512_HLS.S30.T11SKD.2018192.v1.4,0.0254762326221048,0.0496866369237306,0.0312807195178762,0.5669707699373395,0.0215339660644531,0.2657585144042969,subsetted_512x512_HLS.S30.T11SKD.2018192.v1.4,0.0916140629572342,0.1678506462422211,0.1870009357871572,0.863322784542286,0.0215339660644531,0.1776885986328125,subsetted_512x512_HLS.S30.T11SKD.2018192.v1.4,0.4646066184527723,0.6344456082597636,0.6563530083949319,0.9555950231683272,0.0215339660644531,0.0294532775878906,subsetted_512x512_HLS.S30.T11SKD.2018192.v1.4,0.6938353987925008,0.8192477253540944,0.9296373426080752,0.997983670358332,0.0215339660644531,0.019134521484375
NV3883311498820200624,subsetted_512x512_HLS.S30.T11SPD.2020184.v1.4,0.7735781906185494,0.8723361560380463,0.9244248291981086,0.9609161122852184,0.1449012756347656,0.1402511596679687,subsetted_512x512_HLS.S30.T11SPD.2020184.v1.4,0.1436415611228014,0.2512003166127985,0.2107841682697938,0.5859259696290992,0.1449012756347656,0.95391845703125,subsetted_512x512_HLS.S30.T11SPD.2020184.v1.4,0.1217970049916805,0.217146247404331,0.2485606706923739,0.5876986815434042,0.1449012756347656,0.0608482360839843,subsetted_512x512_HLS.S30.T11SPD.2020184.v1.4,0.1459283362594554,0.2546901610545654,0.1622853037726143,0.5883943228085865,0.1449012756347656,0.992961883544922,subsetted_512x512_HLS.S30.T11SPD.2020184.v1.4,0.8406053214525724,0.9134009465855308,0.965249508167222,0.9935560970605,0.1449012756347656,0.1371955871582031
NV3884311963920200707,subsetted_512x512_HLS.S30.T11SKD.2020217.v1.4,0.7192272992623255,0.8366866900856295,0.8904691010777606,0.9415943906941326,0.3222618103027344,0.2956314086914062,subsetted_512x512_HLS.S30.T11SKD.2020217.v1.4,0.3223809413740764,0.4875765088372987,0.3172747228425946,0.5090286191142537,0.3222618103027344,0.9871749877929688,subsetted_512x512_HLS.S30.T11SKD.2020217.v1.4,0.3041616048344391,0.4664477219800561,0.3824784820397341,0.5647161400030866,0.3222618103027344,0.6360092163085938,subsetted_512x512_HLS.S30.T11SKD.2020217.v1.4,0.3349151493268685,0.5017774343122102,0.3419934637482537,0.5418703554895878,0.3222618103027344,0.9611549377441406,subsetted_512x512_HLS.S30.T11SKD.2020217.v1.4,0.7884065531667286,0.8816860481423515,0.8891955531130655,0.9581373396130832,0.3222618103027344,0.357757568359375
NV3887811956320200624,subsetted_512x512_HLS.S30.T11SKD.2020197.v1.4,0.1274079995873842,0.2260193286441356,0.0955482140611575,0.8124157065438277,0.040740966796875,0.2927970886230469,subsetted_512x512_HLS.S30.T11SKD.2020197.v1.4,0.0417875182994556,0.0802227278892087,0.0637319269697558,0.5799760307757621,0.040740966796875,0.9718170166015624,subsetted_512x512_HLS.S30.T11SKD.2020197.v1.4,0.0668454159167238,0.1253141550208277,0.1498022297668277,0.7053375293829893,0.040740966796875,0.3979148864746094,subsetted_512x512_HLS.S30.T11SKD.2020197.v1.4,0.0407414330455747,0.0782930932736116,0.0407552699464228,0.5000894760283778,0.040740966796875,0.9999885559082032,subsetted_512x512_HLS.S30.T11SKD.2020197.v1.4,0.1188523676880222,0.2124540665425177,0.1118965843249626,0.8461979557821755,0.040740966796875,0.3423194885253906
NV3934011453020200511,subsetted_512x512_HLS.S30.T11SQD.2020196.v1.4,0.379045996592845,0.5497220506485485,0.5202770942522401,0.8397543323186833,0.0192872565250894,0.0115929534374499,subsetted_512x512_HLS.S30.T11SQD.2020196.v1.4,0.0190111909271961,0.0373130169648045,0.0461027534282151,0.7093273620383594,0.0192872565250894,0.939071190423511,subsetted_512x512_HLS.S30.T11SQD.2020196.v1.4,0.0339975726100087,0.0657594824409352,0.0518286315802713,0.699558422558348,0.0192872565250894,0.2602063004020721,subsetted_512x512_HLS.S30.T11SQD.2020196.v1.4,0.021388370196986,0.0418809746049116,0.0323822051368461,0.5540071259000707,0.0192872565250894,0.5733114113724622,subsetted_512x512_HLS.S30.T11SQD.2020196.v1.4,0.4770800211976682,0.645977217687685,0.6094523396071514,0.9897181552684632,0.0192872565250894,0.023243127770445
NV3974911820520190813,subsetted_512x512_HLS.S30.T11TLE.2019257.v1.4,0.6862831858407079,0.8139595906586198,0.8421626794703696,0.941733567884372,0.0219650268554687,0.0216484069824218,subsetted_512x512_HLS.S30.T11TLE.2019257.v1.4,0.0224801571034251,0.0439718207678649,0.0447278048988541,0.6755619190727926,0.0219650268554687,0.9770851135253906,subsetted_512x512_HLS.S30.T11TLE.2019257.v1.4,0.0380837292759514,0.0733731359078602,0.0823398498070204,0.7192432919350418,0.0219650268554687,0.4105949401855469,subsetted_512x512_HLS.S30.T11TLE.2019257.v1.4,0.0219652782281291,0.0429863493331442,0.0219687980495919,0.500021452029362,0.0219650268554687,0.9999885559082032,subsetted_512x512_HLS.S30.T11TLE.2019257.v1.4,0.7781612368856985,0.8752426053877804,0.976837132325081,0.9994740933631606,0.0219650268554687,0.0271720886230468
NV3986111961620180727,subsetted_512x512_HLS.S30.T11TKE.2018215.v1.4,0.8035158013544018,0.8910549059242826,0.965424844373331,0.918350169606742,0.6646270751953125,0.5544853210449219,subsetted_512x512_HLS.S30.T11TKE.2018215.v1.4,0.6400707427993937,0.7805404073081308,0.6643751820462569,0.5149571867298026,0.6646270751953125,0.9449501037597656,subsetted_512x512_HLS.S30.T11TKE.2018215.v1.4,0.2680088178268837,0.4227239023245877,0.7515397453449795,0.6101481923462825,0.6646270751953125,0.2459754943847656,subsetted_512x512_HLS.S30.T11TKE.2018215.v1.4,0.5092587644292432,0.6748461912981897,0.7024260509254986,0.5582260311995151,0.6646270751953125,0.6281547546386719,subsetted_512x512_HLS.S30.T11TKE.2018215.v1.4,0.928290150925104,0.9628116914664046,0.9940934651198932,0.9893464905161738,0.6646270751953125,0.6859130859375
NV4006311484620180813,subsetted_512x512_HLS.S30.T11TPE.2018244.v1.4,0.6472253864930838,0.785837070992472,0.8334033906298955,0.8552699252808343,0.4110031127929687,0.3612594604492187,subsetted_512x512_HLS.S30.T11TPE.2018244.v1.4,0.387139433989823,0.5581838775591514,0.3846238974573672,0.460637873893116,0.4110031127929687,0.9294281005859376,subsetted_512x512_HLS.S30.T11TPE.2018244.v1.4,0.3932668256281554,0.5645247821799686,0.4472423088539318,0.5408204850932147,0.4110031127929687,0.8617591857910156,subsetted_512x512_HLS.S30.T11TPE.2018244.v1.4,0.4181953853706431,0.5897570809840823,0.4168497158958528,0.5101668969529528,0.4110031127929687,0.9665145874023438,subsetted_512x512_HLS.S30.T11TPE.2018244.v1.4,0.7456629734685243,0.8543034764459008,0.9349942356997168,0.9396805528049352,0.4110031127929687,0.4388542175292969
NV4013411644020190722,subsetted_512x512_HLS.S30.T11TNE.2019224.v1.4,0.8735494197679071,0.9325074754378472,0.9626015948480416,0.9895760230998204,0.0267601013183593,0.0268211364746093,subsetted_512x512_HLS.S30.T11TNE.2019224.v1.4,0.0306305554396361,0.0594404178645179,0.0339183048133661,0.594320737558653,0.0267601013183593,0.1616630554199218,subsetted_512x512_HLS.S30.T11TNE.2019224.v1.4,0.0352784978188025,0.0681526717557251,0.0307889610200168,0.5580868872822424,0.0267601013183593,0.0981712341308593,subsetted_512x512_HLS.S30.T11TNE.2019224.v1.4,0.3965985798194091,0.5679492812755006,0.5650105612319322,0.8749884152214282,0.0267601013183593,0.0340118408203125,subsetted_512x512_HLS.S30.T11TNE.2019224.v1.4,0.7192687033918691,0.8367147054708269,0.9450997265823976,0.9979572317429,0.0267601013183593,0.0277671813964843
NV4031211561920190804,subsetted_512x512_HLS.S30.T11TPE.2019269.v1.4,0.9053893621740094,0.9503457719958918,0.9820773820595866,0.9882982651062936,0.2873747816069153,0.269766004684484,subsetted_512x512_HLS.S30.T11TPE.2019269.v1.4,0.2838360762739522,0.4421687184515379,0.3285503080823642,0.5576946933894,0.2873747816069153,0.9731786588947976,subsetted_512x512_HLS.S30.T11TPE.2019269.v1.4,0.2423331328923632,0.3901258470474346,0.4329744245557135,0.6262401689563412,0.2873747816069153,0.2091423732175691,subsetted_512x512_HLS.S30.T11TPE.2019269.v1.4,0.2873780704130251,0.4464548169922245,0.2874756725815684,0.5001043846923864,0.2873747816069153,0.999988555820891,subsetted_512x512_HLS.S30.T11TPE.2019269.v1.4,0.900391474554154,0.9475852597848478,0.988437167534515,0.9962014494620238,0.2873747816069153,0.3126206407214411
NV4040711826020180623,subsetted_512x512_HLS.S30.T11TLE.2018182.v1.4,0.4074285063233451,0.5789686715777544,0.9035049163352504,0.9882748702433174,0.0281753540039062,0.066070556640625,subsetted_512x512_HLS.S30.T11TLE.2018182.v1.4,0.0289584733662385,0.0562869622357079,0.0688491499155758,0.7091718623983441,0.0281753540039062,0.9587249755859376,subsetted_512x512_HLS.S30.T11TLE.2018182.v1.4,0.1043074795333378,0.1889102110897889,0.2282311096541951,0.819049508035476,0.0281753540039062,0.1606712341308593,subsetted_512x512_HLS.S30.T11TLE.2018182.v1.4,0.0293844167404802,0.0570912406727998,0.0416719196803604,0.6363274503542433,0.0281753540039062,0.8629035949707031,subsetted_512x512_HLS.S30.T11TLE.2018182.v1.4,0.298712055327784,0.4600127551020408,0.86819358525847,0.991966502514132,0.0281753540039062,0.0914535522460937
NV4048111917220180723,subsetted_512x512_HLS.S30.T11TLE.2018247.v1.4,0.5477152524555698,0.7077726365836057,0.938161960642238,0.983275770813511,0.0680618286132812,0.111663818359375,subsetted_512x512_HLS.S30.T11TLE.2018247.v1.4,0.0676191442927472,0.1266727833689084,0.0692919586065925,0.5164867122364258,0.0680618286132812,0.7343711853027344,subsetted_512x512_HLS.S30.T11TLE.2018247.v1.4,0.1082591017722462,0.1953678550424286,0.1381997337851042,0.565883352296147,0.0680618286132812,0.0681495666503906,subsetted_512x512_HLS.S30.T11TLE.2018247.v1.4,0.0695762718473861,0.1301006270963978,0.0748032651486883,0.5213956496467487,0.0680618286132812,0.9782333374023438,subsetted_512x512_HLS.S30.T11TLE.2018247.v1.4,0.8326045578476259,0.9086570851111612,0.9670254022468407,0.997498112961932,0.0680618286132812,0.0678329467773437
NV4056511665220180623,subsetted_512x512_HLS.S30.T11TNE.2018199.v1.4,0.6750629722921915,0.806015037593985,0.9239290815059262,0.9803020846279628,0.0191535949707031,0.0239715576171875,subsetted_512x512_HLS.S30.T11TNE.2018199.v1.4,0.0202278605441902,0.0396536133279103,0.0213563330152328,0.5739189121150308,0.0191535949707031,0.9468917846679688,subsetted_512x512_HLS.S30.T11TNE.2018199.v1.4,0.0176639323637461,0.0347146671941449,0.022563741050163,0.6021733419877255,0.0191535949707031,0.1351280212402343,subsetted_512x512_HLS.S30.T11TNE.2018199.v1.4,0.0193015907186296,0.0378721879655295,0.0135708639843951,0.3304301315549121,0.0191535949707031,0.9923324584960938,subsetted_512x512_HLS.S30.T11TNE.2018199.v1.4,0.660734149054505,0.7957133288680509,0.959891652004848,0.996998916936324,0.0191535949707031,0.0264091491699218
NV4057511751220190723,subsetted_512x512_HLS.S30.T11TME.2019222.v1.4,0.6592482690405539,0.7946348733233979,0.7705285842628729,0.8843219581082717,0.0285996017535075,0.0226908774035245,subsetted_512x512_HLS.S30.T11TME.2019222.v1.4,0.0288886974635269,0.0561551459059564,0.0543482707606908,0.701134783188589,0.0285996017535075,0.975700084464947,subsetted_512x512_HLS.S30.T11TME.2019222.v1.4,0.0760473508952387,0.1413457332188396,0.0884074080189636,0.7263961929850518,0.0285996017535075,0.2072945609924822,subsetted_512x512_HLS.S30.T11TME.2019222.v1.4,0.0297452001431013,0.0577719617221186,0.0321253541001482,0.5228914609726387,0.0285996017535075,0.9614862773125624,subsetted_512x512_HLS.S30.T11TME.2019222.v1.4,0.7271323354716085,0.8420111424444597,0.9022209872538716,0.9850707087799728,0.0285996017535075,0.0269676319621474
NV4061211588320180724,subsetted_512x512_HLS.S30.T11TNF.2018219.v1.4,0.8508268646641917,0.9194018964259664,0.9437490471518576,0.9841019801149586,0.0423507690429687,0.0413284301757812,subsetted_512x512_HLS.S30.T11TNF.2018219.v1.4,0.0445260695106132,0.0852560233972424,0.0662238620778363,0.6153119596477027,0.0423507690429687,0.9437179565429688,subsetted_512x512_HLS.S30.T11TNF.2018219.v1.4,0.1466743339083764,0.2558256159941158,0.3082452598088027,0.8500226277556104,0.0423507690429687,0.18585205078125,subsetted_512x512_HLS.S30.T11TNF.2018219.v1.4,0.0453344845674284,0.0867368009698606,0.0601804207589063,0.6193763600662465,0.0423507690429687,0.8166694641113281,subsetted_512x512_HLS.S30.T11TNF.2018219.v1.4,0.8125234345706787,0.8965659908978072,0.979192645527626,0.9989194981273736,0.0423507690429687,0.0498504638671875
NV4061811574920200719,subsetted_512x512_HLS.S30.T11TPE.2020219.v1.4,0.7630461831223011,0.8655997675239222,0.91945929183735,0.9697557302871468,0.1041374206542968,0.0796432495117187,subsetted_512x512_HLS.S30.T11TPE.2020219.v1.4,0.1093281387520491,0.1971069423606959,0.1203788898991273,0.5528203482812633,0.1041374206542968,0.910369873046875,subsetted_512x512_HLS.S30.T11TPE.2020219.v1.4,0.1365939569251355,0.240356648199446,0.1575455065164951,0.6210623643185351,0.1041374206542968,0.3365364074707031,subsetted_512x512_HLS.S30.T11TPE.2020219.v1.4,0.1115608240188461,0.2007282401614303,0.2522660444682404,0.7381175251372161,0.1041374206542968,0.9110336303710938,subsetted_512x512_HLS.S30.T11TPE.2020219.v1.4,0.8442299676147113,0.9155365463523194,0.9765481883651784,0.9972870399788908,0.1041374206542968,0.1152687072753906
NV4064611615820180823,subsetted_512x512_HLS.S30.T11TNF.2018244.v1.4,0.8117084576070502,0.8960696233423506,0.9576595931658411,0.981396774850712,0.2230911254882812,0.2380256652832031,subsetted_512x512_HLS.S30.T11TNF.2018244.v1.4,0.2204670088748056,0.3612830289907835,0.2659161254767637,0.5447432839848236,0.2230911254882812,0.9714202880859376,subsetted_512x512_HLS.S30.T11TNF.2018244.v1.4,0.2373845531147661,0.3836875973879221,0.3179650834753811,0.6256638624279943,0.2230911254882812,0.4183197021484375,subsetted_512x512_HLS.S30.T11TNF.2018244.v1.4,0.2230936785928183,0.3648022755697501,0.2231524161299184,0.5000785615382349,0.2230911254882812,0.9999885559082032,subsetted_512x512_HLS.S30.T11TNF.2018244.v1.4,0.7626600621805343,0.8653512705530643,0.9117589306966004,0.982039996185624,0.2230911254882812,0.2873153686523437
NV4064811732520190722,subsetted_512x512_HLS.S30.T11TMF.2019227.v1.4,0.4469221399793872,0.6177556174318461,0.4405212890111984,0.9017854691209312,0.1130561828613281,0.1814956665039062,subsetted_512x512_HLS.S30.T11TMF.2019227.v1.4,0.1150851029081972,0.2064149231445197,0.173232035266827,0.6451488113082644,0.1130561828613281,0.954833984375,subsetted_512x512_HLS.S30.T11TMF.2019227.v1.4,0.2042661915247684,0.3392376086986865,0.3097226308897546,0.6925113125877748,0.1130561828613281,0.1602401733398437,subsetted_512x512_HLS.S30.T11TMF.2019227.v1.4,0.1139446366782006,0.2045786351070108,0.120195603472002,0.5545163285209096,0.1130561828613281,0.9922027587890624,subsetted_512x512_HLS.S30.T11TMF.2019227.v1.4,0.473432483784315,0.6426252834719196,0.4069040970592087,0.9216976221648256,0.1130561828613281,0.2300987243652343
NV4067411551020180930,subsetted_512x512_HLS.S30.T11TPF.2018289.v1.4,0.5947855797790763,0.7459129143385799,0.7463825277567728,0.9052046141123966,0.1613847147669071,0.1544903640586308,subsetted_512x512_HLS.S30.T11TPF.2018289.v1.4,0.1626323782856628,0.2797657820702865,0.1729461034396593,0.5281374486823155,0.1613847147669071,0.930671978098036,subsetted_512x512_HLS.S30.T11TPF.2018289.v1.4,0.1612786808991828,0.2777605127036415,0.1922012903152725,0.5518667193956185,0.1613847147669071,0.395396588584524,subsetted_512x512_HLS.S30.T11TPF.2018289.v1.4,0.1626171555655431,0.2797432581948091,0.1604829573823732,0.5233268639043824,0.1613847147669071,0.9924212129135456,subsetted_512x512_HLS.S30.T11TPF.2018289.v1.4,0.7712122990259359,0.8708298823919165,0.8645294540307205,0.9809546245545387,0.1613847147669071,0.1868126797606779
NV4067711610520180627,subsetted_512x512_HLS.S30.T11TNF.2018199.v1.4,0.7084939829419324,0.8293783765301238,0.8847837582553943,0.9738285624839784,0.0269203186035156,0.0288619995117187,subsetted_512x512_HLS.S30.T11TNF.2018199.v1.4,0.02764307258412,0.0537989761651553,0.0616198466994028,0.6461271066957297,0.0269203186035156,0.9738540649414062,subsetted_512x512_HLS.S30.T11TNF.2018199.v1.4,0.0646374993970382,0.1214263060124144,0.0511643789078519,0.6415804551760985,0.0269203186035156,0.1414680480957031,subsetted_512x512_HLS.S30.T11TNF.2018199.v1.4,0.0269206266856386,0.0524298100283063,0.0269262761078424,0.5000352820802314,0.0269203186035156,0.9999885559082032,subsetted_512x512_HLS.S30.T11TNF.2018199.v1.4,0.7166857977668788,0.8349644398516808,0.959723185847673,0.9987363754045868,0.0269203186035156,0.0358352661132812
NV4076011752020180724,subsetted_512x512_HLS.S30.T11TMF.2018222.v1.4,0.8896684347329938,0.9416132675769674,0.9738699470595892,0.98730829752554,0.176025390625,0.1650886535644531,subsetted_512x512_HLS.S30.T11TMF.2018222.v1.4,0.1717133047979376,0.2930978151307237,0.1775419077274038,0.4863286292086447,0.176025390625,0.9214859008789062,subsetted_512x512_HLS.S30.T11TMF.2018222.v1.4,0.1359085949957438,0.239294949601562,0.2432164394097192,0.5579270484686425,0.176025390625,0.1853981018066406,subsetted_512x512_HLS.S30.T11TMF.2018222.v1.4,0.1817101903412566,0.3075376548776007,0.1896329193399396,0.518758982248003,0.176025390625,0.9662094116210938,subsetted_512x512_HLS.S30.T11TMF.2018222.v1.4,0.8871659648156165,0.9402097975016164,0.987247708503786,0.9968744104104864,0.176025390625,0.1898117065429687
NV4076611721820190808,subsetted_512x512_HLS.S30.T11TMF.2019257.v1.4,0.8041719342604299,0.8914582019480064,0.9107217055553768,0.97675269285875,0.0294914245605468,0.0249481201171875,subsetted_512x512_HLS.S30.T11TMF.2019257.v1.4,0.0288456807334634,0.0560738724448925,0.0472864231711713,0.606914618716323,0.0294914245605468,0.9276885986328124,subsetted_512x512_HLS.S30.T11TMF.2019257.v1.4,0.0449274390856989,0.0859915002806511,0.1485267664001007,0.6814525311578747,0.0294914245605468,0.4462394714355469,subsetted_512x512_HLS.S30.T11TMF.2019257.v1.4,0.0302645950040517,0.0587511114150878,0.0326972365315806,0.5246960650595685,0.0294914245605468,0.9744529724121094,subsetted_512x512_HLS.S30.T11TMF.2019257.v1.4,0.8241375435442184,0.9035914495164172,0.9514161735094264,0.9982457506429452,0.0294914245605468,0.0324325561523437
NV4083911966720200812,subsetted_512x512_HLS.S30.T11TKF.2020265.v1.4,0.6253266640651791,0.7694781337077753,0.899216805356098,0.9429042492018131,0.2337112426757812,0.2906150817871094,subsetted_512x512_HLS.S30.T11TKF.2020265.v1.4,0.236442739482447,0.382456432364054,0.262404183746599,0.559225394821893,0.2337112426757812,0.9122047424316406,subsetted_512x512_HLS.S30.T11TKF.2020265.v1.4,0.1901714950504305,0.3195699037345412,0.3668964846636299,0.602129871959184,0.2337112426757812,0.2033729553222656,subsetted_512x512_HLS.S30.T11TKF.2020265.v1.4,0.240152598197572,0.3872952385804906,0.2488145191327071,0.534200774036316,0.2337112426757812,0.9641952514648438,subsetted_512x512_HLS.S30.T11TKF.2020265.v1.4,0.838541372891872,0.9121811292969888,0.9718840245475868,0.9904493308911794,0.2337112426757812,0.2636566162109375
NV4089711609720191014,subsetted_512x512_HLS.S30.T11TNF.2019314.v1.4,0.7756628144119646,0.8736600306278713,0.8870651551666977,0.9619789358283688,0.0266189575195312,0.0232009887695312,subsetted_512x512_HLS.S30.T11TNF.2019314.v1.4,0.0371019915039557,0.0715493592875126,0.0395172452928412,0.6370706202806238,0.0266189575195312,0.1764068603515625,subsetted_512x512_HLS.S30.T11TNF.2019314.v1.4,0.0823552553930889,0.1521778639365117,0.0861706737179899,0.6388158323685126,0.0266189575195312,0.0363502502441406,subsetted_512x512_HLS.S30.T11TNF.2019314.v1.4,0.4354086558128119,0.6066685665431747,0.7545658369205652,0.9653432143141109,0.0266189575195312,0.0403099060058593,subsetted_512x512_HLS.S30.T11TNF.2019314.v1.4,0.8164741895088354,0.8989659134431253,0.9720727995013794,0.9989476710912656,0.0266189575195312,0.0231819152832031
NV4099311562120210622,subsetted_512x512_HLS.S30.T11TPF.2021183.v1.4,0.7240471557742932,0.8399389231892718,0.932364194073584,0.9876867693136868,0.0266265869140625,0.0308341979980468,subsetted_512x512_HLS.S30.T11TPF.2021183.v1.4,0.028244581052222,0.0549374761077152,0.0475446233231734,0.6722881761778559,0.0266265869140625,0.941326141357422,subsetted_512x512_HLS.S30.T11TPF.2021183.v1.4,0.0690573735943216,0.1291930167641817,0.1540730563062939,0.7820307257641459,0.0266265869140625,0.2152595520019531,subsetted_512x512_HLS.S30.T11TPF.2021183.v1.4,0.0257594451298809,0.0502251190611641,0.046357819097428,0.6304438978376692,0.0266265869140625,0.912139892578125,subsetted_512x512_HLS.S30.T11TPF.2021183.v1.4,0.6361028779041974,0.7775829827021973,0.944231903848594,0.9973644931835288,0.0266265869140625,0.0386505126953125
NV4116511680820190722,subsetted_512x512_HLS.S30.T11TNF.2019224.v1.4,0.5242043072231751,0.6878399499843701,0.6675973910754265,0.9658659709707016,0.0268478393554687,0.0341682434082031,subsetted_512x512_HLS.S30.T11TNF.2019224.v1.4,0.0288228813871677,0.0560307938491913,0.0471796494993765,0.7116655887892208,0.0268478393554687,0.931476593017578,subsetted_512x512_HLS.S30.T11TNF.2019224.v1.4,0.1166328383719688,0.208900964334915,0.4329147254294187,0.9072442426781914,0.0268478393554687,0.1725234985351562,subsetted_512x512_HLS.S30.T11TNF.2019224.v1.4,0.0293476226132534,0.0570217912171347,0.062232900917188,0.6833064335723579,0.0268478393554687,0.8121986389160156,subsetted_512x512_HLS.S30.T11TNF.2019224.v1.4,0.4696313878804803,0.6391145313761817,0.6409143407239601,0.9907805172438032,0.0268478393554687,0.0534553527832031
NV4124711727320200723,subsetted_512x512_HLS.S30.T11TMF.2020217.v1.4,0.075546809959888,0.140480747579374,0.8452454245491853,0.9631407376401596,0.0201835632324218,0.2508735656738281,subsetted_512x512_HLS.S30.T11TMF.2020217.v1.4,0.0209354684266546,0.0410123246259979,0.0343845738301291,0.6611752891687328,0.0201835632324218,0.9640846252441406,subsetted_512x512_HLS.S30.T11TMF.2020217.v1.4,0.0287412295521854,0.0558764997971288,0.0382165835076227,0.5889475530807344,0.0201835632324218,0.1772537231445312,subsetted_512x512_HLS.S30.T11TMF.2020217.v1.4,0.0203182722364308,0.039827322099986,0.0171071065322176,0.4592924410933156,0.0201835632324218,0.9933700561523438,subsetted_512x512_HLS.S30.T11TMF.2020217.v1.4,0.3891514916698954,0.5602722150945502,0.9148646840453506,0.9930640772406296,0.0201835632324218,0.0482025146484375
NV4125011713520190916,subsetted_512x512_HLS.S30.T11TMF.2019312.v1.4,0.3312248995983936,0.4976242552228674,0.9514250194368936,0.9910309360388064,0.0258449683375295,0.0753147173266193,subsetted_512x512_HLS.S30.T11TMF.2019312.v1.4,0.0267939064131363,0.052189453493612,0.0460719692008204,0.5879390655861015,0.0258449683375295,0.9645838101777676,subsetted_512x512_HLS.S30.T11TMF.2019312.v1.4,0.0258616005940199,0.0504192779592197,0.0259578650997739,0.525593952307467,0.0258449683375295,0.1902418554970626,subsetted_512x512_HLS.S30.T11TMF.2019312.v1.4,0.0258452641176178,0.0503882310941869,0.0258495043762924,0.5000293697256868,0.0258449683375295,0.9999885557335776,subsetted_512x512_HLS.S30.T11TMF.2019312.v1.4,0.4567229178007621,0.6270553064275037,0.6938290866556365,0.9924804372700592,0.0258449683375295,0.0558213168535896
NV4127811541520180716,subsetted_512x512_HLS.S30.T11TPF.2018219.v1.4,0.901044674261116,0.9479468699085964,0.9614477650875448,0.9845340189497556,0.070892333984375,0.0672492980957031,subsetted_512x512_HLS.S30.T11TPF.2018219.v1.4,0.0722813050834815,0.134817803389483,0.0964978096787601,0.6139864294674199,0.070892333984375,0.971050262451172,subsetted_512x512_HLS.S30.T11TPF.2018219.v1.4,0.0585752580847544,0.1106681034482758,0.1294021337515471,0.6270560131572166,0.070892333984375,0.070709228515625,subsetted_512x512_HLS.S30.T11TPF.2018219.v1.4,0.0708931452920375,0.13240003562205,0.0709047760761241,0.5000266874692068,0.070892333984375,0.9999885559082032,subsetted_512x512_HLS.S30.T11TPF.2018219.v1.4,0.7929964539007093,0.884548825710754,0.95972152660758,0.9969710223961588,0.070892333984375,0.0834121704101562
NV4130311596620180903,subsetted_512x512_HLS.S30.T11TNF.2018289.v1.4,0.8688722155269603,0.929835874607368,0.9661322242816064,0.9897213510545908,0.0915043403605838,0.0919278832395306,subsetted_512x512_HLS.S30.T11TNF.2018289.v1.4,0.1182171116972409,0.2114385667338068,0.1289386180534528,0.6292830097513221,0.0915043403605838,0.4843918725555661,subsetted_512x512_HLS.S30.T11TNF.2018289.v1.4,0.200394758484566,0.3338814287019275,0.3110143742952166,0.7060085826995319,0.0915043403605838,0.159118572927597,subsetted_512x512_HLS.S30.T11TNF.2018289.v1.4,0.268557336621455,0.4234059097978227,0.3837384293815402,0.757644804058056,0.0915043403605838,0.0655194123819517,subsetted_512x512_HLS.S30.T11TNF.2018289.v1.4,0.8754812904190498,0.9336070638416616,0.986593411337616,0.9986120655570204,0.0915043403605838,0.0999332252217876
NV4160011549220180725,subsetted_512x512_HLS.S30.T11TPG.2018219.v1.4,0.8301716350496838,0.9072063178677195,0.9655286188431774,0.99398383498896,0.0182533264160156,0.0203895568847656,subsetted_512x512_HLS.S30.T11TPG.2018219.v1.4,0.0193541341401263,0.0379733274078541,0.0281502320728039,0.646603082773555,0.0182533264160156,0.9431228637695312,subsetted_512x512_HLS.S30.T11TPG.2018219.v1.4,0.1291220772249991,0.2287123417909561,0.6332848230179728,0.9461949287522742,0.0182533264160156,0.1101417541503906,subsetted_512x512_HLS.S30.T11TPG.2018219.v1.4,0.0208290019368181,0.0408080136777056,0.0366963317059659,0.5940282338123218,0.0182533264160156,0.6934967041015625,subsetted_512x512_HLS.S30.T11TPG.2018219.v1.4,0.7391575663026521,0.8500179404377467,0.975099491537476,0.9995344520410874,0.0182533264160156,0.0242729187011718
NV4164111779920190723,subsetted_512x512_HLS.S30.T11TMG.2019217.v1.4,0.8942786069651741,0.9441891004596192,0.9522983550013956,0.9890119905890076,0.0203590393066406,0.0203094482421875,subsetted_512x512_HLS.S30.T11TMG.2019217.v1.4,0.0221816412092745,0.0434005861874664,0.0549614011260516,0.6800146156336843,0.0203590393066406,0.85296630859375,subsetted_512x512_HLS.S30.T11TMG.2019217.v1.4,0.0482542276819254,0.0920658870866339,0.08724241949233,0.7524273550444897,0.0203590393066406,0.2830238342285156,subsetted_512x512_HLS.S30.T11TMG.2019217.v1.4,0.1968473163105784,0.3289430717317949,0.2678862896423997,0.8532401999321807,0.0203590393066406,0.0497322082519531,subsetted_512x512_HLS.S30.T11TMG.2019217.v1.4,0.6460233842991134,0.7849504332214503,0.9329659613313576,0.997709092949821,0.0203590393066406,0.0285110473632812
NV4180711406520180726,subsetted_512x512_HLS.S30.T12TTM.2018219.v1.4,0.8355591260981158,0.9104137417510274,0.9847276765695188,0.954094873030976,0.7301979064941406,0.6120491027832031,subsetted_512x512_HLS.S30.T12TTM.2018219.v1.4,0.2795210727969349,0.4369151532392089,0.7617225794085674,0.5537670282900827,0.7301979064941406,0.2889518737792969,subsetted_512x512_HLS.S30.T12TTM.2018219.v1.4,0.5161994413056561,0.6809123222748815,0.7936564906877205,0.5991274238174326,0.7301979064941406,0.5576438903808594,subsetted_512x512_HLS.S30.T12TTM.2018219.v1.4,0.1087877238918851,0.1962282257419594,0.7994548597590174,0.5829496527871569,0.7301979064941406,0.0807266235351562,subsetted_512x512_HLS.S30.T12TTM.2018219.v1.4,0.9106467590118787,0.9532340341998478,0.9936355408283184,0.980940260373716,0.7301979064941406,0.688385009765625
NV4180711966720200727,subsetted_512x512_HLS.S30.T10TGM.2020215.v1.4,0.4257013998711416,0.5971817098722321,0.8254705865456134,0.940217967031962,0.0327720642089843,0.0600814819335937,subsetted_512x512_HLS.S30.T10TGM.2020215.v1.4,0.0336337441470786,0.0650786496426393,0.0531190800650744,0.6768105363675392,0.0327720642089843,0.9743804931640624,subsetted_512x512_HLS.S30.T10TGM.2020215.v1.4,0.0791504189828258,0.1466902437149227,0.1338936604664181,0.5894267051934361,0.0327720642089843,0.1160812377929687,subsetted_512x512_HLS.S30.T10TGM.2020215.v1.4,0.0340792339213531,0.0659122295534755,0.0369416693558702,0.5139771465729082,0.0327720642089843,0.9616432189941406,subsetted_512x512_HLS.S30.T10TGM.2020215.v1.4,0.4684741488020176,0.6380420781451267,0.8624990944232822,0.9920049826536432,0.0327720642089843,0.0649566650390625
NV4181211632420180817,subsetted_512x512_HLS.S30.T11TNG.2018289.v1.4,0.6889126283825273,0.815806119043943,0.9886593380194116,0.9001870100299273,0.907053387306194,0.6264607041930803,subsetted_512x512_HLS.S30.T11TNG.2018289.v1.4,0.809829945277312,0.8949237992116718,0.9172110690153048,0.537342944213285,0.907053387306194,0.8775567096922019,subsetted_512x512_HLS.S30.T11TNG.2018289.v1.4,0.2178793919760777,0.3578012624428371,0.9213389765645214,0.5468436128871661,0.907053387306194,0.2127854578782555,subsetted_512x512_HLS.S30.T11TNG.2018289.v1.4,0.9025806353038244,0.9487961966560126,0.8912905719644107,0.4261026923335945,0.907053387306194,0.9950622470022148,subsetted_512x512_HLS.S30.T11TNG.2018289.v1.4,0.8235600923925191,0.9032442592138596,0.9841756401136996,0.8704044710978719,0.907053387306194,0.7752654089971741
NV4186711864020180724,subsetted_512x512_HLS.S30.T11TLG.2018247.v1.4,0.3074538051988725,0.470309243777996,0.755014358602931,0.9769365404258756,0.0398101806640625,0.1194419860839843,subsetted_512x512_HLS.S30.T11TLG.2018247.v1.4,0.0455206656451831,0.087077505286981,0.1165644331370864,0.7126423558266786,0.0398101806640625,0.7827301025390625,subsetted_512x512_HLS.S30.T11TLG.2018247.v1.4,0.0775331315871856,0.1439085802827813,0.0871254470987318,0.7012625122700994,0.0398101806640625,0.196533203125,subsetted_512x512_HLS.S30.T11TLG.2018247.v1.4,0.3121001892062348,0.475726155325139,0.5355772935962673,0.9132440971256778,0.0398101806640625,0.0712966918945312,subsetted_512x512_HLS.S30.T11TLG.2018247.v1.4,0.3250857983330609,0.4906637724772452,0.9055781125680156,0.9892937032956652,0.0398101806640625,0.1148414611816406
NV4193711416620190804,subsetted_512x512_HLS.S30.T12TTM.2019244.v1.4,0.9178141669768018,0.95714609140011,0.984907262503424,0.9949316007731104,0.1177215576171875,0.1181716918945312,subsetted_512x512_HLS.S30.T12TTM.2019244.v1.4,0.1191031098638889,0.2128545775882525,0.1614336616399534,0.6054475872096963,0.1177215576171875,0.959331512451172,subsetted_512x512_HLS.S30.T12TTM.2019244.v1.4,0.187276650644502,0.3154726416001538,0.3382980719586943,0.7202452420006352,0.1177215576171875,0.2789688110351562,subsetted_512x512_HLS.S30.T12TTM.2019244.v1.4,0.1190425675545354,0.2127578896568365,0.1093547681099237,0.491204666222839,0.1177215576171875,0.9889030456542968,subsetted_512x512_HLS.S30.T12TTM.2019244.v1.4,0.8945735976132101,0.9443534933033976,0.9903304292858216,0.9986531150206648,0.1177215576171875,0.1269416809082031
NV4194911609820180721,subsetted_512x512_HLS.S30.T11TNG.2018219.v1.4,0.9051713697468814,0.9502256690610896,0.9590105394851574,0.986539098859498,0.091705322265625,0.0883216857910156,subsetted_512x512_HLS.S30.T11TNG.2018219.v1.4,0.0923248269980411,0.1690428061619197,0.126589162055403,0.5965356807024245,0.091705322265625,0.9783058166503906,subsetted_512x512_HLS.S30.T11TNG.2018219.v1.4,0.1439648905522199,0.2516945961212578,0.2475445205501737,0.612184689440367,0.091705322265625,0.232452392578125,subsetted_512x512_HLS.S30.T11TNG.2018219.v1.4,0.0933241682061216,0.1707163729111446,0.1468174639304106,0.5017777541335564,0.091705322265625,0.9761734008789062,subsetted_512x512_HLS.S30.T11TNG.2018219.v1.4,0.8833021340321977,0.9380355048406656,0.9899074356864516,0.998971270831443,0.091705322265625,0.1001853942871093
NY4487007364020180712,subsetted_512x512_HLS.S30.T18TXQ.2018266.v1.4,0.3585940019348597,0.5278898647044861,0.6293505042383718,0.9482070996168346,0.0113470280223257,0.0048142394077142,subsetted_512x512_HLS.S30.T18TXQ.2018266.v1.4,0.0112405046206276,0.0222311202315706,0.0163685484303077,0.5669494315012473,0.0113470280223257,0.9083606651706082,subsetted_512x512_HLS.S30.T18TXQ.2018266.v1.4,0.0067735424268302,0.013455940469994,0.0109975852147963,0.4565459053901433,0.0113470280223257,0.1876402554807526,subsetted_512x512_HLS.S30.T18TXQ.2018266.v1.4,0.0113838847602957,0.0225115011853165,0.0115578478490212,0.5059403942931862,0.0113470280223257,0.9967623760477204,subsetted_512x512_HLS.S30.T18TXQ.2018266.v1.4,0.1082337317397078,0.1953265428400239,0.2886240307558853,0.8610842667136243,0.0113470280223257,0.0014576979879931
OK3434009530020180724,subsetted_512x512_HLS.S30.T15STU.2018237.v1.4,0.2889253486464315,0.4483197556008146,0.5133644405992808,0.8719797111191843,0.0231983245018712,0.006771423448581,subsetted_512x512_HLS.S30.T15STU.2018237.v1.4,0.0232726625654583,0.0454867278621734,0.0232614085274111,0.5073805233847389,0.0231983245018712,0.8981768657655905,subsetted_512x512_HLS.S30.T15STU.2018237.v1.4,0.0247679625181626,0.0483386745567266,0.026070683265244,0.5456638186667068,0.0231983245018712,0.5041448741278216,subsetted_512x512_HLS.S30.T15STU.2018237.v1.4,0.0232189631077747,0.0453841532358878,0.0234710616207036,0.5016656902948643,0.0231983245018712,0.9991111314571722,subsetted_512x512_HLS.S30.T15STU.2018237.v1.4,0.640934065934066,0.7811819856018751,0.8645568882787964,0.9940274715476972,0.0231983245018712,0.0223743090286917
OK3434009756220180322,subsetted_512x512_HLS.S30.T14SPD.2018100.v1.4,0.5349198756278403,0.6970003895597975,0.6618508823559038,0.9843103125723316,0.0184478759765625,0.0305137634277343,subsetted_512x512_HLS.S30.T14SPD.2018100.v1.4,0.0229505779121426,0.0448713328047286,0.0344758259671641,0.6018981318414419,0.0184478759765625,0.4049224853515625,subsetted_512x512_HLS.S30.T14SPD.2018100.v1.4,0.0905147975960993,0.1660037952637188,0.1560202439307255,0.8397823881767092,0.0184478759765625,0.1282997131347656,subsetted_512x512_HLS.S30.T14SPD.2018100.v1.4,0.242292760904316,0.3900735294117647,0.4852330002121447,0.9784932120659148,0.0184478759765625,0.0645599365234375,subsetted_512x512_HLS.S30.T14SPD.2018100.v1.4,0.7091524331292298,0.8298293579711511,0.9411358641930176,0.9983593844457592,0.0184478759765625,0.0220146179199218
OK3475809868420180702,subsetted_512x512_HLS.S30.T14SND.2018215.v1.4,0.4616681165724228,0.6317003310642414,0.7856133939350223,0.9491035889213808,0.0678398669372682,0.0347153342590755,subsetted_512x512_HLS.S30.T14SND.2018215.v1.4,0.0721522532392115,0.1345932968404878,0.1099128900625778,0.6373278341201991,0.0678398669372682,0.9252666595455724,subsetted_512x512_HLS.S30.T14SND.2018215.v1.4,0.190393863518938,0.3198838121629968,0.3212195405616054,0.7750592019068125,0.0678398669372682,0.1606824042848641,subsetted_512x512_HLS.S30.T14SND.2018215.v1.4,0.0731714478668115,0.1363648800240772,0.1467492545101437,0.5642570760685236,0.0678398669372682,0.4898791448583157,subsetted_512x512_HLS.S30.T14SND.2018215.v1.4,0.5983114057805864,0.7486793920342224,0.8102480293181131,0.973852701377301,0.0678398669372682,0.0498756351761707
OK3525609595520200222,subsetted_512x512_HLS.S30.T14SQE.2020065.v1.4,0.3813110749185667,0.5521002210759027,0.4475116426945609,0.9050211931534276,0.0216713778357613,0.0300942615290127,subsetted_512x512_HLS.S30.T14SQE.2020065.v1.4,0.0212774293135668,0.0416682650626443,0.0462002377528546,0.6512700152441045,0.0216713778357613,0.9727400693514608,subsetted_512x512_HLS.S30.T14SQE.2020065.v1.4,0.0525442993161788,0.0998424472021101,0.0826213794637822,0.7069740996747406,0.0216713778357613,0.1938178780284043,subsetted_512x512_HLS.S30.T14SQE.2020065.v1.4,0.0216723699219092,0.0424252834077636,0.0217258285338412,0.500775943414619,0.0216713778357613,0.9999542234581889,subsetted_512x512_HLS.S30.T14SQE.2020065.v1.4,0.4713602604537593,0.6407135942469921,0.6147824173758853,0.9823626520085867,0.0216713778357613,0.0334969844703081
OK3529509619120180124,subsetted_512x512_HLS.S30.T14SQE.2018075.v1.4,0.1906840503130205,0.3202932805942791,0.1512891308942063,0.8942659680009206,0.0193290710449218,0.05975341796875,subsetted_512x512_HLS.S30.T14SQE.2018075.v1.4,0.0198809575190197,0.0389868197311625,0.029899738369256,0.6478071907983567,0.0193290710449218,0.9722404479980468,subsetted_512x512_HLS.S30.T14SQE.2018075.v1.4,0.0533804902122059,0.1013508237682517,0.232436434265527,0.7732585327230913,0.0193290710449218,0.224945068359375,subsetted_512x512_HLS.S30.T14SQE.2018075.v1.4,0.0193295872005859,0.0379260789509139,0.0193597194044221,0.5005017951819883,0.0193290710449218,0.9999732971191406,subsetted_512x512_HLS.S30.T14SQE.2018075.v1.4,0.229619904976244,0.373481112410392,0.2465815728571109,0.96299308263961,0.0193290710449218,0.0557022094726562
OK3535809587220180315,subsetted_512x512_HLS.S30.T15STV.2018102.v1.4,0.3141525584934373,0.478106680176594,0.4357952457664329,0.9086888386676776,0.0315284729003906,0.02117919921875,subsetted_512x512_HLS.S30.T15STV.2018102.v1.4,0.033403027515263,0.0646466608397267,0.0556587420083343,0.6062231292823765,0.0315284729003906,0.9111900329589844,subsetted_512x512_HLS.S30.T15STV.2018102.v1.4,0.0721778482200579,0.1346378277444954,0.2711491546256983,0.8356039359361848,0.0315284729003906,0.3607139587402344,subsetted_512x512_HLS.S30.T15STV.2018102.v1.4,0.0320376156106334,0.0620861393538985,0.0208810358399696,0.2833709146499371,0.0315284729003906,0.9841079711914062,subsetted_512x512_HLS.S30.T15STV.2018102.v1.4,0.5226041389110934,0.6864609461587821,0.5775710922230197,0.9871224190719948,0.0315284729003906,0.0338668823242187
OK3557109641620180320,subsetted_512x512_HLS.S30.T14SQE.2018100.v1.4,0.2508075680664513,0.4010330197380557,0.2501602541616459,0.8612071634654455,0.0198936462402343,0.0214653015136718,subsetted_512x512_HLS.S30.T14SQE.2018100.v1.4,0.0204946218811036,0.040166055639422,0.0348839532296984,0.622959805195482,0.0198936462402343,0.9706764221191406,subsetted_512x512_HLS.S30.T14SQE.2018100.v1.4,0.0624854639894565,0.1176213060926669,0.0963954460439575,0.6387172158506604,0.0198936462402343,0.1369476318359375,subsetted_512x512_HLS.S30.T14SQE.2018100.v1.4,0.0198979728105552,0.0390195359555858,0.0199721194574017,0.501171529877904,0.0198936462402343,0.9997825622558594,subsetted_512x512_HLS.S30.T14SQE.2018100.v1.4,0.1211067432718476,0.216048550236008,0.1792961309498022,0.9298348850134486,0.0198936462402343,0.008392333984375
OK3566409983720180413,subsetted_512x512_HLS.S30.T14SME.2018138.v1.4,0.4086693351557161,0.5802203894933814,0.7515228477010975,0.9580349891432878,0.0367927551269531,0.01824951171875,subsetted_512x512_HLS.S30.T14SME.2018138.v1.4,0.0372659146732583,0.0718541198473627,0.0445492585064682,0.5767049428243941,0.0367927551269531,0.9748802185058594,subsetted_512x512_HLS.S30.T14SME.2018138.v1.4,0.0564937923747468,0.1069458103445401,0.1013758143751566,0.6480587007175188,0.0367927551269531,0.1920623779296875,subsetted_512x512_HLS.S30.T14SME.2018138.v1.4,0.0383877541273303,0.073937224268581,0.0410267683264163,0.4858636004514426,0.0367927551269531,0.9584503173828124,subsetted_512x512_HLS.S30.T14SME.2018138.v1.4,0.4287343215507411,0.6001596169193935,0.906536371844874,0.9627765891033478,0.0367927551269531,0.0157852172851562
OK3632609837220200610,subsetted_512x512_HLS.S30.T14SNF.2020183.v1.4,0.702323206535614,0.825134973005399,0.8961947111231273,0.973480457918875,0.0716402879344479,0.0555422040641939,subsetted_512x512_HLS.S30.T14SNF.2020183.v1.4,0.0712045389099456,0.1329429372702306,0.0988484107959036,0.5874476601625054,0.0716402879344479,0.9784583223660368,subsetted_512x512_HLS.S30.T14SNF.2020183.v1.4,0.1351368063070026,0.2380978320078439,0.2619123489854697,0.744882450805584,0.0716402879344479,0.3485425893500875,subsetted_512x512_HLS.S30.T14SNF.2020183.v1.4,0.0716438408423301,0.133708305151116,0.0718788393749067,0.5012245082448852,0.0716402879344479,0.9999504087463712,subsetted_512x512_HLS.S30.T14SNF.2020183.v1.4,0.3569003924896574,0.5260524567095337,0.6339696461589032,0.8463118132820578,0.0716402879344479,0.0259514844951038
OK3642109646420180203,subsetted_512x512_HLS.S30.T14SQF.2018075.v1.4,0.8771902475525347,0.9345778870268564,0.9649451010233308,0.985277196992007,0.1205863952636718,0.1090927124023437,subsetted_512x512_HLS.S30.T14SQF.2018075.v1.4,0.1179423351037828,0.2109989601437426,0.1578541908525809,0.5501080191364278,0.1205863952636718,0.9175949096679688,subsetted_512x512_HLS.S30.T14SQF.2018075.v1.4,0.1830188904973261,0.3094099206148556,0.2503816054070737,0.6440595645633462,0.1205863952636718,0.2566299438476562,subsetted_512x512_HLS.S30.T14SQF.2018075.v1.4,0.1218981733205307,0.2173070180865763,0.1243397715024977,0.5224281071504956,0.1205863952636718,0.989238739013672,subsetted_512x512_HLS.S30.T14SQF.2018075.v1.4,0.8885449811975702,0.940983656777,0.9856623958332116,0.9980258915221406,0.1205863952636718,0.1284637451171875
OK3648509869620180306,subsetted_512x512_HLS.S30.T14SNF.2018095.v1.4,0.5941185480165416,0.7453881629515757,0.7967874620750551,0.943271477519176,0.023596423674374,0.0252775221172448,subsetted_512x512_HLS.S30.T14SNF.2018095.v1.4,0.0249449816273488,0.0486757476245069,0.0503076057989049,0.6748768467036674,0.023596423674374,0.9430445725877646,subsetted_512x512_HLS.S30.T14SNF.2018095.v1.4,0.0321336760925449,0.062266500622665,0.0287595371613285,0.4966515595215989,0.023596423674374,0.1837938353462687,subsetted_512x512_HLS.S30.T14SNF.2018095.v1.4,0.0236015217697618,0.0461146672172895,0.0237717908082408,0.502541708547547,0.023596423674374,0.9997839929375082,subsetted_512x512_HLS.S30.T14SNF.2018095.v1.4,0.1402489626556016,0.2459970887918486,0.2296022704292238,0.906905839004046,0.023596423674374,0.0215678356092338
OK3650509633420180324,subsetted_512x512_HLS.S30.T14SQF.2018100.v1.4,0.7039148480571759,0.8262324245366932,0.909949199063783,0.8965406142608437,0.5217923725742276,0.4131757542926682,subsetted_512x512_HLS.S30.T14SQF.2018100.v1.4,0.5070903026046987,0.6729395069801675,0.5558247123327084,0.5338719753109169,0.5217923725742276,0.919128839177059,subsetted_512x512_HLS.S30.T14SQF.2018100.v1.4,0.2523276748207081,0.4029738859788962,0.5580494109879909,0.5301966668250739,0.5217923725742276,0.2822574799815361,subsetted_512x512_HLS.S30.T14SQF.2018100.v1.4,0.5247587754818706,0.6883171081485079,0.5141436622478488,0.499034020339912,0.5217923725742276,0.9864992198616732,subsetted_512x512_HLS.S30.T14SQF.2018100.v1.4,0.8241792686983445,0.9036165280909516,0.9704155070927716,0.9631248066870745,0.5217923725742276,0.5660637920444965
OK3661710061020200307,subsetted_512x512_HLS.S30.T14SLF.2020108.v1.4,0.7792180614028609,0.8759106916759495,0.9629171292735336,0.9792790794280642,0.3051071166992187,0.2462425231933593,subsetted_512x512_HLS.S30.T14SLF.2020108.v1.4,0.305246712456844,0.467722629819589,0.3406088772856053,0.5654572890443922,0.3051071166992187,0.925079345703125,subsetted_512x512_HLS.S30.T14SLF.2020108.v1.4,0.2451617647058823,0.3937829953585052,0.3931124910931013,0.6008391790821987,0.3051071166992187,0.34088134765625,subsetted_512x512_HLS.S30.T14SLF.2020108.v1.4,0.3105349037537687,0.4739055829254188,0.4028497112687582,0.622377242934853,0.3051071166992187,0.9020423889160156,subsetted_512x512_HLS.S30.T14SLF.2020108.v1.4,0.5117697806260784,0.6770472424897077,0.9384438319146932,0.9683974650958118,0.3051071166992187,0.1628227233886718
OK3669509679920191116,subsetted_512x512_HLS.S30.T14SPF.2019345.v1.4,0.6558258298615778,0.7921434948461975,0.9147567413495136,0.9923518919168792,0.0194549560546875,0.0275459289550781,subsetted_512x512_HLS.S30.T14SPF.2019345.v1.4,0.0203569321938572,0.0399015904171652,0.020587082226556,0.5198271391546301,0.0194549560546875,0.5480422973632812,subsetted_512x512_HLS.S30.T14SPF.2019345.v1.4,0.0418968230055907,0.0804241304522451,0.2817086359187658,0.6726029731386494,0.0194549560546875,0.2179908752441406,subsetted_512x512_HLS.S30.T14SPF.2019345.v1.4,0.138499060413418,0.2433011413520632,0.2835641819584946,0.8540015442538105,0.0194549560546875,0.0891685485839843,subsetted_512x512_HLS.S30.T14SPF.2019345.v1.4,0.7186101998210558,0.8362689804772234,0.9242423693552946,0.9982938039752712,0.0194549560546875,0.0245094299316406
OK3671910126720190819,subsetted_512x512_HLS.S30.T14SKF.2019246.v1.4,0.4289683040787978,0.6003888299752562,0.6780074523855671,0.9361562220456762,0.0203895568847656,0.0227775573730468,subsetted_512x512_HLS.S30.T14SKF.2019246.v1.4,0.0211460488703369,0.0414163064994085,0.048981774701933,0.6791154584977122,0.0203895568847656,0.9566726684570312,subsetted_512x512_HLS.S30.T14SKF.2019246.v1.4,0.0713572420979506,0.1332090535146197,0.2215101871538326,0.8215479960411066,0.0203895568847656,0.1678695678710937,subsetted_512x512_HLS.S30.T14SKF.2019246.v1.4,0.0213053243257695,0.0417217531688374,0.0268423405238766,0.6166144297405259,0.0203895568847656,0.8538818359375,subsetted_512x512_HLS.S30.T14SKF.2019246.v1.4,0.6613491340018232,0.796159122085048,0.8423733019054764,0.9779303968815084,0.0203895568847656,0.0213241577148437
OK3680809902720180218,subsetted_512x512_HLS.S30.T14SMF.2018098.v1.4,0.6208638360175696,0.7660900591662526,0.6885510913431236,0.9564978534804168,0.0443000793457031,0.0401611328125,subsetted_512x512_HLS.S30.T14SMF.2018098.v1.4,0.0456433009386817,0.0873018569481723,0.0526844062997123,0.5836016514820739,0.0443000793457031,0.9662017822265624,subsetted_512x512_HLS.S30.T14SMF.2018098.v1.4,0.0691852333253274,0.1294167393430059,0.1213817092826594,0.621191496176785,0.0443000793457031,0.2443885803222656,subsetted_512x512_HLS.S30.T14SMF.2018098.v1.4,0.0460268955923094,0.0880032736945006,0.0474542424593263,0.5465645031779762,0.0443000793457031,0.962482452392578,subsetted_512x512_HLS.S30.T14SMF.2018098.v1.4,0.6651475694444444,0.7989052521829793,0.8307049272912952,0.9906952349475966,0.0443000793457031,0.0435104370117187
OK3694010296020180524,subsetted_512x512_HLS.S30.T13SFA.2018159.v1.4,0.6294436368441919,0.7725871857258718,0.8304568263789907,0.9798212835353584,0.0220794677734375,0.0249557495117187,subsetted_512x512_HLS.S30.T13SFA.2018159.v1.4,0.0227536678438529,0.0444949132117448,0.0291646304552648,0.6212563735362697,0.0220794677734375,0.9655685424804688,subsetted_512x512_HLS.S30.T13SFA.2018159.v1.4,0.0542661000326904,0.1029457364341085,0.0487507462192278,0.6499137847492511,0.0220794677734375,0.1009445190429687,subsetted_512x512_HLS.S30.T13SFA.2018159.v1.4,0.0227787922674894,0.0445429499315079,0.0244289500785035,0.5216261760988625,0.0220794677734375,0.96929931640625,subsetted_512x512_HLS.S30.T13SFA.2018159.v1.4,0.6391738476268636,0.7798731642189586,0.8589440973750135,0.9951935664244468,0.0220794677734375,0.0236358642578125
OK3698609831720200617,subsetted_512x512_HLS.S30.T14SNG.2020183.v1.4,0.4518232311035982,0.6224218230206254,0.4918695617622861,0.9689124749076268,0.0287055969238281,0.0400962829589843,subsetted_512x512_HLS.S30.T14SNG.2020183.v1.4,0.0272117889072264,0.0529818469785575,0.0314132023080021,0.5298326104305489,0.0287055969238281,0.973247528076172,subsetted_512x512_HLS.S30.T14SNG.2020183.v1.4,0.0342015015293354,0.0661408854633446,0.0450114817692633,0.5707863528073258,0.0287055969238281,0.3118095397949219,subsetted_512x512_HLS.S30.T14SNG.2020183.v1.4,0.031301852100991,0.0607035700308735,0.0561747458984237,0.5770865966776574,0.0287055969238281,0.8485603332519531,subsetted_512x512_HLS.S30.T14SNG.2020183.v1.4,0.028433734939759,0.0552952202436738,0.1380187273349205,0.821968058614161,0.0287055969238281,0.0119972229003906
OR4209412026920200816,subsetted_512x512_HLS.S30.T11TKG.2020265.v1.4,0.5188281848353332,0.6831953607597596,0.7449743959223114,0.949332713511896,0.05082915924359,0.0399530009575291,subsetted_512x512_HLS.S30.T11TKG.2020265.v1.4,0.0517740451719324,0.0984508895415251,0.0518903020966281,0.5354611692227258,0.05082915924359,0.9610579362384744,subsetted_512x512_HLS.S30.T11TKG.2020265.v1.4,0.0770802024229412,0.1431280646502383,0.1043554809017439,0.7232167444082473,0.05082915924359,0.6190254565430525,subsetted_512x512_HLS.S30.T11TKG.2020265.v1.4,0.2402882813004977,0.3874716627146468,0.3652234671054613,0.904068865793844,0.05082915924359,0.0955736210244418,subsetted_512x512_HLS.S30.T11TKG.2020265.v1.4,0.6718189964157706,0.8036982446737237,0.9334065502549892,0.9939451153521132,0.05082915924359,0.0345816818180084
OR4209912285420180715,subsetted_512x512_HLS.S30.T10TEM.2018213.v1.4,0.3992395437262357,0.5706521739130435,0.5329736030497545,0.857164610521362,0.0192527770996093,0.0102272033691406,subsetted_512x512_HLS.S30.T10TEM.2018213.v1.4,0.0247539451256391,0.0483119781941493,0.0293774468810371,0.5734375758714726,0.0192527770996093,0.3362236022949219,subsetted_512x512_HLS.S30.T10TEM.2018213.v1.4,0.0717837837837837,0.1339519870889651,0.0797495973276338,0.796110653140448,0.0192527770996093,0.0374755859375,subsetted_512x512_HLS.S30.T10TEM.2018213.v1.4,0.1890575916230366,0.3179956849103958,0.466125125289921,0.9399891343236528,0.0192527770996093,0.0673828125,subsetted_512x512_HLS.S30.T10TEM.2018213.v1.4,0.1927877947295423,0.3232558139534883,0.8314631288828632,0.991526653891434,0.0192527770996093,0.0037117004394531
OR4240411760120180724,subsetted_512x512_HLS.S30.T11TMG.2018222.v1.4,0.8649625830320357,0.9275924256086564,0.9641712077953398,0.9890621550988504,0.0900611877441406,0.0791587829589843,subsetted_512x512_HLS.S30.T11TMG.2018222.v1.4,0.0916356306543939,0.1678868444399564,0.1432670652613361,0.6435966156463521,0.0900611877441406,0.9676856994628906,subsetted_512x512_HLS.S30.T11TMG.2018222.v1.4,0.1380238649592549,0.242567610766575,0.2184831381093326,0.6573243504266046,0.0900611877441406,0.1486015319824218,subsetted_512x512_HLS.S30.T11TMG.2018222.v1.4,0.0906281669379357,0.1661944367206006,0.0970585124328543,0.5660761314332752,0.0900611877441406,0.993743896484375,subsetted_512x512_HLS.S30.T11TMG.2018222.v1.4,0.8604780876494024,0.9250074949676644,0.9736898087907286,0.9966963001969104,0.0900611877441406,0.0880775451660156
OR4241211864020180705,subsetted_512x512_HLS.S30.T11TLH.2018217.v1.4,0.113802159323023,0.2043489651558815,0.3736349378329096,0.8277153544036824,0.0211342627063311,0.0808867608258208,subsetted_512x512_HLS.S30.T11TLH.2018217.v1.4,0.0220573563099124,0.0431626584823956,0.020781958309417,0.5234412809173613,0.0211342627063311,0.9567348995979336,subsetted_512x512_HLS.S30.T11TLH.2018217.v1.4,0.04636803874092,0.0886266342705079,0.2235271392464731,0.7651076549408767,0.0211342627063311,0.2428779252912404,subsetted_512x512_HLS.S30.T11TLH.2018217.v1.4,0.02129149148148,0.0416952293425939,0.0293873879701433,0.6192206848396619,0.0211342627063311,0.9926154175114644,subsetted_512x512_HLS.S30.T11TLH.2018217.v1.4,0.5232014948614139,0.6869760785115518,0.7868668398648897,0.9903230609138852,0.0211342627063311,0.0162162987739454
OR4245011723920190723,subsetted_512x512_HLS.S30.T11TMH.2019227.v1.4,0.6178308234540212,0.7637767985344358,0.8107746269105534,0.9571006566615634,0.0423774719238281,0.03466796875,subsetted_512x512_HLS.S30.T11TMH.2019227.v1.4,0.0424581668578662,0.081457785468441,0.0775135594307906,0.6487045557756896,0.0423774719238281,0.9628829956054688,subsetted_512x512_HLS.S30.T11TMH.2019227.v1.4,0.1410865163047273,0.2472845210048037,0.4647284522377255,0.8461544614424019,0.0423774719238281,0.2069740295410156,subsetted_512x512_HLS.S30.T11TMH.2019227.v1.4,0.0440682941535825,0.0844164972738843,0.0534765319669309,0.5802234252938356,0.0423774719238281,0.9616317749023438,subsetted_512x512_HLS.S30.T11TMH.2019227.v1.4,0.6840382678751259,0.8123785319180744,0.9140636830271875,0.9954529348506188,0.0423774719238281,0.0341720581054687
OR4250212055220200721,subsetted_512x512_HLS.S30.T10TFN.2020235.v1.4,0.4766911696287336,0.6456206679269061,0.9061790964007008,0.983052199423277,0.0212517595358258,0.0392877170094185,subsetted_512x512_HLS.S30.T10TFN.2020235.v1.4,0.0217382821645413,0.0425515663727291,0.0284907463334964,0.6362548008216686,0.0212517595358258,0.9776190857661656,subsetted_512x512_HLS.S30.T10TFN.2020235.v1.4,0.0541460155679505,0.1027296309397476,0.088937866191676,0.7703664645735115,0.0212517595358258,0.2375688078644098,subsetted_512x512_HLS.S30.T10TFN.2020235.v1.4,0.0187748290311462,0.0368576617641821,0.0143168561106624,0.325791706100677,0.0212517595358258,0.8357156208634219,subsetted_512x512_HLS.S30.T10TFN.2020235.v1.4,0.7703940671804566,0.8703080082135524,0.9534652283590304,0.9983330507038616,0.0212517595358258,0.0251923568434022
OR4261011964820190915,subsetted_512x512_HLS.S30.T10TGN.2019305.v1.4,0.7089452717605019,0.8296875078160563,0.9660770683958688,0.9738381629335502,0.3303260803222656,0.4322662353515625,subsetted_512x512_HLS.S30.T10TGN.2019305.v1.4,0.2161372152615923,0.3554487315234425,0.3293143559074937,0.5036980088363974,0.3303260803222656,0.3902244567871094,subsetted_512x512_HLS.S30.T10TGN.2019305.v1.4,0.2414789679144769,0.3890182180373626,0.4179153576815165,0.5656226879806128,0.3303260803222656,0.3284187316894531,subsetted_512x512_HLS.S30.T10TGN.2019305.v1.4,0.0860633864392537,0.1584868572384517,0.4281947125173582,0.573158991922492,0.3303260803222656,0.0345191955566406,subsetted_512x512_HLS.S30.T10TGN.2019305.v1.4,0.6494871115485068,0.7875018931657862,0.9808195042042472,0.9890835730485382,0.3303260803222656,0.5008544921875
OR4261111754220180615,subsetted_512x512_HLS.S30.T11TMH.2018182.v1.4,0.2015299562869632,0.3354555668503557,0.6657070335466702,0.9635668960798974,0.0378799438476562,0.1760215759277343,subsetted_512x512_HLS.S30.T11TMH.2018182.v1.4,0.0372220128156803,0.071772508403743,0.0538363735333835,0.6020202867893376,0.0378799438476562,0.9698410034179688,subsetted_512x512_HLS.S30.T11TMH.2018182.v1.4,0.1263458087669828,0.2243463912833205,0.2096259491716309,0.7167377265846054,0.0378799438476562,0.0962104797363281,subsetted_512x512_HLS.S30.T11TMH.2018182.v1.4,0.0378803773541719,0.0729956518702838,0.0378889049991987,0.5000475786435329,0.0378799438476562,0.9999885559082032,subsetted_512x512_HLS.S30.T11TMH.2018182.v1.4,0.3412603473850423,0.5088651849737791,0.570964544636039,0.9518253640822336,0.0378799438476562,0.0690498352050781
OR4265012082720180815,subsetted_512x512_HLS.S30.T10TFN.2018245.v1.4,0.8209108578138603,0.90164859448356,0.9809659405866143,0.9360706156149846,0.7497367858886719,0.6226425170898438,subsetted_512x512_HLS.S30.T10TFN.2018245.v1.4,0.3773752449804239,0.5479628682970666,0.7545253590552382,0.5098395947806212,0.7497367858886719,0.421844482421875,subsetted_512x512_HLS.S30.T10TFN.2018245.v1.4,0.210388466311133,0.3476379231410359,0.7606660342574713,0.5257961814428469,0.7497367858886719,0.2251434326171875,subsetted_512x512_HLS.S30.T10TFN.2018245.v1.4,0.0609989891596082,0.114984066493643,0.764957131427421,0.5338475799435162,0.7497367858886719,0.0630722045898437,subsetted_512x512_HLS.S30.T10TFN.2018245.v1.4,0.8829399087856463,0.9378312124204492,0.991525922061528,0.9791052225215708,0.7497367858886719,0.6834564208984375
OR4275611811920200817,subsetted_512x512_HLS.S30.T11TMH.2020247.v1.4,0.5819451371571073,0.735733652815436,0.7580501521550368,0.9177665698123414,0.0701675415039062,0.0508270263671875,subsetted_512x512_HLS.S30.T11TMH.2020247.v1.4,0.0790447010571031,0.1465086682315676,0.0882940926029401,0.5843353638728348,0.0701675415039062,0.6042518615722656,subsetted_512x512_HLS.S30.T11TMH.2020247.v1.4,0.188673303357419,0.3174519068014895,0.330502012798601,0.7791453738259131,0.0701675415039062,0.1890068054199218,subsetted_512x512_HLS.S30.T11TMH.2020247.v1.4,0.2661938369086716,0.420463011506305,0.4294319536325317,0.78505181132086,0.0701675415039062,0.0680809020996093,subsetted_512x512_HLS.S30.T11TMH.2020247.v1.4,0.7576127320954907,0.8620929039268359,0.9685595473943408,0.9975399880116984,0.0701675415039062,0.0562171936035156
OR4292012329520190725,subsetted_512x512_HLS.S30.T10TDN.2019213.v1.4,0.3132026430338521,0.477005806674695,0.6825453021005657,0.8430366740216991,0.2313204311611955,0.0897116915727584,subsetted_512x512_HLS.S30.T10TDN.2019213.v1.4,0.2267594640301808,0.3696885504925716,0.2659082149482008,0.552351605509094,0.2313204311611955,0.8515701555609995,subsetted_512x512_HLS.S30.T10TDN.2019213.v1.4,0.1806561613080866,0.3060267116345403,0.2875374598233849,0.573315473823248,0.2313204311611955,0.1954273334149926,subsetted_512x512_HLS.S30.T10TDN.2019213.v1.4,0.2321022552694647,0.3767581047381546,0.2359472913616398,0.5085277069556211,0.2313204311611955,0.9966315531602156,subsetted_512x512_HLS.S30.T10TDN.2019213.v1.4,0.2938014752092084,0.4541677851491097,0.7578078327482942,0.8620715304647455,0.2313204311611955,0.0681306651151396
OR4302111828620200805,subsetted_512x512_HLS.S30.T11TLH.2020247.v1.4,0.7860183154907777,0.8801906550155268,0.9075298859042374,0.9682206806671172,0.0585594177246093,0.0470848083496093,subsetted_512x512_HLS.S30.T11TLH.2020247.v1.4,0.0546026376298332,0.1035511114452547,0.0598723912903695,0.5169437176343328,0.0585594177246093,0.2458763122558593,subsetted_512x512_HLS.S30.T11TLH.2020247.v1.4,0.2091824283099451,0.345989857960996,0.3039942334389557,0.7154962127904859,0.0585594177246093,0.0926437377929687,subsetted_512x512_HLS.S30.T11TLH.2020247.v1.4,0.2667824576639166,0.4211969561938712,0.3566457787912093,0.7979722350067462,0.0585594177246093,0.0527305603027343,subsetted_512x512_HLS.S30.T11TLH.2020247.v1.4,0.7788519274648733,0.8756793248945147,0.9550758984241028,0.9961104048400262,0.0585594177246093,0.0544509887695312
OR4316311929120190721,subsetted_512x512_HLS.S30.T11TLH.2019215.v1.4,0.7502960331557135,0.8573361522198731,0.9056609302070696,0.977830807616446,0.0222511291503906,0.022857666015625,subsetted_512x512_HLS.S30.T11TLH.2019215.v1.4,0.0220192968963005,0.0430897869798924,0.0297796512321114,0.4823950198112946,0.0222511291503906,0.935810089111328,subsetted_512x512_HLS.S30.T11TLH.2019215.v1.4,0.0291381928625664,0.0566263949091579,0.0347201796932088,0.6343560421143535,0.0222511291503906,0.6395530700683594,subsetted_512x512_HLS.S30.T11TLH.2019215.v1.4,0.0229486654916278,0.0448676776573118,0.0246662466117212,0.5228960130466503,0.0222511291503906,0.9696044921875,subsetted_512x512_HLS.S30.T11TLH.2019215.v1.4,0.6710332843202781,0.8031357491400688,0.8540513223410129,0.9965043207039092,0.0222511291503906,0.0254364013671875
OR4327211882920180427,subsetted_512x512_HLS.S30.T11TLH.2018152.v1.4,0.0674004249986378,0.126288922919857,0.0948600430976049,0.5920188626197874,0.0177536010742187,0.056976318359375,subsetted_512x512_HLS.S30.T11TLH.2018152.v1.4,0.0160245303849594,0.031543589560555,0.0205995415518838,0.5111721654637462,0.0177536010742187,0.9441566467285156,subsetted_512x512_HLS.S30.T11TLH.2018152.v1.4,0.0135626535626535,0.0267623387956947,0.0135993000353259,0.3903111210981062,0.0177536010742187,0.2969741821289062,subsetted_512x512_HLS.S30.T11TLH.2018152.v1.4,0.0181904170037795,0.0357308745004856,0.0174159100827345,0.4632558182966389,0.0177536010742187,0.9759864807128906,subsetted_512x512_HLS.S30.T11TLH.2018152.v1.4,0.1246474513310861,0.2216649336350847,0.1058592193533056,0.8173729223724927,0.0177536010742187,0.0446128845214843
OR4380511789220200816,subsetted_512x512_HLS.S30.T11TMJ.2020247.v1.4,0.7638842175348521,0.8661387294483899,0.9570034460732172,0.9339442063400448,0.5501289367675781,0.4301528930664062,subsetted_512x512_HLS.S30.T11TMJ.2020247.v1.4,0.5395685682196661,0.700934767515571,0.5342123891310189,0.4926457793879402,0.5501289367675781,0.9663352966308594,subsetted_512x512_HLS.S30.T11TMJ.2020247.v1.4,0.2798849602436136,0.4373595579876808,0.6010885021967527,0.5455780369206267,0.5501289367675781,0.3156623840332031,subsetted_512x512_HLS.S30.T11TMJ.2020247.v1.4,0.5592850213464567,0.7173608592270181,0.5960320845499497,0.5751163923055178,0.5501289367675781,0.964336395263672,subsetted_512x512_HLS.S30.T11TMJ.2020247.v1.4,0.933352496178319,0.9655274948808228,0.9939816688629372,0.993067801828231,0.5501289367675781,0.5788154602050781
OR4383912111420180907,subsetted_512x512_HLS.S30.T10TFP.2018285.v1.4,0.0854896942552899,0.1575135990838511,0.7445609693229087,0.9601212963358522,0.0366706848144531,0.4163551330566406,subsetted_512x512_HLS.S30.T10TFP.2018285.v1.4,0.0424674650082127,0.0814748976513682,0.0503477355949479,0.5758057696840878,0.0366706848144531,0.5298576354980469,subsetted_512x512_HLS.S30.T10TFP.2018285.v1.4,0.1044470530425049,0.1891390859431,0.1266483675228093,0.758305278125724,0.0366706848144531,0.1176605224609375,subsetted_512x512_HLS.S30.T10TFP.2018285.v1.4,0.0308141645842677,0.0597860713268239,0.0609648912775207,0.3882236545133433,0.0366706848144531,0.6997756958007812,subsetted_512x512_HLS.S30.T10TFP.2018285.v1.4,0.2169962215164932,0.3566095238095238,0.4125514343085741,0.9711436508847262,0.0366706848144531,0.1636009216308593
OR4393211800020180714,subsetted_512x512_HLS.S30.T11TMJ.2018217.v1.4,0.6022864287947126,0.7517837235228539,0.930727375538806,0.9856280745632272,0.0550880432128906,0.0817832946777343,subsetted_512x512_HLS.S30.T11TMJ.2018217.v1.4,0.0570811465147708,0.1079976626259378,0.0684598657355924,0.5547805282578462,0.0550880432128906,0.9176101684570312,subsetted_512x512_HLS.S30.T11TMJ.2018217.v1.4,0.1891326462064068,0.3181018481155677,0.4309282641707757,0.8367058330989519,0.0550880432128906,0.1812515258789062,subsetted_512x512_HLS.S30.T11TMJ.2018217.v1.4,0.056676868035949,0.1072737934375239,0.1451131911114719,0.555850435988537,0.0550880432128906,0.6930313110351562,subsetted_512x512_HLS.S30.T11TMJ.2018217.v1.4,0.7976116361989926,0.8874126314463825,0.977987479008334,0.998158576604641,0.0550880432128906,0.0660743713378906
OR4403912052820200816,subsetted_512x512_HLS.S30.T10TFP.2020248.v1.4,0.3087092542133414,0.4717766810610734,0.7803557180347293,0.9329047266840343,0.0677909851074218,0.1795539855957031,subsetted_512x512_HLS.S30.T10TFP.2020248.v1.4,0.069110702831633,0.1292863361082951,0.0954437769094308,0.6060452661528013,0.0677909851074218,0.9444351196289062,subsetted_512x512_HLS.S30.T10TFP.2020248.v1.4,0.1665118336651183,0.2854867457999924,0.1841561956313848,0.7222053317698758,0.0677909851074218,0.1333885192871093,subsetted_512x512_HLS.S30.T10TFP.2020248.v1.4,0.0678528474065023,0.127082767202048,0.0690594530736916,0.5069790852508256,0.0677909851074218,0.9990882873535156,subsetted_512x512_HLS.S30.T10TFP.2020248.v1.4,0.7842432335267834,0.87907659537722,0.9441695893635778,0.9943535180668616,0.0677909851074218,0.0647354125976562
OR4408012020420180716,subsetted_512x512_HLS.S30.T10TGP.2018215.v1.4,0.514456889815056,0.6793945648434813,0.8478197257027009,0.9649062286809212,0.0260467529296875,0.0404891967773437,subsetted_512x512_HLS.S30.T10TGP.2018215.v1.4,0.026824708643252,0.0522478830465536,0.0363089462346483,0.6115807973028368,0.0260467529296875,0.9587326049804688,subsetted_512x512_HLS.S30.T10TGP.2018215.v1.4,0.0474136307124288,0.0905346833803931,0.1312321043861749,0.6595542418238839,0.0260467529296875,0.1860618591308593,subsetted_512x512_HLS.S30.T10TGP.2018215.v1.4,0.0271195596050426,0.0528070161870364,0.0285429346514743,0.4942131869955921,0.0260467529296875,0.9604415893554688,subsetted_512x512_HLS.S30.T10TGP.2018215.v1.4,0.5692612137203166,0.7255149222362337,0.8745928664011785,0.9928487326795268,0.0260467529296875,0.0374794006347656
OR4441811785820200817,subsetted_512x512_HLS.S30.T11TMK.2020247.v1.4,0.8215341798573665,0.9020244461420932,0.911474607697541,0.967799347821532,0.0650482177734375,0.0547943115234375,subsetted_512x512_HLS.S30.T11TMK.2020247.v1.4,0.0666794667836963,0.1250224999357144,0.080361350375953,0.5779747983081788,0.0650482177734375,0.9734001159667968,subsetted_512x512_HLS.S30.T11TMK.2020247.v1.4,0.1520387717705889,0.2639473175662618,0.2458921056354739,0.7525492997887088,0.0650482177734375,0.1915702819824218,subsetted_512x512_HLS.S30.T11TMK.2020247.v1.4,0.0650509474198212,0.1221555599333775,0.0652568253312208,0.5011383480488959,0.0650482177734375,0.999958038330078,subsetted_512x512_HLS.S30.T11TMK.2020247.v1.4,0.815193719929096,0.8981892246310091,0.9518416263086708,0.9963096865302116,0.0650482177734375,0.0716743469238281
OR4453312109120180817,subsetted_512x512_HLS.S30.T10TFQ.2018245.v1.4,0.3607312650100475,0.53020206749991,0.8673755798643108,0.973180930032023,0.0304374694824218,0.075469970703125,subsetted_512x512_HLS.S30.T10TFQ.2018245.v1.4,0.0330488255653751,0.063983085305359,0.0440743264369797,0.5733790858312298,0.0304374694824218,0.9077491760253906,subsetted_512x512_HLS.S30.T10TFQ.2018245.v1.4,0.0567983709107956,0.1074914051236553,0.10869249546624,0.6835594474190085,0.0304374694824218,0.2447395324707031,subsetted_512x512_HLS.S30.T10TFQ.2018245.v1.4,0.0359166617431424,0.0693427629259389,0.0427118654267971,0.6210164270472871,0.0304374694824218,0.7052955627441406,subsetted_512x512_HLS.S30.T10TFQ.2018245.v1.4,0.7214258409785933,0.8381724310220396,0.9526863452558092,0.998111495570646,0.0304374694824218,0.0382766723632812
OR4453912142620180621,subsetted_512x512_HLS.S30.T10TFQ.2018183.v1.4,0.2301965683400046,0.374243554671309,0.9177760572062936,0.9765819432012848,0.0360883150774302,0.1480044409344275,subsetted_512x512_HLS.S30.T10TFQ.2018183.v1.4,0.0420278509240149,0.0806655040683352,0.0473210533127989,0.6300886256454894,0.0360883150774302,0.801825208788777,subsetted_512x512_HLS.S30.T10TFQ.2018183.v1.4,0.1248891843971631,0.222047088956753,0.0937422598425791,0.600449739080647,0.0360883150774302,0.0800970595977978,subsetted_512x512_HLS.S30.T10TFQ.2018183.v1.4,0.0375726905843846,0.0724242087814066,0.0403509357380024,0.5068221407729758,0.0360883150774302,0.9604932336793752,subsetted_512x512_HLS.S30.T10TFQ.2018183.v1.4,0.1908211090145474,0.3204866080556123,0.8631570064085251,0.9863162140597698,0.0360883150774302,0.1878355022948643
OR4475511980220200819,subsetted_512x512_HLS.S30.T10TGQ.2020275.v1.4,0.295615346287992,0.4563319616967273,0.9310169341064548,0.983737554820511,0.0238954459796598,0.0752988838110642,subsetted_512x512_HLS.S30.T10TGQ.2020275.v1.4,0.0247318412579262,0.0482698795180722,0.0346169040756546,0.585895174671015,0.0238954459796598,0.9655492061554424,subsetted_512x512_HLS.S30.T10TGQ.2020275.v1.4,0.1064224321547598,0.1923721520134076,0.1062729773334646,0.8198678445068762,0.0238954459796598,0.1445399821470805,subsetted_512x512_HLS.S30.T10TGQ.2020275.v1.4,0.0239119563599161,0.0467070556435828,0.02427549430704,0.505567106199048,0.0238954459796598,0.9993095345270884,subsetted_512x512_HLS.S30.T10TGQ.2020275.v1.4,0.6005372217958557,0.7504195636538,0.8994649976175113,0.9978306734684992,0.0238954459796598,0.0397494487720395
OR4480012022420180817,subsetted_512x512_HLS.S30.T10TGQ.2018245.v1.4,0.6744664438158909,0.8055896805896806,0.9682977434377836,0.90414754837752,0.7493782043457031,0.5175285339355469,subsetted_512x512_HLS.S30.T10TGQ.2018245.v1.4,0.7174263989081693,0.8354668349854916,0.7750857798039087,0.5379937446080613,0.7493782043457031,0.930744171142578,subsetted_512x512_HLS.S30.T10TGQ.2018245.v1.4,0.4035601417134946,0.5750521544745781,0.7895424245237115,0.5650469695993888,0.7493782043457031,0.4263839721679687,subsetted_512x512_HLS.S30.T10TGQ.2018245.v1.4,0.7529624330119955,0.8590742377955375,0.7556271370777218,0.531830755181161,0.7493782043457031,0.9938011169433594,subsetted_512x512_HLS.S30.T10TGQ.2018245.v1.4,0.909077310463464,0.952373490042442,0.990464196562088,0.9688712217665316,0.7493782043457031,0.7111740112304688
OR4494912090120190812,subsetted_512x512_HLS.S30.T10TFQ.2019245.v1.4,0.7443798281399184,0.8534607155296811,0.9363363729020896,0.9823319265268636,0.0355148315429687,0.0411491394042968,subsetted_512x512_HLS.S30.T10TFQ.2019245.v1.4,0.037030969030969,0.0714172867288077,0.0909929250512229,0.6686394932522902,0.0355148315429687,0.9544639587402344,subsetted_512x512_HLS.S30.T10TFQ.2019245.v1.4,0.1545478699849437,0.2677201595581466,0.3803964993461405,0.880430913998866,0.0355148315429687,0.1633987426757812,subsetted_512x512_HLS.S30.T10TFQ.2019245.v1.4,0.0382895019068893,0.0737549630167079,0.1991337299477962,0.6372397313931124,0.0355148315429687,0.7215805053710938,subsetted_512x512_HLS.S30.T10TFQ.2019245.v1.4,0.4215450166728418,0.59308008079755,0.9591630226482256,0.9964319430892732,0.0355148315429687,0.081573486328125
OR4504511946220190805,subsetted_512x512_HLS.S30.T10TGR.2019245.v1.4,0.4181147972617167,0.5896769402153732,0.6227582737547985,0.9331537630507858,0.0360183715820312,0.0256195068359375,subsetted_512x512_HLS.S30.T10TGR.2019245.v1.4,0.0353026832170191,0.068197801066877,0.0290713578910415,0.4277646384489444,0.0360183715820312,0.8535842895507812,subsetted_512x512_HLS.S30.T10TGR.2019245.v1.4,0.1089004002825523,0.1964115086527232,0.1125031399076814,0.6988858379657864,0.0360183715820312,0.1436347961425781,subsetted_512x512_HLS.S30.T10TGR.2019245.v1.4,0.147837721844942,0.2575934194030835,0.2207022381837973,0.86618247938576,0.0360183715820312,0.1374244689941406,subsetted_512x512_HLS.S30.T10TGR.2019245.v1.4,0.6046222222222222,0.7536007090627077,0.8018365927199504,0.9878169304932212,0.0360183715820312,0.0328445434570312
OR4514511998420180817,subsetted_512x512_HLS.S30.T10TGR.2018245.v1.4,0.8027610995384552,0.8905906608967533,0.9484670119346787,0.9851683094184204,0.0844955444335937,0.0838737487792968,subsetted_512x512_HLS.S30.T10TGR.2018245.v1.4,0.0865160139247531,0.1592540060449487,0.0965689838632104,0.5483299562737376,0.0844955444335937,0.8191757202148438,subsetted_512x512_HLS.S30.T10TGR.2018245.v1.4,0.1553461446386211,0.2689170606739879,0.3463126215902666,0.7447619658324415,0.0844955444335937,0.320526123046875,subsetted_512x512_HLS.S30.T10TGR.2018245.v1.4,0.2656810188820979,0.4198230279486349,0.4069867871223425,0.7498049426404962,0.0844955444335937,0.0569076538085937,subsetted_512x512_HLS.S30.T10TGR.2018245.v1.4,0.8849365397461589,0.9389563214317356,0.990287175069732,0.9990097557179336,0.0844955444335937,0.0877304077148437
OR4527212061320180622,subsetted_512x512_HLS.S30.T10TFR.2018188.v1.4,0.776025838281856,0.8738902571739504,0.9385492340860148,0.9560306357471072,0.2758522033691406,0.2569541931152344,subsetted_512x512_HLS.S30.T10TFR.2018188.v1.4,0.2784022425767646,0.4355471749104779,0.317175219311928,0.5472060416575658,0.2758522033691406,0.9662818908691406,subsetted_512x512_HLS.S30.T10TFR.2018188.v1.4,0.1645985962395614,0.2826700921176501,0.3479968994540863,0.5446875189192815,0.2758522033691406,0.1577224731445312,subsetted_512x512_HLS.S30.T10TFR.2018188.v1.4,0.2758543079704892,0.4324228969517573,0.2759816961235931,0.5001448656963299,0.2758522033691406,0.9999923706054688,subsetted_512x512_HLS.S30.T10TFR.2018188.v1.4,0.7797088500010896,0.8762206807036019,0.937954766545769,0.9810797660877852,0.2758522033691406,0.3472061157226562
OR4531411905220180816,subsetted_512x512_HLS.S30.T11TLL.2018245.v1.4,0.92382762991128,0.9604058238355624,0.9786461170612508,0.9940377484146704,0.0600745400376133,0.0557333648685249,subsetted_512x512_HLS.S30.T11TLL.2018245.v1.4,0.0479928417456379,0.0915900182403849,0.0650632368001595,0.5583230840082685,0.0600745400376133,0.1365143186300502,subsetted_512x512_HLS.S30.T11TLL.2018245.v1.4,0.1951549600757883,0.3265768316158985,0.3015994257057721,0.7806614076820869,0.0600745400376133,0.1420533224486059,subsetted_512x512_HLS.S30.T11TLL.2018245.v1.4,0.3787792650782986,0.5494414873678687,0.5333359877961781,0.8316492476900975,0.0600745400376133,0.0416951182760422,subsetted_512x512_HLS.S30.T11TLL.2018245.v1.4,0.920693404203914,0.9587093933771502,0.9942188451484584,0.9996270014090964,0.0600745400376133,0.06123040653694
OR4538011911420200908,subsetted_512x512_HLS.S30.T11TLL.2020275.v1.4,0.9191534596057208,0.957873853187911,0.9780924157151524,0.9860638167655176,0.1971893310546875,0.1815986633300781,subsetted_512x512_HLS.S30.T11TLL.2020275.v1.4,0.1930790188593197,0.3236650981322577,0.2336892442963992,0.535058855603661,0.1971893310546875,0.96044921875,subsetted_512x512_HLS.S30.T11TLL.2020275.v1.4,0.2823525328427885,0.4403664758502159,0.4835111878175331,0.7285367015281651,0.1971893310546875,0.3665695190429687,subsetted_512x512_HLS.S30.T11TLL.2020275.v1.4,0.2135830223719692,0.3519874923011323,0.319496005439422,0.6097805119564167,0.1971893310546875,0.6079788208007812,subsetted_512x512_HLS.S30.T11TLL.2020275.v1.4,0.9268828527852422,0.9620541813898704,0.9968262682964284,0.9991690593413188,0.1971893310546875,0.2076454162597656
OR4542812106020180726,subsetted_512x512_HLS.S30.T10TFR.2018213.v1.4,0.9299718111346018,0.9637154343595156,0.9803867600075384,0.9850544343508892,0.5271415710449219,0.5175628662109375,subsetted_512x512_HLS.S30.T10TFR.2018213.v1.4,0.5195858525492266,0.6838519214660755,0.5418304126328498,0.5160889879601034,0.5271415710449219,0.9666023254394532,subsetted_512x512_HLS.S30.T10TFR.2018213.v1.4,0.2812980888557955,0.4390829757765359,0.632399316671348,0.5941650944449491,0.5271415710449219,0.2605705261230469,subsetted_512x512_HLS.S30.T10TFR.2018213.v1.4,0.5271596696358747,0.69037924470801,0.5291178290424793,0.5025940919469752,0.5271415710449219,0.9999656677246094,subsetted_512x512_HLS.S30.T10TFR.2018213.v1.4,0.8194200664136623,0.9007486303356614,0.9841494343902156,0.9843971032268602,0.5271415710449219,0.643310546875
OR4556212040420200429,subsetted_512x512_HLS.S30.T10TFR.2020173.v1.4,0.1220346227826458,0.2175238095238095,0.1663972761266515,0.7804491595571158,0.0177421569824218,0.0223121643066406,subsetted_512x512_HLS.S30.T10TFR.2020173.v1.4,0.0183404427447231,0.0360202580097679,0.0222678392187699,0.5550185572278371,0.0177421569824218,0.8273735046386719,subsetted_512x512_HLS.S30.T10TFR.2020173.v1.4,0.0285226050083331,0.0554632535433716,0.021536377599319,0.549054705073579,0.0177421569824218,0.1682357788085937,subsetted_512x512_HLS.S30.T10TFR.2020173.v1.4,0.0979388638161261,0.1784049495719976,0.0730369380919944,0.8537649003545419,0.0177421569824218,0.0722770690917968,subsetted_512x512_HLS.S30.T10TFR.2020173.v1.4,0.0220945188996307,0.0432338076197048,0.0188042144674376,0.4959263658715788,0.0177421569824218,0.170196533203125
OR4572112013020190713,subsetted_512x512_HLS.S30.T10TGR.2019215.v1.4,0.9053803339517624,0.9503407984420644,0.9510453666404446,0.9796482490385132,0.0219078063964843,0.0211868286132812,subsetted_512x512_HLS.S30.T10TGR.2019215.v1.4,0.0222749588779648,0.0435791930233986,0.0192356833995131,0.4765531124477355,0.0219078063964843,0.9098129272460938,subsetted_512x512_HLS.S30.T10TGR.2019215.v1.4,0.0539621769695369,0.1023986973132085,0.1058867404936921,0.8208748720993376,0.0219078063964843,0.3435478210449219,subsetted_512x512_HLS.S30.T10TGR.2019215.v1.4,0.0227337502968886,0.0444568301188637,0.0297956451440324,0.5803529356182179,0.0219078063964843,0.9636688232421876,subsetted_512x512_HLS.S30.T10TGR.2019215.v1.4,0.8657450076804916,0.9280421537954884,0.9530294827404004,0.9992220030652772,0.0219078063964843,0.0244255065917968
OR4576612011120180727,subsetted_512x512_HLS.S30.T10TGR.2018215.v1.4,0.8315457413249211,0.9080261798139856,0.8463714440562639,0.9914437300152428,0.0266304016113281,0.0287399291992187,subsetted_512x512_HLS.S30.T10TGR.2018215.v1.4,0.0326842652033776,0.0632996285596368,0.0363796854237328,0.5488092690166633,0.0266304016113281,0.2691459655761719,subsetted_512x512_HLS.S30.T10TGR.2018215.v1.4,0.0753091753523789,0.140069808904402,0.1281120472456067,0.8058224874654429,0.0266304016113281,0.2771949768066406,subsetted_512x512_HLS.S30.T10TGR.2018215.v1.4,0.2380793151875877,0.3845946091935396,0.2253553805136465,0.8478183517469504,0.0266304016113281,0.0439910888671875,subsetted_512x512_HLS.S30.T10TGR.2018215.v1.4,0.7889541421966763,0.8820283578962073,0.9507014128694908,0.9986648141942324,0.0266304016113281,0.027984619140625
OR4597411899820180729,subsetted_512x512_HLS.S30.T11TLL.2018215.v1.4,0.8070215029498049,0.8932063084278884,0.8231573951398348,0.9643403403099756,0.2053116047348203,0.2223328488649325,subsetted_512x512_HLS.S30.T11TLL.2018215.v1.4,0.2078760825424939,0.3442010079459963,0.2257640391749372,0.5467027394510473,0.2053116047348203,0.949760245362264,subsetted_512x512_HLS.S30.T11TLL.2018215.v1.4,0.2406311038244729,0.3879172512807126,0.3659812615047239,0.6640865221745902,0.2053116047348203,0.2623262875606062,subsetted_512x512_HLS.S30.T11TLL.2018215.v1.4,0.2080798539959016,0.3444802979002537,0.2140017084234818,0.5231250640717487,0.2053116047348203,0.9461438985591832,subsetted_512x512_HLS.S30.T11TLL.2018215.v1.4,0.7435664462740603,0.8529258496147771,0.9026200244207492,0.9829514374269276,0.2053116047348203,0.2705088444093491
SC3269708070820210406,subsetted_512x512_HLS.S30.T17SNS.2021128.v1.4,0.0213985137433969,0.0419004207573632,0.0482809760165165,0.7753203337288699,0.0215855333435067,0.021936517625515,subsetted_512x512_HLS.S30.T17SNS.2021128.v1.4,0.0233073826797464,0.0455530431505558,0.0296711154610376,0.5895777736294597,0.0215855333435067,0.7882725469250725,subsetted_512x512_HLS.S30.T17SNS.2021128.v1.4,0.035512876969189,0.068589928254935,0.0526669519304211,0.6332191415893165,0.0215855333435067,0.2565199145429574,subsetted_512x512_HLS.S30.T17SNS.2021128.v1.4,0.0215867686614143,0.0422612534218693,0.0215878393846435,0.4999083684912385,0.0215855333435067,0.9999427743018464,subsetted_512x512_HLS.S30.T17SNS.2021128.v1.4,0.064153627311522,0.120572116027269,0.1537857700775232,0.8309660475044238,0.0215855333435067,0.0069548298489241
SD4311610262120200616,subsetted_512x512_HLS.S30.T13TFH.2020204.v1.4,0.6097593944309273,0.7575783021244437,0.9042998983207852,0.9709961969414248,0.0281906127929687,0.0172386169433593,subsetted_512x512_HLS.S30.T13TFH.2020204.v1.4,0.0289374965737064,0.0562473360530962,0.0532501646317156,0.6263395689755756,0.0281906127929687,0.9741897583007812,subsetted_512x512_HLS.S30.T13TFH.2020204.v1.4,0.0731468862949576,0.1363222262098666,0.1032826123566409,0.6208260768702728,0.0281906127929687,0.1099891662597656,subsetted_512x512_HLS.S30.T13TFH.2020204.v1.4,0.0281917957677972,0.0548376205370228,0.0282569045880189,0.5006476836477542,0.0281906127929687,0.999958038330078,subsetted_512x512_HLS.S30.T13TFH.2020204.v1.4,0.0982658959537572,0.1789473684210526,0.2749564159523008,0.8552073786526295,0.0281906127929687,0.0029754638671875
SD4327410271120200806,subsetted_512x512_HLS.S30.T13TFJ.2020264.v1.4,0.7230876216968011,0.8392929211397208,0.799773700546635,0.9632844556673164,0.0247955322265625,0.0224647521972656,subsetted_512x512_HLS.S30.T13TFJ.2020264.v1.4,0.0237328060251784,0.0463652349236031,0.0272781813344607,0.5367334902622999,0.0247955322265625,0.9666175842285156,subsetted_512x512_HLS.S30.T13TFJ.2020264.v1.4,0.0573057615634102,0.1083996014145874,0.08295093979374,0.6715855089349011,0.0247955322265625,0.1704444885253906,subsetted_512x512_HLS.S30.T13TFJ.2020264.v1.4,0.0247958159921568,0.0483917198044974,0.0247998840128501,0.500023470138161,0.0247955322265625,0.9999885559082032,subsetted_512x512_HLS.S30.T13TFJ.2020264.v1.4,0.6427126710291493,0.7825016296081698,0.792261724179229,0.9921864988331128,0.0247955322265625,0.0278739929199218
SD4334810247820200914,subsetted_512x512_HLS.S30.T13TGJ.2020309.v1.4,0.7294326540965588,0.8435513835924514,0.8772068990934576,0.9615258164005508,0.0399627685546875,0.0380630493164062,subsetted_512x512_HLS.S30.T13TGJ.2020309.v1.4,0.0414021375019939,0.0795122959922187,0.0857130184862853,0.6596298795695145,0.0399627685546875,0.9562149047851562,subsetted_512x512_HLS.S30.T13TGJ.2020309.v1.4,0.0730095541401273,0.1360836981524078,0.1221189954219475,0.6342635009093328,0.0399627685546875,0.165679931640625,subsetted_512x512_HLS.S30.T13TGJ.2020309.v1.4,0.0402565413036878,0.0773973336485572,0.0457315132140372,0.5866331645114882,0.0399627685546875,0.9927024841308594,subsetted_512x512_HLS.S30.T13TGJ.2020309.v1.4,0.7964994165694282,0.8867238243699662,0.9670530154784228,0.9984922418926764,0.0399627685546875,0.0481338500976562
TN3638708498220210309,subsetted_512x512_HLS.S30.T16SFF.2021094.v1.4,0.156423034330011,0.270529087862102,0.4416518714389928,0.8981943305504434,0.0130882263183593,0.0028457641601562,subsetted_512x512_HLS.S30.T16SFF.2021094.v1.4,0.0132602621133711,0.0261734573222363,0.0162401747636462,0.5654139302238049,0.0130882263183593,0.9870262145996094,subsetted_512x512_HLS.S30.T16SFF.2021094.v1.4,0.0227580014243102,0.044503198982784,0.0867460708454668,0.6346217652680637,0.0130882263183593,0.3649253845214844,subsetted_512x512_HLS.S30.T16SFF.2021094.v1.4,0.013542262832784,0.0267226406424026,0.0241011686711509,0.6889265417839334,0.0130882263183593,0.966472625732422,subsetted_512x512_HLS.S30.T16SFF.2021094.v1.4,0.3560078059659883,0.5250822368421053,0.6901177977632742,0.956663391664893,0.0130882263183593,0.0054664611816406
TX2691709832320210126,subsetted_512x512_HLS.S30.T14RNQ.2021051.v1.4,0.3449390796892867,0.5129437978246211,0.3350802213311704,0.9330130447718324,0.0373382568359375,0.0927772521972656,subsetted_512x512_HLS.S30.T14RNQ.2021051.v1.4,0.0392989071723641,0.0756258029353369,0.0655045584834818,0.6716867860899642,0.0373382568359375,0.9425430297851562,subsetted_512x512_HLS.S30.T14RNQ.2021051.v1.4,0.1686103398122438,0.2885655450204792,0.3963060601633335,0.8384467773252883,0.0373382568359375,0.1312370300292968,subsetted_512x512_HLS.S30.T14RNQ.2021051.v1.4,0.0343362813453749,0.0663928781473531,0.0399676907516976,0.4728436925979653,0.0373382568359375,0.7215461730957031,subsetted_512x512_HLS.S30.T14RNQ.2021051.v1.4,0.346884347857426,0.5150915123621963,0.3099385876758708,0.9629482480439038,0.0373382568359375,0.105224609375
TX2708809759120180311,subsetted_512x512_HLS.S30.T14RPQ.2018107.v1.4,0.4696798005633438,0.6391593602678768,0.7393652592133946,0.8870104588012198,0.1139373779296875,0.0592269897460937,subsetted_512x512_HLS.S30.T14RPQ.2018107.v1.4,0.1143038505100961,0.2051574181634051,0.1723684555375333,0.5450484258233976,0.1139373779296875,0.9106292724609376,subsetted_512x512_HLS.S30.T14RPQ.2018107.v1.4,0.1237209837811389,0.2201987603094103,0.196310792536024,0.5975226858965755,0.1139373779296875,0.183929443359375,subsetted_512x512_HLS.S30.T14RPQ.2018107.v1.4,0.1147644415950502,0.2058989994887899,0.1104212855223233,0.4808087572841094,0.1139373779296875,0.7218170166015625,subsetted_512x512_HLS.S30.T14RPQ.2018107.v1.4,0.2976060395351147,0.458700145448978,0.8194869680155237,0.9221501881580256,0.1139373779296875,0.0355567932128906
TX2846709731320190825,subsetted_512x512_HLS.S30.T14RPS.2019257.v1.4,0.2589266155531216,0.411345049591091,0.7590528851028171,0.9511603108816936,0.017181396484375,0.0047416687011718,subsetted_512x512_HLS.S30.T14RPS.2019257.v1.4,0.0196414888680243,0.0385262645399604,0.0329378802925147,0.631082613984485,0.017181396484375,0.7036514282226562,subsetted_512x512_HLS.S30.T14RPS.2019257.v1.4,0.0804370516778076,0.1488972477441368,0.2873280326687018,0.8824920207551368,0.017181396484375,0.1684074401855468,subsetted_512x512_HLS.S30.T14RPS.2019257.v1.4,0.0172380139542182,0.0338918005771538,0.0167637456964257,0.5009099176070926,0.017181396484375,0.9967155456542968,subsetted_512x512_HLS.S30.T14RPS.2019257.v1.4,0.3893617021276596,0.5604900459418071,0.8572678682223653,0.9973517334244184,0.017181396484375,0.0077285766601562
TX2932610087120200827,subsetted_512x512_HLS.S30.T14RLT.2020273.v1.4,0.6656072264971562,0.7992367178869138,0.858362008636905,0.9734882381997496,0.0183906555175781,0.01959228515625,subsetted_512x512_HLS.S30.T14RLT.2020273.v1.4,0.018931154788642,0.037158849642926,0.0459906786660652,0.5078028699855668,0.0183906555175781,0.969806671142578,subsetted_512x512_HLS.S30.T14RLT.2020273.v1.4,0.0161672666156605,0.0318200893628576,0.0436784931792358,0.4890551060275615,0.0183906555175781,0.2906684875488281,subsetted_512x512_HLS.S30.T14RLT.2020273.v1.4,0.0183908659843366,0.0361174998688951,0.0183969014138253,0.500087438744302,0.0183906555175781,0.9999885559082032,subsetted_512x512_HLS.S30.T14RLT.2020273.v1.4,0.0,0.0,0.1088968742603757,0.9300717508442756,0.0183906555175781,0.0001602172851562
TX3009510451420190718,subsetted_512x512_HLS.S30.T13REP.2019241.v1.4,0.4711915535444947,0.6405577199097806,0.6892292057514362,0.960991583668256,0.0227203369140625,0.0144882202148437,subsetted_512x512_HLS.S30.T13REP.2019241.v1.4,0.0233303302126992,0.0455968703827044,0.042237276703333,0.6379396778068129,0.0227203369140625,0.9738540649414062,subsetted_512x512_HLS.S30.T13REP.2019241.v1.4,0.056759218917099,0.1074212893553223,0.0713149225475964,0.55843773324289,0.0227203369140625,0.0790557861328125,subsetted_512x512_HLS.S30.T13REP.2019241.v1.4,0.0227205969306594,0.0444316795786599,0.0227239776880756,0.5000195169172639,0.0227203369140625,0.9999885559082032,subsetted_512x512_HLS.S30.T13REP.2019241.v1.4,0.0,0.0,0.0980644570134846,0.867534563202164,0.0227203369140625,0.0001640319824218
TX3022610256120200301,subsetted_512x512_HLS.S30.T13RGP.2020118.v1.4,0.1595814736225945,0.2752397778899546,0.4475319014558472,0.8130362268229703,0.0993309020996093,0.0215797424316406,subsetted_512x512_HLS.S30.T13RGP.2020118.v1.4,0.1140463635807165,0.2047425803970204,0.1292142423630188,0.5930635549120636,0.0993309020996093,0.38665771484375,subsetted_512x512_HLS.S30.T13RGP.2020118.v1.4,0.1620856339623404,0.2789564369876603,0.2028632264631046,0.6428570820702123,0.0993309020996093,0.1198501586914062,subsetted_512x512_HLS.S30.T13RGP.2020118.v1.4,0.2096661647508171,0.3466512842309794,0.3547468585891253,0.688009894071648,0.0993309020996093,0.0263175964355468,subsetted_512x512_HLS.S30.T13RGP.2020118.v1.4,0.0,0.0,0.1132944990298528,0.4040423112783474,0.0993309020996093,0.0
TX3029010150020200419,subsetted_512x512_HLS.S30.T14RKU.2020158.v1.4,0.3105462718320008,0.4739188207340302,0.8444674231101047,0.8384164302832249,0.4413388635990735,0.1416017674464748,subsetted_512x512_HLS.S30.T14RKU.2020158.v1.4,0.4373187562999147,0.6085202108204627,0.4791709485207777,0.5339330553913094,0.4413388635990735,0.9733127792637928,subsetted_512x512_HLS.S30.T14RKU.2020158.v1.4,0.0859745845552297,0.1583362737544016,0.4565535066168449,0.5005065441210823,0.4413388635990735,0.0885478473555078,subsetted_512x512_HLS.S30.T14RKU.2020158.v1.4,0.441343915747701,0.6124061175486388,0.4413978125310069,0.5000204904036609,0.4413388635990735,0.9999885528078054,subsetted_512x512_HLS.S30.T14RKU.2020158.v1.4,0.0,0.0,0.3315058236333804,0.2943922969612235,0.4413388635990735,0.0001602606907235
TX3034010088120200816,subsetted_512x512_HLS.S30.T14RLU.2020278.v1.4,0.14250569476082,0.2494616795597735,0.5292269391595708,0.8668160927891884,0.0411109924316406,0.0067214965820312,subsetted_512x512_HLS.S30.T14RLU.2020278.v1.4,0.0507181632349158,0.0965399952329109,0.0542247631740444,0.5908088151052308,0.0411109924316406,0.5510482788085938,subsetted_512x512_HLS.S30.T14RLU.2020278.v1.4,0.1319102130606591,0.233075400395897,0.1408199615935055,0.7273526567732556,0.0411109924316406,0.06488037109375,subsetted_512x512_HLS.S30.T14RLU.2020278.v1.4,0.3139641708773542,0.4778884810347841,0.4296040309075064,0.8536842087781353,0.0411109924316406,0.0680084228515625,subsetted_512x512_HLS.S30.T14RLU.2020278.v1.4,0.0452816182611116,0.0866400355082112,0.853712594885175,0.9864040239698012,0.0411109924316406,0.001861572265625
TX3054610425020180430,subsetted_512x512_HLS.S30.T13REP.2018141.v1.4,0.7260982539643993,0.8413174073917753,0.9527454918077908,0.9600967262111793,0.3140552652372573,0.2285884423203918,subsetted_512x512_HLS.S30.T13REP.2018141.v1.4,0.3138236954593112,0.4777257352625214,0.3460319008903945,0.5401688674005526,0.3140552652372573,0.9295919808529888,subsetted_512x512_HLS.S30.T13REP.2018141.v1.4,0.2835330908885084,0.4418009833969087,0.4410765509751534,0.6177547451080538,0.3140552652372573,0.3784283113145247,subsetted_512x512_HLS.S30.T13REP.2018141.v1.4,0.1415997422739719,0.248072484655466,0.5017630245409075,0.6940824398443265,0.3140552652372573,0.0646898726204608,subsetted_512x512_HLS.S30.T13REP.2018141.v1.4,0.8472237018098315,0.9172941003082168,0.9841181610034616,0.9925854483885416,0.3140552652372573,0.2816511625243822
TX3064710027020190914,subsetted_512x512_HLS.S30.T14RLU.2019293.v1.4,0.0838869148771821,0.1547890535917901,0.492061754403319,0.9004084931573701,0.0246583912535953,0.0021057289560619,subsetted_512x512_HLS.S30.T14RLU.2019293.v1.4,0.0257135861340911,0.0501379458782554,0.0708308494577443,0.636537809096629,0.0246583912535953,0.9501377116219454,subsetted_512x512_HLS.S30.T14RLU.2019293.v1.4,0.0626389518444171,0.1178931973756373,0.0885001045063465,0.7099465168019777,0.0246583912535953,0.1631444026519977,subsetted_512x512_HLS.S30.T14RLU.2019293.v1.4,0.0249395224297514,0.0486653541676861,0.0205821020123416,0.4600502565799812,0.0246583912535953,0.988727483577603,subsetted_512x512_HLS.S30.T14RLU.2019293.v1.4,0.0499616858237547,0.0951685885272223,0.7159095775793354,0.9708037624351956,0.0246583912535953,0.0014762991050651
TX3065009856720180718,subsetted_512x512_HLS.S30.T14RNU.2018215.v1.4,0.4436193081883916,0.6145932042777853,0.7260321155937113,0.9373691625110856,0.0188941955566406,0.0092849731445312,subsetted_512x512_HLS.S30.T14RNU.2018215.v1.4,0.0188894937397931,0.0370785916546455,0.0367416871392103,0.5993454958131842,0.0188941955566406,0.9807014465332032,subsetted_512x512_HLS.S30.T14RNU.2018215.v1.4,0.0685270222536206,0.1282644628099173,0.095112176390564,0.8405414192906695,0.0188941955566406,0.1888160705566406,subsetted_512x512_HLS.S30.T14RNU.2018215.v1.4,0.0196608474051492,0.038563503649635,0.0209456684589613,0.4883118165152471,0.0188941955566406,0.9610061645507812,subsetted_512x512_HLS.S30.T14RNU.2018215.v1.4,0.5712282107794029,0.7271104310124968,0.8620381634325017,0.9303876504384556,0.0188941955566406,0.0110206604003906
TX3065310092220200611,subsetted_512x512_HLS.S30.T14RLU.2020193.v1.4,0.3510944959913521,0.5197186385305197,0.7017724020173236,0.8941465275404018,0.0832138061523437,0.0312156677246093,subsetted_512x512_HLS.S30.T14RLU.2020193.v1.4,0.0851923559290148,0.1570087652452788,0.1197703193025315,0.6107104922557833,0.0832138061523437,0.9730339050292968,subsetted_512x512_HLS.S30.T14RLU.2020193.v1.4,0.1273364193669461,0.2259066897500777,0.1432474421590223,0.5836760696058749,0.0832138061523437,0.088653564453125,subsetted_512x512_HLS.S30.T14RLU.2020193.v1.4,0.0832147584696785,0.1536440633198922,0.0832274581172906,0.5000291266175675,0.0832138061523437,0.9999885559082032,subsetted_512x512_HLS.S30.T14RLU.2020193.v1.4,0.0276761207685269,0.0538615624304473,0.2146305721007211,0.5974928354735306,0.0832138061523437,0.0024833679199218
TX3068710057220191007,subsetted_512x512_HLS.S30.T14RLV.2019348.v1.4,0.3979115752055099,0.5692943420216148,0.6535590530114881,0.9408653389527512,0.0307502746582031,0.0172538757324218,subsetted_512x512_HLS.S30.T14RLV.2019348.v1.4,0.0322328154188168,0.062452607468672,0.0401591078917176,0.6102835228700734,0.0307502746582031,0.945209503173828,subsetted_512x512_HLS.S30.T14RLV.2019348.v1.4,0.0893146140152128,0.1639831374078407,0.1201277007991582,0.7643166636874362,0.0307502746582031,0.1746597290039062,subsetted_512x512_HLS.S30.T14RLV.2019348.v1.4,0.0310191171038049,0.0601717593577498,0.0256412233385558,0.4540979562621865,0.0307502746582031,0.9913330078125,subsetted_512x512_HLS.S30.T14RLV.2019348.v1.4,0.3211503208065994,0.4861677217934264,0.5403802541846434,0.9131124793163014,0.0307502746582031,0.0132369995117187
TX3076510415220180516,subsetted_512x512_HLS.S30.T13REQ.2018156.v1.4,0.7535132338994741,0.8594326171394857,0.8068908459198091,0.985056070272894,0.0372314453125,0.0403556823730468,subsetted_512x512_HLS.S30.T13REQ.2018156.v1.4,0.0394021629392713,0.0758169731489647,0.0914964977552577,0.7183984610865541,0.0372314453125,0.9446067810058594,subsetted_512x512_HLS.S30.T13REQ.2018156.v1.4,0.1211016724963992,0.2160404813717522,0.2250364587894271,0.7776007188077445,0.0372314453125,0.1082649230957031,subsetted_512x512_HLS.S30.T13REQ.2018156.v1.4,0.0373656606627822,0.0720395171725831,0.1076329968654576,0.6480608379558107,0.0372314453125,0.9149665832519532,subsetted_512x512_HLS.S30.T13REQ.2018156.v1.4,0.7546347646965615,0.8601616471756897,0.9329879538288296,0.9976947403332316,0.0372314453125,0.0472526550292968
TX3086010191020200831,subsetted_512x512_HLS.S30.T14RKV.2020268.v1.4,0.1680670096429771,0.2877694657164357,0.758283774399509,0.8780042034083141,0.1475143432617187,0.02484130859375,subsetted_512x512_HLS.S30.T14RKV.2020268.v1.4,0.1452472579959683,0.253652225721338,0.2007651474854489,0.5750288759569402,0.1475143432617187,0.9729576110839844,subsetted_512x512_HLS.S30.T14RKV.2020268.v1.4,0.1911692398465926,0.3209774622306612,0.2783555713912132,0.6227433508242793,0.1475143432617187,0.0835227966308593,subsetted_512x512_HLS.S30.T14RKV.2020268.v1.4,0.1475160314487241,0.257104959592568,0.1475340411813405,0.5000134243804648,0.1475143432617187,0.9999885559082032,subsetted_512x512_HLS.S30.T14RKV.2020268.v1.4,0.0,0.0,0.0801592833471331,0.0808449678484757,0.1475143432617187,0.0001792907714843
TX3086610127820180604,subsetted_512x512_HLS.S30.T14RKV.2018193.v1.4,0.3443894952251023,0.5123358914187861,0.4327755513711542,0.9137611276023808,0.0328812589413447,0.0272694325226514,subsetted_512x512_HLS.S30.T14RKV.2018193.v1.4,0.0338695987047894,0.0655200592941713,0.0531886308206478,0.6426103503490143,0.0328812589413447,0.9708192656175488,subsetted_512x512_HLS.S30.T14RKV.2018193.v1.4,0.0697668681386456,0.1304337799506491,0.1428648315276677,0.7196064104848348,0.0328812589413447,0.2979761564139246,subsetted_512x512_HLS.S30.T14RKV.2018193.v1.4,0.0328816352690731,0.0636697064722373,0.0328872812188784,0.5000315574384827,0.0328812589413447,0.9999885550786838,subsetted_512x512_HLS.S30.T14RKV.2018193.v1.4,0.1035892776010904,0.1877315767805681,0.3448991718634725,0.9177541012502802,0.0328812589413447,0.0041850262279446
TX3095610045720180124,subsetted_512x512_HLS.S30.T14RLV.2018043.v1.4,0.6670437405731523,0.8002714318027595,0.8653083050434616,0.9701853962682888,0.0190162658691406,0.0147132873535156,subsetted_512x512_HLS.S30.T14RLV.2018043.v1.4,0.0196095407125232,0.0384648042795278,0.0475665976595904,0.722891526589615,0.0190162658691406,0.9693489074707032,subsetted_512x512_HLS.S30.T14RLV.2018043.v1.4,0.0797440934965492,0.1477092469907623,0.0735419740706285,0.6719505211647918,0.0190162658691406,0.0627479553222656,subsetted_512x512_HLS.S30.T14RLV.2018043.v1.4,0.0190164834955234,0.0373232107694496,0.0190213451162648,0.5000544410267578,0.0190162658691406,0.9999885559082032,subsetted_512x512_HLS.S30.T14RLV.2018043.v1.4,0.6605748463199868,0.7955977988994497,0.8870451971518859,0.995697456775227,0.0190162658691406,0.0191116333007812
TX3095710045720190723,subsetted_512x512_HLS.S30.T14RLV.2019223.v1.4,0.3439054726368159,0.5118000925497455,0.7579921812307633,0.940244523765392,0.0183906555175781,0.0063400268554687,subsetted_512x512_HLS.S30.T14RLV.2019223.v1.4,0.0198965692576715,0.0390168373095973,0.0293781756010987,0.639064939576283,0.0183906555175781,0.922748565673828,subsetted_512x512_HLS.S30.T14RLV.2019223.v1.4,0.068187559511086,0.1276696379843551,0.2403044687923622,0.8140520291970189,0.0183906555175781,0.1913032531738281,subsetted_512x512_HLS.S30.T14RLV.2019223.v1.4,0.0191572715796804,0.0375943382123682,0.0368101660604253,0.7138198638438672,0.0183906555175781,0.8747482299804688,subsetted_512x512_HLS.S30.T14RLV.2019223.v1.4,0.5498281786941581,0.7095343680709535,0.8399690460969986,0.996092711574856,0.0183906555175781,0.0142974853515625
TX3096410129920180702,subsetted_512x512_HLS.S30.T14RKV.2018213.v1.4,0.1780483651226158,0.3022768341163715,0.178546866314241,0.9065579201036476,0.0214881896972656,0.0312881469726562,subsetted_512x512_HLS.S30.T14RKV.2018213.v1.4,0.022738577130402,0.0444660593407983,0.0276078939492413,0.5720523737130836,0.0214881896972656,0.9432945251464844,subsetted_512x512_HLS.S30.T14RKV.2018213.v1.4,0.0503321779318313,0.0958404950154692,0.2298906283888224,0.7664662215408536,0.0214881896972656,0.2559356689453125,subsetted_512x512_HLS.S30.T14RKV.2018213.v1.4,0.0226173651153444,0.0442342676486691,0.0610719937095123,0.7189226504601709,0.0214881896972656,0.8424491882324219,subsetted_512x512_HLS.S30.T14RKV.2018213.v1.4,0.0,0.0,0.1917866838782919,0.9504396473912458,0.0214881896972656,0.0193138122558593
TX3097610133020180413,subsetted_512x512_HLS.S30.T14RKV.2018143.v1.4,0.2343895364745799,0.379765915942543,0.5622596268667638,0.8568356131395812,0.068142717087369,0.0179025791463372,subsetted_512x512_HLS.S30.T14RKV.2018143.v1.4,0.0693129329124964,0.1296401283087603,0.1030035622450537,0.6258955709396868,0.068142717087369,0.9748188951747342,subsetted_512x512_HLS.S30.T14RKV.2018143.v1.4,0.1273809244898437,0.2259767248545303,0.1916543840929776,0.6537911572503872,0.068142717087369,0.1154226160730294,subsetted_512x512_HLS.S30.T14RKV.2018143.v1.4,0.0681434969367279,0.127592401455709,0.0681518164406766,0.5000122810895782,0.068142717087369,0.9999885557772344,subsetted_512x512_HLS.S30.T14RKV.2018143.v1.4,0.0,0.0,0.0445951942511339,0.2616133094288956,0.068142717087369,0.000175478082406
TX3111910137620200901,subsetted_512x512_HLS.S30.T14RKV.2020278.v1.4,0.5801540390471073,0.7343006121060984,0.8005200629491038,0.9781943395531254,0.0176849365234375,0.0159683227539062,subsetted_512x512_HLS.S30.T14RKV.2020278.v1.4,0.0180119276570118,0.0353864766564512,0.0234001693781891,0.5896952045907102,0.0176849365234375,0.9818458557128906,subsetted_512x512_HLS.S30.T14RKV.2020278.v1.4,0.036261856631939,0.069985894781069,0.1405367058431614,0.6955555297389892,0.0176849365234375,0.2365341186523437,subsetted_512x512_HLS.S30.T14RKV.2020278.v1.4,0.0182340216322517,0.0358149919269485,0.0195839053754356,0.5186712645820712,0.0176849365234375,0.9698867797851562,subsetted_512x512_HLS.S30.T14RKV.2020278.v1.4,0.6706008583690987,0.8028259473346179,0.9131564244793442,0.9838760791475548,0.0176849365234375,0.0120124816894531
TX3112609904920200802,subsetted_512x512_HLS.S30.T14RMV.2020280.v1.4,0.561977152109382,0.7195715396354632,0.9104156751609462,0.9636016180390952,0.1668205261230468,0.0981407165527343,subsetted_512x512_HLS.S30.T14RMV.2020280.v1.4,0.1725514599513484,0.2943179311865902,0.2288746636309631,0.5994694427758365,0.1668205261230468,0.9401130676269532,subsetted_512x512_HLS.S30.T14RMV.2020280.v1.4,0.2355032923374983,0.3812264909338124,0.3712002130826946,0.6918033897481546,0.1668205261230468,0.2175445556640625,subsetted_512x512_HLS.S30.T14RMV.2020280.v1.4,0.1691158840772509,0.2893055964434682,0.1538510581827019,0.4852885682298086,0.1668205261230468,0.9864273071289062,subsetted_512x512_HLS.S30.T14RMV.2020280.v1.4,0.5566210977351561,0.7151658146546074,0.9453592978079588,0.9871296018687457,0.1668205261230468,0.0951004028320312
TX3146709888420200712,subsetted_512x512_HLS.S30.T14RNV.2020220.v1.4,0.5844850378560269,0.737760248776973,0.838739411894906,0.9481869630977996,0.0622215270996093,0.0383682250976562,subsetted_512x512_HLS.S30.T14RNV.2020220.v1.4,0.0645658008281016,0.1212997839642741,0.0991928845274027,0.6338348259502402,0.0622215270996093,0.9636917114257812,subsetted_512x512_HLS.S30.T14RNV.2020220.v1.4,0.1935708409795608,0.3243558477361891,0.3670144517970925,0.7963695394983366,0.0622215270996093,0.0816841125488281,subsetted_512x512_HLS.S30.T14RNV.2020220.v1.4,0.0904688037397609,0.1659264408656136,0.2056083168317648,0.634938019822251,0.0622215270996093,0.5304222106933594,subsetted_512x512_HLS.S30.T14RNV.2020220.v1.4,0.7752972037729531,0.8734280684104627,0.9534892887478968,0.9962378954110256,0.0622215270996093,0.0591163635253906
TX3149009984920200712,subsetted_512x512_HLS.S30.T14RMV.2020220.v1.4,0.1325813609467455,0.2341224489795918,0.4732876995805983,0.9016403988560122,0.0202178955078125,0.0031471252441406,subsetted_512x512_HLS.S30.T14RMV.2020220.v1.4,0.0203462458752326,0.0398810618600944,0.0245796942963658,0.5212749858000583,0.0202178955078125,0.9753265380859376,subsetted_512x512_HLS.S30.T14RMV.2020220.v1.4,0.0507341694707861,0.0965689913678908,0.1049622267608998,0.741987837195355,0.0202178955078125,0.2418403625488281,subsetted_512x512_HLS.S30.T14RMV.2020220.v1.4,0.0210545551331402,0.0412408034953526,0.0226155526729023,0.5222859011695815,0.0202178955078125,0.9602622985839844,subsetted_512x512_HLS.S30.T14RMV.2020220.v1.4,0.1315094339622641,0.2324495581123895,0.5899171339092067,0.7743114475477809,0.0202178955078125,0.0026588439941406
TX3157209838720180723,subsetted_512x512_HLS.S30.T14RNV.2018215.v1.4,0.7773308432696452,0.8747171031361138,0.8771226416259111,0.9601429599762874,0.0251564169082862,0.0220433389287349,subsetted_512x512_HLS.S30.T14RNV.2018215.v1.4,0.0269971187225653,0.0525748675052678,0.038675802430502,0.6318764607046974,0.0251564169082862,0.9308026857927668,subsetted_512x512_HLS.S30.T14RNV.2018215.v1.4,0.0681480322353493,0.1276003515968356,0.0631251528809908,0.6351003841182461,0.0251564169082862,0.0790096139172897,subsetted_512x512_HLS.S30.T14RNV.2018215.v1.4,0.0253833095308668,0.0495098940950779,0.0220414754340114,0.4635783353281955,0.0251564169082862,0.9910613459484204,subsetted_512x512_HLS.S30.T14RNV.2018215.v1.4,0.8411537399944797,0.9137246083501986,0.9701856053244156,0.9988259559231708,0.0251564169082862,0.0257401190294521
TX3159210116820200704,subsetted_512x512_HLS.S30.T14SKA.2020223.v1.4,0.2790941937652298,0.4363934964690425,0.8656096761649108,0.9604187115531004,0.0900497436523437,0.0260887145996093,subsetted_512x512_HLS.S30.T14SKA.2020223.v1.4,0.094880252276151,0.1733162180592883,0.1562066867013761,0.6244287089119229,0.0900497436523437,0.8609161376953125,subsetted_512x512_HLS.S30.T14SKA.2020223.v1.4,0.165305607563505,0.2837120262540167,0.3178566400178243,0.7361269344748229,0.0900497436523437,0.244720458984375,subsetted_512x512_HLS.S30.T14SKA.2020223.v1.4,0.0935037856129616,0.1710168484886374,0.2417091091185688,0.5838329613968918,0.0900497436523437,0.8862380981445312,subsetted_512x512_HLS.S30.T14SKA.2020223.v1.4,0.1837436564190747,0.3104450113378685,0.510255416268267,0.7190115129988658,0.0900497436523437,0.0176162719726562
TX3165409878420180723,subsetted_512x512_HLS.S30.T14SNA.2018215.v1.4,0.4074401148029584,0.5789803921568627,0.5405539069692216,0.9389468080745316,0.0282821655273437,0.020355224609375,subsetted_512x512_HLS.S30.T14SNA.2018215.v1.4,0.0271753407863627,0.0529127593066212,0.0321084508998292,0.5446877182440357,0.0282821655273437,0.2401962280273437,subsetted_512x512_HLS.S30.T14SNA.2018215.v1.4,0.091185757761934,0.1671315027955637,0.1782436778087101,0.8869705728713364,0.0282821655273437,0.2630500793457031,subsetted_512x512_HLS.S30.T14SNA.2018215.v1.4,0.285752401280683,0.4444905582070969,0.5314162779917853,0.9329002340725612,0.0282821655273437,0.0636329650878906,subsetted_512x512_HLS.S30.T14SNA.2018215.v1.4,0.5242279688676876,0.6878603195519684,0.8109936470543255,0.986279368557838,0.0282821655273437,0.018035888671875
TX3166310307120200827,subsetted_512x512_HLS.S30.T13SFR.2020251.v1.4,0.8725168422870963,0.931918819188192,0.9624447654726136,0.9877883370411424,0.0219802856445312,0.0193710327148437,subsetted_512x512_HLS.S30.T13SFR.2020251.v1.4,0.0215526474158243,0.0421958622893202,0.0280019912366389,0.5263454596997179,0.0219802856445312,0.3600692749023437,subsetted_512x512_HLS.S30.T13SFR.2020251.v1.4,0.0423540751367345,0.0812661957141167,0.1408757805228336,0.7185551263316727,0.0219802856445312,0.3327980041503906,subsetted_512x512_HLS.S30.T13SFR.2020251.v1.4,0.3750773036487322,0.5455363166179447,0.6426760416697722,0.9556395261581846,0.0219802856445312,0.0289115905761718,subsetted_512x512_HLS.S30.T13SFR.2020251.v1.4,0.6665524918650454,0.7999177885109444,0.9707317141911906,0.9993284149621724,0.0219802856445312,0.0151405334472656
TX3185709976920200614,subsetted_512x512_HLS.S30.T14SMA.2020185.v1.4,0.3258997571207772,0.4915903413821815,0.6576339382136227,0.93242219357614,0.0171242413491872,0.0057831031154751,subsetted_512x512_HLS.S30.T14SMA.2020185.v1.4,0.0176855404440904,0.0347563952542215,0.0290293720409231,0.6078984868112789,0.0171242413491872,0.9673842139595564,subsetted_512x512_HLS.S30.T14SMA.2020185.v1.4,0.038788122393609,0.0746795646916566,0.0436614315062912,0.7515695099246893,0.0171242413491872,0.2983524259659804,subsetted_512x512_HLS.S30.T14SMA.2020185.v1.4,0.0173691317755671,0.0341451912252411,0.0169755043774786,0.544856446475992,0.0171242413491872,0.985900825122166,subsetted_512x512_HLS.S30.T14SMA.2020185.v1.4,0.041829215431296,0.0802995631370917,0.6014934435398933,0.9866474512212904,0.0171242413491872,0.0012130783579954
TX3206310086420200619,subsetted_512x512_HLS.S30.T14SLA.2020193.v1.4,0.4921929947953298,0.6596907993966817,0.8330018147819251,0.9364944737937644,0.0809669494628906,0.0404319763183593,subsetted_512x512_HLS.S30.T14SLA.2020193.v1.4,0.0791125748549837,0.1466252487431448,0.1010156808697806,0.5683713829383521,0.0809669494628906,0.9714584350585938,subsetted_512x512_HLS.S30.T14SLA.2020193.v1.4,0.1340506304215268,0.2364103097790266,0.171101003914892,0.6319329125036532,0.0809669494628906,0.1389656066894531,subsetted_512x512_HLS.S30.T14SLA.2020193.v1.4,0.0809678760666969,0.149806257631473,0.0809978476897009,0.5000830154533267,0.0809669494628906,0.9999885559082032,subsetted_512x512_HLS.S30.T14SLA.2020193.v1.4,0.0,0.0,0.1174505019018446,0.4978519755362943,0.0809669494628906,0.0002021789550781
TX3217410111820190907,subsetted_512x512_HLS.S30.T14SKA.2019278.v1.4,0.5966458214894826,0.7473740430834965,0.8156495717235058,0.9472871717554084,0.0386466979980468,0.025634765625,subsetted_512x512_HLS.S30.T14SKA.2019278.v1.4,0.040424358299083,0.0777074430767268,0.0724526968511037,0.6073498758326648,0.0386466979980468,0.9183235168457032,subsetted_512x512_HLS.S30.T14SKA.2019278.v1.4,0.1182210294258602,0.2114448330247548,0.2122363500571188,0.8193770619107216,0.0386466979980468,0.1838722229003906,subsetted_512x512_HLS.S30.T14SKA.2019278.v1.4,0.0588707811736884,0.1111954021593343,0.2614448237515756,0.804276279704574,0.0386466979980468,0.5899124145507812,subsetted_512x512_HLS.S30.T14SKA.2019278.v1.4,0.7946271421954608,0.8855623806328395,0.9648710472085104,0.9982107227279716,0.0386466979980468,0.0352554321289062
TX3231910015220200713,subsetted_512x512_HLS.S30.T14SLA.2020223.v1.4,0.6017924853498794,0.7513988120857364,0.7938759744234437,0.9348810910588669,0.052032470703125,0.0365982055664062,subsetted_512x512_HLS.S30.T14SLA.2020223.v1.4,0.0532918667390769,0.1011910723360374,0.0968231510485307,0.5833153782852425,0.052032470703125,0.9763679504394532,subsetted_512x512_HLS.S30.T14SLA.2020223.v1.4,0.1072229596740971,0.193679075631989,0.0923781023679536,0.6184343536945021,0.052032470703125,0.1325187683105468,subsetted_512x512_HLS.S30.T14SLA.2020223.v1.4,0.0520328676824011,0.098918711155913,0.0521052189259601,0.5004889257315778,0.052032470703125,0.9999923706054688,subsetted_512x512_HLS.S30.T14SLA.2020223.v1.4,0.6302850281236175,0.7732206543650179,0.8451175472370904,0.979938592714758,0.052032470703125,0.0463714599609375
TX3267009971820180413,subsetted_512x512_HLS.S30.T14SMB.2018138.v1.4,0.3898305084745763,0.5609756097560976,0.6346307589816844,0.9118463177630798,0.0424766540527343,0.0203971862792968,subsetted_512x512_HLS.S30.T14SMB.2018138.v1.4,0.0430419920896664,0.0825316572412097,0.0781222198099579,0.6172448500769618,0.0424766540527343,0.9504432678222656,subsetted_512x512_HLS.S30.T14SMB.2018138.v1.4,0.0483467289357914,0.0922342343451,0.0465289020106055,0.5551663039834721,0.0424766540527343,0.5774917602539062,subsetted_512x512_HLS.S30.T14SMB.2018138.v1.4,0.0432650650627314,0.0829416540658915,0.0318376102269749,0.3835895446767148,0.0424766540527343,0.9817771911621094,subsetted_512x512_HLS.S30.T14SMB.2018138.v1.4,0.5413208852005532,0.7024116657319125,0.8816364562980026,0.9932137936192982,0.0424766540527343,0.0255393981933593
TX3268709915020200830,subsetted_512x512_HLS.S30.T14SMB.2020268.v1.4,0.4445162573332007,0.6154534503527792,0.7160939307392784,0.9490150066666672,0.075839630113235,0.0485476379048312,subsetted_512x512_HLS.S30.T14SMB.2020268.v1.4,0.0761044939551721,0.1414444310616223,0.0800094032523695,0.4761904866877091,0.075839630113235,0.9549328938073934,subsetted_512x512_HLS.S30.T14SMB.2020268.v1.4,0.1073678566641347,0.1939154293092317,0.1348545869256431,0.5282543393678844,0.075839630113235,0.1363657769120448,subsetted_512x512_HLS.S30.T14SMB.2020268.v1.4,0.07808256201899,0.1448545125760315,0.1154235775172584,0.4939411716428938,0.075839630113235,0.965836847400304,subsetted_512x512_HLS.S30.T14SMB.2020268.v1.4,0.5939295337841273,0.7452393863034672,0.8344111800541044,0.9521083198364976,0.075839630113235,0.0583770361966735
TX3272009947720180226,subsetted_512x512_HLS.S30.T14SMB.2018073.v1.4,0.9174030564507744,0.9569224930192208,0.97353253023927,0.9892254126415612,0.0707130432128906,0.0699996948242187,subsetted_512x512_HLS.S30.T14SMB.2018073.v1.4,0.0698245063012838,0.1305345052202792,0.0904079277023691,0.5577309455757267,0.0707130432128906,0.9687728881835938,subsetted_512x512_HLS.S30.T14SMB.2018073.v1.4,0.1397716638592551,0.2452625701993497,0.2190425389598391,0.6775590203605298,0.0707130432128906,0.1615943908691406,subsetted_512x512_HLS.S30.T14SMB.2018073.v1.4,0.0707138524687095,0.1320873028880069,0.0707397584384361,0.5000779944747072,0.0707130432128906,0.9999885559082032,subsetted_512x512_HLS.S30.T14SMB.2018073.v1.4,0.7254043392504931,0.8408514140698232,0.9796096469550726,0.9983284177003576,0.0707130432128906,0.0961380004882812
TX3272509755820180122,subsetted_512x512_HLS.S30.T14SPB.2018035.v1.4,0.83949885719123,0.9127473538886332,0.9327198153817629,0.9856735035465792,0.0409394872264374,0.0419542005699179,subsetted_512x512_HLS.S30.T14SPB.2018035.v1.4,0.0370774128297382,0.0715036551197656,0.0588792161733476,0.5370265934681505,0.0409394872264374,0.9134899654005638,subsetted_512x512_HLS.S30.T14SPB.2018035.v1.4,0.0658766626360338,0.123610291782003,0.0881766292333615,0.6146647401454932,0.0409394872264374,0.1271901214222771,subsetted_512x512_HLS.S30.T14SPB.2018035.v1.4,0.0424265185507303,0.0813995380887188,0.0461931140752983,0.5167236119342431,0.0409394872264374,0.9649504278199303,subsetted_512x512_HLS.S30.T14SPB.2018035.v1.4,0.7815888470900642,0.8774065333498944,0.9824357477308524,0.9992518151889164,0.0409394872264374,0.0511972473039524
TX3300809836120180710,subsetted_512x512_HLS.S30.T14SNB.2018215.v1.4,0.691183879093199,0.8173964849568067,0.8353238339592035,0.9419105918625388,0.0225143432617187,0.0159034729003906,subsetted_512x512_HLS.S30.T14SNB.2018215.v1.4,0.0235562149435927,0.0460281801813706,0.0517022017720239,0.6599559699356656,0.0225143432617187,0.9012374877929688,subsetted_512x512_HLS.S30.T14SNB.2018215.v1.4,0.0416392570716755,0.0799494773050979,0.0971963572826348,0.7118935353969582,0.0225143432617187,0.261383056640625,subsetted_512x512_HLS.S30.T14SNB.2018215.v1.4,0.0083112319881075,0.0164854495803246,0.0170518628388486,0.4005611345601106,0.0225143432617187,0.4328765869140625,subsetted_512x512_HLS.S30.T14SNB.2018215.v1.4,0.5165947560570859,0.6812561549403655,0.8973687636217766,0.9968302239577188,0.0225143432617187,0.0123481750488281
TX3312809957020190729,subsetted_512x512_HLS.S30.T14SMB.2019228.v1.4,0.7899443225915302,0.8826468093128476,0.9216408085007428,0.9760616066286394,0.0429544743608328,0.0379876248388253,subsetted_512x512_HLS.S30.T14SMB.2019228.v1.4,0.0447687016678925,0.0857006945105127,0.0759583746035915,0.6774416460757492,0.0429544743608328,0.9594755434160632,subsetted_512x512_HLS.S30.T14SMB.2019228.v1.4,0.1188845736870274,0.2125055193053034,0.2301717707923886,0.8193949016241462,0.0429544743608328,0.2680725419435564,subsetted_512x512_HLS.S30.T14SMB.2019228.v1.4,0.043650685967041,0.0836499923853248,0.0325440168303886,0.3912255641313816,0.0429544743608328,0.9840503856747208,subsetted_512x512_HLS.S30.T14SMB.2019228.v1.4,0.8888612630532073,0.9411609845991838,0.9861384251346128,0.9993732965420472,0.0429544743608328,0.0439882809817729
TX3332410108120190809,subsetted_512x512_HLS.S30.T14SKB.2019268.v1.4,0.398156974896727,0.5695454545454546,0.608718138603274,0.9001748329320493,0.0333251953125,0.01702880859375,subsetted_512x512_HLS.S30.T14SKB.2019268.v1.4,0.0342233922527265,0.0661818181818181,0.0428899085844073,0.5363142832872971,0.0333251953125,0.9737548828125,subsetted_512x512_HLS.S30.T14SKB.2019268.v1.4,0.0421401176778865,0.0808722684465575,0.0398349994797624,0.5615361332502143,0.0333251953125,0.1335601806640625,subsetted_512x512_HLS.S30.T14SKB.2019268.v1.4,0.0333263394815648,0.0645030291171812,0.0334247770342397,0.5010575830281602,0.0333251953125,0.9999656677246094,subsetted_512x512_HLS.S30.T14SKB.2019268.v1.4,0.0,0.0,0.0252040242430854,0.3816776000766345,0.0333251953125,0.0004081726074218
TX3362710093720190817,subsetted_512x512_HLS.S30.T14SLC.2019258.v1.4,0.7114883984153934,0.831426492956815,0.8617497865478634,0.9657925159278492,0.0298379343496772,0.0278502647682705,subsetted_512x512_HLS.S30.T14SLC.2019258.v1.4,0.0309703324727163,0.0600799683506623,0.0649300565225264,0.6726950874023906,0.0298379343496772,0.9634360359535472,subsetted_512x512_HLS.S30.T14SLC.2019258.v1.4,0.0985717665148737,0.1794543961885792,0.2581260877855682,0.8968551164287403,0.0298379343496772,0.2536357948389263,subsetted_512x512_HLS.S30.T14SLC.2019258.v1.4,0.0343673785021712,0.0664510099920926,0.0811717433317065,0.6281486453723623,0.0298379343496772,0.7662409009751407,subsetted_512x512_HLS.S30.T14SLC.2019258.v1.4,0.7338181818181818,0.8464765100671141,0.9297276247637748,0.996714854601551,0.0298379343496772,0.0338285339315417
TX3378209927320180716,subsetted_512x512_HLS.S30.T14SMC.2018213.v1.4,0.5618447176843498,0.7194629675059658,0.6259043585247338,0.9657655711098968,0.0731697082519531,0.0978775024414062,subsetted_512x512_HLS.S30.T14SMC.2018213.v1.4,0.0740932520535693,0.137964281801249,0.1248747383733641,0.61148483559227,0.0731697082519531,0.971332550048828,subsetted_512x512_HLS.S30.T14SMC.2018213.v1.4,0.1596806862861908,0.2753873340730695,0.2485442950340115,0.7056187905080897,0.0731697082519531,0.1124763488769531,subsetted_512x512_HLS.S30.T14SMC.2018213.v1.4,0.0731711038800026,0.136364282667425,0.0732636130293955,0.500448627980392,0.0731697082519531,0.999980926513672,subsetted_512x512_HLS.S30.T14SMC.2018213.v1.4,0.5669498510112218,0.7236349659120794,0.6866153311641847,0.9783411603918116,0.0731697082519531,0.1153945922851562
TX3401610055920180125,subsetted_512x512_HLS.S30.T14SLC.2018038.v1.4,0.8979584329593526,0.9462361423366152,0.9685705149469384,0.9851935727751604,0.1028099060058593,0.0940132141113281,subsetted_512x512_HLS.S30.T14SLC.2018038.v1.4,0.1031201328153079,0.1869608390740396,0.1058490570044024,0.5100911350586721,0.1028099060058593,0.8806495666503906,subsetted_512x512_HLS.S30.T14SLC.2018038.v1.4,0.1434655162878159,0.2509310761789601,0.2616775339997641,0.6369085406121494,0.1028099060058593,0.291534423828125,subsetted_512x512_HLS.S30.T14SLC.2018038.v1.4,0.1965349998793523,0.3285068968298782,0.2959809943746665,0.6723213118506781,0.1028099060058593,0.0863533020019531,subsetted_512x512_HLS.S30.T14SLC.2018038.v1.4,0.8959464667344007,0.9451178948924532,0.989251887644458,0.9987680924988124,0.1028099060058593,0.1036262512207031
TX3402609987020190820,subsetted_512x512_HLS.S30.T14SMC.2019258.v1.4,0.5633440640703518,0.7206910839621813,0.8828932985431803,0.9263339469616492,0.1940231323242187,0.1097908020019531,subsetted_512x512_HLS.S30.T14SMC.2019258.v1.4,0.179569832430594,0.3044666411323466,0.2230292780540287,0.5172755670059814,0.1940231323242187,0.6923866271972656,subsetted_512x512_HLS.S30.T14SMC.2019258.v1.4,0.1707281466175546,0.291661470873181,0.3250821346250234,0.6005054288885207,0.1940231323242187,0.2036628723144531,subsetted_512x512_HLS.S30.T14SMC.2019258.v1.4,0.1893665195762473,0.3184325713888696,0.4135576980836963,0.7087322137277504,0.1940231323242187,0.0805015563964843,subsetted_512x512_HLS.S30.T14SMC.2019258.v1.4,0.8157980926692997,0.898555952848306,0.9852760762383712,0.9963537399232087,0.1940231323242187,0.1655082702636718
TX3447710074220200711,subsetted_512x512_HLS.S30.T14SLD.2020218.v1.4,0.8143117778228258,0.8976536312849162,0.9413754604242048,0.9920357142013048,0.017547607421875,0.0165939331054687,subsetted_512x512_HLS.S30.T14SLD.2020218.v1.4,0.0184854481393889,0.0362998767889299,0.0256165248993489,0.6240188527515433,0.017547607421875,0.94842529296875,subsetted_512x512_HLS.S30.T14SLD.2020218.v1.4,0.0764472395484303,0.1420362034287903,0.1254917441160905,0.8759221539519124,0.017547607421875,0.1417694091796875,subsetted_512x512_HLS.S30.T14SLD.2020218.v1.4,0.0176923076923076,0.0347694633408919,0.0164907122187951,0.5145824803765063,0.017547607421875,0.9918212890625,subsetted_512x512_HLS.S30.T14SLD.2020218.v1.4,0.7896849287577764,0.8824848620766989,0.940665495986403,0.998621222089193,0.017547607421875,0.0164718627929687
TX3455510115820180717,subsetted_512x512_HLS.S30.T14SLD.2018218.v1.4,0.6733333333333333,0.8047808764940239,0.8519254512590295,0.9491469327472212,0.0429649353027343,0.0336341857910156,subsetted_512x512_HLS.S30.T14SLD.2018218.v1.4,0.0440858152724881,0.0844486432582795,0.0993356396657655,0.6324259060869726,0.0429649353027343,0.9745750427246094,subsetted_512x512_HLS.S30.T14SLD.2018218.v1.4,0.0904493360014553,0.1658936972406659,0.1128675921359967,0.6466243923297015,0.0429649353027343,0.1856956481933593,subsetted_512x512_HLS.S30.T14SLD.2018218.v1.4,0.0429652631016777,0.0823905927104478,0.0429887136973805,0.5001415013492452,0.0429649353027343,0.9999923706054688,subsetted_512x512_HLS.S30.T14SLD.2018218.v1.4,0.7349889436979078,0.8472549019607843,0.8969603787821149,0.987249642373036,0.0429649353027343,0.0348548889160156
TX3464410105120180510,subsetted_512x512_HLS.S30.T14SLD.2018163.v1.4,0.332646124700507,0.4992264916168416,0.6666815778144016,0.9360759648980864,0.0623245239257812,0.0289115905761718,subsetted_512x512_HLS.S30.T14SLD.2018163.v1.4,0.0628620271532788,0.1182882171859044,0.1335510026437367,0.6542417955189275,0.0623245239257812,0.9575233459472656,subsetted_512x512_HLS.S30.T14SLD.2018163.v1.4,0.1626172906109708,0.2797434580136226,0.2353930999759437,0.7775703028502422,0.0623245239257812,0.1678581237792968,subsetted_512x512_HLS.S30.T14SLD.2018163.v1.4,0.0744951764635388,0.138660792705879,0.1933607576831182,0.7471052036985693,0.0623245239257812,0.7585487365722656,subsetted_512x512_HLS.S30.T14SLD.2018163.v1.4,0.3627194847803633,0.532346515671675,0.7359869049550997,0.8755551913537318,0.0623245239257812,0.0232353210449218
TX3481010130620180508,subsetted_512x512_HLS.S30.T14SKD.2018156.v1.4,0.8905276939386741,0.9420943123910266,0.97472124992248,0.9682111398651008,0.6285781860351562,0.6163139343261719,subsetted_512x512_HLS.S30.T14SKD.2018156.v1.4,0.6143064356645159,0.7610778500200203,0.647917160710559,0.5328347972203779,0.6285781860351562,0.9719772338867188,subsetted_512x512_HLS.S30.T14SKD.2018156.v1.4,0.0888690521934984,0.1632318450312717,0.6788909529517958,0.5724874135461777,0.6285781860351562,0.0740585327148437,subsetted_512x512_HLS.S30.T14SKD.2018156.v1.4,0.6285853796239428,0.7719403446555435,0.628696225161756,0.500133753810042,0.6285781860351562,0.9999885559082032,subsetted_512x512_HLS.S30.T14SKD.2018156.v1.4,0.9140815240166263,0.955112426035503,0.9728694912280323,0.969736722116438,0.6285781860351562,0.6607894897460938
TX3482010022020180413,subsetted_512x512_HLS.S30.T14SMD.2018138.v1.4,0.3239706937699227,0.4893925451588912,0.922671081085151,0.9578751287381186,0.2276268005371093,0.0749969482421875,subsetted_512x512_HLS.S30.T14SMD.2018138.v1.4,0.2285759938891552,0.3720990724645037,0.2428207062079638,0.536631282129634,0.2276268005371093,0.974933624267578,subsetted_512x512_HLS.S30.T14SMD.2018138.v1.4,0.1413657185469266,0.2477132723539294,0.221129956718907,0.491753558971295,0.2276268005371093,0.2628211975097656,subsetted_512x512_HLS.S30.T14SMD.2018138.v1.4,0.2319942838996506,0.3766158446211545,0.2408976923640119,0.5184443346225891,0.2276268005371093,0.956317901611328,subsetted_512x512_HLS.S30.T14SMD.2018138.v1.4,0.1749334583256608,0.2977759414136521,0.8237190161412264,0.8290237741306937,0.2276268005371093,0.0401153564453125
TX3506710118520180402,subsetted_512x512_HLS.S30.T14SLD.2018138.v1.4,0.4369503674256114,0.6081634791721247,0.7756589347995622,0.95118361920054,0.2274093627929687,0.1366081237792968,subsetted_512x512_HLS.S30.T14SLD.2018138.v1.4,0.2105656495069493,0.3478797694164054,0.2327592763855279,0.5132319310403007,0.2274093627929687,0.72418212890625,subsetted_512x512_HLS.S30.T14SLD.2018138.v1.4,0.1326011584694915,0.2341533159804963,0.2483748650827884,0.5634534866087451,0.2274093627929687,0.1888046264648437,subsetted_512x512_HLS.S30.T14SLD.2018138.v1.4,0.0283509700176366,0.0551387042833254,0.2331819754680471,0.5109226745288035,0.2274093627929687,0.0395011901855468,subsetted_512x512_HLS.S30.T14SLD.2018138.v1.4,0.3457931139317473,0.5138874769859826,0.6951735961638359,0.8976424750872345,0.2274093627929687,0.1103172302246093
TX3522410013020180413,subsetted_512x512_HLS.S30.T14SLE.2018138.v1.4,0.3844890760646466,0.5554237772067383,0.626657652360151,0.8880745511310831,0.2049713134765625,0.1424026489257812,subsetted_512x512_HLS.S30.T14SLE.2018138.v1.4,0.1990744060852062,0.3320467938852162,0.2232148224268433,0.5304884748369458,0.2049713134765625,0.7517623901367188,subsetted_512x512_HLS.S30.T14SLE.2018138.v1.4,0.0320129672778847,0.0620398547167959,0.270145338857597,0.6160281947364711,0.2049713134765625,0.0281906127929687,subsetted_512x512_HLS.S30.T14SLE.2018138.v1.4,0.2003031471460291,0.3337542646993663,0.3230036002362707,0.6150304534161477,0.2049713134765625,0.828155517578125,subsetted_512x512_HLS.S30.T14SLE.2018138.v1.4,0.3368971752602658,0.5039986342923928,0.7855424837677264,0.933357057965324,0.2049713134765625,0.0855216979980468
TX3540410187920200820,subsetted_512x512_HLS.S30.T14SKE.2020281.v1.4,0.774886967557706,0.8731676796567751,0.9418715776076838,0.9896464319777784,0.047119140625,0.038238525390625,subsetted_512x512_HLS.S30.T14SKE.2020281.v1.4,0.0463210667981672,0.0885408279887046,0.0580684646072304,0.5457814120259974,0.047119140625,0.9241676330566406,subsetted_512x512_HLS.S30.T14SKE.2020281.v1.4,0.0933928913978789,0.1708313491566204,0.1079184885254932,0.5902137043369825,0.047119140625,0.1050834655761718,subsetted_512x512_HLS.S30.T14SKE.2020281.v1.4,0.0489892399766793,0.0934027502088933,0.0528247017063678,0.52751889572124,0.047119140625,0.9618263244628906,subsetted_512x512_HLS.S30.T14SKE.2020281.v1.4,0.6536065257884257,0.7905224315401048,0.8530221729151475,0.9919089139417882,0.047119140625,0.0510902404785156
TX3546110085220180323,subsetted_512x512_HLS.S30.T14SLE.2018098.v1.4,0.7478109884658316,0.855711508167407,0.917045681536816,0.9783218563765064,0.125152587890625,0.1436424255371093,subsetted_512x512_HLS.S30.T14SLE.2018098.v1.4,0.12530076778913,0.2226973825589891,0.1685650039971095,0.5802584269165878,0.125152587890625,0.9399261474609376,subsetted_512x512_HLS.S30.T14SLE.2018098.v1.4,0.1613866025588786,0.27792055152573,0.2053091030849622,0.6165779581768018,0.125152587890625,0.3097648620605469,subsetted_512x512_HLS.S30.T14SLE.2018098.v1.4,0.129055098596868,0.2286072641755944,0.1385248513702034,0.5265739084219788,0.125152587890625,0.9697608947753906,subsetted_512x512_HLS.S30.T14SLE.2018098.v1.4,0.8632952691680261,0.926632813867974,0.981879217603748,0.997227587431636,0.125152587890625,0.1362762451171875
TX3565810161920180413,subsetted_512x512_HLS.S30.T14SKE.2018156.v1.4,0.409844175117487,0.5814035087719298,0.5369252774151242,0.9521803483262186,0.0244789123535156,0.0190086364746093,subsetted_512x512_HLS.S30.T14SKE.2018156.v1.4,0.025849842155831,0.0503969315850503,0.0276005475893709,0.569642625183926,0.0244789123535156,0.8308525085449219,subsetted_512x512_HLS.S30.T14SKE.2018156.v1.4,0.0570253899507265,0.1078978622327791,0.0804579741671502,0.5715832569276429,0.0244789123535156,0.1040000915527343,subsetted_512x512_HLS.S30.T14SKE.2018156.v1.4,0.0254260457486557,0.0495911837895485,0.0259620527626478,0.5443599893033282,0.0244789123535156,0.962749481201172,subsetted_512x512_HLS.S30.T14SKE.2018156.v1.4,0.3762418393414703,0.5467670413529958,0.5661826794505002,0.746446623897006,0.0244789123535156,0.01251220703125
TX3568810093120201011,subsetted_512x512_HLS.S30.T14SLE.2020323.v1.4,0.7624718679669917,0.8652301143921256,0.9444073504664362,0.9855401040631392,0.1625328063964843,0.195953369140625,subsetted_512x512_HLS.S30.T14SLE.2020323.v1.4,0.1633473585787751,0.2808230188072657,0.1907829508332767,0.5602829387300773,0.1625328063964843,0.5019416809082031,subsetted_512x512_HLS.S30.T14SLE.2020323.v1.4,0.1480980357248828,0.2579884837645891,0.1905101370999031,0.5372801610453926,0.1625328063964843,0.2064743041992187,subsetted_512x512_HLS.S30.T14SLE.2020323.v1.4,0.0795161126359662,0.1473180653909899,0.2052115219651181,0.5463792454372937,0.1625328063964843,0.0400123596191406,subsetted_512x512_HLS.S30.T14SLE.2020323.v1.4,0.7550222689944187,0.8604133204839919,0.93418017590722,0.9862412563663494,0.1625328063964843,0.1937217712402343
TX3570310164720200711,subsetted_512x512_HLS.S30.T14SKE.2020216.v1.4,0.627375533761907,0.7710273636861682,0.8262208305782995,0.967682908386426,0.0721707353396034,0.0602606547298561,subsetted_512x512_HLS.S30.T14SKE.2020216.v1.4,0.0734545484694723,0.1368563737965498,0.112702005308114,0.5898115186473645,0.0721707353396034,0.9166179800594932,subsetted_512x512_HLS.S30.T14SKE.2020216.v1.4,0.1339521607850538,0.2362571639571046,0.1765207109468381,0.7293244767532875,0.0721707353396034,0.2949491940934554,subsetted_512x512_HLS.S30.T14SKE.2020216.v1.4,0.0784400137106431,0.145469405276888,0.1296438229833857,0.6814868863947591,0.0721707353396034,0.8529282607616495,subsetted_512x512_HLS.S30.T14SKE.2020216.v1.4,0.7602124183006536,0.8637734973311674,0.947885011431392,0.9948095930340488,0.0721707353396034,0.0759167401738971
TX3573210066420190313,subsetted_512x512_HLS.S30.T14SLE.2019098.v1.4,0.5055228520404789,0.6715578595905456,0.6409259707379227,0.9642370464204668,0.0389442443847656,0.0478858947753906,subsetted_512x512_HLS.S30.T14SLE.2019098.v1.4,0.0405817431665807,0.0779981840601718,0.0544650022891801,0.6154174712021246,0.0389442443847656,0.9231643676757812,subsetted_512x512_HLS.S30.T14SLE.2019098.v1.4,0.0706015657189946,0.1318913926145438,0.0935749880891496,0.5825402708338663,0.0389442443847656,0.1592941284179687,subsetted_512x512_HLS.S30.T14SLE.2019098.v1.4,0.0401161557020818,0.0771378378888909,0.0431792516273109,0.523214321154266,0.0389442443847656,0.9707870483398438,subsetted_512x512_HLS.S30.T14SLE.2019098.v1.4,0.433861522562866,0.6051651651651652,0.5457009979566392,0.966588806769214,0.0389442443847656,0.0563278198242187
TX3575010162220190313,subsetted_512x512_HLS.S30.T14SKE.2019111.v1.4,0.4944075712881022,0.6616770160792861,0.5283405504431844,0.956015674606592,0.0449943542480468,0.0477676391601562,subsetted_512x512_HLS.S30.T14SKE.2019111.v1.4,0.0456415601514071,0.0872986726824405,0.0720172245133564,0.6368401631627463,0.0449943542480468,0.9729728698730468,subsetted_512x512_HLS.S30.T14SKE.2019111.v1.4,0.092646078649189,0.1695811305408702,0.1425004810953274,0.6020101273086528,0.0449943542480468,0.1050910949707031,subsetted_512x512_HLS.S30.T14SKE.2019111.v1.4,0.04499486917346,0.0861150049646632,0.0450092918716157,0.5000858801113646,0.0449943542480468,0.9999885559082032,subsetted_512x512_HLS.S30.T14SKE.2019111.v1.4,0.0,0.0,0.0281104517736893,0.2729609812306937,0.0449943542480468,0.0001678466796875
TX3582410101520190807,subsetted_512x512_HLS.S30.T14SLE.2019248.v1.4,0.5742548818088387,0.7295576954463848,0.8323950762092454,0.9579506723638184,0.0281333923339843,0.0186119079589843,subsetted_512x512_HLS.S30.T14SLE.2019248.v1.4,0.0288994690334842,0.056175496058194,0.0479403238057764,0.6536682113694088,0.0281333923339843,0.973491668701172,subsetted_512x512_HLS.S30.T14SLE.2019248.v1.4,0.0713107063124858,0.1331279635166561,0.0703042905420284,0.7203173427094574,0.0281333923339843,0.098175048828125,subsetted_512x512_HLS.S30.T14SLE.2019248.v1.4,0.0281337142987933,0.0547277341604951,0.0281426249150951,0.5000824276108946,0.0281333923339843,0.9999885559082032,subsetted_512x512_HLS.S30.T14SLE.2019248.v1.4,0.0,0.0,0.1034657495190332,0.8105042934540037,0.0281333923339843,0.000762939453125
UT3715711356620200714,subsetted_512x512_HLS.S30.T12STG.2020241.v1.4,0.7475460746436956,0.8555380433057956,0.9265547911038896,0.9503871867850416,0.2049903869628906,0.1556396484375,subsetted_512x512_HLS.S30.T12STG.2020241.v1.4,0.2086949928188476,0.34532283836494,0.2312604691940034,0.5510191294666633,0.2049903869628906,0.8287429809570312,subsetted_512x512_HLS.S30.T12STG.2020241.v1.4,0.198045317088136,0.330614066535459,0.3149947563649641,0.5884233068071363,0.2049903869628906,0.3163986206054687,subsetted_512x512_HLS.S30.T12STG.2020241.v1.4,0.2130754925712835,0.3512979923774408,0.2186509071526711,0.5565410823249786,0.2049903869628906,0.962055206298828,subsetted_512x512_HLS.S30.T12STG.2020241.v1.4,0.7912731118485832,0.8834756761708928,0.9554520659841572,0.9659544191192194,0.2049903869628906,0.1697540283203125
UT3732811369420200927,subsetted_512x512_HLS.S30.T12STG.2020291.v1.4,0.4489352685665854,0.619676086718093,0.5534754698064884,0.9398394231187494,0.0424832985505698,0.0618764378889215,subsetted_512x512_HLS.S30.T12STG.2020291.v1.4,0.0439047842308318,0.0841164537112103,0.0589328661669971,0.5904013699369154,0.0424832985505698,0.9599127060735664,subsetted_512x512_HLS.S30.T12STG.2020291.v1.4,0.0789706955886953,0.1463815392050259,0.1247424755394953,0.6559167578484111,0.0424832985505698,0.2733085847930012,subsetted_512x512_HLS.S30.T12STG.2020291.v1.4,0.0428595622820455,0.0821962301199171,0.042828655402833,0.551979417688424,0.0424832985505698,0.9912210085348128,subsetted_512x512_HLS.S30.T12STG.2020291.v1.4,0.463134616289465,0.6330717777206072,0.709511788412923,0.9780292188663456,0.0424832985505698,0.0761570832840524
UT3739711342320180627,subsetted_512x512_HLS.S30.T12STG.2018186.v1.4,0.7453784889668275,0.8541167359156036,0.9255505017350788,0.960636212416791,0.2043838500976562,0.1601066589355468,subsetted_512x512_HLS.S30.T12STG.2018186.v1.4,0.1986568297108157,0.331465728616827,0.2188350169928268,0.5288621060884343,0.2043838500976562,0.7835350036621094,subsetted_512x512_HLS.S30.T12STG.2018186.v1.4,0.2428363363988182,0.3907776579858437,0.3464708274339495,0.646671417100827,0.2043838500976562,0.3652763366699219,subsetted_512x512_HLS.S30.T12STG.2018186.v1.4,0.2026144868286571,0.3369566707332118,0.4188038795691999,0.6688810816888986,0.2043838500976562,0.0739097595214843,subsetted_512x512_HLS.S30.T12STG.2018186.v1.4,0.8202353111800004,0.9012409616955162,0.978322924975092,0.99312057301088,0.2043838500976562,0.1786346435546875
UT3783510979920190726,subsetted_512x512_HLS.S30.T12SXG.2019235.v1.4,0.0935104752171691,0.1710280373831775,0.1559147691683372,0.7708878797027378,0.024201794817008,0.0084589908732944,subsetted_512x512_HLS.S30.T12SXG.2019235.v1.4,0.0251751147853027,0.0491137844105297,0.0420730139350946,0.6752861068813967,0.024201794817008,0.9580751503311864,subsetted_512x512_HLS.S30.T12SXG.2019235.v1.4,0.0381684319297339,0.0735303265940902,0.0602459098475043,0.6790555025646232,0.024201794817008,0.3438043710509447,subsetted_512x512_HLS.S30.T12SXG.2019235.v1.4,0.0242525971270059,0.047356671967508,0.0224624781926487,0.4658837921280313,0.024201794817008,0.997905283721498,subsetted_512x512_HLS.S30.T12SXG.2019235.v1.4,0.0540412793445722,0.10254110612855,0.3808768387645985,0.8230646275469731,0.024201794817008,0.0013239827844082
UT3800311315120190905,subsetted_512x512_HLS.S30.T12SUH.2019298.v1.4,0.6258939430795427,0.7699074662816705,0.9307132053256296,0.9453278397553636,0.3107986450195312,0.1991539001464843,subsetted_512x512_HLS.S30.T12SUH.2019298.v1.4,0.3089962537037696,0.4721117464308596,0.3305305165780846,0.5205416207171594,0.3107986450195312,0.9514541625976562,subsetted_512x512_HLS.S30.T12SUH.2019298.v1.4,0.2148243142861147,0.3536714103592092,0.3370164579865332,0.5234828977438457,0.3107986450195312,0.3504905700683594,subsetted_512x512_HLS.S30.T12SUH.2019298.v1.4,0.3128893811435692,0.4766424127385848,0.3145440204951404,0.5119866639814868,0.3107986450195312,0.9914932250976562,subsetted_512x512_HLS.S30.T12SUH.2019298.v1.4,0.7059891736837235,0.827659617744571,0.9293548531735172,0.9571318198113308,0.3107986450195312,0.2518424987792969
UT3806611313920180720,subsetted_512x512_HLS.S30.T12SUH.2018228.v1.4,0.6129298941798942,0.7600205023065095,0.7114754653982238,0.9282372102910468,0.0203933715820312,0.0168190002441406,subsetted_512x512_HLS.S30.T12SUH.2018228.v1.4,0.0300720735647419,0.0583882901721087,0.0320467081081902,0.653660459036561,0.0203933715820312,0.3590621948242187,subsetted_512x512_HLS.S30.T12SUH.2018228.v1.4,0.0777534387148974,0.1442879900390017,0.181335402536459,0.8434860511286124,0.0203933715820312,0.1879386901855468,subsetted_512x512_HLS.S30.T12SUH.2018228.v1.4,0.4593921928215876,0.6295664662059061,0.647050971097926,0.967322457740348,0.0203933715820312,0.0221061706542968,subsetted_512x512_HLS.S30.T12SUH.2018228.v1.4,0.6834828101644245,0.8119866814650388,0.9501564673175428,0.9986229767509432,0.0203933715820312,0.01397705078125
UT3821211280820200822,subsetted_512x512_HLS.S30.T12SUH.2020268.v1.4,0.8172562553925798,0.8994397493115563,0.942684801202114,0.985939297110842,0.0196647644042968,0.0205078125,subsetted_512x512_HLS.S30.T12SUH.2020268.v1.4,0.0219563202035228,0.0429691950026792,0.0350452946138861,0.7077265611450858,0.0196647644042968,0.8844451904296875,subsetted_512x512_HLS.S30.T12SUH.2020268.v1.4,0.0539486157361269,0.1023742807393826,0.0684817266228937,0.8409415150479953,0.0196647644042968,0.3111495971679687,subsetted_512x512_HLS.S30.T12SUH.2020268.v1.4,0.2756341550553769,0.4321523596134995,0.4667739828208802,0.9755378502785632,0.0196647644042968,0.0620574951171875,subsetted_512x512_HLS.S30.T12SUH.2020268.v1.4,0.7856494096276113,0.8799593082400814,0.9594013698425976,0.9991772970585996,0.0196647644042968,0.0178337097167968
UT3867511318120200625,subsetted_512x512_HLS.S30.T12SUH.2020188.v1.4,0.7383169341169737,0.8494618209446625,0.958795091791148,0.9507032421317446,0.4235261751663488,0.3129316093052751,subsetted_512x512_HLS.S30.T12SUH.2020188.v1.4,0.2105179608127721,0.3478146836771015,0.404187693706346,0.4717465274766003,0.4235261751663488,0.3231759916813936,subsetted_512x512_HLS.S30.T12SUH.2020188.v1.4,0.1415087307355435,0.2479328049367801,0.4391289019906086,0.5028371924485338,0.4235261751663488,0.1477205433206347,subsetted_512x512_HLS.S30.T12SUH.2020188.v1.4,0.423765267941289,0.595274063054,0.4313748771116609,0.5089096497613848,0.4235261751663488,0.9994357895914836,subsetted_512x512_HLS.S30.T12SUH.2020188.v1.4,0.7763256722247258,0.8740803382663848,0.9748595670463344,0.9803054249792692,0.4235261751663488,0.3484162473946069
UT3869911350520200824,subsetted_512x512_HLS.S30.T12STH.2020246.v1.4,0.0580108574610245,0.1096602308982666,0.4471869723005334,0.8128480800784068,0.1056289672851562,0.0103492736816406,subsetted_512x512_HLS.S30.T12STH.2020246.v1.4,0.1089230671580509,0.1964483747951948,0.1414792916833682,0.5996307772707798,0.1056289672851562,0.9607086181640624,subsetted_512x512_HLS.S30.T12STH.2020246.v1.4,0.091633245236291,0.1678828409379497,0.1631382317889174,0.5631544978112135,0.1056289672851562,0.1196861267089843,subsetted_512x512_HLS.S30.T12STH.2020246.v1.4,0.1061464506681591,0.1919211522200196,0.1139262895333553,0.5631034820371459,0.1056289672851562,0.9951248168945312,subsetted_512x512_HLS.S30.T12STH.2020246.v1.4,0.1339640355311619,0.2362756336772385,0.689246282315976,0.8660651560078901,0.1056289672851562,0.0141677856445312
UT3887311238420190908,subsetted_512x512_HLS.S30.T12SUJ.2019298.v1.4,0.7101145571388656,0.8304877052528388,0.8687457584781578,0.952429131156216,0.0720291329727414,0.0684448898715486,subsetted_512x512_HLS.S30.T12SUJ.2019298.v1.4,0.0720992908903093,0.1345011446289374,0.1014894874462924,0.6048463412502033,0.0720291329727414,0.9840105270405703,subsetted_512x512_HLS.S30.T12SUJ.2019298.v1.4,0.1071979566648381,0.1936382848605423,0.232844862782504,0.6842567201993301,0.0720291329727414,0.4221106104306447,subsetted_512x512_HLS.S30.T12SUJ.2019298.v1.4,0.0742732081553965,0.1382761993719064,0.0845253063963497,0.5092506349420594,0.0720291329727414,0.9681817138572882,subsetted_512x512_HLS.S30.T12SUJ.2019298.v1.4,0.8889110192700294,0.9411888757084488,0.9877678103272096,0.9990607912461856,0.0720291329727414,0.0730810719832301
UT3930510987820180721,subsetted_512x512_HLS.S30.T12SWJ.2018238.v1.4,0.5811233768980247,0.7350765732628904,0.8085058697187315,0.9027290100489682,0.1579218420972319,0.1272927030243842,subsetted_512x512_HLS.S30.T12SWJ.2018238.v1.4,0.1579505695648316,0.2728105563680337,0.1656605026790506,0.5258946479993888,0.1579218420972319,0.9872051149021882,subsetted_512x512_HLS.S30.T12SWJ.2018238.v1.4,0.1726755795830898,0.2944984658834279,0.2375201083377118,0.6079330987209822,0.1579218420972319,0.576883754997406,subsetted_512x512_HLS.S30.T12SWJ.2018238.v1.4,0.1614735673541372,0.2780494914266153,0.1305167536962005,0.4437355867333298,0.1579218420972319,0.967604602191229,subsetted_512x512_HLS.S30.T12SWJ.2018238.v1.4,0.7762967974740641,0.8740620357791292,0.9374588186967612,0.9767764053064344,0.1579218420972319,0.1425366985076449
UT3932711339120200719,subsetted_512x512_HLS.S30.T12STJ.2020241.v1.4,0.2751019367991845,0.4314979514339962,0.4373206325702631,0.8810858336691899,0.0268287658691406,0.0113449096679687,subsetted_512x512_HLS.S30.T12STJ.2020241.v1.4,0.027619384228715,0.0537541129577755,0.0535366646421652,0.6938891959633502,0.0268287658691406,0.97137451171875,subsetted_512x512_HLS.S30.T12STJ.2020241.v1.4,0.035377619284569,0.068337616393552,0.0380445626076008,0.6255901904384438,0.0268287658691406,0.5446701049804688,subsetted_512x512_HLS.S30.T12STJ.2020241.v1.4,0.0277998474229901,0.0540958387816321,0.0933163912304025,0.7749062862381916,0.0268287658691406,0.965068817138672,subsetted_512x512_HLS.S30.T12STJ.2020241.v1.4,0.4426999629125973,0.6137103684661526,0.683025030817749,0.9406816002876492,0.0268287658691406,0.0176887512207031
UT3942511234720200626,subsetted_512x512_HLS.S30.T12SUJ.2020186.v1.4,0.6855890015473372,0.8134711378847158,0.9779655501335778,0.9244530906550236,0.771026611328125,0.5296554565429688,subsetted_512x512_HLS.S30.T12SUJ.2020186.v1.4,0.7515424538412077,0.8581492868677466,0.790020473413941,0.5276847438097787,0.771026611328125,0.974689483642578,subsetted_512x512_HLS.S30.T12SUJ.2020186.v1.4,0.1115118339961891,0.2006489370342979,0.7855925278270659,0.5494432750433701,0.771026611328125,0.1213111877441406,subsetted_512x512_HLS.S30.T12SUJ.2020186.v1.4,0.7710151672363281,0.8707041944078869,0.7710370065103824,0.4999017440652211,0.771026611328125,0.9999885559082032,subsetted_512x512_HLS.S30.T12SUJ.2020186.v1.4,0.6820340768337998,0.8109634474441043,0.9696079382648022,0.9005899095767722,0.771026611328125,0.544769287109375
UT3952611225620191026,subsetted_512x512_HLS.S30.T12SUJ.2019308.v1.4,0.7317648380032568,0.8451087837618754,0.8965905254096038,0.9783067704665914,0.0570015984252268,0.0606524169028699,subsetted_512x512_HLS.S30.T12SUJ.2019308.v1.4,0.0584678607489009,0.1104764025759516,0.1166087934945336,0.6491335800439091,0.0570015984252268,0.9707781927494822,subsetted_512x512_HLS.S30.T12SUJ.2019308.v1.4,0.0871444037081176,0.1603179916317991,0.1885854226675829,0.6595746945594635,0.0570015984252268,0.3988738541122255,subsetted_512x512_HLS.S30.T12SUJ.2019308.v1.4,0.0592372343799555,0.1118488520933296,0.0628506930943769,0.5363624837381153,0.0570015984252268,0.9622596163016484,subsetted_512x512_HLS.S30.T12SUJ.2019308.v1.4,0.8167524461286126,0.8991345495299172,0.9667277635773682,0.9980865615072504,0.0570015984252268,0.0655392491597776
UT3979911153620200731,subsetted_512x512_HLS.S30.T12TVK.2020228.v1.4,0.6315465187923598,0.7741691842900302,0.911711154148112,0.969641778584938,0.0260658264160156,0.0345420837402343,subsetted_512x512_HLS.S30.T12TVK.2020228.v1.4,0.0267811649983146,0.052165282946846,0.050142350397148,0.6831453337050707,0.0260658264160156,0.9732894897460938,subsetted_512x512_HLS.S30.T12TVK.2020228.v1.4,0.0547807674053521,0.103871380855961,0.0699898718716044,0.5757645225829359,0.0260658264160156,0.1943588256835937,subsetted_512x512_HLS.S30.T12TVK.2020228.v1.4,0.0260666219061861,0.0508088292702876,0.0261162369380594,0.500658021001837,0.0260658264160156,0.999969482421875,subsetted_512x512_HLS.S30.T12TVK.2020228.v1.4,0.7415010318236125,0.8515654234751154,0.95783342890854,0.9993743262060012,0.0260658264160156,0.0350990295410156
UT4009411287320200914,subsetted_512x512_HLS.S30.T12TUK.2020286.v1.4,0.5252414398595259,0.6887321916822564,0.8772700946649171,0.9358983904073374,0.2383537292480468,0.1327629089355468,subsetted_512x512_HLS.S30.T12TUK.2020286.v1.4,0.2010539305996642,0.3347958413479097,0.2562586200415736,0.51820693749192,0.2383537292480468,0.545013427734375,subsetted_512x512_HLS.S30.T12TUK.2020286.v1.4,0.2092700394469763,0.346109690342911,0.342531049081614,0.6065374633924608,0.2383537292480468,0.2434463500976562,subsetted_512x512_HLS.S30.T12TUK.2020286.v1.4,0.0,0.0,0.2443233140037303,0.4666760158468604,0.2383537292480468,0.0039520263671875,subsetted_512x512_HLS.S30.T12TUK.2020286.v1.4,0.7332471553278754,0.8460964762860589,0.9915821606010028,0.9971862613934068,0.2383537292480468,0.1759490966796875
UT4020111189120200628,subsetted_512x512_HLS.S30.T12TVK.2020188.v1.4,0.8113210785575752,0.8958335307439379,0.9386427624159052,0.9477041558905912,0.221893310546875,0.1806831359863281,subsetted_512x512_HLS.S30.T12TVK.2020188.v1.4,0.222173969178042,0.3635717578365089,0.2248658239288216,0.497898463998507,0.221893310546875,0.969757080078125,subsetted_512x512_HLS.S30.T12TVK.2020188.v1.4,0.1729293212316498,0.2948674197181176,0.3070446737282883,0.5614350315558225,0.221893310546875,0.2252349853515625,subsetted_512x512_HLS.S30.T12TVK.2020188.v1.4,0.2273959383495279,0.3705339593274292,0.2514274345493279,0.5193190299770694,0.221893310546875,0.9716835021972656,subsetted_512x512_HLS.S30.T12TVK.2020188.v1.4,0.9108629703737172,0.9533524742442157,0.9870866626870748,0.9960629509211908,0.221893310546875,0.2298431396484375
UT4032611166920201017,subsetted_512x512_HLS.S30.T12TVK.2020308.v1.4,0.5021104170184029,0.6685399572889739,0.7911076758146159,0.921008725394139,0.0575543136170293,0.0782077936940889,subsetted_512x512_HLS.S30.T12TVK.2020308.v1.4,0.0587730114520506,0.1110209852656645,0.0733935128707059,0.5728321480906893,0.0575543136170293,0.9677189234554714,subsetted_512x512_HLS.S30.T12TVK.2020308.v1.4,0.1323739964115483,0.2337990749187753,0.2096206218366655,0.6869304566442109,0.0575543136170293,0.1807999694813741,subsetted_512x512_HLS.S30.T12TVK.2020308.v1.4,0.057555191869714,0.1088457459472328,0.0576453551682899,0.5005808587804799,0.0575543136170293,0.9999847406870506,subsetted_512x512_HLS.S30.T12TVK.2020308.v1.4,0.8055773762765122,0.892321078964542,0.964002634662784,0.99746775793218,0.0575543136170293,0.0652030442329334
UT4050711296920180727,subsetted_512x512_HLS.S30.T12TUK.2018231.v1.4,0.5957303408650525,0.7466554036217729,0.8955479659946473,0.9311344271815344,0.2259979248046875,0.1352729797363281,subsetted_512x512_HLS.S30.T12TUK.2018231.v1.4,0.2158546722624333,0.355066567060644,0.236049385282613,0.5127329972904198,0.2259979248046875,0.9178314208984376,subsetted_512x512_HLS.S30.T12TUK.2018231.v1.4,0.1801265284326946,0.305266467777684,0.2726131866552845,0.5502955077744989,0.2259979248046875,0.2714042663574219,subsetted_512x512_HLS.S30.T12TUK.2018231.v1.4,0.2306425554279485,0.3748327317475934,0.2400959486194483,0.5099903140919433,0.2259979248046875,0.9798622131347656,subsetted_512x512_HLS.S30.T12TUK.2018231.v1.4,0.8308684878991414,0.9076222496488914,0.9593491088106036,0.9874771933325568,0.2259979248046875,0.2221717834472656
UT4060611070920200821,subsetted_512x512_HLS.S30.T12TWK.2020268.v1.4,0.5536401518167582,0.7127006226884081,0.9411944500285192,0.7408665100295422,0.8300671796378174,0.5097832016571741,subsetted_512x512_HLS.S30.T12TWK.2020268.v1.4,0.8073125987916174,0.893384574789544,0.8498284489493378,0.544342846102107,0.8300671796378174,0.962656361465363,subsetted_512x512_HLS.S30.T12TWK.2020268.v1.4,0.1876389368617761,0.3159865023583587,0.828299801342713,0.4831864373743663,0.8300671796378174,0.1930584855779318,subsetted_512x512_HLS.S30.T12TWK.2020268.v1.4,0.8303404792891955,0.9073071252968788,0.8329932084023719,0.5100145431538473,0.8300671796378174,0.9994354011131754,subsetted_512x512_HLS.S30.T12TWK.2020268.v1.4,0.5511173884320113,0.7106069373500133,0.9448477387078952,0.7377680331340861,0.8300671796378174,0.4686895583539653
UT4154311335720200603,subsetted_512x512_HLS.S30.T11TQG.2020186.v1.4,0.4082896786068243,0.5798376354085505,0.8681188515979172,0.9564652952888264,0.1070327758789062,0.0447425842285156,subsetted_512x512_HLS.S30.T11TQG.2020186.v1.4,0.1161110573005988,0.2080636268964531,0.1537256947219691,0.5839384193184456,0.1070327758789062,0.6402359008789062,subsetted_512x512_HLS.S30.T11TQG.2020186.v1.4,0.108330139873539,0.1954835224203133,0.1260753570725699,0.5594486156276823,0.1070327758789062,0.2460174560546875,subsetted_512x512_HLS.S30.T11TQG.2020186.v1.4,0.0188028549151322,0.0369116651458511,0.1075812723409114,0.4773062685477623,0.1070327758789062,0.0225639343261718,subsetted_512x512_HLS.S30.T11TQG.2020186.v1.4,0.5713486485541452,0.7272079930572554,0.9472355547581564,0.993597865924355,0.1070327758789062,0.0643959045410156
UT4177211363120200720,subsetted_512x512_HLS.S30.T11TQG.2020216.v1.4,0.7183869275166779,0.8361177753544166,0.8341289474635837,0.9383689856051524,0.0508232116699218,0.0366287231445312,subsetted_512x512_HLS.S30.T11TQG.2020216.v1.4,0.0518803768263478,0.0986431118391566,0.0640204990142998,0.5789023995958003,0.0508232116699218,0.9109420776367188,subsetted_512x512_HLS.S30.T11TQG.2020216.v1.4,0.1005839532837373,0.1827828817304337,0.205130696747939,0.7124091084303407,0.0508232116699218,0.2115974426269531,subsetted_512x512_HLS.S30.T11TQG.2020216.v1.4,0.0550350328770076,0.10432835149925,0.106696520354185,0.6621457892018625,0.0508232116699218,0.8825912475585938,subsetted_512x512_HLS.S30.T11TQG.2020216.v1.4,0.7678615422517862,0.8686896840051562,0.9308687758540356,0.9963457710848684,0.0508232116699218,0.0586700439453125
UT4177911224220190715,subsetted_512x512_HLS.S30.T12TUM.2019231.v1.4,0.6125566267859217,0.7597334773996038,0.9092165147059088,0.984806358601082,0.0438053384299049,0.0621125594631814,subsetted_512x512_HLS.S30.T12TUM.2019231.v1.4,0.0459001306502107,0.0877715363161409,0.0613560038067629,0.6212095643905444,0.0438053384299049,0.9273280765401298,subsetted_512x512_HLS.S30.T12TUM.2019231.v1.4,0.1476496891700294,0.2573079408522447,0.226400282335876,0.8209977437332742,0.0438053384299049,0.1569065030880799,subsetted_512x512_HLS.S30.T12TUM.2019231.v1.4,0.048528320554044,0.0925646348367616,0.0522024461158248,0.5756861779099071,0.0438053384299049,0.7647794855361891,subsetted_512x512_HLS.S30.T12TUM.2019231.v1.4,0.6826343697276452,0.8113876454789615,0.981114964231073,0.9989098031002608,0.0438053384299049,0.0627229273242617
UT4180611268420200603,subsetted_512x512_HLS.S30.T12TUM.2020191.v1.4,0.5146029672482971,0.6795219319862001,0.8245752022973534,0.9828412878877462,0.0250663757324218,0.0368537902832031,subsetted_512x512_HLS.S30.T12TUM.2020191.v1.4,0.0258158045683484,0.0503322418184255,0.0468714112928261,0.6759056356307833,0.0250663757324218,0.9709701538085938,subsetted_512x512_HLS.S30.T12TUM.2020191.v1.4,0.0360181743081371,0.0695319352523722,0.0543386247603581,0.5765576677503748,0.0250663757324218,0.1662940979003906,subsetted_512x512_HLS.S30.T12TUM.2020191.v1.4,0.0250666625976096,0.0489073803923903,0.0250690533962062,0.5,0.0250663757324218,0.9999885559082032,subsetted_512x512_HLS.S30.T12TUM.2020191.v1.4,0.160381576986138,0.2764290301862556,0.4819113571804391,0.9681936558474672,0.0250663757324218,0.0046310424804687
UT4185411239220180803,subsetted_512x512_HLS.S30.T12TUM.2018246.v1.4,0.766873458404963,0.8680570244088159,0.94678115916815,0.9794376860308188,0.249298095703125,0.2917556762695312,subsetted_512x512_HLS.S30.T12TUM.2018246.v1.4,0.2479328205688253,0.3973496272913378,0.2808937998261889,0.5446836763771941,0.249298095703125,0.971233367919922,subsetted_512x512_HLS.S30.T12TUM.2018246.v1.4,0.2717486818980668,0.4273622387286233,0.3565698583831866,0.6163755236095554,0.249298095703125,0.4132003784179687,subsetted_512x512_HLS.S30.T12TUM.2018246.v1.4,0.2576006378930581,0.4096700178597772,0.2684949610689223,0.5466045858493479,0.249298095703125,0.9660377502441406,subsetted_512x512_HLS.S30.T12TUM.2018246.v1.4,0.8006505285544505,0.8892903046514051,0.9707430267848636,0.9902286564283368,0.249298095703125,0.2997703552246094
UT4192311225720180627,subsetted_512x512_HLS.S30.T12TUM.2018196.v1.4,0.7948677664310029,0.8857117847868584,0.932365197925724,0.980486953244472,0.0682945251464843,0.0624465942382812,subsetted_512x512_HLS.S30.T12TUM.2018196.v1.4,0.0708637456551274,0.1323487622821236,0.0924882368028226,0.5663256435986641,0.0682945251464843,0.88482666015625,subsetted_512x512_HLS.S30.T12TUM.2018196.v1.4,0.2318985909698652,0.3764897413955042,0.3356352025947043,0.8087638532001262,0.0682945251464843,0.114471435546875,subsetted_512x512_HLS.S30.T12TUM.2018196.v1.4,0.0784912147070025,0.1455574484736558,0.1206561027966759,0.652552164744185,0.0682945251464843,0.7310867309570312,subsetted_512x512_HLS.S30.T12TUM.2018196.v1.4,0.7806602731250276,0.876821126306123,0.9762675883944416,0.9980684164012764,0.0682945251464843,0.0854034423828125
UT4194311112320180816,subsetted_512x512_HLS.S30.T12TVM.2018246.v1.4,0.9438900095551545,0.971135203036675,0.9844948535162722,0.9935043115252372,0.1167201908088718,0.1125196411691425,subsetted_512x512_HLS.S30.T12TVM.2018246.v1.4,0.1299458251649486,0.2300036378221571,0.1604626824037565,0.6076250685112736,0.1167201908088718,0.5544099511083567,subsetted_512x512_HLS.S30.T12TVM.2018246.v1.4,0.0990983469694439,0.1803266236232434,0.1554611243028187,0.5600422744226925,0.1167201908088718,0.0481091266487626,subsetted_512x512_HLS.S30.T12TVM.2018246.v1.4,0.0287023637240713,0.0558030480656506,0.1309478141038224,0.556803855593326,0.1167201908088718,0.0167771580245522,subsetted_512x512_HLS.S30.T12TVM.2018246.v1.4,0.904212025638417,0.9496967916009936,0.9904676298677916,0.9987116012813636,0.1167201908088718,0.1176153899124207
WA4592711962520200907,subsetted_512x512_HLS.S30.T10TGR.2020275.v1.4,0.5781294964028777,0.7326768781911014,0.7505793598002838,0.9444451287746694,0.02386474609375,0.017974853515625,subsetted_512x512_HLS.S30.T10TGR.2020275.v1.4,0.0241559515026979,0.0471724085912013,0.0269897416278411,0.5593930936161848,0.02386474609375,0.9876213073730468,subsetted_512x512_HLS.S30.T10TGR.2020275.v1.4,0.022917962540604,0.0448089942299636,0.0288031129269543,0.485686136731735,0.02386474609375,0.8230323791503906,subsetted_512x512_HLS.S30.T10TGR.2020275.v1.4,0.0229961199962146,0.0449583718778908,0.0334379258123013,0.6078896429751955,0.02386474609375,0.9658203125,subsetted_512x512_HLS.S30.T10TGR.2020275.v1.4,0.5936515628786043,0.7450205260757184,0.6729825615513909,0.9172249270850674,0.02386474609375,0.0263137817382812
WA4597011911020180622,subsetted_512x512_HLS.S30.T11TLL.2018190.v1.4,0.5511859533833042,0.7106639306281856,0.8024418394469996,0.9848560155520673,0.0218505859375,0.0357780456542968,subsetted_512x512_HLS.S30.T11TLL.2018190.v1.4,0.0228635006354637,0.044704890967875,0.0456673895289802,0.5831739043189985,0.0218505859375,0.86541748046875,subsetted_512x512_HLS.S30.T11TLL.2018190.v1.4,0.0137309210914019,0.0270898732705499,0.01990270744336,0.462087932357061,0.0218505859375,0.0437698364257812,subsetted_512x512_HLS.S30.T11TLL.2018190.v1.4,0.0202476827229904,0.0396917004877685,0.0142425775144634,0.2917727489883975,0.0218505859375,0.9002113342285156,subsetted_512x512_HLS.S30.T11TLL.2018190.v1.4,0.4391158633897223,0.6102578319933463,0.8134359246964,0.9937770497205528,0.0218505859375,0.0469474792480468
WA4619311979920180628,subsetted_512x512_HLS.S30.T10TGS.2018190.v1.4,0.899054732174116,0.946844466293861,0.958611608881076,0.9920220315724376,0.0321922302246093,0.0298843383789062,subsetted_512x512_HLS.S30.T10TGS.2018190.v1.4,0.0290130582363871,0.0563900681418217,0.0336001755721237,0.4716271207429441,0.0321922302246093,0.8825492858886719,subsetted_512x512_HLS.S30.T10TGS.2018190.v1.4,0.042455385726716,0.0814526670551364,0.0559246900124402,0.6052206979843936,0.0321922302246093,0.2100296020507812,subsetted_512x512_HLS.S30.T10TGS.2018190.v1.4,0.0334810535879358,0.064792776745543,0.0362623055074531,0.5200646420054789,0.0321922302246093,0.961505889892578,subsetted_512x512_HLS.S30.T10TGS.2018190.v1.4,0.696480253944543,0.8210885476858731,0.8818036068317214,0.9961889782170968,0.0321922302246093,0.0371246337890625
WA4643911718420200817,subsetted_512x512_HLS.S30.T11TMM.2020245.v1.4,0.6569851176188191,0.7929885557004202,0.8896636943968175,0.9867457473051524,0.0242500305175781,0.0284156799316406,subsetted_512x512_HLS.S30.T11TMM.2020245.v1.4,0.0248445505743128,0.0484845249172475,0.0466697243364112,0.6986590664824694,0.0242500305175781,0.9760704040527344,subsetted_512x512_HLS.S30.T11TMM.2020245.v1.4,0.0340811301811923,0.0659157762122989,0.1047386219552493,0.7612584574970552,0.0242500305175781,0.6358413696289062,subsetted_512x512_HLS.S30.T11TMM.2020245.v1.4,0.0251670678406283,0.0490984711275193,0.0452147380880252,0.5995382660682401,0.0242500305175781,0.96356201171875,subsetted_512x512_HLS.S30.T11TMM.2020245.v1.4,0.6538461538461539,0.7906976744186046,0.9398705240824986,0.9981761505113792,0.0242500305175781,0.0341453552246093
WA4646011897220180817,subsetted_512x512_HLS.S30.T11TLM.2018245.v1.4,0.7858190196899875,0.88006568529705,0.95963572801133,0.9925877182827634,0.0294471085068152,0.0356005203505117,subsetted_512x512_HLS.S30.T11TLM.2018245.v1.4,0.0303506902530993,0.0589133205620387,0.0347252648712584,0.5631296312397682,0.0294471085068152,0.9702286261449428,subsetted_512x512_HLS.S30.T11TLM.2018245.v1.4,0.0682461708656543,0.1277723669448793,0.1899581519749346,0.7173955196866808,0.0294471085068152,0.2799897761043142,subsetted_512x512_HLS.S30.T11TLM.2018245.v1.4,0.029449917209068,0.0572148614842953,0.0296053388562881,0.5019024259861956,0.0294471085068152,0.9999046278387524,subsetted_512x512_HLS.S30.T11TLM.2018245.v1.4,0.607747421462877,0.7560235063663076,0.982163231466148,0.999467425306485,0.0294471085068152,0.0484528728002411
WA4649011720020210722,subsetted_512x512_HLS.S30.T11TMM.2021224.v1.4,0.6879925822902179,0.8151606701455644,0.8410824867009192,0.9458302667614732,0.0472679138183593,0.0360679626464843,subsetted_512x512_HLS.S30.T11TMM.2021224.v1.4,0.0455993883160091,0.0872215282938321,0.0524911792980651,0.4979899962000161,0.0472679138183593,0.917804718017578,subsetted_512x512_HLS.S30.T11TMM.2021224.v1.4,0.0913063499995101,0.1673340396114273,0.282695249830979,0.7708354055727806,0.0472679138183593,0.3776206970214844,subsetted_512x512_HLS.S30.T11TMM.2021224.v1.4,0.0476303964266631,0.0909297717766199,0.0525346841162928,0.5626890223807767,0.0472679138183593,0.992389678955078,subsetted_512x512_HLS.S30.T11TMM.2021224.v1.4,0.6762227007074746,0.8068411201233163,0.9170779755661228,0.9917527875946732,0.0472679138183593,0.056671142578125
WA4656911899620191007,subsetted_512x512_HLS.S30.T11TLM.2019305.v1.4,0.7099782704843951,0.8303944941748009,0.9541306338283968,0.981081147309004,0.1494300668355357,0.189798425244911,subsetted_512x512_HLS.S30.T11TLM.2019305.v1.4,0.1499562041481211,0.260803330782858,0.1876476916958965,0.5711710022476494,0.1494300668355357,0.9574076052125614,subsetted_512x512_HLS.S30.T11TLM.2019305.v1.4,0.1733643183788146,0.2954995574065936,0.2468403113863652,0.6159461321204778,0.1494300668355357,0.4496063112277596,subsetted_512x512_HLS.S30.T11TLM.2019305.v1.4,0.1549416290005031,0.2683107528725776,0.1583465950450954,0.5237066496252588,0.1494300668355357,0.9627788628803368,subsetted_512x512_HLS.S30.T11TLM.2019305.v1.4,0.7303720947696467,0.8441792340240859,0.9853923324729956,0.996964377268986,0.1494300668355357,0.2021813104647969
WA4661012135020180730,subsetted_512x512_HLS.S30.T10TFS.2018213.v1.4,0.0490890688259109,0.0935841775205016,0.1025855490694634,0.4894441081094924,0.0980496886827005,0.0601269686240996,subsetted_512x512_HLS.S30.T10TFS.2018213.v1.4,0.101836651566955,0.1848489091774722,0.1081354307020078,0.5408794718723253,0.0980496886827005,0.5830904346233671,subsetted_512x512_HLS.S30.T10TFS.2018213.v1.4,0.1116398865166629,0.2008562086891068,0.1256870052415216,0.5786213077302034,0.0980496886827005,0.2263383591747039,subsetted_512x512_HLS.S30.T10TFS.2018213.v1.4,0.0980571707644643,0.1786012119864346,0.0980597897628632,0.4999280916366344,0.0980496886827005,0.9999236967403248,subsetted_512x512_HLS.S30.T10TFS.2018213.v1.4,0.0825603998889197,0.1525280250365543,0.1924997006288445,0.5499897635506859,0.0980496886827005,0.0506768099133195
WA4662511872120190802,subsetted_512x512_HLS.S30.T11TLM.2019245.v1.4,0.8703906535231837,0.9307046652352138,0.9159406417462544,0.9680444655955484,0.0203742980957031,0.0187110900878906,subsetted_512x512_HLS.S30.T11TLM.2019245.v1.4,0.0196090503309219,0.0384638608779663,0.0242157836301353,0.5007285265797958,0.0203742980957031,0.8640785217285156,subsetted_512x512_HLS.S30.T11TLM.2019245.v1.4,0.0385256179041926,0.0741929081767663,0.0290670538395245,0.5948625643257064,0.0203742980957031,0.2102775573730468,subsetted_512x512_HLS.S30.T11TLM.2019245.v1.4,0.0205232053242751,0.0402209478769348,0.0239623138636093,0.6000210527992988,0.0203742980957031,0.9927444458007812,subsetted_512x512_HLS.S30.T11TLM.2019245.v1.4,0.8294510506597166,0.9067758881666816,0.9748344444856398,0.999260770472961,0.0203742980957031,0.0224685668945312
WA4663311856920200908,subsetted_512x512_HLS.S30.T11TLM.2020275.v1.4,0.7469999553896712,0.8551802798678969,0.9511956180654076,0.974806088275557,0.253448486328125,0.1947174072265625,subsetted_512x512_HLS.S30.T11TLM.2020275.v1.4,0.2490889509722492,0.3988330066939856,0.2643092828992297,0.5050057081545063,0.253448486328125,0.945556640625,subsetted_512x512_HLS.S30.T11TLM.2020275.v1.4,0.1505673255486091,0.261727101413759,0.2822915520434316,0.5473047288062453,0.253448486328125,0.1979713439941406,subsetted_512x512_HLS.S30.T11TLM.2020275.v1.4,0.2551038058958519,0.4065063060083181,0.267088417426215,0.5512532278840155,0.253448486328125,0.9921035766601562,subsetted_512x512_HLS.S30.T11TLM.2020275.v1.4,0.7573638903464609,0.8619317769151932,0.957082241050739,0.9837077995164552,0.253448486328125,0.2192573547363281
WA4667012011520200817,subsetted_512x512_HLS.S30.T10TGS.2020245.v1.4,0.7753153833493083,0.8734396047271319,0.925172999196398,0.9630533778470208,0.3476829528808594,0.351806640625,subsetted_512x512_HLS.S30.T10TGS.2020245.v1.4,0.3272235223956121,0.4930948206900073,0.3437814524123179,0.5125445647393588,0.3476829528808594,0.7729415893554688,subsetted_512x512_HLS.S30.T10TGS.2020245.v1.4,0.2878137141320975,0.4469803527850536,0.4426636119218518,0.5729825180669664,0.3476829528808594,0.419830322265625,subsetted_512x512_HLS.S30.T10TGS.2020245.v1.4,0.1155124798082434,0.2071020842870355,0.4493688143258218,0.6055805991052974,0.3476829528808594,0.060638427734375,subsetted_512x512_HLS.S30.T10TGS.2020245.v1.4,0.8233747165743598,0.9031327560812774,0.971507417129058,0.986376040223442,0.3476829528808594,0.4008255004882812
WA4671912050220180602,subsetted_512x512_HLS.S30.T10TFS.2018193.v1.4,0.7499440590736183,0.8571063231251199,0.8869216754279612,0.9684352719085656,0.0320556348183018,0.027611410783633,subsetted_512x512_HLS.S30.T10TFS.2018193.v1.4,0.0318715420904973,0.0617742437705528,0.0445848876347397,0.6177032771709241,0.0320556348183018,0.9725526249532688,subsetted_512x512_HLS.S30.T10TFS.2018193.v1.4,0.0550707887893672,0.1043925950268375,0.1634424452012989,0.6550713337618757,0.0320556348183018,0.3161960494090898,subsetted_512x512_HLS.S30.T10TFS.2018193.v1.4,0.033330292368898,0.0645104331403829,0.0398096260744017,0.5555671008677895,0.0320556348183018,0.961756784594374,subsetted_512x512_HLS.S30.T10TFS.2018193.v1.4,0.3551828599025332,0.5241844040561117,0.8300541495192367,0.9888910264956672,0.0320556348183018,0.0856953207852352
WA4673711934020180802,subsetted_512x512_HLS.S30.T10TGS.2018245.v1.4,0.8085436491518411,0.8941378324277952,0.9664379878757332,0.9959931192953382,0.0313153436407759,0.035401944474122,subsetted_512x512_HLS.S30.T10TGS.2018245.v1.4,0.0322325426839881,0.0624520955330042,0.0276835596713799,0.4790281302912889,0.0313153436407759,0.964334773119248,subsetted_512x512_HLS.S30.T10TGS.2018245.v1.4,0.0144658944658944,0.0285192327209986,0.0227526575295056,0.3670880540845404,0.0313153436407759,0.1190685144767166,subsetted_512x512_HLS.S30.T10TGS.2018245.v1.4,0.0324939620699212,0.0629426674898476,0.0345945118811563,0.4932244770980719,0.0313153436407759,0.9637280788778828,subsetted_512x512_HLS.S30.T10TGS.2018245.v1.4,0.2681288415678635,0.4228731857188261,0.8653081201829886,0.9895124911137452,0.0313153436407759,0.1127497367175933
WA4675811948720180908,subsetted_512x512_HLS.S30.T10TGS.2018285.v1.4,0.8134611609187881,0.8971365678508922,0.925471312812915,0.9864490709729418,0.1923942565917968,0.2304496765136718,subsetted_512x512_HLS.S30.T10TGS.2018285.v1.4,0.1922338709360882,0.3224767818165656,0.2396133966639496,0.5827926432271032,0.1923942565917968,0.9663162231445312,subsetted_512x512_HLS.S30.T10TGS.2018285.v1.4,0.1711558577405857,0.2922853634029251,0.3012403821949554,0.606406167443338,0.1923942565917968,0.1834564208984375,subsetted_512x512_HLS.S30.T10TGS.2018285.v1.4,0.1923964583945281,0.322705518018018,0.1925389487186339,0.5002574288291948,0.1923942565917968,0.9999885559082032,subsetted_512x512_HLS.S30.T10TGS.2018285.v1.4,0.391030611295475,0.5622171189048182,0.9274603236997248,0.9745919420829626,0.1923942565917968,0.4919776916503906
WA4676511950920200706,subsetted_512x512_HLS.S30.T10TGS.2020215.v1.4,0.966223276568104,0.9828215219327224,0.9937235808233732,0.9975114672781792,0.1344236367387168,0.1315507980531933,subsetted_512x512_HLS.S30.T10TGS.2020215.v1.4,0.1503815746936136,0.2614464243895169,0.1880141589982743,0.607212966132454,0.1344236367387168,0.7627845141770004,subsetted_512x512_HLS.S30.T10TGS.2020215.v1.4,0.1858538931709663,0.3134515883301511,0.2161933019900785,0.6325817491859614,0.1344236367387168,0.2517324898189959,subsetted_512x512_HLS.S30.T10TGS.2020215.v1.4,0.2492106131297422,0.3989889463160674,0.4087849352679181,0.7478447417936609,0.1344236367387168,0.0681038500622703,subsetted_512x512_HLS.S30.T10TGS.2020215.v1.4,0.6543823563021369,0.7910896218269728,0.9788157854700048,0.9940890491862708,0.1344236367387168,0.1974236138171315
WA4682812052320190723,subsetted_512x512_HLS.S30.T10TFS.2019213.v1.4,0.8182405549699051,0.9000355346088388,0.9454350594045492,0.9801845505255244,0.10260009765625,0.1013679504394531,subsetted_512x512_HLS.S30.T10TFS.2019213.v1.4,0.105044559357465,0.1901182327317983,0.1184032142220545,0.5610304827397865,0.10260009765625,0.9701881408691406,subsetted_512x512_HLS.S30.T10TFS.2019213.v1.4,0.1094256751843395,0.1972654457742878,0.1583208592740068,0.5759292406324281,0.10260009765625,0.1883964538574218,subsetted_512x512_HLS.S30.T10TFS.2019213.v1.4,0.1026044031083457,0.1861128122091555,0.1027098035621544,0.5002763041556145,0.10260009765625,0.999958038330078,subsetted_512x512_HLS.S30.T10TFS.2019213.v1.4,0.7752818733738075,0.8734183399286727,0.9305417490556062,0.9954260223591348,0.10260009765625,0.1316490173339843
WA4686911989820190604,subsetted_512x512_HLS.S30.T10TGS.2019195.v1.4,0.8088779284833539,0.8943421949556919,0.964552661634629,0.9830881512549766,0.2434158325195312,0.2042770385742187,subsetted_512x512_HLS.S30.T10TGS.2019195.v1.4,0.2438954357839325,0.3921478104471439,0.2631310877446874,0.5386142368705175,0.2434158325195312,0.9464378356933594,subsetted_512x512_HLS.S30.T10TGS.2019195.v1.4,0.1926769039559109,0.3230999163592985,0.2672912978730108,0.558410486558802,0.2434158325195312,0.3130035400390625,subsetted_512x512_HLS.S30.T10TGS.2019195.v1.4,0.2450963013202413,0.3936985453419994,0.1985805389601498,0.4024032972833267,0.2434158325195312,0.9891128540039062,subsetted_512x512_HLS.S30.T10TGS.2019195.v1.4,0.8885773858161224,0.9410018276080712,0.9835625629019952,0.9956266836583564,0.2434158325195312,0.2679634094238281
WA4696612008020180620,subsetted_512x512_HLS.S30.T10TGT.2018188.v1.4,0.793787456740103,0.8850407039668722,0.9149681622135964,0.9815086041730204,0.1270484924316406,0.11614990234375,subsetted_512x512_HLS.S30.T10TGT.2018188.v1.4,0.1291233904395656,0.228714401867626,0.1654158352500317,0.5631248610838744,0.1270484924316406,0.9661178588867188,subsetted_512x512_HLS.S30.T10TGT.2018188.v1.4,0.1896766669347703,0.3188709541113834,0.3066556642880143,0.641809816264109,0.1270484924316406,0.0986480712890625,subsetted_512x512_HLS.S30.T10TGT.2018188.v1.4,0.12704994640289,0.2254557516432783,0.1270955210324865,0.500093952516835,0.1270484924316406,0.9999885559082032,subsetted_512x512_HLS.S30.T10TGT.2018188.v1.4,0.866619581992728,0.9285444022477892,0.98300694249674,0.9980559094989612,0.1270484924316406,0.1451644897460937
WA4725411999320180703,subsetted_512x512_HLS.S30.T10TGT.2018213.v1.4,0.4650467289719626,0.6348558305690227,0.9553141432443067,0.9876376457891008,0.0196222122985202,0.040210077137699,subsetted_512x512_HLS.S30.T10TGT.2018213.v1.4,0.0329416729305956,0.0637822517841412,0.0298487736618627,0.6530381098826726,0.0196222122985202,0.2793445776510597,subsetted_512x512_HLS.S30.T10TGT.2018213.v1.4,0.085657223167394,0.1577979151052667,0.1099850206822823,0.7654371868832336,0.0196222122985202,0.0363970854850591,subsetted_512x512_HLS.S30.T10TGT.2018213.v1.4,0.0218595871643426,0.042783935168633,0.1037690814591046,0.6519314118308279,0.0196222122985202,0.6849682632376459,subsetted_512x512_HLS.S30.T10TGT.2018213.v1.4,0.604851619258712,0.7537788690247832,0.9639682327745062,0.9989397867460568,0.0196222122985202,0.030122252375009
WA4729212017020200724,subsetted_512x512_HLS.S30.T10TGT.2020218.v1.4,0.7009616079820693,0.8241945082036896,0.8517259866216726,0.9462793634592164,0.0468340903018968,0.0429563757108507,subsetted_512x512_HLS.S30.T10TGT.2020218.v1.4,0.0495701379557258,0.0944579807734904,0.0627350997939852,0.5563042791819308,0.0468340903018968,0.8146979122934239,subsetted_512x512_HLS.S30.T10TGT.2020218.v1.4,0.0822949869603013,0.1520749665327978,0.1482464013564871,0.7274671368431747,0.0468340903018968,0.3380557993969695,subsetted_512x512_HLS.S30.T10TGT.2020218.v1.4,0.0629866564346152,0.1185088374408762,0.1427227085611927,0.6381690332478275,0.0468340903018968,0.5664249456127629,subsetted_512x512_HLS.S30.T10TGT.2020218.v1.4,0.6671738517892364,0.8003650621957815,0.9278872079645926,0.9956559833047236,0.0468340903018968,0.0660776306247853
WA4742412023220180901,subsetted_512x512_HLS.S30.T10TGT.2018285.v1.4,0.7937806873977087,0.885036496350365,0.9093786337203242,0.963883077340622,0.0447942443405737,0.0430987077261479,subsetted_512x512_HLS.S30.T10TGT.2018285.v1.4,0.0532870409574618,0.101182372677865,0.0590271225355411,0.6050782379962328,0.0447942443405737,0.667690098677176,subsetted_512x512_HLS.S30.T10TGT.2018285.v1.4,0.0704017128874388,0.1315426013239986,0.088164325474173,0.6652774941275977,0.0447942443405737,0.0353885986619008,subsetted_512x512_HLS.S30.T10TGT.2018285.v1.4,0.0508671158731912,0.0968097966048247,0.1913248265099208,0.6145144427650717,0.0447942443405737,0.6818042953594232,subsetted_512x512_HLS.S30.T10TGT.2018285.v1.4,0.6473919691906892,0.7859598459845984,0.954528371913406,0.9971276142790532,0.0447942443405737,0.0662863165612684
WA4754012029720180713,subsetted_512x512_HLS.S30.T10TFT.2018213.v1.4,0.6915527694995376,0.8176543847392242,0.6779384776613973,0.9729535078306736,0.0574235141527428,0.0681620508125429,subsetted_512x512_HLS.S30.T10TFT.2018213.v1.4,0.057539721411359,0.1088180807706558,0.0910752011743244,0.597271083391775,0.0574235141527428,0.9721789883268482,subsetted_512x512_HLS.S30.T10TFT.2018213.v1.4,0.1061881460736032,0.1919893039000939,0.1799917173392241,0.6723622861715983,0.0574235141527428,0.2107766842145418,subsetted_512x512_HLS.S30.T10TFT.2018213.v1.4,0.0574257048029603,0.1086141646493471,0.0575539293279193,0.5007750306572178,0.0574235141527428,0.9999618524452584,subsetted_512x512_HLS.S30.T10TFT.2018213.v1.4,0.6307372529057436,0.7735608563327524,0.9213306923495894,0.9949640389785912,0.0574235141527428,0.0892271305409323
WA4770711826020200907,subsetted_512x512_HLS.S30.T11TLN.2020280.v1.4,0.8969920379918138,0.94569931768547,0.9976157668528424,0.9759785551543136,0.9181747436523438,0.825042724609375,subsetted_512x512_HLS.S30.T11TLN.2020280.v1.4,0.8569129053449249,0.922943561734525,0.9261609015015712,0.5370705340731599,0.9181747436523438,0.9256973266601562,subsetted_512x512_HLS.S30.T11TLN.2020280.v1.4,0.3525001324330601,0.5212570764025513,0.9458873982826173,0.6275115747755282,0.9181747436523438,0.3479728698730469,subsetted_512x512_HLS.S30.T11TLN.2020280.v1.4,0.6296723020370414,0.7727594084405435,0.9404716787859196,0.5535593975796058,0.9181747436523438,0.6681671142578125,subsetted_512x512_HLS.S30.T11TLN.2020280.v1.4,0.9710985750906256,0.9853374025659546,0.9990325325509954,0.990407027170054,0.9181747436523438,0.9092254638671876
WA4770712016520190723,subsetted_512x512_HLS.S30.T10TGT.2019213.v1.4,0.6685608130258988,0.8013622372126531,0.92410304242853,0.984552124298025,0.0258947778673585,0.0324477576581981,subsetted_512x512_HLS.S30.T10TGT.2019213.v1.4,0.0265132881278556,0.0516569798647425,0.0375289662754106,0.6402495014195949,0.0258947778673585,0.9707542231375592,subsetted_512x512_HLS.S30.T10TGT.2019213.v1.4,0.0396659467904241,0.0763051765095851,0.1069168975838399,0.6190372047141723,0.0258947778673585,0.3199229690538873,subsetted_512x512_HLS.S30.T10TGT.2019213.v1.4,0.025895173647066,0.0504830791922111,0.025943251768597,0.5006550663695987,0.0258947778673585,0.9999847160821204,subsetted_512x512_HLS.S30.T10TGT.2019213.v1.4,0.6862364713089647,0.8139267332727823,0.9385838992863402,0.9986594624096566,0.0258947778673585,0.0372086980776652
WA4774811807520180802,subsetted_512x512_HLS.S30.T11TMN.2018245.v1.4,0.7079372816638232,0.8289968130143176,0.8515578092085105,0.9690931738075798,0.0808143615722656,0.0795783996582031,subsetted_512x512_HLS.S30.T11TMN.2018245.v1.4,0.0837729028017418,0.1545949388200688,0.0801514928615899,0.5150287705061477,0.0808143615722656,0.9255485534667968,subsetted_512x512_HLS.S30.T11TMN.2018245.v1.4,0.0816076701678316,0.1509006868547237,0.1205968280304486,0.5423945542526284,0.0808143615722656,0.3607177734375,subsetted_512x512_HLS.S30.T11TMN.2018245.v1.4,0.0836294350893454,0.1543506154065484,0.1924386571809572,0.5775435136488379,0.0808143615722656,0.9627304077148438,subsetted_512x512_HLS.S30.T11TMN.2018245.v1.4,0.8165249088699879,0.8989966555183947,0.957851210923948,0.994964322224744,0.0808143615722656,0.0845718383789062
WA4777911979820200712,subsetted_512x512_HLS.S30.T10UGU.2020215.v1.4,0.9022475218372756,0.9486121143328862,0.9732121410539514,0.9885971096070248,0.1526527404785156,0.1430931091308593,subsetted_512x512_HLS.S30.T10UGU.2020215.v1.4,0.1716027586571714,0.292936761012501,0.1925680491386224,0.5918671909403321,0.1526527404785156,0.52325439453125,subsetted_512x512_HLS.S30.T10UGU.2020215.v1.4,0.2358082902121235,0.3816260047448744,0.352667917678678,0.6956753353173482,0.1526527404785156,0.2782707214355469,subsetted_512x512_HLS.S30.T10UGU.2020215.v1.4,0.1878598336768782,0.3162996649114409,0.3682547922547069,0.652272428959214,0.1526527404785156,0.0386009216308593,subsetted_512x512_HLS.S30.T10UGU.2020215.v1.4,0.8353899525733357,0.9103133112416408,0.9690463292718868,0.9947183864087544,0.1526527404785156,0.1662216186523437
WA4779011998320180727,subsetted_512x512_HLS.S30.T10UGU.2018213.v1.4,0.6668118087607768,0.8001044932079415,0.9330092593576804,0.9811507386867628,0.0318055327579427,0.0412571049025258,subsetted_512x512_HLS.S30.T10UGU.2018213.v1.4,0.0301972721510567,0.058624251815392,0.0290562939744525,0.4629682846363467,0.0318055327579427,0.9732981635091444,subsetted_512x512_HLS.S30.T10UGU.2018213.v1.4,0.1234109907503586,0.2197076435364565,0.0871614955555433,0.6444274059779543,0.0318055327579427,0.0548924101127241,subsetted_512x512_HLS.S30.T10UGU.2018213.v1.4,0.0318057755807073,0.0616507027454984,0.0318198656477588,0.5001044808484634,0.0318055327579427,0.9999923654506102,subsetted_512x512_HLS.S30.T10UGU.2018213.v1.4,0.6192038169077083,0.7648250460405156,0.9530834855177523,0.9985587361018984,0.0318055327579427,0.051105673615379
WA4784011934020180811,subsetted_512x512_HLS.S30.T11ULP.2018245.v1.4,0.9083574186967188,0.9519782927425268,0.9970162875158044,0.990466137143724,0.7843970548964254,0.714340212871476,subsetted_512x512_HLS.S30.T11ULP.2018245.v1.4,0.7146674537583628,0.8335930704136131,0.7891860254193589,0.5257126715774872,0.7843970548964254,0.8777438675466371,subsetted_512x512_HLS.S30.T11ULP.2018245.v1.4,0.4350916043310888,0.6063607410397883,0.7955096664506623,0.5167708077618872,0.7843970548964254,0.4912867661084195,subsetted_512x512_HLS.S30.T11ULP.2018245.v1.4,0.78455951980939,0.8792752621590221,0.7878405263102981,0.5070986650853235,0.7843970548964254,0.9985694121237554,subsetted_512x512_HLS.S30.T11ULP.2018245.v1.4,0.9797563100012444,0.9897746556500466,0.9991142801280074,0.9969970753337564,0.7843970548964254,0.7937435623545569
WA4792111992220200907,subsetted_512x512_HLS.S30.T10UGU.2020280.v1.4,0.5855484740141976,0.7386068399810455,0.6666216354033785,0.9602595057865289,0.0952644369246498,0.1382099243484928,subsetted_512x512_HLS.S30.T10UGU.2020280.v1.4,0.1127760352512412,0.2026931416181673,0.1251398066710471,0.6010223871902984,0.0952644369246498,0.5733529678814907,subsetted_512x512_HLS.S30.T10UGU.2020280.v1.4,0.1678168255614504,0.2874026506353327,0.2409862681598436,0.7041277485850663,0.0952644369246498,0.1281116117242668,subsetted_512x512_HLS.S30.T10UGU.2020280.v1.4,0.1077774593393995,0.1945832322742339,0.2365567683137995,0.6019075106309664,0.0952644369246498,0.6125521224768524,subsetted_512x512_HLS.S30.T10UGU.2020280.v1.4,0.5731287407852471,0.7286482357434556,0.6809788635688444,0.9751621308426586,0.0952644369246498,0.1644380691507422
WA4793911861820190802,subsetted_512x512_HLS.S30.T11ULP.2019245.v1.4,0.6796247561141613,0.8092578460042278,0.9779255282886632,0.953646261745656,0.6702957153320312,0.459381103515625,subsetted_512x512_HLS.S30.T11ULP.2019245.v1.4,0.6134739128320664,0.76043858900112,0.6787659916204833,0.5195859594034831,0.6702957153320312,0.848663330078125,subsetted_512x512_HLS.S30.T11ULP.2019245.v1.4,0.4570931661015077,0.6274041725478309,0.7222777163057567,0.5726673566914838,0.6702957153320312,0.5377769470214844,subsetted_512x512_HLS.S30.T11ULP.2019245.v1.4,0.6730841537434489,0.804602867390088,0.6752738873536248,0.5118799393942212,0.6702957153320312,0.9932022094726562,subsetted_512x512_HLS.S30.T11ULP.2019245.v1.4,0.8434899895093833,0.9151012420022582,0.9855072821312396,0.9683815270963276,0.6702957153320312,0.5966606140136719
WA4798411942320180806,subsetted_512x512_HLS.S30.T10UGU.2018245.v1.4,0.8905825357438261,0.942125,0.9529451639068371,0.9857134378637924,0.0310417732050039,0.0300190051672683,subsetted_512x512_HLS.S30.T10UGU.2018245.v1.4,0.0319633088096585,0.0619465993350623,0.0410632513193938,0.5730074392465005,0.0310417732050039,0.971045742155598,subsetted_512x512_HLS.S30.T10UGU.2018245.v1.4,0.0813733905579399,0.150500079377679,0.0799130431708387,0.6870284108841344,0.0310417732050039,0.1372302830930337,subsetted_512x512_HLS.S30.T10UGU.2018245.v1.4,0.0310421286031042,0.0602150537634408,0.0310529128808124,0.5000827097282394,0.0310417732050039,0.9999885511040552,subsetted_512x512_HLS.S30.T10UGU.2018245.v1.4,0.626608119559356,0.7704475491356856,0.9714724199938646,0.999151303835238,0.0310417732050039,0.0495393727531541
WA4813711903820200723,subsetted_512x512_HLS.S30.T11ULP.2020215.v1.4,0.8433292044591841,0.915006611319446,0.9460852687282882,0.9777015552998334,0.091522216796875,0.0844612121582031,subsetted_512x512_HLS.S30.T11ULP.2020215.v1.4,0.0950593388476504,0.1736149548711817,0.1022041074595164,0.5337227566560336,0.091522216796875,0.9422683715820312,subsetted_512x512_HLS.S30.T11ULP.2020215.v1.4,0.1714190018979569,0.2926689794517936,0.2287659120066124,0.5957228551714938,0.091522216796875,0.1086044311523437,subsetted_512x512_HLS.S30.T11ULP.2020215.v1.4,0.0937140614267491,0.1713684860273245,0.1181851247868236,0.4774232842855251,0.091522216796875,0.9714469909667968,subsetted_512x512_HLS.S30.T11ULP.2020215.v1.4,0.7852380269572699,0.8797012108190598,0.9639592465878992,0.9957153920073976,0.091522216796875,0.0984535217285156
WA4817811826620200907,subsetted_512x512_HLS.S30.T11ULP.2020280.v1.4,0.5655666401377039,0.7225072707067364,0.8041500439300424,0.8818155143264725,0.2025627429513124,0.1201109326660079,subsetted_512x512_HLS.S30.T11ULP.2020280.v1.4,0.2008466379538426,0.3345083903404535,0.2241709435891293,0.5444365330129103,0.2025627429513124,0.8536093171232276,subsetted_512x512_HLS.S30.T11ULP.2020280.v1.4,0.1986234299380449,0.3314192347271427,0.2753907303532827,0.5983438472693131,0.2025627429513124,0.2830575911436975,subsetted_512x512_HLS.S30.T11ULP.2020280.v1.4,0.2027700450218235,0.3371717575792211,0.2055995880264375,0.5034993135317952,0.2025627429513124,0.9989776494329388,subsetted_512x512_HLS.S30.T11ULP.2020280.v1.4,0.6358913728862138,0.7774249359409562,0.9196718687176884,0.9745703355519936,0.2025627429513124,0.1458070275157262
WA4828511853120210713,subsetted_512x512_HLS.S30.T11ULP.2021249.v1.4,0.5327851757614941,0.6951857105439504,0.9668205582495618,0.904777774760238,0.7342313186750057,0.3916806777402021,subsetted_512x512_HLS.S30.T11ULP.2021249.v1.4,0.7223239848536157,0.8387782916638739,0.7210683911847241,0.4785581469847746,0.7342313186750057,0.9799198017640548,subsetted_512x512_HLS.S30.T11ULP.2021249.v1.4,0.4214271044885106,0.5929633720332889,0.7722103477240355,0.5457351420026161,0.7342313186750057,0.4586159484954213,subsetted_512x512_HLS.S30.T11ULP.2021249.v1.4,0.7335201643088853,0.8462782024820842,0.7413620771346874,0.5170313931118203,0.7342313186750057,0.9951858078995646,subsetted_512x512_HLS.S30.T11ULP.2021249.v1.4,0.5283917831758181,0.6914349959116926,0.9676865545122189,0.9121426320966598,0.7342313186750057,0.3899227507918331
WA4855212019420210716,subsetted_512x512_HLS.S30.T10UGU.2021249.v1.4,0.01472,0.0290129296751813,0.0443303402569933,0.5511555770656291,0.0083823868882733,0.1288665743305632,subsetted_512x512_HLS.S30.T10UGU.2021249.v1.4,0.0095310432694663,0.0188821202339635,0.0074904067095984,0.50007077217973,0.0083823868882733,0.5860745614035088,subsetted_512x512_HLS.S30.T10UGU.2021249.v1.4,0.022127659574468,0.0432972522897585,0.0140496932981707,0.5707558240911819,0.0083823868882733,0.1042460180055401,subsetted_512x512_HLS.S30.T10UGU.2021249.v1.4,0.0084101124002113,0.0166799445915782,0.0085299428890226,0.5043721173851683,0.0083823868882733,0.99670331255771,subsetted_512x512_HLS.S30.T10UGU.2021249.v1.4,0.0456102397692446,0.0872413793103448,0.0436011237064317,0.8880005323204828,0.0083823868882733,0.0334574099722991
WA4866711925320200728,subsetted_512x512_HLS.S30.T10UGV.2020218.v1.4,0.8596560196560197,0.9245322904555544,0.965993476526958,0.9889262016016585,0.0351982116699218,0.0369834899902343,subsetted_512x512_HLS.S30.T10UGV.2020218.v1.4,0.0481261406300886,0.0918327265478891,0.0598851577166388,0.6792616532353175,0.0351982116699218,0.615478515625,subsetted_512x512_HLS.S30.T10UGV.2020218.v1.4,0.0903463644116757,0.1657204854540408,0.1604182769312295,0.7854907883552116,0.0351982116699218,0.2671775817871094,subsetted_512x512_HLS.S30.T10UGV.2020218.v1.4,0.0356981193393507,0.0689353754202465,0.0254586894966202,0.3308819549463051,0.0351982116699218,0.9859962463378906,subsetted_512x512_HLS.S30.T10UGV.2020218.v1.4,0.8683397683397683,0.929530894812978,0.983344939247754,0.9992414903684134,0.0351982116699218,0.0386390686035156
WY4100410927220200803,subsetted_512x512_HLS.S30.T12TXL.2020250.v1.4,0.6004742260091761,0.7503703792924852,0.9098037799951448,0.953687908985395,0.1337356567382812,0.1829719543457031,subsetted_512x512_HLS.S30.T12TXL.2020250.v1.4,0.1379641245918528,0.2424753498118153,0.1786865357985155,0.5733257076908449,0.1337356567382812,0.911235809326172,subsetted_512x512_HLS.S30.T12TXL.2020250.v1.4,0.1420515536217779,0.2487655713462165,0.2586781079973177,0.6095955991724276,0.1337356567382812,0.170654296875,subsetted_512x512_HLS.S30.T12TXL.2020250.v1.4,0.1349329145786666,0.2377813046840027,0.16323093066248,0.6115549918207688,0.1337356567382812,0.9911270141601562,subsetted_512x512_HLS.S30.T12TXL.2020250.v1.4,0.8734925994567011,0.9324750999390202,0.9736293959222616,0.9963759035822084,0.1337356567382812,0.1477699279785156
WY4102310619920180610,subsetted_512x512_HLS.S30.T13TDF.2018222.v1.4,0.6997938465128943,0.8233867276887872,0.9034374981965446,0.910876271288229,0.3449974060058594,0.3218116760253906,subsetted_512x512_HLS.S30.T13TDF.2018222.v1.4,0.3452364678818461,0.5132725377649644,0.3882461887870145,0.5570772352715072,0.3449974060058594,0.9689102172851562,subsetted_512x512_HLS.S30.T13TDF.2018222.v1.4,0.1783339606072011,0.3026883151450625,0.4402799874236472,0.5630026674784265,0.3449974060058594,0.1566162109375,subsetted_512x512_HLS.S30.T13TDF.2018222.v1.4,0.3453135500030546,0.5133577224465933,0.3507645528986402,0.5078566952773858,0.3449974060058594,0.99908447265625,subsetted_512x512_HLS.S30.T13TDF.2018222.v1.4,0.8757786189014395,0.933776097111443,0.978255795547624,0.9904532558236616,0.3449974060058594,0.3752708435058594
WY4121410901620180728,subsetted_512x512_HLS.S30.T12TXL.2018220.v1.4,0.7774382768441502,0.8747851185296802,0.9060361583492106,0.937698076762044,0.1986732482910156,0.1608161926269531,subsetted_512x512_HLS.S30.T12TXL.2018220.v1.4,0.1673358748749764,0.2866970483416324,0.2166174219611452,0.534144193283629,0.1986732482910156,0.4157295227050781,subsetted_512x512_HLS.S30.T12TXL.2018220.v1.4,0.1687183891592709,0.2887237690863068,0.2721597279561767,0.5835384405584404,0.1986732482910156,0.1750755310058593,subsetted_512x512_HLS.S30.T12TXL.2018220.v1.4,0.0947973188637089,0.1731778425655976,0.3333492641768958,0.6216729028933226,0.1986732482910156,0.0237617492675781,subsetted_512x512_HLS.S30.T12TXL.2018220.v1.4,0.8200341928055546,0.9011195460470824,0.9600293912401566,0.9892054445454732,0.1986732482910156,0.1993064880371093
WY4152710878820180728,subsetted_512x512_HLS.S30.T12TXM.2018220.v1.4,0.5986997910378453,0.7489833856163588,0.8189908834085022,0.9801783733137688,0.0535507202148437,0.0777816772460937,subsetted_512x512_HLS.S30.T12TXM.2018220.v1.4,0.0543758697793692,0.1031432363692987,0.0732940127764255,0.5841157643789905,0.0535507202148437,0.9753570556640624,subsetted_512x512_HLS.S30.T12TXM.2018220.v1.4,0.0751061384373607,0.139718555688884,0.0930700447955859,0.5698361850786314,0.0535507202148437,0.1212959289550781,subsetted_512x512_HLS.S30.T12TXM.2018220.v1.4,0.0535513330612151,0.101658706853164,0.0535564406598605,0.5,0.0535507202148437,0.9999885559082032,subsetted_512x512_HLS.S30.T12TXM.2018220.v1.4,0.5993746335743599,0.7495112414467253,0.7842934251698341,0.9832918570632356,0.0535507202148437,0.0713272094726562
WY4183110664420200905,subsetted_512x512_HLS.S30.T13TCG.2020277.v1.4,0.8011655441768921,0.8896078950288978,0.9556142550808316,0.97266765242807,0.2447242736816406,0.202117919921875,subsetted_512x512_HLS.S30.T13TCG.2020277.v1.4,0.217111415584698,0.3567650632549496,0.2979396307644958,0.5640309959385558,0.2447242736816406,0.3957328796386719,subsetted_512x512_HLS.S30.T13TCG.2020277.v1.4,0.1908438936803977,0.3205187425374109,0.3139287819744104,0.5914512977243265,0.2447242736816406,0.1929702758789062,subsetted_512x512_HLS.S30.T13TCG.2020277.v1.4,0.1309463543344532,0.2315695237578503,0.4076280321272865,0.63770367017422,0.2447242736816406,0.0365066528320312,subsetted_512x512_HLS.S30.T13TCG.2020277.v1.4,0.8413265003850939,0.9138265269186528,0.975023007120464,0.9916860100776632,0.2447242736816406,0.2295150756835937
WY4217810703820200807,subsetted_512x512_HLS.S30.T13TCG.2020247.v1.4,0.8184723906095007,0.9001757682283775,0.9126545296086382,0.966271734129024,0.032684326171875,0.0302543640136718,subsetted_512x512_HLS.S30.T13TCG.2020247.v1.4,0.0395553808096197,0.0761005744182931,0.0360619944331965,0.5767454973452821,0.032684326171875,0.4514427185058594,subsetted_512x512_HLS.S30.T13TCG.2020247.v1.4,0.0581056172938923,0.1098295223920984,0.1257010432671782,0.7422084418115397,0.032684326171875,0.418426513671875,subsetted_512x512_HLS.S30.T13TCG.2020247.v1.4,0.4029621602095186,0.5744448020598648,0.5434269351765983,0.7633126178640265,0.032684326171875,0.0265769958496093,subsetted_512x512_HLS.S30.T13TCG.2020247.v1.4,0.821348194191405,0.9019123271550455,0.9635843920265408,0.9983927901828198,0.032684326171875,0.0321464538574218
WY4301310696720200814,subsetted_512x512_HLS.S30.T13TCH.2020280.v1.4,0.6251436781609195,0.769339580938909,0.8589887978649974,0.9695364489417728,0.0382156372070312,0.0480804443359375,subsetted_512x512_HLS.S30.T13TCH.2020280.v1.4,0.040718655555284,0.07825103420205,0.0746706764386332,0.7011880481264152,0.0382156372070312,0.936481475830078,subsetted_512x512_HLS.S30.T13TCH.2020280.v1.4,0.0989269209681209,0.1800427655024946,0.267225000925913,0.77189272841009,0.0382156372070312,0.2293853759765625,subsetted_512x512_HLS.S30.T13TCH.2020280.v1.4,0.0396391514965265,0.0762555958756791,0.0739498690207313,0.7273774660771919,0.0382156372070312,0.9425773620605468,subsetted_512x512_HLS.S30.T13TCH.2020280.v1.4,0.7414296438401868,0.8515183446690296,0.9400255725083326,0.996866121653386,0.0382156372070312,0.0414276123046875
WY4326210530420180917,subsetted_512x512_HLS.S30.T13TDH.2018292.v1.4,0.6843602933129036,0.8126055880441846,0.8828141570941381,0.9630572211560616,0.0673370361328125,0.050079345703125,subsetted_512x512_HLS.S30.T13TDH.2018292.v1.4,0.0817982569085592,0.1512264535206648,0.114219313993632,0.6526155184633093,0.0673370361328125,0.6537971496582031,subsetted_512x512_HLS.S30.T13TDH.2018292.v1.4,0.157206916674345,0.2717006170791586,0.2691884665296596,0.7326178754641314,0.0673370361328125,0.2201194763183593,subsetted_512x512_HLS.S30.T13TDH.2018292.v1.4,0.3218958495797591,0.487021499737808,0.4672057028417284,0.8167826528237357,0.0673370361328125,0.0490570068359375,subsetted_512x512_HLS.S30.T13TDH.2018292.v1.4,0.4854333465250083,0.6535915565119377,0.910277908383952,0.9844543002243464,0.0673370361328125,0.1188011169433593
WY4377310790720180728,subsetted_512x512_HLS.S30.T12TYP.2018220.v1.4,0.4612711221188031,0.6313285948605796,0.5497244512860091,0.959309935553638,0.0627861022949218,0.0767555236816406,subsetted_512x512_HLS.S30.T12TYP.2018220.v1.4,0.0642327520940237,0.1207118498611079,0.1016347052367122,0.6282706479014002,0.0627861022949218,0.9506797790527344,subsetted_512x512_HLS.S30.T12TYP.2018220.v1.4,0.1953616878767582,0.326866236149439,0.3822432136617143,0.856563094615469,0.0627861022949218,0.20953369140625,subsetted_512x512_HLS.S30.T12TYP.2018220.v1.4,0.0667938496842431,0.1252235372448261,0.1295006097356545,0.6703304319633859,0.0627861022949218,0.8310012817382812,subsetted_512x512_HLS.S30.T12TYP.2018220.v1.4,0.4687717466945024,0.6383180337577732,0.596999775713321,0.9735401351032288,0.0627861022949218,0.1304473876953125
WY4381010781320180813,subsetted_512x512_HLS.S30.T12TYP.2018245.v1.4,0.8675750345347231,0.929092559593854,0.9639902303733224,0.9863448186395736,0.1197013854980468,0.1072196960449218,subsetted_512x512_HLS.S30.T12TYP.2018245.v1.4,0.122628053949594,0.2184660422802867,0.1502353732431308,0.5882465339169436,0.1197013854980468,0.9462051391601562,subsetted_512x512_HLS.S30.T12TYP.2018245.v1.4,0.1392987782118595,0.2445342361035273,0.2162730341675912,0.6240663076868478,0.1197013854980468,0.2296104431152343,subsetted_512x512_HLS.S30.T12TYP.2018245.v1.4,0.1205896707697155,0.2152253834124393,0.1379147774745824,0.5790430678222526,0.1197013854980468,0.992633819580078,subsetted_512x512_HLS.S30.T12TYP.2018245.v1.4,0.6401198710975184,0.7805769351104437,0.9836527507049944,0.9972929917898744,0.1197013854980468,0.1851119995117187
WY4385610791920200714,subsetted_512x512_HLS.S30.T12TYP.2020215.v1.4,0.7893146703380756,0.8822536174578408,0.9752658319014624,0.983017568745895,0.2984199523925781,0.2370147705078125,subsetted_512x512_HLS.S30.T12TYP.2020215.v1.4,0.2951539955984504,0.4557820870746246,0.3410802986930837,0.5558148893516932,0.2984199523925781,0.965484619140625,subsetted_512x512_HLS.S30.T12TYP.2020215.v1.4,0.2335557368917902,0.3786707481581405,0.3706470811198685,0.5724187327275924,0.2984199523925781,0.2897758483886719,subsetted_512x512_HLS.S30.T12TYP.2020215.v1.4,0.3003179552558618,0.461914647939732,0.3528356435976783,0.6102583776979361,0.2984199523925781,0.993316650390625,subsetted_512x512_HLS.S30.T12TYP.2020215.v1.4,0.9169280859356432,0.9566640424991166,0.988091773381499,0.9959888657855832,0.2984199523925781,0.3169708251953125
WY4389210640120200614,subsetted_512x512_HLS.S30.T13TCJ.2020200.v1.4,0.8027247737715444,0.8905683057676469,0.933791410194669,0.9769914710960044,0.1845130920410156,0.1582221984863281,subsetted_512x512_HLS.S30.T13TCJ.2020200.v1.4,0.1854172470137246,0.3128303514746784,0.2256880126917582,0.5647630371167307,0.1845130920410156,0.903106689453125,subsetted_512x512_HLS.S30.T13TCJ.2020200.v1.4,0.1368791041763148,0.2407979945686233,0.2350385147861026,0.5316653284883336,0.1845130920410156,0.1807060241699218,subsetted_512x512_HLS.S30.T13TCJ.2020200.v1.4,0.1881380878585168,0.3166939765353608,0.1960035403740064,0.5188514888585795,0.1845130920410156,0.9795036315917968,subsetted_512x512_HLS.S30.T13TCJ.2020200.v1.4,0.7658582089552238,0.8674062334918119,0.924588571886684,0.9819892534759858,0.1845130920410156,0.1909904479980468
WY4391910664520200716,subsetted_512x512_HLS.S30.T13TCJ.2020230.v1.4,0.7904665314401623,0.8829726974056871,0.8991222618203509,0.9659674840624158,0.0369606018066406,0.0303840637207031,subsetted_512x512_HLS.S30.T13TCJ.2020230.v1.4,0.0416594641313742,0.0799867241951543,0.047114073122,0.5714144436753386,0.0369606018066406,0.5607109069824219,subsetted_512x512_HLS.S30.T13TCJ.2020230.v1.4,0.0691464442986976,0.1293488738936114,0.1580321404603859,0.587829004366511,0.0369606018066406,0.1806869506835937,subsetted_512x512_HLS.S30.T13TCJ.2020230.v1.4,0.2087341684545643,0.3453764672201546,0.2674764644723426,0.673632395456144,0.0369606018066406,0.0296630859375,subsetted_512x512_HLS.S30.T13TCJ.2020230.v1.4,0.5374305003971406,0.6991281885695835,0.9218467652038768,0.996918037193881,0.0369606018066406,0.0221099853515625
WY4421310768820180614,subsetted_512x512_HLS.S30.T12TYQ.2018185.v1.4,0.8012621267778092,0.8896674335912989,0.9615685858441484,0.9941593963517968,0.0344696044921875,0.038482666015625,subsetted_512x512_HLS.S30.T12TYQ.2018185.v1.4,0.0199338010078055,0.0390884212055896,0.0350804527764975,0.5426009684258682,0.0344696044921875,0.1230430603027343,subsetted_512x512_HLS.S30.T12TYQ.2018185.v1.4,0.1416100615580556,0.2480883207437536,0.1681340119699247,0.7606535974162747,0.0344696044921875,0.1296577453613281,subsetted_512x512_HLS.S30.T12TYQ.2018185.v1.4,0.345078426915208,0.5130978536420483,0.5888159072532038,0.8894646727536213,0.0344696044921875,0.055816650390625,subsetted_512x512_HLS.S30.T12TYQ.2018185.v1.4,0.7355187505363425,0.8476068037974683,0.9619897572673975,0.9965827191381096,0.0344696044921875,0.0426788330078125
WY4438911082120200822,subsetted_512x512_HLS.S30.T12TWQ.2020283.v1.4,0.5205584311438362,0.6846937552439171,0.9325288186831422,0.987125496301402,0.057381989639045,0.1017517490787295,subsetted_512x512_HLS.S30.T12TWQ.2020283.v1.4,0.0530025640297843,0.1006693921559818,0.0571112198888342,0.5207593009223757,0.057381989639045,0.3671844600935385,subsetted_512x512_HLS.S30.T12TWQ.2020283.v1.4,0.1164759725400457,0.2086493133838901,0.1203413612542372,0.6163501719150075,0.057381989639045,0.147353683937468,subsetted_512x512_HLS.S30.T12TWQ.2020283.v1.4,0.0573861490391768,0.1085434097870912,0.0573879005459519,0.4999372713439311,0.057381989639045,0.9999275190929968,subsetted_512x512_HLS.S30.T12TWQ.2020283.v1.4,0.717877638362027,0.8357727259859016,0.9730692011867904,0.9979550540450026,0.057381989639045,0.0773676460490276
WY4446210893620180812,subsetted_512x512_HLS.S30.T12TXQ.2018248.v1.4,0.6861104470475735,0.813838083085212,0.8480039602279782,0.9578937096470944,0.031463623046875,0.0223464965820312,subsetted_512x512_HLS.S30.T12TXQ.2018248.v1.4,0.0282025161461914,0.05485790144124,0.0282394261985421,0.4602926845937851,0.031463623046875,0.7501411437988281,subsetted_512x512_HLS.S30.T12TXQ.2018248.v1.4,0.0325881741319396,0.0631194021940749,0.0753167872172613,0.5885561456813756,0.031463623046875,0.1124954223632812,subsetted_512x512_HLS.S30.T12TXQ.2018248.v1.4,0.0322700543442113,0.062522504083899,0.0347459769146516,0.5217746636418061,0.031463623046875,0.9750099182128906,subsetted_512x512_HLS.S30.T12TXQ.2018248.v1.4,0.8125641317979706,0.8965907661341049,0.9495259539686632,0.9980382623117916,0.031463623046875,0.0291824340820312
WY4446910642920200723,subsetted_512x512_HLS.S30.T13TCK.2020215.v1.4,0.8127318883030658,0.8966928794570721,0.921984031656736,0.9731515633564216,0.0194816589355468,0.01593017578125,subsetted_512x512_HLS.S30.T13TCK.2020215.v1.4,0.0273466130266951,0.0532373644492358,0.0249421037537394,0.6004948309272943,0.0194816589355468,0.2211341857910156,subsetted_512x512_HLS.S30.T13TCK.2020215.v1.4,0.0939060299577519,0.1716893908362104,0.1249264170550564,0.5597549356358498,0.0194816589355468,0.0457077026367187,subsetted_512x512_HLS.S30.T13TCK.2020215.v1.4,0.2618399086196292,0.4150128821112736,0.409515998063353,0.8528952191752375,0.0194816589355468,0.0353012084960937,subsetted_512x512_HLS.S30.T13TCK.2020215.v1.4,0.7133196118788592,0.8326754762313369,0.9094838799388356,0.9982698127270626,0.0194816589355468,0.0249748229980468
WY4466210575120200903,subsetted_512x512_HLS.S30.T13TDK.2020280.v1.4,0.8431708555470931,0.9149133982989568,0.9520838024252573,0.9867803573588356,0.0581855773925781,0.0525970458984375,subsetted_512x512_HLS.S30.T13TDK.2020280.v1.4,0.0537099494097807,0.1019444666720012,0.0717487692990188,0.4862681484147904,0.0581855773925781,0.4662094116210937,subsetted_512x512_HLS.S30.T13TDK.2020280.v1.4,0.0845336303399845,0.1558893665906598,0.1227825015511515,0.6217970484790725,0.0581855773925781,0.1609725952148437,subsetted_512x512_HLS.S30.T13TDK.2020280.v1.4,0.2159773468337051,0.3552325171124126,0.3193634255717364,0.7321999606140844,0.0581855773925781,0.0499305725097656,subsetted_512x512_HLS.S30.T13TDK.2020280.v1.4,0.7869965477560414,0.8808036576727413,0.9485651673408216,0.9967713689700408,0.0581855773925781,0.0602912902832031
WY4498410652920200817,subsetted_512x512_HLS.S30.T13TCK.2020245.v1.4,0.9128514699859324,0.9544405138707877,0.99269861291343,0.9920651946579828,0.4281883239746094,0.3913612365722656,subsetted_512x512_HLS.S30.T13TCK.2020245.v1.4,0.4232776334664443,0.5947927846453068,0.480744150084039,0.5334235476745897,0.4281883239746094,0.972209930419922,subsetted_512x512_HLS.S30.T13TCK.2020245.v1.4,0.3027994926485814,0.4648443515018453,0.5035020449050239,0.5791334118371143,0.4281883239746094,0.33978271484375,subsetted_512x512_HLS.S30.T13TCK.2020245.v1.4,0.4281915908171906,0.5996276600006945,0.4283664395977636,0.5001867949325203,0.4281883239746094,0.9999923706054688,subsetted_512x512_HLS.S30.T13TCK.2020245.v1.4,0.8900254739665585,0.9418132043465848,0.9928688523403214,0.9955600224482016,0.4281883239746094,0.4803352355957031
