event_id,image_id,fold,threshold,iou,dice,precision,recall,auprc,auroc,true_burn_fraction,pred_burn_fraction,n_valid
AR3497109415320180202,subsetted_512x512_HLS.S30.T15SUU.2018062.v1.4,3,0.26,0.031058872788718914,0.060246555474981874,0.03234950549022662,0.43772391991570075,0.053996698939577537,0.6867234614138666,0.018100738525390625,0.24492263793945312,262144
AZ3146411144720180705,subsetted_512x512_HLS.S30.T12RVV.2018215.v1.4,5,0.36000000000000004,0.12207507349756237,0.21758806764515043,0.12949204238845657,0.6806433379579672,0.1971723089586201,0.71605476563525,0.07423782348632812,0.3902130126953125,262144
AZ3153510989320180607,subsetted_512x512_HLS.S30.T12RXV.2018182.v1.4,1,0.44,0.13038252031283284,0.23068743185581025,0.15658863731886044,0.43790883074407194,0.14967070771967322,0.6060278993688311,0.07464599609375,0.20875167846679688,262144
AZ3154810940620180724,subsetted_512x512_HLS.S30.T12RXV.2018217.v1.4,4,0.47000000000000003,0.10438994734416521,0.18904545010610055,0.11335420260227007,0.5689701245256801,0.21988510428661898,0.6461738334962419,0.07138061267310113,0.35828787242971044,262130
AZ3156211037620190714,subsetted_512x512_HLS.S30.T12RWV.2019225.v1.4,1,0.44,0.03768077089197683,0.07262497667676145,0.03920657058732373,0.49193077970056387,0.04604743448982071,0.6920653650287931,0.0196191377192514,0.24616429263528927,262142
AZ3160611150220201027,subsetted_512x512_HLS.S30.T12RVV.2020320.v1.4,4,0.47000000000000003,0.08920619915918307,0.1638003882608199,0.09534698218558894,0.5807287449392713,0.12904462704519679,0.7642557981187722,0.023555755615234375,0.14347076416015625,262144
AZ3168311135220201006,subsetted_512x512_HLS.S30.T12SVA.2020310.v1.4,4,0.47000000000000003,0.0698122489136673,0.13051308579530213,0.07263808914480699,0.6421568627450981,0.14632911231945592,0.7451967904157241,0.0303497314453125,0.2683067321777344,262144
AZ3195511118320200712,subsetted_512x512_HLS.S30.T12SVA.2020230.v1.4,2,0.47000000000000003,0.07496829135712992,0.13948000505667693,0.12339695794810618,0.1603837581160965,0.07236799789067605,0.631316309825761,0.039363861083984375,0.0511627197265625,262144
AZ3198010937020180512,subsetted_512x512_HLS.S30.T12SXA.2018157.v1.4,4,0.47000000000000003,0.11393974065598779,0.20457074381580073,0.12614799957774728,0.5407239819004525,0.15447609933168657,0.7523760372594603,0.02529144287109375,0.10840988159179688,262144
AZ3209510937320200606,subsetted_512x512_HLS.S30.T12SXA.2020187.v1.4,1,0.44,0.08978405911471411,0.16477403640433166,0.12465760247024255,0.24296253154727238,0.15929961534863007,0.6051720610832642,0.0785980224609375,0.15319061279296875,262144
AZ3213311040720190822,subsetted_512x512_HLS.S30.T12SWA.2019260.v1.4,5,0.36000000000000004,0.07550636314751748,0.140410816215991,0.07689148489550059,0.8073790129372305,0.2626823677668044,0.8607889519174194,0.023883819580078125,0.25078582763671875,262144
AZ3228010995520180726,subsetted_512x512_HLS.S30.T12SWA.2018225.v1.4,1,0.44,0.07067539733776015,0.1320202136212243,0.08813832234319889,0.2629231473010064,0.09613263093414581,0.5801997098382402,0.033355712890625,0.0995025634765625,262144
AZ3237811092720200606,subsetted_512x512_HLS.S30.T12SWA.2020230.v1.4,3,0.26,0.3547771812666405,0.5237424813059572,0.846204297493129,0.3792299043095686,0.8461246278275311,0.536469295318693,0.8176307678222656,0.366424560546875,262144
AZ3238810909020200813,subsetted_512x512_HLS.S30.T12SXA.2020247.v1.4,2,0.47000000000000003,0.12470301162268028,0.2217527833285755,0.15689125868476328,0.3780416585555772,0.11163878100507574,0.7170294955655001,0.03919219970703125,0.0944366455078125,262144
AZ3282711447820190216,subsetted_512x512_HLS.S30.T11SQS.2019078.v1.4,3,0.26,0.03467888458804013,0.067033134829745,0.0419814478339868,0.1662249148049981,0.029101786690117454,0.6012353765786705,0.02014923095703125,0.07978057861328125,262144
AZ3304411105620200630,subsetted_512x512_HLS.S30.T12SVB.2020185.v1.4,4,0.47000000000000003,0.05236391845881998,0.0995167499385699,0.061575106426109874,0.2592829705505762,0.04740231437726667,0.6345396305572635,0.01787567138671875,0.0752716064453125,262144
AZ3321510968220180730,subsetted_512x512_HLS.S30.T12SXB.2018217.v1.4,4,0.47000000000000003,0.02023529411764706,0.03966789667896679,0.024495080269290523,0.10423093873953283,0.029436210213008882,0.5938942920963455,0.025077088007426973,0.10670748554945238,180962
AZ3324911096720201021,subsetted_512x512_HLS.S30.T12SVB.2020310.v1.4,5,0.36000000000000004,0.07677146115002444,0.14259564618852397,0.08888427881713941,0.36034865050844866,0.07729669388569409,0.6408004632808574,0.049911655720626,0.20234846952599383,262043
AZ3336011011920200828,subsetted_512x512_HLS.S30.T12SWB.2020250.v1.4,5,0.36000000000000004,0.11854476865479695,0.21196249265438566,0.13347921225382933,0.5144487163586754,0.2258470071890172,0.7384914253182617,0.030757904052734375,0.1185455322265625,262144
AZ3340211129720200531,subsetted_512x512_HLS.S30.T12SVB.2020155.v1.4,1,0.44,0.3396600549753917,0.5070839482209253,0.445347407096041,0.5886916705252868,0.44555882037003425,0.5931630075674172,0.3707313537597656,0.49005889892578125,262144
AZ3340811121020190608,subsetted_512x512_HLS.S30.T12SVC.2019190.v1.4,5,0.36000000000000004,0.2932994062765055,0.45356768100734524,0.9846632673332892,0.2946454402422254,0.976526695447215,0.6043747182805415,0.9625511169433594,0.2880287170410156,262144
AZ3343511035820200606,subsetted_512x512_HLS.S30.T12SWC.2020190.v1.4,5,0.36000000000000004,0.3389880221957512,0.5063346595735169,0.5873549270356887,0.4449569036637779,0.5792119620200946,0.579971523728398,0.4855079650878906,0.3678016662597656,262144
AZ3344911322120200711,subsetted_512x512_HLS.S30.T12STC.2020218.v1.4,1,0.44,0.07347146896583692,0.13688574142844806,0.07715147975077882,0.6063504208110176,0.11007687051480536,0.755755455906648,0.02991485595703125,0.235107421875,262144
AZ3354411042020200801,subsetted_512x512_HLS.S30.T12SWC.2020250.v1.4,2,0.47000000000000003,0.28949114263533066,0.44900059110712176,0.47090293324149013,0.42904511364706127,0.48138155302232616,0.6218157992711183,0.3646965026855469,0.3322792053222656,262144
AZ3372911159520190804,subsetted_512x512_HLS.S30.T12SVC.2019245.v1.4,5,0.36000000000000004,0.12960939207543634,0.22947647741721489,0.17245533859576237,0.3428311859927321,0.18481768818339128,0.6950551687454926,0.0461883544921875,0.09181976318359375,262144
AZ3376811242920190530,subsetted_512x512_HLS.S30.T12SUC.2019158.v1.4,5,0.36000000000000004,0.07778094694808899,0.14433535342842777,0.09179963643708342,0.33745823536691005,0.11564967169804682,0.6751909345386103,0.030826568603515625,0.11331939697265625,262144
AZ3384711201720200517,subsetted_512x512_HLS.S30.T12SVC.2020155.v1.4,1,0.44,0.052840134508770335,0.10037636821932944,0.06211936662606577,0.26130337078651683,0.053688827733081756,0.5144388554447928,0.04894132759674986,0.2058703197793351,227313
AZ3388511181620200925,subsetted_512x512_HLS.S30.T12SVC.2020285.v1.4,3,0.26,0.2529924430470517,0.4038211793709141,0.36116069084991337,0.45790971263124614,0.4516598183652356,0.6563060082122804,0.22925186157226562,0.2906646728515625,262144
AZ3394811199720180727,subsetted_512x512_HLS.S30.T12SVC.2018215.v1.4,3,0.26,0.07840549102428722,0.14541003671970623,0.1471900089206066,0.14367260061919504,0.14600559223421733,0.6504987254940497,0.06394456817619401,0.062416481069042316,161640
AZ3395311201220190903,subsetted_512x512_HLS.S30.T12SVC.2019280.v1.4,5,0.36000000000000004,0.013621658436914694,0.026877204770703846,0.31148604802076574,0.014044532872984756,0.2025173868147385,0.5344114526299977,0.1851960226503021,0.008350266872578505,184545
AZ3395611183620200829,subsetted_512x512_HLS.S30.T12SVC.2020250.v1.4,2,0.47000000000000003,0.08682358759919966,0.15977494156341146,0.09056586075088525,0.6775438596491228,0.15624346204754297,0.8022722600495248,0.0217437744140625,0.16267013549804688,262144
AZ3415011213920200531,subsetted_512x512_HLS.S30.T12SUC.2020153.v1.4,3,0.26,0.19796888392509285,0.3305075558831819,0.2717968833577007,0.421570796460177,0.3407016125854996,0.7491622488587878,0.06897025276376925,0.10697637158486621,262142
AZ3417411217520200807,subsetted_512x512_HLS.S30.T12SUC.2020248.v1.4,4,0.47000000000000003,0.11539810592774465,0.2069182389937107,0.1361035140539174,0.4313496977201544,0.2546070215079357,0.6769692973123286,0.052371978759765625,0.16598129272460938,262144
AZ3423611014020190726,subsetted_512x512_HLS.S30.T12SWC.2019225.v1.4,4,0.47000000000000003,0.058090020464974385,0.10980166023954542,0.06235928225421301,0.45901968662113296,0.06052270945601049,0.6315789411950253,0.03797927085598318,0.27956115555250377,262143
AZ3424311248720190714,subsetted_512x512_HLS.S30.T12SUC.2019223.v1.4,5,0.36000000000000004,0.117377553637063,0.2100947047933783,0.21775395642383685,0.20295595625184748,0.17837844235965122,0.5499026180892896,0.12905120849609375,0.12028121948242188,262144
AZ3427511241920201015,subsetted_512x512_HLS.S30.T12SUC.2020318.v1.4,5,0.36000000000000004,0.18378902953586498,0.310509769815867,0.2198721896358515,0.5282831223014602,0.2863146359478635,0.640250534167024,0.15799518648536784,0.3796123127864731,260932
AZ3440011201020190603,subsetted_512x512_HLS.S30.T12SVD.2019183.v1.4,2,0.47000000000000003,0.08285060975609757,0.15302315759836702,0.0960268557167782,0.3764828123647069,0.1296788639133204,0.6787877206564766,0.044055938720703125,0.17272567749023438,262144
AZ3455711116020180427,subsetted_512x512_HLS.S30.T12SVD.2018168.v1.4,4,0.47000000000000003,0.13910465947301207,0.2442350811511324,0.47566203277112296,0.16429806960492632,0.4195489828359187,0.5376105745695936,0.3644464841366302,0.12588318951822358,198287
AZ3461611082220180724,subsetted_512x512_HLS.S30.T12SWD.2018220.v1.4,4,0.47000000000000003,0.09189067447437103,0.16831478942451195,0.10804748107299747,0.38061790045546834,0.14108067485803366,0.6142380057750697,0.06951549345204716,0.2448816104187409,262143
AZ3468811236620180511,subsetted_512x512_HLS.S30.T12SUD.2018168.v1.4,1,0.44,0.05926016062302263,0.111889718552556,0.09220241798068861,0.14226692262749352,0.13310329509332575,0.5746201420778425,0.09140917067215991,0.1410429541466392,262140
AZ3477911297320180708,subsetted_512x512_HLS.S30.T12SUD.2018218.v1.4,4,0.47000000000000003,0.11929505082252825,0.21316104406047853,0.13593782734918244,0.49351684172401306,0.16729959638346298,0.605848204708796,0.10532379150390625,0.3823738098144531,262144
AZ3479711322320200824,subsetted_512x512_HLS.S30.T12STD.2020248.v1.4,4,0.47000000000000003,0.1544145579314993,0.2675201154915823,0.2837040706051873,0.2530829483832095,0.2849489048702571,0.5990997036437448,0.18993377685546875,0.16943359375,262144
AZ3495111328920180515,subsetted_512x512_HLS.S30.T12STD.2018168.v1.4,4,0.47000000000000003,0.07395516346073314,0.1377248622231465,0.0887823842879646,0.3069169273548836,0.09502170171751619,0.5983043887499095,0.032924652099609375,0.11381912231445312,262144
AZ3525811164320190721,subsetted_512x512_HLS.S30.T12SVE.2019228.v1.4,3,0.26,0.09053730399023906,0.1660416450844297,0.10213601141924959,0.4435957046385475,0.09057420893364344,0.6947309351978834,0.03445894910314415,0.14966162860783253,262138
AZ3530911140720190516,subsetted_512x512_HLS.S30.T12SVE.2019183.v1.4,4,0.47000000000000003,0.17682085404812764,0.3005059834551442,0.18949799440865442,0.725509966648569,0.2919696550580821,0.6380611816417924,0.14754867553710938,0.5649032592773438,262144
AZ3563211274720200705,subsetted_512x512_HLS.S30.T12SUE.2020218.v1.4,5,0.36000000000000004,0.0764762329072278,0.1420862450454466,0.07885716305039225,0.7169477911646587,0.14858933351969433,0.8210697639945721,0.023746490478515625,0.2158966064453125,262144
AZ3574111380520200818,subsetted_512x512_HLS.S30.T12STE.2020246.v1.4,4,0.47000000000000003,0.13957011438733616,0.24495221948212084,0.1691456243514355,0.4438935828503596,0.19533925220932705,0.6444354653469674,0.10930475732527344,0.28685152535128494,262038
AZ3636511203320180806,subsetted_512x512_HLS.S30.T12SVF.2018253.v1.4,5,0.36000000000000004,0.21939175419344725,0.35983801504146046,0.3217734518700184,0.40811664641555284,0.3865016623093358,0.7674712052864238,0.0784927859121186,0.09955517575517117,262126
AZ3636911230720180726,subsetted_512x512_HLS.S30.T12SUF.2018253.v1.4,4,0.47000000000000003,0.08514587668218493,0.15692982577147507,0.09275929549902152,0.5091755438188166,0.14905980473810806,0.6719194205219784,0.04261658426417628,0.23393151437465665,262128
AZ3652211386520200510,subsetted_512x512_HLS.S30.T12STF.2020156.v1.4,4,0.47000000000000003,0.43734971427458846,0.6085501808379502,0.6700073823851815,0.5574201713516431,0.7031075099565526,0.6000130305194853,0.6148872375488281,0.5115623474121094,262144
AZ3662811235020200608,subsetted_512x512_HLS.S30.T12SUF.2020183.v1.4,2,0.47000000000000003,0.34813727380122683,0.5164715501406085,0.49410708272533393,0.5409565357644835,0.4950334796239518,0.4904116037304711,0.4966697692871094,0.54376220703125,262144
AZ3689811361420180708,subsetted_512x512_HLS.S30.T12STF.2018231.v1.4,5,0.36000000000000004,0.07261852193809963,0.13540419161676648,0.07904568394835157,0.4717694614682488,0.06387097957292853,0.7166746429420607,0.029254913330078125,0.17460250854492188,262144
AZ3697411369720210713,subsetted_512x512_HLS.S30.T12STF.2021215.v1.4,2,0.47000000000000003,0.06702588483888008,0.1256312256173634,0.07950273196651461,0.2992735163694688,0.11389104198383257,0.6325121572345512,0.040431976318359375,0.15219879150390625,262144
AZ3697611367020210624,subsetted_512x512_HLS.S30.T12STF.2021190.v1.4,5,0.36000000000000004,0.015392463849699188,0.030318255054486234,0.016654294904737434,0.16885372443072172,0.028615126119331997,0.5975291641471355,0.01976776123046875,0.20042037963867188,262144
AZ3698311211020200729,subsetted_512x512_HLS.S30.T12SUF.2020223.v1.4,2,0.47000000000000003,0.12464289759498609,0.22165773306625786,0.2643392852376758,0.1908432249113612,0.21890586632233572,0.5164492278069587,0.197967529296875,0.14292526245117188,262144
CA3257311670020190814,subsetted_512x512_HLS.S30.T11SNS.2019246.v1.4,5,0.36000000000000004,0.08230478457907817,0.1520916949675826,0.08906617248237209,0.5201953537486801,0.09698185142389988,0.741285551401036,0.028905659801445282,0.16882492540844124,262094
CA3276011669320200905,subsetted_512x512_HLS.S30.T11SNS.2020276.v1.4,3,0.26,0.2280459185961346,0.37139640324985546,0.33673232908458867,0.41401628222523745,0.37170452917839597,0.5751743444025514,0.2811549862092907,0.3456832981730648,262133
CA3298011643520210501,subsetted_512x512_HLS.S30.T11SNS.2021155.v1.4,5,0.36000000000000004,0.1298973880597015,0.22992776057791536,0.2152014330371255,0.24681759587495972,0.18992152836759796,0.612878980379128,0.09469676740087433,0.10860907447108818,262142
CA3337911735120200609,subsetted_512x512_HLS.S30.T11SMT.2020194.v1.4,4,0.47000000000000003,0.27885036336572977,0.43609537339746335,0.5508915572340825,0.3608918183878522,0.512502746343829,0.5813436331504278,0.4039796743625349,0.26464910808295056,262132
CA3338011743020180706,subsetted_512x512_HLS.S30.T11SMS.2018259.v1.4,1,0.44,0.06263472861233552,0.11788571731347125,0.06554493114709943,0.5851807319455925,0.07024161926843164,0.547190301647084,0.050762370156746506,0.45320302277764424,262143
CA3350411735320210828,subsetted_512x512_HLS.S30.T11SMT.2021248.v1.4,2,0.47000000000000003,0.03514294528352965,0.06789969529069025,0.03550371128906076,0.7757087270705948,0.060357418505383724,0.6662954765643027,0.027450980392156862,0.5997672999160754,262140
CA3352811727320190904,subsetted_512x512_HLS.S30.T11SMT.2019294.v1.4,2,0.47000000000000003,0.08551104833013823,0.1575498443091509,0.0902075572112826,0.6215621562156216,0.14990216423955316,0.7696409553602261,0.03121411102166025,0.21507632786835207,262093
CA3363011706020180517,subsetted_512x512_HLS.S30.T11SMT.2018154.v1.4,1,0.44,0.028113757753705244,0.05468997480420872,0.02814689962728308,0.9598015737256244,0.0735262922124349,0.6892295030249355,0.022408426733720736,0.7641212186259027,260884
CA3367611751620180806,subsetted_512x512_HLS.S30.T11SMT.2018249.v1.4,5,0.36000000000000004,0.13608648421347724,0.23957064203204761,0.5745034949517364,0.15134008164219673,0.4707102393681339,0.558748313113404,0.3915594398391693,0.10314756674893855,262139
CA3372011680020180725,subsetted_512x512_HLS.S30.T11SNT.2018216.v1.4,4,0.47000000000000003,0.16532325350242685,0.28373801519113434,0.22386945287708646,0.3873166420206347,0.22101029218161725,0.500488528343115,0.22443008422851562,0.3882865905761719,262144
CA3375311768720201026,subsetted_512x512_HLS.S30.T11SMT.2020309.v1.4,5,0.36000000000000004,0.18659021233110026,0.3144981483785155,0.34017140018216446,0.2924281519708159,0.2867514638943491,0.5601273959686298,0.21443317064980558,0.18433735399503173,262063
CA3388811668420200917,subsetted_512x512_HLS.S30.T11SNT.2020281.v1.4,2,0.47000000000000003,0.15911299705701185,0.274542684727028,0.16569498097016522,0.8002202946440865,0.25340625744463624,0.7185671029892644,0.11102661015718451,0.5362005908272728,261667
CA3399211696420200731,subsetted_512x512_HLS.S30.T11SNT.2020221.v1.4,5,0.36000000000000004,0.35381219320921314,0.5226902150593,0.6528711236882443,0.4357939625503538,0.6100689000573841,0.5989131458985067,0.5332435443501617,0.355942097552042,262096
CA3399211705920191010,subsetted_512x512_HLS.S30.T11SMT.2019309.v1.4,4,0.47000000000000003,0.009201085779097479,0.01823439532270081,0.00969491889569234,0.15299851663488026,0.014564177145842518,0.41846796324811253,0.018003135956294995,0.2841130622880273,262121
CA3405311699120200905,subsetted_512x512_HLS.S30.T11SMT.2020289.v1.4,4,0.47000000000000003,0.24947908365945942,0.39933294910193784,0.36226418328776283,0.44485259291225043,0.3769337238970973,0.508658407872195,0.3624969476832916,0.4451384225627251,262096
CA3408411857020210515,subsetted_512x512_HLS.S30.T11SLT.2021163.v1.4,5,0.36000000000000004,0.045511391952758426,0.08706053765278315,0.04607461422030139,0.7882736156351792,0.10333783834178192,0.7620110806493403,0.0234222412109375,0.4007225036621094,262144
CA3415711791120200813,subsetted_512x512_HLS.S30.T11SMT.2020249.v1.4,1,0.44,0.115759008641774,0.20749822810337648,0.12167095115681234,0.7043504142070539,0.1772854632753025,0.6763456464012172,0.07690605627086314,0.4452074391988555,262125
CA3424011870020181108,subsetted_512x512_HLS.S30.T11SLT.2018349.v1.4,3,0.26,0.17765632375226692,0.3017116626796782,0.7315356602152298,0.19004693238653578,0.7333634430855062,0.5110898356932452,0.7253566196314288,0.18844166859434036,259380
CA3424811795920200906,subsetted_512x512_HLS.S30.T11SMU.2020299.v1.4,1,0.44,0.6124861766518374,0.7596792896837135,0.7741128395535923,0.7457741230887832,0.7784613767375951,0.5250062874256167,0.7629285162545042,0.7349992354050588,255037
CA3428211880320191030,subsetted_512x512_HLS.S30.T11SLT.2019309.v1.4,5,0.36000000000000004,0.07137673989049409,0.13324302690721015,0.07540910484792729,0.5717003064567262,0.0698455394682905,0.6787613159385436,0.03610247410487763,0.2737042901016729,262115
CA3444111874620200817,subsetted_512x512_HLS.S30.T11SLU.2020249.v1.4,2,0.47000000000000003,0.08849326170215548,0.16259772074982287,0.09313779440898085,0.639584317430326,0.1280146688338333,0.7112549791836323,0.040378570556640625,0.27728271484375,262144
CA3446611833020200705,subsetted_512x512_HLS.S30.T11SLU.2020229.v1.4,3,0.26,0.1218779603059079,0.2172748990855919,0.12825500255294317,0.7102463982765586,0.23964398073484744,0.8722358009954142,0.028331756591796875,0.15689468383789062,262144
CA3449011860020180922,subsetted_512x512_HLS.S30.T11SLU.2018274.v1.4,2,0.47000000000000003,0.06756880593823503,0.1265844516295173,0.07097705759666292,0.5845665961945031,0.13801441043076984,0.5982657882144499,0.0577392578125,0.4755401611328125,262144
CA3451712013120211011,subsetted_512x512_HLS.S30.T10SGD.2021306.v1.4,4,0.47000000000000003,0.2639998520491197,0.4177213337820241,0.33583757459789676,0.5524095763892471,0.36486218060830766,0.5553516495767605,0.29573397522707245,0.4864443181341339,262141
CA3490011851020180604,subsetted_512x512_HLS.S30.T11SLU.2018184.v1.4,3,0.26,0.14298609857374978,0.25019744116253356,0.15044776119402986,0.7424668541582965,0.2624970715971074,0.9043964746835866,0.028484344482421875,0.14057159423828125,262144
CA3494811892720210627,subsetted_512x512_HLS.S30.T11SLU.2021188.v1.4,4,0.47000000000000003,0.0776457406349993,0.14410253334133125,0.07935826286116984,0.7825190010857763,0.22885576215683065,0.7633323673650585,0.0351340319448842,0.3464421547347018,262139
CA3511712010020180819,subsetted_512x512_HLS.S30.T10SGD.2018257.v1.4,4,0.47000000000000003,0.02028426654769113,0.03976199028595524,0.02042027590632018,0.7528089887640449,0.024578159106608075,0.5697965901043133,0.01935210687337397,0.7134301256570866,262142
CA3517211519520200622,subsetted_512x512_HLS.S30.T11SPV.2020186.v1.4,5,0.36000000000000004,0.04621824424683166,0.0883529693751498,0.048264609310476804,0.52154984762734,0.09657610470417032,0.7272726477108772,0.01752471923828125,0.18937301635742188,262144
CA3530111559820200815,subsetted_512x512_HLS.S30.T11SPV.2020246.v1.4,5,0.36000000000000004,0.3129374263737787,0.47669815801973925,0.7762212864176008,0.3439694897365171,0.7480260130829683,0.5850813916607271,0.7011680603027344,0.3107109069824219,262144
CA3531811870820200701,subsetted_512x512_HLS.S30.T11SLV.2020222.v1.4,1,0.44,0.16261788558218046,0.27974433835713725,0.17960928950674826,0.6322134246379914,0.19701338636593457,0.7380762049632894,0.053478240966796875,0.18824005126953125,262144
CA3533311990620190605,subsetted_512x512_HLS.S30.T11SKV.2019187.v1.4,2,0.47000000000000003,0.03433731581783385,0.06639481200711372,0.036751252883621036,0.3433029908972692,0.03197221422052583,0.6466489386066441,0.020534515380859375,0.1918182373046875,262144
CA3535111995620200610,subsetted_512x512_HLS.S30.T10SGE.2020187.v1.4,5,0.36000000000000004,0.059345932067847974,0.11204259207755572,0.0818625174175569,0.17747010698552548,0.05599982139071076,0.5765488026109067,0.030307769775390625,0.065704345703125,262144
CA3535112000520200728,subsetted_512x512_HLS.S30.T10SGE.2020217.v1.4,1,0.44,0.10594136230116943,0.1915858578265554,0.1529261170446818,0.2564050972501677,0.148602848434298,0.6272103513704872,0.05687713623046875,0.09536361694335938,262144
CA3540011877020180803,subsetted_512x512_HLS.S30.T11SLV.2018249.v1.4,1,0.44,0.13563538058921584,0.23887135414686086,0.14388990186825973,0.702765595632328,0.21796328910908766,0.6945583648353477,0.08524322509765625,0.4163322448730469,262144
CA3540811843620210720,subsetted_512x512_HLS.S30.T11SLV.2021216.v1.4,3,0.26,0.08977782995333548,0.16476354626737047,0.09581082139221674,0.5877605917955615,0.23395893221987266,0.7227270897305103,0.050163130171611975,0.30773049064350877,207503
CA3546511854420200803,subsetted_512x512_HLS.S30.T11SLV.2020247.v1.4,1,0.44,0.17925085504718213,0.30400801369783237,0.2549375842466155,0.37647126702054007,0.2200951064733187,0.6427730348475156,0.132232666015625,0.19527053833007812,262144
CA3566212040420190612,subsetted_512x512_HLS.S30.T10SGE.2019187.v1.4,1,0.44,0.11854037714121203,0.21195547262080947,0.14794520547945206,0.3735964613814223,0.09822127552654492,0.6356691086740466,0.033634185791015625,0.08493423461914062,262144
CA3568711855020210818,subsetted_512x512_HLS.S30.T11SLV.2021251.v1.4,5,0.36000000000000004,0.2984133681643594,0.45965849625569294,0.556504431947048,0.39152345053853604,0.5367011459303578,0.5691961036225384,0.4685760716560935,0.32966228098618683,262141
CA3572011963220190507,subsetted_512x512_HLS.S30.T11SKV.2019152.v1.4,2,0.47000000000000003,0.14965369600805944,0.2603456963217736,0.196312937756046,0.38637102542427987,0.1526207465696685,0.6711540535123742,0.05867854049578578,0.11548748707500124,262089
CA3580012036020180806,subsetted_512x512_HLS.S30.T10SGE.2018247.v1.4,2,0.47000000000000003,0.1806381610673525,0.30600088498587424,0.23719064956994354,0.4310510164940545,0.2513827950220355,0.792155460416441,0.0397796630859375,0.07229232788085938,262144
CA3595912083320210530,subsetted_512x512_HLS.S30.T10SFE.2021166.v1.4,1,0.44,0.07578536354493286,0.14089309282886053,0.07841256886349725,0.6934319740166005,0.1735466953815104,0.7795152937917039,0.02114105224609375,0.18695831298828125,262144
CA3602211875920210618,subsetted_512x512_HLS.S30.T11SLV.2021186.v1.4,3,0.26,0.11894153655418233,0.21259651674111008,0.13520059893424935,0.4972465176546809,0.18353438068388506,0.8295626585120799,0.023552120606388904,0.08662099167626706,262142
CA3604711863120210910,subsetted_512x512_HLS.S30.T11SLV.2021331.v1.4,3,0.26,0.3286409817843241,0.49470246107111543,0.8506077817293911,0.3487718137457613,0.8738592354851966,0.47863941284878375,0.8763499311444517,0.3593267796584307,262143
CA3605412006420200503,subsetted_512x512_HLS.S30.T10SGE.2020162.v1.4,3,0.26,0.10977527697200573,0.1978333438306985,0.13906229246911941,0.3426420857423366,0.138241921878407,0.7245123756456874,0.03496973003078496,0.08616355320228426,262141
CA3606211763420200821,subsetted_512x512_HLS.S30.T11SMV.2020249.v1.4,4,0.47000000000000003,0.23761148855330522,0.383983973566792,0.7286116276390923,0.26068295554901383,0.7062727824634752,0.5739725538166583,0.6479263305664062,0.23181533813476562,262144
CA3606611745820200728,subsetted_512x512_HLS.S30.T11SMV.2020234.v1.4,3,0.26,0.1671398922828149,0.2864093557044051,0.26394949027808495,0.3130470035532874,0.2804760648058376,0.6399561054519003,0.16032253377887548,0.19014429142739167,261554
CA3607512023120200815,subsetted_512x512_HLS.S30.T10SGE.2020247.v1.4,2,0.47000000000000003,0.09421370572904897,0.172203483169271,0.09824219670431518,0.69674688057041,0.1926242503840959,0.7792064425289013,0.03424072265625,0.24283981323242188,262144
CA3609512052220200713,subsetted_512x512_HLS.S30.T10SGF.2020217.v1.4,3,0.26,0.24865773187425713,0.39828004989168253,0.5189018132056107,0.323159688931501,0.5320004670785762,0.5566224417180018,0.4297125941298095,0.2676147677940627,262138
CA3612312160220200819,subsetted_512x512_HLS.S30.T10SFE.2020267.v1.4,5,0.36000000000000004,0.22255661845787603,0.3640839452304586,0.9567375158298251,0.2248191385404812,0.9507659440530395,0.4835858470868212,0.9486371526122036,0.2229156732218132,262135
CA3620712156020210618,subsetted_512x512_HLS.S30.T10SFF.2021189.v1.4,4,0.47000000000000003,0.06130852793552796,0.11553384585495823,0.06259623712828409,0.7487589035182387,0.10753820135937142,0.6143704490397872,0.053025129615711826,0.634271958370371,262121
CA3641012100020180604,subsetted_512x512_HLS.S30.T10SFF.2018190.v1.4,5,0.36000000000000004,0.11310145640017207,0.2032185938664532,0.12440433945047145,0.5545344983428744,0.19987029811849072,0.7957444262329928,0.02532196044921875,0.11287307739257812,262144
CA3656312164020200816,subsetted_512x512_HLS.S30.T10SFF.2020250.v1.4,1,0.44,0.416727608437453,0.5882960224048617,0.7103715950383266,0.5020243926821953,0.705934896661144,0.6064802575209944,0.61053466796875,0.4314689636230469,262144
CA3667512102020200715,subsetted_512x512_HLS.S30.T10SFF.2020215.v1.4,5,0.36000000000000004,0.051823640285253485,0.09854055052651026,0.056600169779286925,0.38045649072753207,0.11123969000610008,0.6479836368496331,0.02674102783203125,0.17974853515625,262144
CA3686012078020180502,subsetted_512x512_HLS.S30.T10SFF.2018155.v1.4,3,0.26,0.12204812001398468,0.21754525111180353,0.14210117307478815,0.463768115942029,0.22286685539358267,0.8179739380502109,0.031585693359375,0.10308456420898438,262144
CA3702412151420200705,subsetted_512x512_HLS.S30.T10SFG.2020215.v1.4,2,0.47000000000000003,0.1385254732953671,0.243341895362985,0.1722433096232975,0.4143964392602256,0.2299277127647231,0.6088578786241334,0.09942319136923382,0.23920009766072056,262132
CA3706812121320200628,subsetted_512x512_HLS.S30.T10SFG.2020185.v1.4,1,0.44,0.04684877074435308,0.08950437169839087,0.04717152699030788,0.8725635698031068,0.13650239046403959,0.6935973576664195,0.03881709073451752,0.7180259241478637,260375
CA3735012030020180615,subsetted_512x512_HLS.S30.T10SGG.2018187.v1.4,2,0.47000000000000003,0.1465507434793207,0.25563760577154765,0.18173024605525664,0.4308647873865265,0.20715950419833315,0.6701439197602987,0.07984161376953125,0.18929672241210938,262144
CA3756511912720180611,subsetted_512x512_HLS.S30.T11SLB.2018197.v1.4,2,0.47000000000000003,0.2695601851851852,0.42465128999908835,0.34782651984308727,0.5450333088912117,0.4144070545885124,0.6275606715258357,0.24456662749347538,0.3832282779566856,262084
CA3761912020720170716,subsetted_512x512_HLS.S30.T10SGG.2019307.v1.4,5,0.36000000000000004,0.017472551983940123,0.0343450090125201,0.019526381387619442,0.1424530208122853,0.018413973871526497,0.5160951898128185,0.018878936767578125,0.13772964477539062,262144
CA3765211988120180713,subsetted_512x512_HLS.S30.T11SKB.2018222.v1.4,3,0.26,0.2643707026446596,0.4181854294657105,0.8468163599295452,0.27764868514990154,0.8587938144841308,0.5224532031377233,0.8388938903808594,0.2750511169433594,262144
CA3780512029420200820,subsetted_512x512_HLS.S30.T10SGG.2020247.v1.4,3,0.26,0.12686820172340726,0.22516954783066528,0.13690966187993536,0.6336696535666408,0.23853795391969054,0.7938023133051166,0.054065704345703125,0.25023651123046875,262144
CA3781211964620200725,subsetted_512x512_HLS.S30.T11SKB.2020222.v1.4,2,0.47000000000000003,0.12628239247732656,0.22424641159409547,0.15848898436067377,0.3832631212188401,0.21042467486004957,0.5805351230350534,0.12044345593480923,0.29126020990145846,262123
CA3782611887220190726,subsetted_512x512_HLS.S30.T11SLB.2019237.v1.4,3,0.26,0.11221435294480704,0.20178547893703655,0.12420265227526962,0.5375887049083382,0.14674415638346203,0.57963130705036,0.1032226558774269,0.4467805869987372,262113
CA3792911898320200817,subsetted_512x512_HLS.S30.T11SLC.2020247.v1.4,3,0.26,0.07838002436053593,0.14536623934037388,0.13489152080494707,0.15760470242468774,0.13234467835778543,0.5740949608250094,0.06230282407425068,0.07279344164737028,262139
CA3802612076120200818,subsetted_512x512_HLS.S30.T10SFH.2020245.v1.4,1,0.44,0.05712942282825908,0.1080840653841877,0.05823041474654378,0.751337852301106,0.1559974336093277,0.7677266085168027,0.032077789306640625,0.4138946533203125,262144
CA3805012095020180629,subsetted_512x512_HLS.S30.T10SFH.2018185.v1.4,1,0.44,0.21933715972707502,0.35976457861116834,0.27503470547115755,0.5199434176484822,0.296561646097321,0.6168541495353647,0.20495223999023438,0.3874549865722656,262144
CA3831012199020180810,subsetted_512x512_HLS.S30.T10SEH.2018245.v1.4,5,0.36000000000000004,0.05144280316042597,0.0978518337008903,0.08218426287987926,0.1209001917448784,0.053764449534980135,0.5062826006634044,0.037802575107296135,0.055610872675250354,262125
CA3847012204820200606,subsetted_512x512_HLS.S30.T10SEH.2020190.v1.4,2,0.47000000000000003,0.07247525765286551,0.13515511362281518,0.08425246008859291,0.3414457831325301,0.08913836455246617,0.5664800753915139,0.031665611146295125,0.1283296580877023,262114
CA3852112120220200612,subsetted_512x512_HLS.S30.T10SFH.2020185.v1.4,1,0.44,0.12875622288421937,0.22813822909470924,0.19425675675675674,0.276335550311092,0.19808732215767308,0.6465377956093525,0.08890355461627082,0.12646773836681444,262138
CA3855412253120200927,subsetted_512x512_HLS.S30.T10SEH.2020285.v1.4,3,0.26,0.2085363711640278,0.3451056602676699,0.7351827606949506,0.2254730136681552,0.722642968095522,0.528730818430505,0.7031821130146133,0.21565874317982373,262090
CA3867312307820200817,subsetted_512x512_HLS.S30.T10SDH.2020248.v1.4,1,0.44,0.45613010329562226,0.6264963580703051,0.840405560680358,0.49938693965082004,0.836761054599916,0.5715089596043612,0.7933661402304112,0.4714351110093843,262140
CA3873012240020180908,subsetted_512x512_HLS.S30.T10SEH.2018280.v1.4,2,0.47000000000000003,0.14490143587247506,0.2531247342913018,0.16611796216728977,0.5315122299589359,0.21674593024936964,0.7451961928716656,0.04273223876953125,0.13672637939453125,262144
CA3879612276720191023,subsetted_512x512_HLS.S30.T10SEH.2019305.v1.4,1,0.44,0.20368545903238766,0.33843635395599986,0.8399700214977418,0.21190876613360665,0.805850648809677,0.5459946699830686,0.7667053240352188,0.1934254497733966,262132
CA3881012220020180630,subsetted_512x512_HLS.S30.T10SEH.2018190.v1.4,3,0.26,0.1484478095255922,0.2585190346384376,0.8337626156433978,0.1529755561235069,0.8289990027915877,0.5964638928684923,0.7910652160644531,0.1451416015625,262144
CA3892812226620190608,subsetted_512x512_HLS.S30.T10SEJ.2019185.v1.4,5,0.36000000000000004,0.12317622950819672,0.2193355348378975,0.13755148741418766,0.5409954099540996,0.19108517342736375,0.7624429625126661,0.042385101318359375,0.1667022705078125,262144
CA3919012180020180731,subsetted_512x512_HLS.S30.T10SEJ.2018220.v1.4,2,0.47000000000000003,0.04667113049458007,0.08918012379404544,0.048443751526194186,0.5605303194957618,0.06050836717144144,0.6833265420366141,0.017551422119140625,0.20308303833007812,262144
CA3966012253020180609,subsetted_512x512_HLS.S30.T10SEJ.2018185.v1.4,4,0.47000000000000003,0.09668949771689497,0.1763297595503279,0.10463248919085856,0.5601851851851852,0.17222867677066056,0.7659735839067168,0.040374755859375,0.21615982055664062,262144
CA3968112017120200814,subsetted_512x512_HLS.S30.T10TGK.2020285.v1.4,1,0.44,0.5706602113734465,0.7266501146985049,0.671505376344086,0.791662265021656,0.7050291250865005,0.4900884163212278,0.6861000061035156,0.808868408203125,262144
CA3988012002520190824,subsetted_512x512_HLS.S30.T10TGK.2019245.v1.4,2,0.47000000000000003,0.10466119982736297,0.18949013479195156,0.1665293228952067,0.2197951599746216,0.08212563259003294,0.6198728144431052,0.042087554931640625,0.05554962158203125,262144
CA4004012260920191103,subsetted_512x512_HLS.S30.T10TEK.2019350.v1.4,4,0.47000000000000003,0.13293322433353938,0.234670890531503,0.152685216993015,0.5068034967692893,0.17232837327696376,0.7272466251468906,0.050186745815863666,0.16658337180157257,262121
CA4005312066920190904,subsetted_512x512_HLS.S30.T10TGK.2019280.v1.4,3,0.26,0.15183408489077316,0.263638812017221,0.8323967268066647,0.1566223153872196,0.8306802342267258,0.5048672721218387,0.8226647030994857,0.1547911547911548,262108
CA4010912278920190905,subsetted_512x512_HLS.S30.T10TEK.2019275.v1.4,2,0.47000000000000003,0.1020370198121105,0.18517893315327483,0.2094710712239832,0.1659355619422175,0.14077235640485145,0.4862977227499453,0.10466570618874975,0.08291246457578012,189489
CA4022012217020181007,subsetted_512x512_HLS.S30.T10TEK.2018340.v1.4,5,0.36000000000000004,0.12110416989347239,0.21604445536043226,0.14802271771140094,0.3997386957509657,0.1557414087430841,0.6510625118205,0.06717007337426216,0.1813943017616691,262081
CA4042112086320200718,subsetted_512x512_HLS.S30.T10TFK.2020220.v1.4,2,0.47000000000000003,0.1702762936083888,0.2910018677441801,0.31175455116133083,0.27283964747625045,0.290415396179529,0.6024657457327457,0.16664505004882812,0.145843505859375,262144
CA4051012242020180624,subsetted_512x512_HLS.S30.T10TEK.2018183.v1.4,1,0.44,0.030157861979215782,0.05854998169168803,0.030997983870967742,0.5266798418972332,0.04858799143623925,0.5535331640178496,0.02316293015644133,0.39355618879771725,262143
CA4054112256820200927,subsetted_512x512_HLS.S30.T10TEK.2020275.v1.4,4,0.47000000000000003,0.33694683470371134,0.5040542016442773,0.6838550129270262,0.399117313771098,0.6719290389385517,0.5286327326388677,0.6396102905273438,0.3732948303222656,262144
CA4058912057520190828,subsetted_512x512_HLS.S30.T10TGL.2019245.v1.4,4,0.47000000000000003,0.09789743019245745,0.17833620427601582,0.10768082424776379,0.518653857488065,0.1541795309644719,0.6407870090503864,0.06472396850585938,0.3117485046386719,262144
CA4063012088020180727,subsetted_512x512_HLS.S30.T10TFL.2018215.v1.4,4,0.47000000000000003,0.15004873087842704,0.26094325718496686,0.3412748896470634,0.2112239176340058,0.35373061364469544,0.5291682912279696,0.3197517395019531,0.19790267944335938,262144
CA4102912028120200818,subsetted_512x512_HLS.S30.T10TGL.2020265.v1.4,5,0.36000000000000004,0.27553646167814516,0.43203227811400813,0.9015447932063878,0.2840847340758296,0.8694020423924975,0.5759412858853804,0.8353843688964844,0.26323699951171875,262144
CA4106412076220200720,subsetted_512x512_HLS.S30.T10TFL.2020215.v1.4,2,0.47000000000000003,0.32399065416131523,0.4894153189722443,0.3659454424769287,0.7386282602588758,0.3921801211283667,0.5281105508522637,0.35306549072265625,0.7126312255859375,262144
CA4129012012020180713,subsetted_512x512_HLS.S30.T10TGL.2018215.v1.4,5,0.36000000000000004,0.11300934171785831,0.2030698889614631,0.14735993933074226,0.32650703633690403,0.19087965489757436,0.6074293143275977,0.03632354736328125,0.08048248291015625,262144
CA4139512105720180815,subsetted_512x512_HLS.S30.T10TFL.2018245.v1.4,4,0.47000000000000003,0.39666787800855396,0.5680203350479355,0.6473490925403548,0.5060116369601265,0.6802427328000669,0.524507707184103,0.6418495178222656,0.5017127990722656,262144
CA4172612124320190728,subsetted_512x512_HLS.S30.T10TFM.2019215.v1.4,2,0.47000000000000003,0.16260113994180717,0.27971956048476954,0.3063147619762727,0.25737358442951325,0.27800738707977146,0.5572871716619507,0.24185943603515625,0.203216552734375,262144
CA4173712105820200723,subsetted_512x512_HLS.S30.T10TFM.2020215.v1.4,5,0.36000000000000004,0.08550744981651193,0.15754373649110492,0.09117540145829324,0.579033134166214,0.18229966093212085,0.7507416629673452,0.0280914306640625,0.17840194702148438,262144
CA4174812105620190905,subsetted_512x512_HLS.S30.T10TFM.2019280.v1.4,1,0.44,0.16870224341341158,0.28870012762307257,0.1979798849337867,0.5328827959065456,0.22824795239441031,0.6719754630406146,0.09878912270528452,0.2659008713433337,262124
CO3699510252520190213,subsetted_512x512_HLS.S30.T13SGB.2019076.v1.4,3,0.26,0.07254347433660269,0.13527372283248992,0.08411710529988,0.3452265047820858,0.11480137710018073,0.5762199785231608,0.06660842895507812,0.27336883544921875,262144
CO3701810400020200822,subsetted_512x512_HLS.S30.T13SEB.2020249.v1.4,3,0.26,0.04564689458606599,0.0873084304508664,0.04898487851313182,0.40115015974440893,0.06520656260467791,0.6503524027177019,0.02985649803309588,0.24450277961135042,262087
CO3702010334020200607,subsetted_512x512_HLS.S30.T13SFB.2020189.v1.4,1,0.44,0.12468348494795085,0.22172190952678758,0.14092394664782262,0.5196742671009772,0.1802552667692368,0.6957636750628167,0.05855560302734375,0.21593093872070312,262144
CO3711310286620190718,subsetted_512x512_HLS.S30.T13SFB.2019219.v1.4,2,0.47000000000000003,0.05268449627991152,0.10009551098376314,0.06639875457079758,0.20323581560283688,0.08114421759591561,0.5497000717832234,0.034423828125,0.10536575317382812,262144
CO3727110823720200614,subsetted_512x512_HLS.S30.T12SYG.2020220.v1.4,4,0.47000000000000003,0.07248209018120523,0.13516699410609037,0.07570622463621399,0.6298981908738006,0.11982544123545874,0.6210607996544637,0.05208245912520695,0.4333414714162553,262142
CO3735610351820200518,subsetted_512x512_HLS.S30.T13SFB.2020164.v1.4,1,0.44,0.05455812564298278,0.10347106397709036,0.0677267858614155,0.2191123550579768,0.058065867790290944,0.5596656014152055,0.028621673583984375,0.09259796142578125,262144
CO3765810847420180722,subsetted_512x512_HLS.S30.T12SYG.2018225.v1.4,3,0.26,0.23144578678970373,0.37589277461099985,0.40738118772206344,0.34892287979498676,0.40744158977011,0.5626372660086463,0.3338094274268387,0.2859085059174422,261853
CO3773310232920180304,subsetted_512x512_HLS.S30.T13SGB.2018136.v1.4,1,0.44,0.16789937416388603,0.28752369917842846,0.3742203029679896,0.23344165562064395,0.2983384617951503,0.5728338592554261,0.17842864990234375,0.11130523681640625,262144
CO3805510340720200411,subsetted_512x512_HLS.S30.T13SFC.2020124.v1.4,1,0.44,0.030457224438994034,0.05911400049735337,0.0383834655840561,0.1285339100880581,0.030901995291716243,0.5429354171258336,0.024692535400390625,0.0826873779296875,262144
CO3806310318920190404,subsetted_512x512_HLS.S30.T13SFC.2019154.v1.4,3,0.26,0.09308100530689897,0.17030943700419546,0.09890834805183751,0.6123847167325428,0.23713834833121572,0.7988477199720696,0.02896670165060586,0.17934548230130712,262025
CO3844710247720200615,subsetted_512x512_HLS.S30.T13SFC.2020184.v1.4,4,0.47000000000000003,0.03419296366482656,0.06612492033142128,0.043792539439666545,0.13493740855145506,0.03226809947397408,0.5560849619537263,0.023464202880859375,0.07229995727539062,262144
CO3846910432320180527,subsetted_512x512_HLS.S30.T13SEC.2018164.v1.4,3,0.26,0.05548770816812054,0.10514136306603454,0.056970012783038454,0.6807744697411948,0.16802121652998478,0.7033555053545022,0.03920745849609375,0.4685173034667969,262144
CO3905010893820200605,subsetted_512x512_HLS.S30.T12SXJ.2020200.v1.4,5,0.36000000000000004,0.04983734756341843,0.09494298841451315,0.05108661727746111,0.6708369283865401,0.0702298099525685,0.7848868702645866,0.0176849365234375,0.23222732543945312,262144
CO3968910875820180729,subsetted_512x512_HLS.S30.T12TXK.2018215.v1.4,3,0.26,0.10293242149933597,0.18665227260145048,0.11345071548148834,0.5261186751453205,0.10736351172233655,0.5557464639353683,0.09783737156292463,0.45371303378677535,261996
CO3976210841920200713,subsetted_512x512_HLS.S30.T12TYK.2020215.v1.4,2,0.47000000000000003,0.08714161437799618,0.16031327147356772,0.09208711895238188,0.6187003088244957,0.16629484747102147,0.6608459853939812,0.058093329516175206,0.39030823551865634,261975
CO3985110606520200814,subsetted_512x512_HLS.S30.T13TDE.2020247.v1.4,4,0.47000000000000003,0.18812818361014072,0.3166799444795782,0.32701212789415657,0.30698066940543295,0.2881456363412424,0.5679719134228015,0.23958341281043757,0.2249074886506695,262130
CO3991410379420200820,subsetted_512x512_HLS.S30.T13TEE.2020249.v1.4,3,0.26,0.05892986261749819,0.11130078525093888,0.05978893092570662,0.8039740698985344,0.18147828625803947,0.8156193008716144,0.027069091796875,0.3639945983886719,262144
CO3991610764020180729,subsetted_512x512_HLS.S30.T13TBE.2018220.v1.4,3,0.26,0.1202361782071927,0.2146621945376138,0.13536924378550422,0.5181986428130784,0.157268728401006,0.6092758831842514,0.09904983043597812,0.3791665393663499,261848
CO4014010460020200719,subsetted_512x512_HLS.S30.T13TEE.2020214.v1.4,1,0.44,0.06575844904375164,0.12340216322517207,0.07738951695786228,0.3043654001616815,0.086635300961544,0.6033224772353866,0.037750244140625,0.148468017578125,262144
CO4019210820120180720,subsetted_512x512_HLS.S30.T12TYK.2018220.v1.4,2,0.47000000000000003,0.15400316734119304,0.26690250373578117,0.2372780262979531,0.30497961459385997,0.24935134910076504,0.6064232286928308,0.10947036743164062,0.14070510864257812,262144
CO4037010225020180404,subsetted_512x512_HLS.S30.T13TGE.2018136.v1.4,5,0.36000000000000004,0.08379558386715814,0.15463355842097443,0.08974874949692405,0.5581644815256257,0.10720148726054719,0.7372424167379624,0.03200531005859375,0.19904708862304688,262144
CO4065310857420180913,subsetted_512x512_HLS.S30.T12TYL.2018290.v1.4,2,0.47000000000000003,0.16049548041513223,0.2765981998615278,0.3154258643945126,0.246281883332049,0.2665573607745645,0.5941128848340453,0.14850997924804688,0.11595535278320312,262144
CO4069910400320190319,subsetted_512x512_HLS.S30.T13TEF.2019109.v1.4,1,0.44,0.0414309437361029,0.07956541715088782,0.046209386281588445,0.2860474154683249,0.06375313556938011,0.5019665599058727,0.01963043212890625,0.12151718139648438,262144
CO4078210783620180629,subsetted_512x512_HLS.S30.T13TBF.2018190.v1.4,5,0.36000000000000004,0.27886085337611816,0.43610820151377966,0.4000586293754886,0.47929809956163744,0.4478946595804517,0.6291273956780422,0.2932624816894531,0.351348876953125,262144
FL2616308144920180212,subsetted_512x512_HLS.S30.T17RMJ.2018064.v1.4,5,0.36000000000000004,0.070229596758634,0.13124211285379483,0.07782581840642372,0.41844424575296973,0.06906730251170565,0.7470109517537604,0.02986629027028058,0.16058137982337345,262135
FL2623908094820200410,subsetted_512x512_HLS.S30.T17RNK.2020126.v1.4,4,0.47000000000000003,0.010360065586788527,0.020507670363578145,0.010456012763904864,0.5302973278133233,0.011044996209421471,0.545329556053076,0.01013866735860432,0.5142025291338823,262066
FL2634008064020190119,subsetted_512x512_HLS.S30.T17RNK.2019081.v1.4,1,0.44,0.017126125108274017,0.03367551906397238,0.017133868354621152,0.9742903053026245,0.06559142161754633,0.6581927134112182,0.014245003376226029,0.8100195706661275,262127
FL2751908119020180204,subsetted_512x512_HLS.S30.T17RML.2018064.v1.4,3,0.26,0.05240668281473201,0.09959397573296823,0.053854303621347695,0.6609744634184552,0.074657912231219,0.7388341999031571,0.024356738646813935,0.29893956796648136,262063
FL2783908058120190308,subsetted_512x512_HLS.S30.T17RNL.2019111.v1.4,5,0.36000000000000004,0.023015378541598554,0.044995176073323685,0.02313238968559542,0.8198198198198198,0.035468644747319145,0.6855782767781371,0.01736976492994462,0.6155904231566333,262007
FL2861908074420191120,subsetted_512x512_HLS.S30.T17RNM.2019349.v1.4,4,0.47000000000000003,0.0466456877106018,0.08913367390378885,0.0476669291114505,0.6852584208373108,0.07997960387981778,0.7111009493154612,0.027973922033135347,0.4021523096701343,262137
FL3005608509020190916,subsetted_512x512_HLS.S30.T16RFU.2019305.v1.4,1,0.44,0.016519984187420678,0.032503019014675484,0.017590889957241288,0.21344086021505376,0.03311460265869972,0.4586789607285385,0.014190673828125,0.17218399047851562,262144
FL3011008549020190330,subsetted_512x512_HLS.S30.T16RFU.2019105.v1.4,4,0.47000000000000003,0.010774032459425717,0.02131838000074108,0.010878814045393521,0.5279902110737229,0.022891260744735537,0.5202224625424597,0.012470768655606123,0.6052538215333437,262133
FL3037408463920190911,subsetted_512x512_HLS.S30.T16RGU.2019277.v1.4,1,0.44,0.08093950942699327,0.149757703777336,0.08952978755014114,0.4575740318906606,0.18268210409126154,0.687363901026311,0.04020100502512563,0.20546162856804906,262083
GA3239508464820180322,subsetted_512x512_HLS.S30.T16SGA.2018107.v1.4,4,0.47000000000000003,0.010316948564059323,0.020423192105650745,0.010423713949234508,0.5018094089264173,0.10228612529328462,0.5546350237537359,0.012773448484404913,0.6149282938047234,259601
ID4209111416920200912,subsetted_512x512_HLS.S30.T12TTM.2020306.v1.4,2,0.47000000000000003,0.235212065733839,0.3808448318452906,0.6100720354039474,0.27682949173659716,0.5761649984339184,0.5576958194464888,0.5204963684082031,0.23618316650390625,262144
ID4218811351720180726,subsetted_512x512_HLS.S30.T11TQG.2018221.v1.4,4,0.47000000000000003,0.07207433871752293,0.13445772576506665,0.07763324299909666,0.5016343684333411,0.1255215254419423,0.7522785479554004,0.03267669677734375,0.21114349365234375,262144
ID4223511346220180922,subsetted_512x512_HLS.S30.T11TQG.2018291.v1.4,5,0.36000000000000004,0.25061071562382914,0.4007813342600693,0.31323698826438384,0.5562411642411642,0.3521980941558922,0.623732393586536,0.22935867309570312,0.4072914123535156,262144
ID4229111562520190723,subsetted_512x512_HLS.S30.T11TPG.2019214.v1.4,1,0.44,0.19794208705153887,0.3304702108575685,0.21756855941816242,0.6869404006994333,0.26722455036443393,0.6093464163224267,0.18107223510742188,0.5717086791992188,262144
ID4229611529420200814,subsetted_512x512_HLS.S30.T11TPG.2020249.v1.4,5,0.36000000000000004,0.11736622239904515,0.21007655332027772,0.1604132680804785,0.3042805569881382,0.22198558478275388,0.5926134069629052,0.09615707397460938,0.18239593505859375,262144
ID4235511352920201010,subsetted_512x512_HLS.S30.T11TQG.2020306.v1.4,5,0.36000000000000004,0.09398439126496025,0.17182035139694687,0.09567369102375374,0.8418426490600273,0.1403098915385026,0.6756247342370492,0.07568740844726562,0.6659812927246094,262144
ID4247711313220180717,subsetted_512x512_HLS.S30.T12TUN.2018216.v1.4,3,0.26,0.13955141561465867,0.24492342109791773,0.16037523240745957,0.5180163785259326,0.22744554929668642,0.7766214982396491,0.04192352294921875,0.13541412353515625,262144
ID4253711500720210703,subsetted_512x512_HLS.S30.T11TPH.2021238.v1.4,2,0.47000000000000003,0.10696616528870738,0.19326004469307256,0.15461963042956564,0.2576478585995921,0.15372249024195445,0.582622046629602,0.09539413452148438,0.15895843505859375,262144
ID4254611249720210721,subsetted_512x512_HLS.S30.T12TUN.2021215.v1.4,4,0.47000000000000003,0.0887426856259285,0.16301865775549987,0.10174145781918037,0.40988657050833216,0.1782686477961936,0.6694988938909507,0.027240753173828125,0.10974502563476562,262144
ID4254811347120200723,subsetted_512x512_HLS.S30.T11TQH.2020216.v1.4,4,0.47000000000000003,0.11156760480220429,0.20073921607684306,0.12748432800157422,0.47190426638917793,0.19090790665778434,0.721107600293704,0.03665924072265625,0.13570022583007812,262144
ID4257811155220180922,subsetted_512x512_HLS.S30.T12TVN.2018291.v1.4,2,0.47000000000000003,0.029990398724660784,0.058234326770026296,0.030317181262132366,0.7356143079315708,0.09780297031741891,0.7263308163587107,0.017192185023204295,0.4171501690189263,261805
ID4261911561220210806,subsetted_512x512_HLS.S30.T11TPH.2021263.v1.4,5,0.36000000000000004,0.1173615221987315,0.2100690239767498,0.12459151793730025,0.6691417550626808,0.23819545700129124,0.81104127405479,0.03956142894202744,0.21247195983580291,262124
ID4262311348620200808,subsetted_512x512_HLS.S30.T11TQH.2020251.v1.4,1,0.44,0.026576462167216975,0.051776878092667566,0.029907756268676106,0.19263598326359832,0.031339495238781497,0.5026407922946918,0.022792816162109375,0.14680862426757812,262144
ID4268511284420210614,subsetted_512x512_HLS.S30.T12TUN.2021205.v1.4,3,0.26,0.12058070751160246,0.21521110742548452,0.13003939893714495,0.6237433390100533,0.23004533288375129,0.722215975106404,0.06943893432617188,0.33306884765625,262144
ID4268911299220180609,subsetted_512x512_HLS.S30.T12TUN.2018186.v1.4,1,0.44,0.029384286187878604,0.05709099426162314,0.029869188272897158,0.6441312486236512,0.04230982550483784,0.6702877976754684,0.017322540283203125,0.3735618591308594,262144
ID4274811621820200722,subsetted_512x512_HLS.S30.T11TNH.2020217.v1.4,3,0.26,0.09109886071297317,0.1669855298967961,0.09435283728436791,0.7253892075383355,0.2229975805381367,0.8251786137280208,0.032588958740234375,0.2505455017089844,262144
ID4275711555220180822,subsetted_512x512_HLS.S30.T11TPH.2018244.v1.4,2,0.47000000000000003,0.1263498552205757,0.22435277038470844,0.1932609639600521,0.26736670110772043,0.1726798098305175,0.5494754631276212,0.15875625610351562,0.21963119506835938,262144
ID4284111556820200530,subsetted_512x512_HLS.S30.T11TPH.2020174.v1.4,5,0.36000000000000004,0.13282017687520473,0.2344947231458725,0.15831598125976054,0.4519784506780606,0.24668896794707307,0.6868511533515134,0.04106903076171875,0.11724853515625,262144
ID4284311240020200719,subsetted_512x512_HLS.S30.T12TUN.2020216.v1.4,3,0.26,0.10788536307126394,0.1947590728560321,0.11389107353519465,0.6716915494999275,0.11424814794064311,0.829499022219164,0.026317696829593007,0.15521299443433545,262143
ID4286811517820190809,subsetted_512x512_HLS.S30.T11TPH.2019244.v1.4,2,0.47000000000000003,0.05655344626996964,0.10705269377450717,0.06562829293993677,0.29027090008738715,0.035312888662955774,0.5591407094287619,0.02619171142578125,0.1158447265625,262144
ID4291611449620170710,subsetted_512x512_HLS.S30.T11TQH.2019221.v1.4,1,0.44,0.13976581995009277,0.24525357315279508,0.16453503261475422,0.4814422992153751,0.15369661258542383,0.5870757031953877,0.0993074828621707,0.29058141672722176,228442
ID4292211511120200819,subsetted_512x512_HLS.S30.T11TPH.2020249.v1.4,1,0.44,0.04683253678193234,0.08947474430991652,0.04826170931916948,0.612626417407294,0.109105233419276,0.6779266713750313,0.02489471435546875,0.316009521484375,262144
ID4292911199020180813,subsetted_512x512_HLS.S30.T12TVN.2018246.v1.4,3,0.26,0.12490185161391637,0.22206711000558405,0.12860124647224835,0.8128019323671497,0.4468190605550446,0.8667186641075341,0.0410614013671875,0.259521484375,262144
ID4295011487620200703,subsetted_512x512_HLS.S30.T11TPH.2020219.v1.4,4,0.47000000000000003,0.030079239302694138,0.058401796978368566,0.033991188796160324,0.20720524017467248,0.04667444818196602,0.616537192197586,0.0174713134765625,0.10650253295898438,262144
ID4298011230820180816,subsetted_512x512_HLS.S30.T12TUN.2018246.v1.4,4,0.47000000000000003,0.13311654688179614,0.23495649630766982,0.1465444512848576,0.5922956409547507,0.2561561831894172,0.8056328299928631,0.041393280029296875,0.16730117797851562,262144
ID4298311481320200606,subsetted_512x512_HLS.S30.T11TPH.2020184.v1.4,5,0.36000000000000004,0.06781324052132702,0.12701329773401066,0.06957661405208274,0.7279411764705882,0.11646846144092092,0.8206837116315997,0.019195556640625,0.20083236694335938,262144
ID4299311311120190906,subsetted_512x512_HLS.S30.T12TUN.2019276.v1.4,3,0.26,0.26164288242977646,0.4147653604257378,0.3579205771350322,0.49307536578632555,0.45229037200107425,0.7236716943332486,0.1658172607421875,0.22843170166015625,262144
ID4302611590820180704,subsetted_512x512_HLS.S30.T11TNH.2018217.v1.4,4,0.47000000000000003,0.09649870355931896,0.1760124353017049,0.10754122211445198,0.4844788347746928,0.24227850182500285,0.729778088608249,0.041904449462890625,0.18878173828125,262144
ID4304311477420180717,subsetted_512x512_HLS.S30.T11TPH.2018219.v1.4,5,0.36000000000000004,0.2892541840437632,0.448715525027832,0.45369334673708356,0.4438457489542067,0.46691665888874234,0.6779036833083986,0.27539825439453125,0.2694206237792969,262144
ID4316911383020180716,subsetted_512x512_HLS.S30.T11TQH.2018219.v1.4,3,0.26,0.24923455086463409,0.39901962476483077,0.29210785676379164,0.6293694870957204,0.45075844740373855,0.8447087125282223,0.07006072998046875,0.15095138549804688,262144
ID4319611377420190801,subsetted_512x512_HLS.S30.T11TQH.2019244.v1.4,5,0.36000000000000004,0.16155480594936558,0.27816992383294925,0.17737067545304777,0.6443550703820741,0.19283761093812368,0.7364119591026494,0.07967376708984375,0.2894401550292969,262144
ID4328311224320210421,subsetted_512x512_HLS.S30.T12TUN.2021150.v1.4,2,0.47000000000000003,0.020415371195864482,0.040013844895219315,0.020510752688172044,0.8144748078565329,0.027412270008067702,0.5837465441142375,0.0178680419921875,0.70953369140625,262144
ID4345211594520190815,subsetted_512x512_HLS.S30.T11TNJ.2019244.v1.4,3,0.26,0.13826348945494385,0.24293758121180037,0.16470895327590707,0.4626947754353804,0.24317873347620445,0.7930224550782687,0.020809173583984375,0.0584564208984375,262144
ID4345611483420200806,subsetted_512x512_HLS.S30.T11TPJ.2020249.v1.4,3,0.26,0.10772543390317108,0.19449843906461683,0.13224398253834754,0.3675013912075682,0.20961602957101783,0.792129838017891,0.034275054931640625,0.09524917602539062,262144
ID4346711414520180729,subsetted_512x512_HLS.S30.T11TQJ.2018219.v1.4,3,0.26,0.25000560359706103,0.40000717257208435,0.8455870089306021,0.2619652679590581,0.8355860202266185,0.554217664514927,0.8121056526615346,0.25159264825934036,262142
ID4369611305520200702,subsetted_512x512_HLS.S30.T12TUP.2020241.v1.4,1,0.44,0.11218085015904336,0.2017313104123333,0.17800269905533064,0.23275922919460718,0.17825743763505347,0.6138263984079368,0.10808563232421875,0.14133453369140625,262144
ID4371511252320190722,subsetted_512x512_HLS.S30.T12TUP.2019226.v1.4,4,0.47000000000000003,0.16457404555402447,0.2826338886433476,0.9657066755451973,0.16554150461887174,0.937525544478536,0.4535478835020844,0.9357376098632812,0.16040420532226562,262144
ID4401511615420180725,subsetted_512x512_HLS.S30.T11TNJ.2018217.v1.4,1,0.44,0.15085560218303581,0.2621625196017306,0.21325382676584495,0.34018141701397403,0.18443687264039926,0.6216134665310074,0.07780104751986511,0.12410783427365979,262143
ID4409311186520180726,subsetted_512x512_HLS.S30.T12TVP.2018221.v1.4,2,0.47000000000000003,0.1253262065712938,0.22273755972171774,0.8522817520923697,0.12810894448551188,0.8531142085309924,0.5417801736076412,0.8308372497558594,0.12488555908203125,262144
ID4414411669220190714,subsetted_512x512_HLS.S30.T11TNJ.2019217.v1.4,4,0.47000000000000003,0.11594202898550725,0.2077922077922078,0.12396052777469786,0.6418831634850007,0.24690682256256213,0.8490661746581925,0.026576995849609375,0.1376190185546875,262144
ID4447411719020180725,subsetted_512x512_HLS.S30.T11TMK.2018217.v1.4,5,0.36000000000000004,0.07016359807785756,0.13112686360081732,0.07094211898295369,0.8647479620695392,0.4138284271915346,0.880638626386672,0.022930145263671875,0.2795066833496094,262144
ID4453211532920210810,subsetted_512x512_HLS.S30.T11TPK.2021268.v1.4,2,0.47000000000000003,0.5463668243525525,0.7066458174712983,0.6711697467665431,0.7460815047021944,0.6952647755309084,0.5384136975686383,0.6619873046875,0.7358741760253906,262144
ID4458311709720180915,subsetted_512x512_HLS.S30.T11TMK.2018292.v1.4,4,0.47000000000000003,0.0584855063210318,0.11050790203884667,0.07387096774193548,0.21924365725227382,0.14852767153052066,0.5941258631301185,0.031880231661999346,0.09461820790062037,262106
ID4467611644820180726,subsetted_512x512_HLS.S30.T11TNK.2018222.v1.4,1,0.44,0.43016943421744686,0.601564295705739,0.5872299506378614,0.6166159562723821,0.6008937951327582,0.5349399819532241,0.5667069760699476,0.5950659764476098,262139
ID4532811445320190804,subsetted_512x512_HLS.S30.T11TPL.2019244.v1.4,4,0.47000000000000003,0.1364338662916862,0.2401087653906083,0.14661492826894018,0.6627034319925795,0.2089464464152796,0.6824681670138906,0.09048285754615129,0.40898495767318893,262127
ID4558511544420210705,subsetted_512x512_HLS.S30.T11TPL.2021223.v1.4,1,0.44,0.3366434025012881,0.5037146061115784,0.6595998531571219,0.40742630385487527,0.6524666250028638,0.5558301652122032,0.6058894469293358,0.3742500801441067,262028
ID4645911452820210707,subsetted_512x512_HLS.S30.T11TPM.2021223.v1.4,5,0.36000000000000004,0.08332649304049063,0.1538344969421443,0.3792293734656847,0.0964872975138159,0.30936589122079045,0.5384559791082034,0.2809410095214844,0.07147979736328125,262144
KS3702809890220200325,subsetted_512x512_HLS.S30.T14SNG.2020118.v1.4,5,0.36000000000000004,0.22102822053828064,0.36203621967204347,0.2754900563844729,0.5278677015484223,0.32925371141525933,0.7379275594661368,0.09780502319335938,0.18740463256835938,262144
KS3786109647720200108,subsetted_512x512_HLS.S30.T14SQG.2020085.v1.4,4,0.47000000000000003,0.023105188924356024,0.04516679061836783,0.026341958826143073,0.15827612509534705,0.03528441487031315,0.6026092068696732,0.03000675209143171,0.18029610019035558,262141
KS3919209595820201118,subsetted_512x512_HLS.S30.T14SQJ.2020340.v1.4,2,0.47000000000000003,0.08878698705565886,0.16309340231142946,0.10313948367342658,0.38951370188499923,0.16004988444989193,0.6866415428194729,0.04816436767578125,0.18189620971679688,262144
KS3921209676120191113,subsetted_512x512_HLS.S30.T14SPJ.2019345.v1.4,3,0.26,0.26403207833571696,0.41776167371219536,0.2859178883958688,0.7752473206924979,0.47014667826173595,0.798191545902318,0.1480712890625,0.4014854431152344,262144
KY3760808261720190917,subsetted_512x512_HLS.S30.T17SLB.2019287.v1.4,3,0.26,0.03794059198828575,0.07310744426250157,0.03845406360424028,0.7396771452846219,0.060450620007797266,0.7355950169182857,0.022454461512633257,0.4319192936669643,262086
LA2991209334620210223,subsetted_512x512_HLS.S30.T15RVP.2021063.v1.4,1,0.44,0.044284991085774654,0.0848139951522816,0.04642255600932143,0.4902534113060429,0.054369756685025875,0.7383401919040009,0.015655517578125,0.16533279418945312,262144
LA3111809256120210309,subsetted_512x512_HLS.S30.T15RWQ.2021098.v1.4,1,0.44,0.0558487786915429,0.10578935131364799,0.06552284556357876,0.27445066781559674,0.0882559734045751,0.4639557489863435,0.04427040615856473,0.18543215622246212,262139
MN4771209630220210329,subsetted_512x512_HLS.S30.T14TQT.2021112.v1.4,4,0.47000000000000003,0.15245126230912784,0.2645686933496283,0.2724774491294315,0.2571060965954078,0.26269446361536614,0.5306528517666274,0.1927207113728871,0.18184869974555679,262141
MN4796109539420210307,subsetted_512x512_HLS.S30.T14UQU.2021112.v1.4,1,0.44,0.09047233609232617,0.16593238195575136,0.12625250501002003,0.24198617221873037,0.12630928595239144,0.5162421638743606,0.10925446929292466,0.20940630698682294,262122
MN4823209549720190530,subsetted_512x512_HLS.S30.T14UQU.2019163.v1.4,2,0.47000000000000003,0.011743356191872131,0.023214100927874168,0.011897501171187893,0.47545037089367714,0.010875380536318029,0.4907083031364906,0.010799407958984375,0.4315681457519531,262144
MN4866009654320210321,subsetted_512x512_HLS.S30.T14UPU.2021112.v1.4,5,0.36000000000000004,0.02014197887300024,0.03948857960977559,0.020756037801890094,0.40505464480874315,0.08909733508673401,0.5818289514820462,0.011169689247648185,0.21797679085062066,262138
MN4884009637020180429,subsetted_512x512_HLS.S30.T14UPV.2018136.v1.4,5,0.36000000000000004,0.0677736262785095,0.12694381020576354,0.0692231185766383,0.7639645499634117,0.12348885355373085,0.7012533642880701,0.046916961669921875,0.5177879333496094,262144
MO3686909295920190323,subsetted_512x512_HLS.S30.T15SVA.2019092.v1.4,5,0.36000000000000004,0.07220490075531354,0.13468489223365587,0.07556469587996048,0.6188952667733133,0.09967894551306206,0.7009505515039306,0.040538787841796875,0.33202362060546875,262144
MO3691709150920180412,subsetted_512x512_HLS.S30.T15SXA.2018154.v1.4,5,0.36000000000000004,0.06245002735344864,0.11755852180457084,0.06919060052219321,0.3906291129244538,0.0773939130942794,0.7511931555312664,0.01449231133101141,0.08181918753027974,262139
MO3743109121220190409,subsetted_512x512_HLS.S30.T15SXB.2019134.v1.4,5,0.36000000000000004,0.03112013747851898,0.060361807217963095,0.03445889842236369,0.24310471076397364,0.02496069251340203,0.6149294722133232,0.015628814697265625,0.110260009765625,262144
MS3041208915720200426,subsetted_512x512_HLS.S30.T16RBU.2020123.v1.4,3,0.26,0.052648450906073806,0.10003045339734518,0.056343712792363734,0.44529505582137163,0.0616894367836168,0.6578504516882493,0.02391815185546875,0.18902969360351562,262144
MT4485811343720200811,subsetted_512x512_HLS.S30.T11TQK.2020249.v1.4,3,0.26,0.25002346609930853,0.4000300360432519,0.34603559520200927,0.47399015362714275,0.38907967865872434,0.6145546028771279,0.2572479248046875,0.3523712158203125,262144
MT4504710573520200722,subsetted_512x512_HLS.S30.T13TDK.2020217.v1.4,3,0.26,0.24914747666258508,0.3989080253810317,0.4185670994713442,0.3810127856639485,0.4081042230024044,0.6689034209539381,0.18945693969726562,0.17245864868164062,262144
MT4515311193120180811,subsetted_512x512_HLS.S30.T12TVR.2018246.v1.4,5,0.36000000000000004,0.1320460993798177,0.23328749500953733,0.20823599287269848,0.2651908627905804,0.17974331182647982,0.7341723241897196,0.07565128158176831,0.09634275207238963,262137
MT4529310571720200614,subsetted_512x512_HLS.S30.T13TDL.2020187.v1.4,1,0.44,0.09302169386795621,0.17021015116136168,0.10881236087468901,0.3906176553539532,0.12267961507544953,0.644197942425509,0.040576934814453125,0.14566421508789062,262144
MT4541710565520201006,subsetted_512x512_HLS.S30.T13TDL.2020307.v1.4,1,0.44,0.1306200276152278,0.2310591081439438,0.141602634467618,0.6274398332385825,0.2510180902825237,0.70372339879496,0.060390472412109375,0.2675895690917969,262144
MT4555711165420200823,subsetted_512x512_HLS.S30.T12TVR.2020256.v1.4,4,0.47000000000000003,0.11145293609671848,0.20055358617005778,0.12481489316691348,0.510065456341855,0.12600944199837938,0.7243912491097482,0.030887721587072703,0.12622499933242542,262143
MT4564010610720200825,subsetted_512x512_HLS.S30.T13TDL.2020245.v1.4,2,0.47000000000000003,0.06961400467143442,0.13016659162539396,0.07181448958553277,0.6943677194667948,0.11563631935246614,0.7561945917430521,0.031764984130859375,0.3071327209472656,262144
MT4568311385420210708,subsetted_512x512_HLS.S30.T11TQL.2021223.v1.4,1,0.44,0.36988487543400134,0.5400232998657145,0.8934730151256548,0.386949595360989,0.895466154045399,0.502680978989754,0.897998344351913,0.3889094467312395,262133
MT4569810891520200802,subsetted_512x512_HLS.S30.T12TXR.2020283.v1.4,4,0.47000000000000003,0.0722555997823048,0.13477308917197453,0.07504738259645545,0.6601345422638198,0.06606784454703452,0.6895111064849135,0.039127349853515625,0.3441734313964844,262144
MT4571210446620201012,subsetted_512x512_HLS.S30.T13TEL.2020307.v1.4,1,0.44,0.07836986498320458,0.14534876674140962,0.08947784692065482,0.38698851168194137,0.07592354008005571,0.5410737704787197,0.05910491943359375,0.2556266784667969,262144
MT4572011097420200904,subsetted_512x512_HLS.S30.T12TWR.2020283.v1.4,2,0.47000000000000003,0.18460866853757404,0.3116787398921833,0.2562766215327077,0.397641179947343,0.22227295408469508,0.5557575310622646,0.16182211826900503,0.2510846977193089,230018
MT4577311182220200929,subsetted_512x512_HLS.S30.T12TVR.2020281.v1.4,3,0.26,0.06566938859534756,0.12324533161622665,0.12997419530082846,0.11717889065752418,0.09710825363988454,0.8118743991255097,0.031156890796375774,0.0280896518836433,262125
MT4589610704320200803,subsetted_512x512_HLS.S30.T13TCL.2020245.v1.4,1,0.44,0.029366260480056583,0.0570569710850272,0.03178172192189319,0.2787022794014823,0.03129200175019811,0.5863205912283905,0.027306295607546938,0.2394560888342415,261881
MT4590510631720200902,subsetted_512x512_HLS.S30.T13TDL.2020280.v1.4,4,0.47000000000000003,0.3757068808686152,0.5462019360278194,0.5047393671360774,0.5950861786386749,0.5423057212615492,0.5263373411967157,0.5004158020019531,0.5899887084960938,262144
MT4599210727920200923,subsetted_512x512_HLS.S30.T13TCL.2020280.v1.4,2,0.47000000000000003,0.11998516412190147,0.21426205983000332,0.20631377551020408,0.22284730195177957,0.2256550414220657,0.5471665625132257,0.16613006591796875,0.179443359375,262144
MT4609911223320200829,subsetted_512x512_HLS.S30.T12TVS.2020256.v1.4,2,0.47000000000000003,0.11109556607834696,0.1999748166945943,0.12357694379601365,0.523797442662878,0.2524380683502706,0.6508368557733508,0.07541797892980556,0.3196692140197538,261317
MT4620510572420200806,subsetted_512x512_HLS.S30.T13TDM.2020250.v1.4,3,0.26,0.0742414223789582,0.1382211127449304,0.07704624299492967,0.6709827357237715,0.24971611535169358,0.8151139850769238,0.022979736328125,0.20012664794921875,262144
MT4630410839320200902,subsetted_512x512_HLS.S30.T12TXS.2020278.v1.4,3,0.26,0.3515260097078487,0.5201912611120758,0.5800903011297087,0.4715045796896713,0.6078584022043715,0.5883015364927363,0.4968605041503906,0.4038543701171875,262144
MT4635510649020200715,subsetted_512x512_HLS.S30.T13TCM.2020215.v1.4,3,0.26,0.07172557172557173,0.1338506304558681,0.07860953651217073,0.45026261340124146,0.259645980069117,0.7765714975690682,0.023967742919921875,0.1372833251953125,262144
MT4637510768820200827,subsetted_512x512_HLS.S30.T12TYS.2020248.v1.4,1,0.44,0.0832720943724618,0.15374178806055414,0.08538568312512393,0.7708557107053348,0.28639637058060446,0.869150799283674,0.02130889892578125,0.19237518310546875,262144
MT4649511207120200613,subsetted_512x512_HLS.S30.T12TVS.2020191.v1.4,2,0.47000000000000003,0.023322730389236702,0.045582355784016516,0.02421858586801746,0.38669399925456577,0.08501505334110081,0.5256284677291081,0.02046966552734375,0.32683563232421875,262144
MT4674110768520200902,subsetted_512x512_HLS.S30.T12TYS.2020278.v1.4,1,0.44,0.17294343870181034,0.2948879425818189,0.209124936199172,0.49989832576425136,0.18430510265044242,0.7322128404297293,0.056278228759765625,0.13452911376953125,262144
MT4675110703320200807,subsetted_512x512_HLS.S30.T13TCM.2020250.v1.4,3,0.26,0.3237829499568985,0.48917830520092537,0.4163895209755528,0.5928064127590646,0.5400506935585905,0.8418774709817187,0.09184646606445312,0.13076019287109375,262144
MT4675311196320190726,subsetted_512x512_HLS.S30.T12TVS.2019216.v1.4,3,0.26,0.21969832602273745,0.360250270637236,0.2737056347059972,0.5268326714607706,0.3042987804583004,0.8138728174215117,0.07108306884765625,0.13682174682617188,262144
MT4712810977820200902,subsetted_512x512_HLS.S30.T12TWT.2020276.v1.4,3,0.26,0.1606350403834206,0.27680542943172587,0.17852387058591437,0.6158393943260602,0.3423749300137293,0.7314923163388393,0.08968734741210938,0.30938720703125,262144
MT4715410847520180825,subsetted_512x512_HLS.S30.T12TXT.2018248.v1.4,2,0.47000000000000003,0.04452699438623378,0.08525771880581781,0.045376610589573395,0.7039768238082696,0.06100534368050636,0.6853541553730015,0.02896881103515625,0.44942474365234375,262144
MT4730311448320200727,subsetted_512x512_HLS.S30.T11TPN.2020217.v1.4,4,0.47000000000000003,0.11837609944028495,0.2116928276624094,0.12816611356690322,0.6078004478726051,0.1904810913710804,0.7015224451163167,0.0613250732421875,0.2908210754394531,262144
MT4736310474020180809,subsetted_512x512_HLS.S30.T13TEN.2018245.v1.4,3,0.26,0.0521701464090791,0.09916674900372163,0.05523250481518848,0.48478505876670425,0.08760323765049871,0.7151009879647933,0.023693084716796875,0.20795822143554688,262144
MT4738010691520200902,subsetted_512x512_HLS.S30.T13TCN.2020278.v1.4,5,0.36000000000000004,0.14901536131032686,0.2593792325637685,0.7245238506243167,0.15796538724509318,0.6248644915739638,0.5064975420133374,0.6081428527832031,0.13259124755859375,262144
MT4743511435720190723,subsetted_512x512_HLS.S30.T11TPN.2019214.v1.4,2,0.47000000000000003,0.12675956374648087,0.22499842526298108,0.1512341758753546,0.43923433209001106,0.1625950809565722,0.6349191658415997,0.09306716918945312,0.2702980041503906,262144
MT4747210794120190812,subsetted_512x512_HLS.S30.T12TYT.2019248.v1.4,4,0.47000000000000003,0.05409896307657895,0.10264494126563092,0.058430689054168324,0.4218788935958136,0.09193124186794212,0.6140688353678428,0.03061676025390625,0.22105789184570312,262144
MT4758010779320180720,subsetted_512x512_HLS.S30.T12TYT.2018213.v1.4,2,0.47000000000000003,0.17354716482354496,0.2957651298993843,0.2477202691654613,0.36693060083837914,0.23871811300270457,0.7264134912716234,0.040950775146484375,0.060657501220703125,262144
MT4758110954820200807,subsetted_512x512_HLS.S30.T12TXT.2020248.v1.4,5,0.36000000000000004,0.048329454025621756,0.0922027972027972,0.050216136956563136,0.5626200128013655,0.06341684936192711,0.7282497821401002,0.017879486083984375,0.20032119750976562,262144
MT4762510936620180903,subsetted_512x512_HLS.S30.T12TXT.2018293.v1.4,5,0.36000000000000004,0.051045406820744814,0.09713263858913486,0.051803520218895525,0.7771857114663508,0.1785627387113577,0.8087949616071035,0.01933165209893594,0.2900243791704978,262109
MT4783310693320200821,subsetted_512x512_HLS.S30.T13UCP.2020248.v1.4,3,0.26,0.2055493895671476,0.34100533971644265,0.27282293025800747,0.4546219666152336,0.3090947479256946,0.7913496584631214,0.05438995361328125,0.09063339233398438,262144
MT4801910865120210816,subsetted_512x512_HLS.S30.T12UXU.2021250.v1.4,3,0.26,0.21182981350835267,0.34960323825519185,0.2647971070422938,0.5143253747917823,0.2996416866587838,0.6192344743193888,0.19545175836041911,0.37963329733953366,184291
MT4818110588720200824,subsetted_512x512_HLS.S30.T13UDP.2020255.v1.4,2,0.47000000000000003,0.05958811779870315,0.11247411479565779,0.06293321140196823,0.5285390120439868,0.16771597198764496,0.6585158441835359,0.04370880126953125,0.3670845031738281,262144
MT4831111365120180811,subsetted_512x512_HLS.S30.T11UQP.2018249.v1.4,4,0.47000000000000003,0.03589090731038535,0.06929476271506901,0.03926294927419787,0.29473260956976277,0.03314298366768595,0.5115086946996716,0.0189980749839582,0.14261160509670914,261816
MT4835010534020180831,subsetted_512x512_HLS.S30.T13UDP.2018290.v1.4,4,0.47000000000000003,0.17975894493242373,0.30473843102367026,0.20310662247149508,0.609948331727822,0.2852988496949975,0.6712742468861455,0.13068008422851562,0.3924446105957031,262144
NC3634008046020211127,subsetted_512x512_HLS.S30.T17SNA.2021348.v1.4,3,0.26,0.061087836771897844,0.11514190372352727,0.06271595162683559,0.7017720499395892,0.09582086931256777,0.8451145101668205,0.018947255967279166,0.21201391856419022,262096
NE4165010345220200827,subsetted_512x512_HLS.S30.T13TFG.2020274.v1.4,4,0.47000000000000003,0.09530957599047304,0.17403221532923407,0.10131699325546265,0.6164800310699722,0.22489934890086105,0.6903835282799801,0.058933258056640625,0.35858917236328125,262144
NE4166810220320190321,subsetted_512x512_HLS.S30.T14TKM.2019144.v1.4,1,0.44,0.13144013295758364,0.2323412951845702,0.28037815341930844,0.19835702082803242,0.2147147766321359,0.5212030587896526,0.1049661571802483,0.07425961677871298,262094
NE4230710373320190405,subsetted_512x512_HLS.S30.T13TEG.2019157.v1.4,1,0.44,0.08729498454956025,0.1605727714925944,0.09801174272751535,0.4439407676035056,0.08574560014728991,0.6459656079338707,0.02524566650390625,0.114349365234375,262144
NE4280510153220200928,subsetted_512x512_HLS.S30.T13TGH.2020304.v1.4,5,0.36000000000000004,0.2073268921095008,0.3434478159386462,0.25622561470580535,0.5207002979991485,0.29505497043458057,0.7347716349995262,0.07169946660358498,0.14570726533228537,262094
NJ3931607511120200409,subsetted_512x512_HLS.S30.T18SVJ.2020131.v1.4,3,0.26,0.04191195748027743,0.08045201358785785,0.04362765772694569,0.5159160921226346,0.045626638684110606,0.625361704635675,0.026004791259765625,0.30751800537109375,262144
NJ3974007449020180422,subsetted_512x512_HLS.S30.T18TWK.2018121.v1.4,4,0.47000000000000003,0.036049382716049384,0.06959008579599618,0.03946230358944789,0.2941966684578184,0.053197769571320774,0.564908011459775,0.014198357385091342,0.10585062351464658,262143
NJ3977007445020190330,subsetted_512x512_HLS.S30.T18TWK.2019093.v1.4,1,0.44,0.11906571529046091,0.21279485853886,0.16963232323232325,0.2854190460651547,0.20316560282781895,0.548363403510179,0.14028167724609375,0.23603439331054688,262144
NM3134910867820180516,subsetted_512x512_HLS.S30.T12RYV.2018152.v1.4,3,0.26,0.4104342612596781,0.5819970097622468,0.6733655558382091,0.5124614411647027,0.7091135254271018,0.6064456390702995,0.5911178588867188,0.44986724853515625,262144
NM3145210885920190207,subsetted_512x512_HLS.S30.T12RXV.2019062.v1.4,3,0.26,0.054936110087234306,0.10415059179781333,0.05772520414420811,0.5320541424959095,0.14242862174326576,0.7471417036764767,0.025646209716796875,0.23638153076171875,262144
NM3212110384520200729,subsetted_512x512_HLS.S30.T13SFR.2020216.v1.4,5,0.36000000000000004,0.11354294673503114,0.2039309701847518,0.12732542944712394,0.5119411539931219,0.22258316375598416,0.736665144103582,0.0399322509765625,0.16055679321289062,262144
NM3221210467920180522,subsetted_512x512_HLS.S30.T13SER.2018156.v1.4,1,0.44,0.07935776084185403,0.14704625976832425,0.1710710944808232,0.1289384391662627,0.14619816161870197,0.6327189681395236,0.08656692504882812,0.06524658203125,262144
NM3242610655220180624,subsetted_512x512_HLS.S30.T13SCR.2018214.v1.4,4,0.47000000000000003,0.08724042198778456,0.16048046085020326,0.14542761940022214,0.1790092512418539,0.17463216191284467,0.555568271439901,0.08370590209960938,0.10303497314453125,262144
NM3250010718420200606,subsetted_512x512_HLS.S30.T13SBS.2020217.v1.4,3,0.26,0.06650199175465757,0.12471048768553254,0.06850640623600036,0.6944595821980019,0.17317979973413697,0.8230353610535868,0.020999908447265625,0.21287918090820312,262144
NM3250810502620180615,subsetted_512x512_HLS.S30.T13SDS.2018214.v1.4,2,0.47000000000000003,0.09983034014731441,0.18153770905054836,0.20632002052510048,0.16207047126398172,0.17795569184859317,0.5485989095895731,0.11356735229492188,0.08921051025390625,262144
NM3316110373620180331,subsetted_512x512_HLS.S30.T13SFS.2018136.v1.4,4,0.47000000000000003,0.10237643167758927,0.1857377003639192,0.2137194732131441,0.16423483173667403,0.18531676589211385,0.5886141352140826,0.07764816284179688,0.05966949462890625,262144
NM3317010361120180518,subsetted_512x512_HLS.S30.T13SFS.2018196.v1.4,5,0.36000000000000004,0.12512449546574408,0.22241893402907192,0.1612184249628529,0.3585160708921598,0.13746345837369328,0.6972096920746738,0.05079670256310487,0.11296124634264504,262143
NM3349810333820180412,subsetted_512x512_HLS.S30.T13SFT.2018136.v1.4,4,0.47000000000000003,0.08260351136877596,0.15260159513862515,0.514336917562724,0.08959150909739565,0.4603167783529315,0.5235518572825708,0.427703857421875,0.07450103759765625,262144
NM3349910789720190605,subsetted_512x512_HLS.S30.T13SBT.2019202.v1.4,5,0.36000000000000004,0.14530899775856548,0.2537463654663386,0.2164973045179142,0.3064766664415479,0.21640009703050614,0.6360402026906035,0.056484222412109375,0.07995986938476562,262144
NM3358510552620180412,subsetted_512x512_HLS.S30.T13SDT.2018134.v1.4,1,0.44,0.0952768550498273,0.17397766530087572,0.12845533277968918,0.2694748631159781,0.11909274232005465,0.56630736196305,0.061309814453125,0.1286163330078125,262144
NM3361010740620190713,subsetted_512x512_HLS.S30.T13SBT.2019237.v1.4,3,0.26,0.1395480849587663,0.2449182913835808,0.16637214723465052,0.4639580602883355,0.19888203570729185,0.7319020011722424,0.07276535034179688,0.20291900634765625,262144
NM3366710562920200804,subsetted_512x512_HLS.S30.T13SDT.2020249.v1.4,1,0.44,0.0400962527833278,0.07710104266990495,0.04050486718363307,0.7989802560208288,0.05577583416431166,0.5802881980131188,0.03516387939453125,0.6936264038085938,262144
NM3380810573920190526,subsetted_512x512_HLS.S30.T13SDT.2019184.v1.4,2,0.47000000000000003,0.11584437286902147,0.20763535791495066,0.12768296124652792,0.5554406823468596,0.19771668979276372,0.6813569974761643,0.0590362548828125,0.2568168640136719,262144
NM3418210345020190410,subsetted_512x512_HLS.S30.T13SFT.2019171.v1.4,4,0.47000000000000003,0.04243257987239392,0.08141069397042093,0.05045975066283071,0.21056967984934086,0.04909722548914241,0.6414833900967551,0.03240966796875,0.13524627685546875,262144
NM3436210506320180807,subsetted_512x512_HLS.S30.T13SDU.2018254.v1.4,4,0.47000000000000003,0.11039090546469885,0.19883251010327796,0.15119508308672888,0.2902972027972028,0.09363726409689749,0.5965585378357761,0.04364013671875,0.08378982543945312,262144
NM3470710514020180721,subsetted_512x512_HLS.S30.T13SDU.2018219.v1.4,4,0.47000000000000003,0.1350243102337297,0.2379232039636664,0.17418574775183254,0.3752238320039069,0.26661297931032524,0.6595843836336317,0.04686737060546875,0.10095977783203125,262144
NM3534510752720190804,subsetted_512x512_HLS.S30.T13SBV.2019247.v1.4,5,0.36000000000000004,0.16137001399912584,0.27789595400944683,0.17193205056388314,0.7242771444005345,0.19713277275204483,0.644736828763185,0.13417434692382812,0.5652198791503906,262144
NM3583110586320200818,subsetted_512x512_HLS.S30.T13SDV.2020269.v1.4,5,0.36000000000000004,0.11530159401038521,0.20676307579869124,0.1186470953712333,0.8035028664597906,0.13853764427072623,0.7131835567943747,0.07252883911132812,0.491180419921875,262144
NM3592510438120200501,subsetted_512x512_HLS.S30.T13SEV.2020154.v1.4,2,0.47000000000000003,0.13787341426817623,0.24233524140617976,0.22054932766003874,0.268896943899438,0.1835417570839163,0.6354250898799453,0.11471176147460938,0.13985824584960938,262144
NM3613910422420200606,subsetted_512x512_HLS.S30.T13SEA.2020214.v1.4,2,0.47000000000000003,0.01649183236783049,0.03244852903424552,0.01911502283519342,0.10728229502631133,0.027686376987734324,0.5184098939792863,0.022472381591796875,0.12612533569335938,262144
NM3623610471320180404,subsetted_512x512_HLS.S30.T13SEA.2018144.v1.4,1,0.44,0.004787697069349067,0.009529768494007797,0.00635511618949801,0.019042123485285632,0.014533393441816651,0.36088717740836423,0.019832611083984375,0.05942535400390625,262144
NM3636510508520180629,subsetted_512x512_HLS.S30.T13SDA.2018199.v1.4,5,0.36000000000000004,0.0673639957960062,0.12622497303887092,0.072171581769437,0.5028016436309302,0.06961964868257446,0.7105778284472142,0.030654660798601435,0.21356347549268465,261983
NM3644910620720190713,subsetted_512x512_HLS.S30.T13SCA.2019227.v1.4,1,0.44,0.03629101308308788,0.07004019647939982,0.03632865065011871,0.9722445234545246,0.06816218500813462,0.6606702318466855,0.033290697008457264,0.8909413718714801,261905
NM3655410312720190805,subsetted_512x512_HLS.S30.T13SFA.2019244.v1.4,3,0.26,0.11719722956586336,0.20980580055932568,0.12785431663250227,0.5843773831572067,0.2365532072981582,0.7917734162860073,0.035015106201171875,0.16004180908203125,262144
NM3690210301720180609,subsetted_512x512_HLS.S30.T13SFA.2018184.v1.4,3,0.26,0.1850482445471499,0.312304997536811,0.20348806105890116,0.6712747808694629,0.3396544138648099,0.8264726614718052,0.06484603881835938,0.21391677856445312,262144
NM3692110306120180308,subsetted_512x512_HLS.S30.T13SFA.2018134.v1.4,1,0.44,0.19652420147600394,0.32849181192252747,0.5953640323584318,0.22681974819443387,0.5360557169484292,0.5552843760520892,0.4505424499511719,0.1716461181640625,262144
NM3694510319920200523,subsetted_512x512_HLS.S30.T13SFA.2020154.v1.4,4,0.47000000000000003,0.033662031184155075,0.06513160040442256,0.035787889105930004,0.36170983517478716,0.07270400967082273,0.604899974127402,0.021060943603515625,0.21286392211914062,262144
NM3698710394020180607,subsetted_512x512_HLS.S30.T13SEB.2018189.v1.4,2,0.47000000000000003,0.05085705045278137,0.09679156728475802,0.09101432498914773,0.10335195530726257,0.04783776192009014,0.5204496814034905,0.02321970202781328,0.026367295549493523,262105
NV3594511544620200720,subsetted_512x512_HLS.S30.T11SPV.2020236.v1.4,4,0.47000000000000003,0.13963183699832654,0.2450472731019914,0.18070595387362742,0.3805408865418467,0.1380908767209541,0.6929958939637371,0.04767608642578125,0.10039901733398438,262144
NV3599911559820210610,subsetted_512x512_HLS.S30.T11SPV.2021215.v1.4,4,0.47000000000000003,0.03174274717543352,0.06153229041315684,0.03409646588130696,0.31498973305954825,0.02494958498115915,0.5902670550636104,0.01857757568359375,0.17162322998046875,262144
NV3616411427620190725,subsetted_512x512_HLS.S30.T11SQA.2019226.v1.4,4,0.47000000000000003,0.14755442647200695,0.2571632735985204,0.1733832114719719,0.4976141416332285,0.20577677257942045,0.6559649279152947,0.07035064697265625,0.20190811157226562,262144
NV3630611561820200628,subsetted_512x512_HLS.S30.T11SPA.2020196.v1.4,3,0.26,0.19133238446568102,0.3212073925976496,0.22862795460067337,0.5397852986970417,0.29122659208572127,0.8387260025823093,0.04655110588917457,0.10990608143677855,262142
NV3660711406220200922,subsetted_512x512_HLS.S30.T11SQA.2020286.v1.4,4,0.47000000000000003,0.039071632507031474,0.07520488729494225,0.03952668319883033,0.7724089635854342,0.059796369637450435,0.6635248892539031,0.02723714627949737,0.5322535114556233,262142
NV3700011641620210517,subsetted_512x512_HLS.S30.T11SNB.2021153.v1.4,1,0.44,0.3144602169062446,0.47846288972726486,0.49837880885113484,0.46007754312570565,0.5085290095784196,0.5744346481945964,0.4358634948730469,0.40236663818359375,262144
NV3701011608020200727,subsetted_512x512_HLS.S30.T11SNB.2020234.v1.4,4,0.47000000000000003,0.09610040340654415,0.17534963605136175,0.13879418238315136,0.2380458919319023,0.21004368657489214,0.6581692249500868,0.05153656005859375,0.08839035034179688,262144
NV3716311461020200708,subsetted_512x512_HLS.S30.T11SQB.2020241.v1.4,4,0.47000000000000003,0.2364170704081989,0.3824228507782517,0.7461144791748682,0.25710006836901905,0.7372571015057053,0.5262715349149717,0.7030258178710938,0.24225234985351562,262144
NV3721011487220190823,subsetted_512x512_HLS.S30.T11SPB.2019281.v1.4,5,0.36000000000000004,0.13778113286130778,0.24219268342904207,0.18066079595876852,0.3672888765526334,0.20558549531387754,0.6573711583109931,0.0549740217134225,0.11176385317881149,262142
NV3722911623920180728,subsetted_512x512_HLS.S30.T11SNB.2018224.v1.4,1,0.44,0.059359460874116726,0.11206670269435652,0.060189907534104574,0.8114030184460592,0.1697898398079671,0.7428878163339405,0.034122467041015625,0.4599952697753906,262144
NV3727011619820210825,subsetted_512x512_HLS.S30.T11SNB.2021268.v1.4,2,0.47000000000000003,0.25020019362009827,0.4002562068009522,0.2895996458512022,0.647770523254015,0.3226471702635814,0.5918945538294673,0.2465657270816405,0.5515131400756094,262137
NV3731011483320200719,subsetted_512x512_HLS.S30.T11SPB.2020241.v1.4,1,0.44,0.17436664774779423,0.29695435932584663,0.29439846676539766,0.2995550197670502,0.29959602699538923,0.5805157076424982,0.21517562866210938,0.21894454956054688,262144
NV3746711499420200626,subsetted_512x512_HLS.S30.T11SPB.2020196.v1.4,1,0.44,0.3325601685357394,0.49912968492997556,0.41140660888336067,0.6344012908856571,0.42387507438036875,0.5526572963963952,0.3758888244628906,0.5796318054199219,262144
NV3788911411120200713,subsetted_512x512_HLS.S30.T11SQC.2020241.v1.4,4,0.47000000000000003,0.13477268047990718,0.23753247288771598,0.16073082804111744,0.45489291806178533,0.20372192788760035,0.6319694112780877,0.12076568603515625,0.3417854309082031,262144
NV3833511422820200626,subsetted_512x512_HLS.S30.T11SQC.2020196.v1.4,4,0.47000000000000003,0.1481148220681381,0.25801395334542215,0.19605782479740302,0.3772186025612222,0.21896708280117705,0.65725213448927,0.08489608764648438,0.16334152221679688,262144
NV3881811941120180617,subsetted_512x512_HLS.S30.T11SKD.2018192.v1.4,5,0.36000000000000004,0.09161406295723423,0.16785064624222115,0.09409617861743237,0.7764393268379096,0.18700093578715724,0.863322784542286,0.021533966064453125,0.1776885986328125,262144
NV3883311498820200624,subsetted_512x512_HLS.S30.T11SPD.2020184.v1.4,4,0.47000000000000003,0.12179700499168053,0.21714624740433106,0.3671243182245627,0.15416611820455442,0.24856067069237392,0.5876986815434042,0.14490127563476562,0.060848236083984375,262144
NV3884311963920200707,subsetted_512x512_HLS.S30.T11SKD.2020217.v1.4,1,0.44,0.30416160483443916,0.46644772198005613,0.35139690270263785,0.693509629612093,0.38247848203973417,0.5647161400030866,0.3222618103027344,0.6360092163085938,262144
NV3887811956320200624,subsetted_512x512_HLS.S30.T11SKD.2020197.v1.4,2,0.47000000000000003,0.06684541591672388,0.1253141550208277,0.06907229343022309,0.674625468164794,0.14980222976682775,0.7053375293829893,0.040740966796875,0.3979148864746094,262144
NV3934011453020200511,subsetted_512x512_HLS.S30.T11SQD.2020196.v1.4,3,0.26,0.03399757261000875,0.06575948244093521,0.03531688437348815,0.4764636075949367,0.05182863158027137,0.699558422558348,0.019287256525089454,0.26020630040207215,262142
NV3974911820520190813,subsetted_512x512_HLS.S30.T11TLE.2019257.v1.4,2,0.47000000000000003,0.038083729275951404,0.07337313590786028,0.03864913829144795,0.7224730809308788,0.0823398498070204,0.7192432919350418,0.02196502685546875,0.4105949401855469,262144
NV3986111961620180727,subsetted_512x512_HLS.S30.T11TKE.2018215.v1.4,3,0.26,0.26800881782688374,0.4227239023245877,0.7824630511313411,0.2895860596459811,0.7515397453449795,0.6101481923462825,0.6646270751953125,0.24597549438476562,262144
NV4006311484620180813,subsetted_512x512_HLS.S30.T11TPE.2018244.v1.4,1,0.44,0.3932668256281554,0.5645247821799686,0.41688320311635424,0.8740880993484436,0.44724230885393185,0.5408204850932147,0.41100311279296875,0.8617591857910156,262144
NV4013411644020190722,subsetted_512x512_HLS.S30.T11TNE.2019224.v1.4,5,0.36000000000000004,0.03527849781880255,0.06815267175572519,0.04336506702933748,0.15908766928011403,0.03078896102001688,0.5580868872822424,0.026760101318359375,0.09817123413085938,262144
NV4031211561920190804,subsetted_512x512_HLS.S30.T11TPE.2019269.v1.4,2,0.47000000000000003,0.2423331328923632,0.39012584704743464,0.4630916552667579,0.3370236151487396,0.43297442455571356,0.6262401689563412,0.2873747816069153,0.2091423732175691,262142
NV4040711826020180623,subsetted_512x512_HLS.S30.T11TLE.2018182.v1.4,3,0.26,0.1043074795333378,0.18891021108978892,0.11101878012298487,0.6330896290278906,0.22823110965419513,0.819049508035476,0.02817535400390625,0.16067123413085938,262144
NV4048111917220180723,subsetted_512x512_HLS.S30.T11TLE.2018247.v1.4,1,0.44,0.1082591017722462,0.19536785504242865,0.1952420934788693,0.19549377872435825,0.13819973378510425,0.565883352296147,0.06806182861328125,0.06814956665039062,262144
NV4056511665220180623,subsetted_512x512_HLS.S30.T11TNE.2018199.v1.4,4,0.47000000000000003,0.017663932363746162,0.03471466719414499,0.019817632611580045,0.13981278629755028,0.02256374105016302,0.6021733419877255,0.019153594970703125,0.13512802124023438,262144
NV4057511751220190723,subsetted_512x512_HLS.S30.T11TME.2019222.v1.4,1,0.44,0.07604735089523876,0.14134573321883961,0.0804233194439323,0.5829212882533743,0.08840740801896362,0.7263961929850518,0.02859960175350759,0.20729456099248222,261647
NV4061211588320180724,subsetted_512x512_HLS.S30.T11TNF.2018219.v1.4,3,0.26,0.14667433390837648,0.25582561599411585,0.1570607553366174,0.6892451810484598,0.30824525980880274,0.8500226277556104,0.04235076904296875,0.18585205078125,262144
NV4061811574920200719,subsetted_512x512_HLS.S30.T11TPE.2020219.v1.4,3,0.26,0.13659395692513554,0.240356648199446,0.15736615998458417,0.5085534268654529,0.15754550651649518,0.6210623643185351,0.10413742065429688,0.3365364074707031,262144
NV4064611615820180823,subsetted_512x512_HLS.S30.T11TNF.2018244.v1.4,2,0.47000000000000003,0.23738455311476617,0.38368759738792213,0.2941546598577421,0.5515714236859205,0.3179650834753811,0.6256638624279943,0.22309112548828125,0.4183197021484375,262144
NV4064811732520190722,subsetted_512x512_HLS.S30.T11TMF.2019227.v1.4,4,0.47000000000000003,0.20426619152476846,0.3392376086986865,0.2892920059039185,0.4100280055336235,0.30972263088975466,0.6925113125877748,0.11305618286132812,0.16024017333984375,262144
NV4067411551020180930,subsetted_512x512_HLS.S30.T11TPF.2018289.v1.4,4,0.47000000000000003,0.1612786808991828,0.27776051270364155,0.1955654964504522,0.47914035881918465,0.19220129031527258,0.5518667193956185,0.1613847147669071,0.39539658858452403,260068
NV4067711610520180627,subsetted_512x512_HLS.S30.T11TNF.2018199.v1.4,2,0.47000000000000003,0.06463749939703825,0.12142630601241448,0.0722664149925846,0.3797647725662463,0.05116437890785191,0.6415804551760985,0.026920318603515625,0.14146804809570312,262144
NV4076011752020180724,subsetted_512x512_HLS.S30.T11TMF.2018222.v1.4,1,0.44,0.13590859499574387,0.23929494960156208,0.23324622950145057,0.24566574202496533,0.24321643940971927,0.5579270484686425,0.176025390625,0.18539810180664062,262144
NV4076611721820190808,subsetted_512x512_HLS.S30.T11TMF.2019257.v1.4,1,0.44,0.04492743908569896,0.08599150028065111,0.04583728703442498,0.6935713361790196,0.1485267664001007,0.6814525311578747,0.029491424560546875,0.4462394714355469,262144
NV4083911966720200812,subsetted_512x512_HLS.S30.T11TKF.2020265.v1.4,1,0.44,0.19017149505043054,0.31956990373454125,0.34340592350833754,0.2988280612411452,0.36689648466362995,0.602129871959184,0.23371124267578125,0.20337295532226562,262144
NV4089711609720191014,subsetted_512x512_HLS.S30.T11TNF.2019314.v1.4,5,0.36000000000000004,0.08235525539308898,0.15217786393651178,0.13180816455032007,0.17999426769848095,0.08617067371798992,0.6388158323685126,0.02661895751953125,0.036350250244140625,262144
NV4099311562120210622,subsetted_512x512_HLS.S30.T11TPF.2021183.v1.4,3,0.26,0.06905737359432165,0.12919301676418174,0.0725867904800723,0.5868194842406876,0.15407305630629392,0.7820307257641459,0.0266265869140625,0.21525955200195312,262144
NV4116511680820190722,subsetted_512x512_HLS.S30.T11TNF.2019224.v1.4,3,0.26,0.1166328383719688,0.20890096433491503,0.1207049042586123,0.77564649048025,0.4329147254294187,0.9072442426781914,0.02684783935546875,0.17252349853515625,262144
NV4124711727320200723,subsetted_512x512_HLS.S30.T11TMF.2020217.v1.4,4,0.47000000000000003,0.028741229552185405,0.055876499797128894,0.031119528257220332,0.2732942732942733,0.03821658350762278,0.5889475530807344,0.020183563232421875,0.17725372314453125,262144
NV4125011713520190916,subsetted_512x512_HLS.S30.T11TMF.2019312.v1.4,2,0.47000000000000003,0.025861600594019957,0.0504192779592197,0.028634449568879086,0.21077490774907748,0.025957865099773984,0.525593952307467,0.025844968337529563,0.19024185549706263,262140
NV4127811541520180716,subsetted_512x512_HLS.S30.T11TPF.2018219.v1.4,2,0.47000000000000003,0.058575258084754465,0.11066810344827586,0.11081139404402245,0.11052518295307792,0.12940213375154716,0.6270560131572166,0.070892333984375,0.070709228515625,262144
NV4130311596620180903,subsetted_512x512_HLS.S30.T11TNF.2018289.v1.4,5,0.36000000000000004,0.20039475848456603,0.3338814287019275,0.2629433346922136,0.4572369792752596,0.3110143742952166,0.7060085826995319,0.0915043403605838,0.15911857292759707,262075
NV4160011549220180725,subsetted_512x512_HLS.S30.T11TPG.2018219.v1.4,3,0.26,0.12912207722499916,0.2287123417909561,0.13330793474872718,0.8043887147335423,0.6332848230179728,0.9461949287522742,0.018253326416015625,0.11014175415039062,262144
NV4164111779920190723,subsetted_512x512_HLS.S30.T11TMG.2019217.v1.4,5,0.36000000000000004,0.04825422768192542,0.09206588708663398,0.049344277762053024,0.6859658984448191,0.08724241949233,0.7524273550444897,0.020359039306640625,0.2830238342285156,262144
NV4180711406520180726,subsetted_512x512_HLS.S30.T12TTM.2018219.v1.4,5,0.36000000000000004,0.5161994413056561,0.6809123222748815,0.7862610563471812,0.6004586844428655,0.7936564906877205,0.5991274238174326,0.7301979064941406,0.5576438903808594,262144
NV4180711966720200727,subsetted_512x512_HLS.S30.T10TGM.2020215.v1.4,1,0.44,0.07915041898282585,0.14669024371492273,0.09405192244495564,0.33313933185892214,0.13389366046641812,0.5894267051934361,0.032772064208984375,0.11608123779296875,262144
NV4181211632420180817,subsetted_512x512_HLS.S30.T11TNG.2018289.v1.4,4,0.47000000000000003,0.21787939197607775,0.3578012624428371,0.9415111270638908,0.22086889159274337,0.9213389765645214,0.5468436128871661,0.9070533873061941,0.21278545787825556,261860
NV4186711864020180724,subsetted_512x512_HLS.S30.T11TLG.2018247.v1.4,5,0.36000000000000004,0.07753313158718564,0.14390858028278133,0.08652950310559006,0.42717516289766194,0.08712544709873181,0.7012625122700994,0.0398101806640625,0.196533203125,262144
NV4193711416620190804,subsetted_512x512_HLS.S30.T12TTM.2019244.v1.4,4,0.47000000000000003,0.18727665064450205,0.31547264160015387,0.22429919321755779,0.5315294880103694,0.3382980719586943,0.7202452420006352,0.1177215576171875,0.27896881103515625,262144
NV4194911609820180721,subsetted_512x512_HLS.S30.T11TNG.2018219.v1.4,1,0.44,0.14396489055221992,0.2516945961212578,0.1754956019430222,0.44484193011647255,0.24754452055017379,0.612184689440367,0.091705322265625,0.232452392578125,262144
NY4487007364020180712,subsetted_512x512_HLS.S30.T18TXQ.2018266.v1.4,2,0.47000000000000003,0.006773542426830215,0.013455940469994024,0.007134825718082388,0.11798512508451657,0.010997585214796367,0.4565459053901433,0.011347028022325796,0.18764025548075264,260685
OK3434009530020180724,subsetted_512x512_HLS.S30.T15STU.2018237.v1.4,3,0.26,0.024767962518162677,0.048338674556726684,0.02528149403716932,0.5494162144384147,0.02607068326524401,0.5456638186667068,0.0231983245018712,0.5041448741278216,262131
OK3434009756220180322,subsetted_512x512_HLS.S30.T14SPD.2018100.v1.4,5,0.36000000000000004,0.09051479759609933,0.16600379526371883,0.09493652067909494,0.6602564102564102,0.1560202439307255,0.8397823881767092,0.0184478759765625,0.12829971313476562,262144
OK3475809868420180702,subsetted_512x512_HLS.S30.T14SND.2018215.v1.4,3,0.26,0.19039386351893803,0.31988381216299683,0.22746913580246914,0.5387729854355283,0.3212195405616054,0.7750592019068125,0.06783986693726825,0.1606824042848641,262132
OK3525609595520200222,subsetted_512x512_HLS.S30.T14SQE.2020065.v1.4,2,0.47000000000000003,0.0525442993161788,0.09984244720211015,0.05550307038261691,0.4963914803731737,0.08262137946378223,0.7069740996747406,0.021671377835761396,0.19381787802840433,262143
OK3529509619120180124,subsetted_512x512_HLS.S30.T14SQE.2018075.v1.4,2,0.47000000000000003,0.05338049021220596,0.10135082376825173,0.05502984669651336,0.6404183935267417,0.23243643426552701,0.7732585327230913,0.019329071044921875,0.224945068359375,262144
OK3535809587220180315,subsetted_512x512_HLS.S30.T15STV.2018102.v1.4,4,0.47000000000000003,0.07217784822005797,0.13463782774449545,0.07320297380471452,0.8375075620084694,0.27114915462569833,0.8356039359361848,0.031528472900390625,0.3607139587402344,262144
OK3557109641620180320,subsetted_512x512_HLS.S30.T14SQE.2018100.v1.4,2,0.47000000000000003,0.06248546398945655,0.11762130609266691,0.06735376044568245,0.46366251198465963,0.09639544604395756,0.6387172158506604,0.019893646240234375,0.1369476318359375,262144
OK3566409983720180413,subsetted_512x512_HLS.S30.T14SME.2018138.v1.4,1,0.44,0.05649379237474685,0.10694581034454019,0.06371653293080162,0.3326075686884396,0.10137581437515669,0.6480587007175188,0.036792755126953125,0.1920623779296875,262144
OK3632609837220200610,subsetted_512x512_HLS.S30.T14SNF.2020183.v1.4,2,0.47000000000000003,0.13513680630700262,0.23809783200784398,0.14351851851851852,0.6982428115015974,0.2619123489854697,0.744882450805584,0.07164028793444799,0.34854258935008753,262143
OK3642109646420180203,subsetted_512x512_HLS.S30.T14SQF.2018075.v1.4,4,0.47000000000000003,0.18301889049732614,0.3094099206148556,0.22739840057080002,0.4839454620227136,0.25038160540707377,0.6440595645633462,0.12058639526367188,0.25662994384765625,262144
OK3648509869620180306,subsetted_512x512_HLS.S30.T14SNF.2018095.v1.4,2,0.47000000000000003,0.032133676092544985,0.062266500622665005,0.03513030148185999,0.2736318407960199,0.028759537161328515,0.4966515595215989,0.023596423674374048,0.18379383534626872,212956
OK3650509633420180324,subsetted_512x512_HLS.S30.T14SQF.2018100.v1.4,4,0.47000000000000003,0.2523276748207081,0.4029738859788962,0.5739636973063563,0.31047894779169316,0.5580494109879909,0.5301966668250739,0.5217923725742276,0.2822574799815361,262133
OK3661710061020200307,subsetted_512x512_HLS.S30.T14SLF.2020108.v1.4,3,0.26,0.24516176470588236,0.39378299535850525,0.3731199641897941,0.41686879547898276,0.3931124910931013,0.6008391790821987,0.30510711669921875,0.34088134765625,262144
OK3669509679920191116,subsetted_512x512_HLS.S30.T14SPF.2019345.v1.4,5,0.36000000000000004,0.04189682300559071,0.08042413045224515,0.043800857467844956,0.4907843137254902,0.2817086359187658,0.6726029731386494,0.0194549560546875,0.21799087524414062,262144
OK3671910126720190819,subsetted_512x512_HLS.S30.T14SKF.2019246.v1.4,3,0.26,0.07135724209795068,0.13320905351461976,0.07469435986001909,0.6149672591206735,0.2215101871538326,0.8215479960411066,0.020389556884765625,0.16786956787109375,262144
OK3680809902720180218,subsetted_512x512_HLS.S30.T14SMF.2018098.v1.4,1,0.44,0.06918523332532742,0.1294167393430059,0.07643799266370092,0.4216825970894687,0.12138170928265948,0.621191496176785,0.044300079345703125,0.24438858032226562,262144
OK3694010296020180524,subsetted_512x512_HLS.S30.T13SFA.2018159.v1.4,1,0.44,0.054266100032690424,0.10294573643410852,0.06273146398609326,0.28680027643400136,0.04875074621922783,0.6499137847492511,0.0220794677734375,0.10094451904296875,262144
OK3698609831720200617,subsetted_512x512_HLS.S30.T14SNG.2020183.v1.4,3,0.26,0.03420150152933543,0.06614088546334468,0.036114951247262626,0.3922923588039867,0.045011481769263305,0.5707863528073258,0.028705596923828125,0.3118095397949219,262144
OR4209412026920200816,subsetted_512x512_HLS.S30.T11TKG.2020265.v1.4,5,0.36000000000000004,0.07708020242294127,0.14312806465023833,0.07744026819994207,0.9431101771239868,0.10435548090174393,0.7232167444082473,0.050829159243590084,0.6190254565430525,262133
OR4209912285420180715,subsetted_512x512_HLS.S30.T10TEM.2018213.v1.4,5,0.36000000000000004,0.07178378378378378,0.1339519870889651,0.10138436482084691,0.1973449574004359,0.07974959732763381,0.796110653140448,0.019252777099609375,0.0374755859375,262144
OR4240411760120180724,subsetted_512x512_HLS.S30.T11TMG.2018222.v1.4,4,0.47000000000000003,0.13802386495925495,0.24256761076657501,0.19478885893980233,0.3214028548434919,0.21848313810933262,0.6573243504266046,0.09006118774414062,0.14860153198242188,262144
OR4241211864020180705,subsetted_512x512_HLS.S30.T11TLH.2018217.v1.4,4,0.47000000000000003,0.046368038740920096,0.08862663427050793,0.04816928422078637,0.5535682023486902,0.22352713924647313,0.7651076549408767,0.021134262706331116,0.24287792529124044,261897
OR4245011723920190723,subsetted_512x512_HLS.S30.T11TMH.2019227.v1.4,1,0.44,0.14108651630472732,0.24728452100480372,0.1489577381720331,0.7275182284634081,0.4647284522377255,0.8461544614424019,0.042377471923828125,0.20697402954101562,262144
OR4250212055220200721,subsetted_512x512_HLS.S30.T10TFN.2020235.v1.4,3,0.26,0.05414601556795053,0.10272963093974767,0.05595966408144259,0.6255609405851732,0.08893786619167608,0.7703664645735115,0.021251759535825865,0.23756880786440987,262143
OR4261011964820190915,subsetted_512x512_HLS.S30.T10TGN.2019305.v1.4,5,0.36000000000000004,0.24147896791447696,0.3890182180373626,0.39014786335706736,0.3878950954465141,0.41791535768151655,0.5656226879806128,0.3303260803222656,0.3284187316894531,262144
OR4261111754220180615,subsetted_512x512_HLS.S30.T11TMH.2018182.v1.4,2,0.47000000000000003,0.12634580876698281,0.22434639128332054,0.1563379723246501,0.397079556898288,0.20962594917163094,0.7167377265846054,0.03787994384765625,0.09621047973632812,262144
OR4265012082720180815,subsetted_512x512_HLS.S30.T10TFN.2018245.v1.4,5,0.36000000000000004,0.210388466311133,0.3476379231410359,0.7526431718061674,0.22601621052310228,0.7606660342574713,0.5257961814428469,0.7497367858886719,0.2251434326171875,262144
OR4275611811920200817,subsetted_512x512_HLS.S30.T11TMH.2020247.v1.4,5,0.36000000000000004,0.18867330335741903,0.31745190680148955,0.21765192645367026,0.5862781341741873,0.33050201279860103,0.7791453738259131,0.07016754150390625,0.18900680541992188,262144
OR4292012329520190725,subsetted_512x512_HLS.S30.T10TDN.2019213.v1.4,2,0.47000000000000003,0.1806561613080866,0.30602671163454037,0.33412985995495054,0.28228422028064604,0.2875374598233849,0.573315473823248,0.2313204311611955,0.19542733341499266,261248
OR4302111828620200805,subsetted_512x512_HLS.S30.T11TLH.2020247.v1.4,5,0.36000000000000004,0.2091824283099451,0.345989857960996,0.2823437371325043,0.4466809979805876,0.30399423343895576,0.7154962127904859,0.058559417724609375,0.09264373779296875,262144
OR4316311929120190721,subsetted_512x512_HLS.S30.T11TLH.2019215.v1.4,1,0.44,0.02913819286256644,0.05662639490915798,0.029298261310429154,0.8421052631578947,0.034720179693208855,0.6343560421143535,0.022251129150390625,0.6395530700683594,262144
OR4327211882920180427,subsetted_512x512_HLS.S30.T11TLH.2018152.v1.4,1,0.44,0.013562653562653562,0.026762338795694753,0.014181117533718689,0.23721529866781263,0.013599300035325905,0.3903111210981062,0.01775360107421875,0.29697418212890625,262144
OR4380511789220200816,subsetted_512x512_HLS.S30.T11TMJ.2020247.v1.4,1,0.44,0.2798849602436136,0.4373595579876808,0.5997897255555958,0.34415760021634667,0.6010885021967527,0.5455780369206267,0.5501289367675781,0.3156623840332031,262144
OR4383912111420180907,subsetted_512x512_HLS.S30.T10TFP.2018285.v1.4,3,0.26,0.10444705304250498,0.18913908594310008,0.12404357411490079,0.3980027046707583,0.12664836752280934,0.758305278125724,0.036670684814453125,0.1176605224609375,262144
OR4393211800020180714,subsetted_512x512_HLS.S30.T11TMJ.2018217.v1.4,3,0.26,0.1891326462064068,0.31810184811556774,0.20739150566148926,0.6823627172633474,0.4309282641707757,0.8367058330989519,0.055088043212890625,0.18125152587890625,262144
OR4403912052820200816,subsetted_512x512_HLS.S30.T10TFP.2020248.v1.4,2,0.47000000000000003,0.16651183366511835,0.2854867457999924,0.21528870077501644,0.42361150188509367,0.18415619563138486,0.7222053317698758,0.06779098510742188,0.13338851928710938,262144
OR4408012020420180716,subsetted_512x512_HLS.S30.T10TGP.2018215.v1.4,1,0.44,0.04741363071242889,0.09053468338039314,0.051604305484366994,0.36862917398945516,0.1312321043861749,0.6595542418238839,0.0260467529296875,0.18606185913085938,262144
OR4441811785820200817,subsetted_512x512_HLS.S30.T11TMK.2020247.v1.4,2,0.47000000000000003,0.15203877177058894,0.26394731756626183,0.17678567872717496,0.5206427398545626,0.24589210563547398,0.7525492997887088,0.0650482177734375,0.19157028198242188,262144
OR4453312109120180817,subsetted_512x512_HLS.S30.T10TFQ.2018245.v1.4,3,0.26,0.05679837091079565,0.10749140512365532,0.06042988294340446,0.48590048878305553,0.10869249546624002,0.6835594474190085,0.030437469482421875,0.24473953247070312,262144
OR4453912142620180621,subsetted_512x512_HLS.S30.T10TFQ.2018183.v1.4,1,0.44,0.12488918439716312,0.22204708895675304,0.16104601314661332,0.35743736124326037,0.09374225984257918,0.600449739080647,0.03608831507743021,0.08009705959779785,262107
OR4475511980220200819,subsetted_512x512_HLS.S30.T10TGQ.2020275.v1.4,2,0.47000000000000003,0.10642243215475981,0.19237215201340763,0.11208762206386909,0.6780012771392082,0.10627297733346469,0.8198678445068762,0.02389544597965988,0.14453998214708058,262142
OR4480012022420180817,subsetted_512x512_HLS.S30.T10TGQ.2018245.v1.4,4,0.47000000000000003,0.40356014171349464,0.5750521544745781,0.7928588043731101,0.45112372419761254,0.7895424245237115,0.5650469695993888,0.7493782043457031,0.42638397216796875,262144
OR4494912090120190812,subsetted_512x512_HLS.S30.T10TFQ.2019245.v1.4,3,0.26,0.15454786998494377,0.26772015955814665,0.16295466218424615,0.7497314715359829,0.38039649934614056,0.880430913998866,0.03551483154296875,0.16339874267578125,262144
OR4504511946220190805,subsetted_512x512_HLS.S30.T10TGR.2019245.v1.4,5,0.36000000000000004,0.10890040028255239,0.19641150865272322,0.12283217804690197,0.4898326625714891,0.1125031399076814,0.6988858379657864,0.03601837158203125,0.14363479614257812,262144
OR4514511998420180817,subsetted_512x512_HLS.S30.T10TGR.2018245.v1.4,5,0.36000000000000004,0.1553461446386211,0.26891706067398796,0.16990383699895267,0.6445146726862302,0.34631262159026666,0.7447619658324415,0.08449554443359375,0.320526123046875,262144
OR4527212061320180622,subsetted_512x512_HLS.S30.T10TFR.2018188.v1.4,2,0.47000000000000003,0.16459859623956144,0.28267009211765015,0.3885260968412906,0.22214539571031489,0.34799689945408635,0.5446875189192815,0.2758522033691406,0.15772247314453125,262144
OR4531411905220180816,subsetted_512x512_HLS.S30.T11TLL.2018245.v1.4,5,0.36000000000000004,0.19515496007578834,0.32657683161589857,0.23234330522584457,0.5494030988061976,0.30159942570577214,0.7806614076820869,0.060074540037613346,0.1420533224486059,262141
OR4538011911420200908,subsetted_512x512_HLS.S30.T11TLL.2020275.v1.4,3,0.26,0.2823525328427885,0.4403664758502159,0.33862676129623076,0.62949779462973,0.4835111878175331,0.7285367015281651,0.1971893310546875,0.36656951904296875,262144
OR4542812106020180726,subsetted_512x512_HLS.S30.T10TFR.2018213.v1.4,2,0.47000000000000003,0.2812980888557955,0.4390829757765359,0.6636801499114293,0.32806269764883816,0.632399316671348,0.5941650944449491,0.5271415710449219,0.2605705261230469,262144
OR4556212040420200429,subsetted_512x512_HLS.S30.T10TFR.2020173.v1.4,5,0.36000000000000004,0.028522605008333157,0.05546325354337169,0.030656206067752028,0.29069017415609544,0.021536377599319076,0.549054705073579,0.017742156982421875,0.16823577880859375,262144
OR4572112013020190713,subsetted_512x512_HLS.S30.T10TGR.2019215.v1.4,1,0.44,0.05396217696953695,0.1023986973132085,0.054464295628421366,0.854083231760404,0.10588674049369215,0.8208748720993376,0.021907806396484375,0.3435478210449219,262144
OR4576612011120180727,subsetted_512x512_HLS.S30.T10TGR.2018215.v1.4,5,0.36000000000000004,0.0753091753523789,0.140069808904402,0.07676322851441547,0.7990259275175476,0.12811204724560676,0.8058224874654429,0.026630401611328125,0.2771949768066406,262144
OR4597411899820180729,subsetted_512x512_HLS.S30.T11TLL.2018215.v1.4,3,0.26,0.24063110382447297,0.38791725128071264,0.34576177527011503,0.4417792311551253,0.36598126150472393,0.6640865221745902,0.2053116047348203,0.2623262875606062,262143
SC3269708070820210406,subsetted_512x512_HLS.S30.T17SNS.2021128.v1.4,4,0.47000000000000003,0.035512876969189026,0.06858992825493504,0.03718080280789423,0.4418522446094026,0.052666951930421146,0.6332191415893165,0.02158553334350679,0.2565199145429574,262120
SD4311610262120200616,subsetted_512x512_HLS.S30.T13TFH.2020204.v1.4,2,0.47000000000000003,0.07314688629495764,0.13632222620986667,0.08563104775777755,0.3341001353179973,0.10328261235664091,0.6208260768702728,0.02819061279296875,0.10998916625976562,262144
SD4327410271120200806,subsetted_512x512_HLS.S30.T13TFJ.2020264.v1.4,2,0.47000000000000003,0.05730576156341025,0.10839960141458745,0.06208455495624538,0.4267692307692308,0.08295093979374007,0.6715855089349011,0.0247955322265625,0.17044448852539062,262144
SD4334810247820200914,subsetted_512x512_HLS.S30.T13TGJ.2020309.v1.4,4,0.47000000000000003,0.07300955414012739,0.1360836981524078,0.08445385890587585,0.3501336387934326,0.12211899542194751,0.6342635009093328,0.0399627685546875,0.165679931640625,262144
TN3638708498220210309,subsetted_512x512_HLS.S30.T16SFF.2021094.v1.4,1,0.44,0.02275800142431029,0.04450319898278402,0.023049663924401283,0.6426697755756339,0.0867460708454668,0.6346217652680637,0.013088226318359375,0.3649253845214844,262144
TX2691709832320210126,subsetted_512x512_HLS.S30.T14RNQ.2021051.v1.4,3,0.26,0.16861033981224383,0.28856554502047926,0.18533267447606314,0.6514098896608091,0.3963060601633335,0.8384467773252883,0.0373382568359375,0.13123703002929688,262144
TX2708809759120180311,subsetted_512x512_HLS.S30.T14RPQ.2018107.v1.4,3,0.26,0.12372098378113892,0.22019876030941038,0.17830180852828936,0.2878331324494442,0.196310792536024,0.5975226858965755,0.1139373779296875,0.183929443359375,262144
TX2846709731320190825,subsetted_512x512_HLS.S30.T14RPS.2019257.v1.4,4,0.47000000000000003,0.08043705167780764,0.14889724774413682,0.08204408000543638,0.8041740674955595,0.2873280326687018,0.8824920207551368,0.017181396484375,0.16840744018554688,262144
TX2932610087120200827,subsetted_512x512_HLS.S30.T14RLT.2020273.v1.4,2,0.47000000000000003,0.01616726661566055,0.031820089362857636,0.016916676509573868,0.26737191454055176,0.04367849317923582,0.4890551060275615,0.018390655517578125,0.2906684875488281,262144
TX3009510451420190718,subsetted_512x512_HLS.S30.T13REP.2019241.v1.4,2,0.47000000000000003,0.056759218917099064,0.10742128935532234,0.06914688284115035,0.2405977165883143,0.0713149225475964,0.55843773324289,0.0227203369140625,0.0790557861328125,262144
TX3022610256120200301,subsetted_512x512_HLS.S30.T13RGP.2020118.v1.4,5,0.36000000000000004,0.16208563396234046,0.2789564369876603,0.25507670761983575,0.3077691155574331,0.20286322646310467,0.6428570820702123,0.09933090209960938,0.11985015869140625,262144
TX3029010150020200419,subsetted_512x512_HLS.S30.T14RKU.2020158.v1.4,2,0.47000000000000003,0.08597458455522972,0.15833627375440162,0.473756787037835,0.09505200453040298,0.4565535066168449,0.5005065441210823,0.44133886359907354,0.08854784735550782,262073
TX3034010088120200816,subsetted_512x512_HLS.S30.T14RLU.2020278.v1.4,5,0.36000000000000004,0.13191021306065914,0.23307540039589705,0.1903809971777987,0.3004546719866382,0.14081996159350554,0.7273526567732556,0.041110992431640625,0.06488037109375,262144
TX3054610425020180430,subsetted_512x512_HLS.S30.T13REP.2018141.v1.4,5,0.36000000000000004,0.2835330908885084,0.4418009833969087,0.4042244144525812,0.4870797578821985,0.4410765509751534,0.6177547451080538,0.3140552652372573,0.37842831131452476,261973
TX3064710027020190914,subsetted_512x512_HLS.S30.T14RLU.2019293.v1.4,4,0.47000000000000003,0.0626389518444171,0.1178931973756373,0.06785605724039563,0.4489480198019802,0.08850010450634659,0.7099465168019777,0.02465839125359538,0.16314440265199778,262142
TX3065009856720180718,subsetted_512x512_HLS.S30.T14RNU.2018215.v1.4,1,0.44,0.06852702225362063,0.12826446280991735,0.07054973028668404,0.7050272562083586,0.09511217639056407,0.8405414192906695,0.018894195556640625,0.18881607055664062,262144
TX3065310092220200611,subsetted_512x512_HLS.S30.T14RLU.2020193.v1.4,2,0.47000000000000003,0.1273364193669461,0.2259066897500777,0.21897590361445782,0.2332905473549097,0.14324744215902235,0.5836760696058749,0.08321380615234375,0.088653564453125,262144
TX3068710057220191007,subsetted_512x512_HLS.S30.T14RLV.2019348.v1.4,4,0.47000000000000003,0.08931461401521282,0.16398313740784073,0.09642685537063732,0.5476987966753505,0.12012770079915827,0.7643166636874362,0.030750274658203125,0.17465972900390625,262144
TX3076510415220180516,subsetted_512x512_HLS.S30.T13REQ.2018156.v1.4,3,0.26,0.12110167249639928,0.2160404813717522,0.14516754166519855,0.42213114754098363,0.2250364587894271,0.7776007188077445,0.0372314453125,0.10826492309570312,262144
TX3086010191020200831,subsetted_512x512_HLS.S30.T14RKV.2020268.v1.4,2,0.47000000000000003,0.1911692398465926,0.32097746223066126,0.4439369719113953,0.2513576415826222,0.2783555713912132,0.6227433508242793,0.14751434326171875,0.08352279663085938,262144
TX3086610127820180604,subsetted_512x512_HLS.S30.T14RKV.2018193.v1.4,2,0.47000000000000003,0.06976686813864562,0.13043377995064917,0.07241348406672897,0.656224620025525,0.1428648315276677,0.7196064104848348,0.032881258941344776,0.29797615641392466,262125
TX3095610045720180124,subsetted_512x512_HLS.S30.T14RLV.2018043.v1.4,2,0.47000000000000003,0.07974409349654929,0.14770924699076235,0.09623685330415223,0.3175526579739218,0.07354197407062853,0.6719505211647918,0.019016265869140625,0.06274795532226562,262144
TX3095710045720190723,subsetted_512x512_HLS.S30.T14RLV.2019223.v1.4,3,0.26,0.06818755951108607,0.1276696379843551,0.06997148497477516,0.7278572910184609,0.24030446879236222,0.8140520291970189,0.018390655517578125,0.19130325317382812,262144
TX3096410129920180702,subsetted_512x512_HLS.S30.T14RKV.2018213.v1.4,3,0.26,0.05033217793183131,0.09584049501546923,0.05194359983306505,0.6186756612817327,0.22989062838882246,0.7664662215408536,0.021488189697265625,0.2559356689453125,262144
TX3097610133020180413,subsetted_512x512_HLS.S30.T14RKV.2018143.v1.4,2,0.47000000000000003,0.12738092448984373,0.22597672485453035,0.17969395511782396,0.3043721659295751,0.19165438409297764,0.6537911572503872,0.068142717087369,0.1154226160730294,262141
TX3111910137620200901,subsetted_512x512_HLS.S30.T14RKV.2020278.v1.4,1,0.44,0.036261856631939045,0.069985894781069,0.03760926361964971,0.5030198446937014,0.14053670584316147,0.6955555297389892,0.0176849365234375,0.23653411865234375,262144
TX3112609904920200802,subsetted_512x512_HLS.S30.T14RMV.2020280.v1.4,4,0.47000000000000003,0.2355032923374983,0.3812264909338124,0.33678193168268217,0.4391850174933114,0.3712002130826946,0.6918033897481546,0.16682052612304688,0.2175445556640625,262144
TX3146709888420200712,subsetted_512x512_HLS.S30.T14RNV.2020220.v1.4,3,0.26,0.19357084097956084,0.32435584773618914,0.2857142857142857,0.37508429893936607,0.3670144517970925,0.7963695394983366,0.062221527099609375,0.08168411254882812,262144
TX3149009984920200712,subsetted_512x512_HLS.S30.T14RMV.2020220.v1.4,1,0.44,0.050734169470786177,0.09656899136789088,0.05232108774863164,0.6258490566037735,0.10496222676089982,0.741987837195355,0.0202178955078125,0.24184036254882812,262144
TX3157209838720180723,subsetted_512x512_HLS.S30.T14RNV.2018215.v1.4,4,0.47000000000000003,0.06814803223534935,0.12760035159683564,0.08411395461129889,0.26417955717318775,0.0631251528809908,0.6351003841182461,0.02515641690828628,0.07900961391728979,262120
TX3159210116820200704,subsetted_512x512_HLS.S30.T14SKA.2020223.v1.4,3,0.26,0.165305607563505,0.2837120262540167,0.1940547449806709,0.527365923917648,0.3178566400178243,0.7361269344748229,0.09004974365234375,0.244720458984375,262144
TX3165409878420180723,subsetted_512x512_HLS.S30.T14SNA.2018215.v1.4,5,0.36000000000000004,0.09118575776193402,0.16713150279556377,0.0925504299781023,0.8608038845427569,0.17824367780871012,0.8869705728713364,0.02828216552734375,0.2630500793457031,262144
TX3166310307120200827,subsetted_512x512_HLS.S30.T13SFR.2020251.v1.4,5,0.36000000000000004,0.04235407513673451,0.08126619571411675,0.04331678912437959,0.655848663658452,0.14087578052283367,0.7185551263316727,0.02198028564453125,0.3327980041503906,262144
TX3185709976920200614,subsetted_512x512_HLS.S30.T14SMA.2020185.v1.4,4,0.47000000000000003,0.038788122393609,0.0746795646916566,0.03948293718274923,0.6879037647582981,0.04366143150629125,0.7515695099246893,0.017124241349187275,0.2983524259659804,262143
TX3206310086420200619,subsetted_512x512_HLS.S30.T14SLA.2020193.v1.4,2,0.47000000000000003,0.1340506304215268,0.2364103097790266,0.1870762304757199,0.32108362779740873,0.17110100391489208,0.6319329125036532,0.08096694946289062,0.13896560668945312,262144
TX3217410111820190907,subsetted_512x512_HLS.S30.T14SKA.2019278.v1.4,3,0.26,0.11822102942586026,0.21144483302475486,0.1279434036638244,0.6087256934162472,0.21223635005711888,0.8193770619107216,0.038646697998046875,0.18387222290039062,262144
TX3231910015220200713,subsetted_512x512_HLS.S30.T14SLA.2020223.v1.4,2,0.47000000000000003,0.10722295967409713,0.19367907563198908,0.13486283427847665,0.34347507331378296,0.09237810236795367,0.6184343536945021,0.052032470703125,0.13251876831054688,262144
TX3267009971820180413,subsetted_512x512_HLS.S30.T14SMB.2018138.v1.4,4,0.47000000000000003,0.048346728935791415,0.09223423434510002,0.0495092016434809,0.6731028289178267,0.04652890201060551,0.5551663039834721,0.042476654052734375,0.5774917602539062,262144
TX3268709915020200830,subsetted_512x512_HLS.S30.T14SMB.2020268.v1.4,1,0.44,0.10736785666413476,0.19391542930923175,0.1508806077920447,0.27129551227773074,0.13485458692564312,0.5282543393678844,0.07583963011323501,0.13636577691204488,233585
TX3272009947720180226,subsetted_512x512_HLS.S30.T14SMB.2018073.v1.4,2,0.47000000000000003,0.1397716638592551,0.24526257019934974,0.17629423290290597,0.40286993580406755,0.21904253895983916,0.6775590203605298,0.07071304321289062,0.16159439086914062,262144
TX3272509755820180122,subsetted_512x512_HLS.S30.T14SPB.2018035.v1.4,1,0.44,0.06587666263603385,0.123610291782003,0.08169875832283606,0.25382035035408124,0.08817662923336154,0.6146647401454932,0.040939487226437477,0.12719012142227715,262143
TX3300809836120180710,subsetted_512x512_HLS.S30.T14SNB.2018215.v1.4,3,0.26,0.041639257071675505,0.07994947730509795,0.0434179801517805,0.5040664181633344,0.09719635728263483,0.7118935353969582,0.02251434326171875,0.261383056640625,262144
TX3312809957020190729,subsetted_512x512_HLS.S30.T14SMB.2019228.v1.4,4,0.47000000000000003,0.1188845736870274,0.21250551930530345,0.12327811930783242,0.769360568383659,0.23017177079238865,0.8193949016241462,0.04295447436083284,0.26807254194355645,262138
TX3332410108120190809,subsetted_512x512_HLS.S30.T14SKB.2019268.v1.4,2,0.47000000000000003,0.042140117677886564,0.08087226844655755,0.050525534102593396,0.20249542124542125,0.039834999479762476,0.5615361332502143,0.0333251953125,0.1335601806640625,262144
TX3362710093720190817,subsetted_512x512_HLS.S30.T14SLC.2019258.v1.4,3,0.26,0.09857176651487373,0.1794543961885792,0.10028278330976806,0.8524485359928398,0.2581260877855682,0.8968551164287403,0.029837934349677242,0.2536357948389263,262116
TX3378209927320180716,subsetted_512x512_HLS.S30.T14SMC.2018213.v1.4,2,0.47000000000000003,0.15968068628619086,0.2753873340730695,0.22726810242496184,0.3493561336739482,0.2485442950340115,0.7056187905080897,0.07316970825195312,0.11247634887695312,262144
TX3401610055920180125,subsetted_512x512_HLS.S30.T14SLC.2018038.v1.4,5,0.36000000000000004,0.14346551628781595,0.2509310761789601,0.1697110855228724,0.48124373863678527,0.2616775339997641,0.6369085406121494,0.10280990600585938,0.291534423828125,262144
TX3402609987020190820,subsetted_512x512_HLS.S30.T14SMC.2019258.v1.4,5,0.36000000000000004,0.1707281466175546,0.29166147087318106,0.2847590327595572,0.29890684597538436,0.32508213462502344,0.6005054288885207,0.19402313232421875,0.20366287231445312,262144
TX3447710074220200711,subsetted_512x512_HLS.S30.T14SLD.2020218.v1.4,4,0.47000000000000003,0.07644723954843033,0.14203620342879034,0.07980841674738995,0.6447826086956522,0.12549174411609054,0.8759221539519124,0.017547607421875,0.1417694091796875,262144
TX3455510115820180717,subsetted_512x512_HLS.S30.T14SLD.2018218.v1.4,2,0.47000000000000003,0.09044933600145534,0.16589369724066597,0.10213849914747633,0.4414454408239368,0.1128675921359967,0.6466243923297015,0.042964935302734375,0.18569564819335938,262144
TX3464410105120180510,subsetted_512x512_HLS.S30.T14SLD.2018163.v1.4,3,0.26,0.16261729061097088,0.2797434580136226,0.1918051041974411,0.5165870975639613,0.23539309997594374,0.7775703028502422,0.06232452392578125,0.16785812377929688,262144
TX3481010130620180508,subsetted_512x512_HLS.S30.T14SKD.2018156.v1.4,2,0.47000000000000003,0.08886905219349843,0.16323184503127172,0.7743381065210673,0.0912318392018352,0.6788909529517958,0.5724874135461777,0.6285781860351562,0.07405853271484375,262144
TX3482010022020180413,subsetted_512x512_HLS.S30.T14SMD.2018138.v1.4,1,0.44,0.1413657185469266,0.24771327235392943,0.2311276252957313,0.266863300430695,0.22112995671890706,0.491753558971295,0.22762680053710938,0.2628211975097656,262144
TX3506710118520180402,subsetted_512x512_HLS.S30.T14SLD.2018138.v1.4,5,0.36000000000000004,0.13260115846949155,0.23415331598049638,0.25809188992605164,0.21427852517864932,0.24837486508278844,0.5634534866087451,0.22740936279296875,0.18880462646484375,262144
TX3522410013020180413,subsetted_512x512_HLS.S30.T14SLE.2018138.v1.4,3,0.26,0.03201296727788471,0.06203985471679592,0.25656292286874155,0.03528623539045634,0.270145338857597,0.6160281947364711,0.2049713134765625,0.02819061279296875,262144
TX3540410187920200820,subsetted_512x512_HLS.S30.T14SKE.2020281.v1.4,1,0.44,0.09339289139787893,0.17083134915662046,0.12371583112498638,0.2759067357512953,0.10791848852549328,0.5902137043369825,0.047119140625,0.10508346557617188,262144
TX3546110085220180323,subsetted_512x512_HLS.S30.T14SLE.2018098.v1.4,1,0.44,0.16138660255887866,0.27792055152573,0.19510362917626195,0.4829005120702268,0.20530910308496225,0.6165779581768018,0.125152587890625,0.3097648620605469,262144
TX3565810161920180413,subsetted_512x512_HLS.S30.T14SKE.2018156.v1.4,1,0.44,0.05702538995072655,0.1078978622327791,0.06664710413380773,0.2831541218637993,0.08045797416715024,0.5715832569276429,0.024478912353515625,0.10400009155273438,262144
TX3568810093120201011,subsetted_512x512_HLS.S30.T14SLE.2020323.v1.4,5,0.36000000000000004,0.1480980357248828,0.2579884837645891,0.23053615637586372,0.29286267514727626,0.1905101370999031,0.5372801610453926,0.16253280639648438,0.20647430419921875,262144
TX3570310164720200711,subsetted_512x512_HLS.S30.T14SKE.2020216.v1.4,3,0.26,0.1339521607850538,0.23625716395710467,0.14703331132429667,0.6008994708994709,0.1765207109468381,0.7293244767532875,0.0721707353396034,0.2949491940934554,261879
TX3573210066420190313,subsetted_512x512_HLS.S30.T14SLE.2019098.v1.4,1,0.44,0.07060156571899465,0.13189139261454386,0.08206810671009147,0.3356842002154961,0.09357498808914967,0.5825402708338663,0.038944244384765625,0.15929412841796875,262144
TX3575010162220190313,subsetted_512x512_HLS.S30.T14SKE.2019111.v1.4,2,0.47000000000000003,0.09264607864918907,0.16958113054087026,0.12109332462158336,0.2828317083509962,0.14250048109532745,0.6020101273086528,0.044994354248046875,0.10509109497070312,262144
TX3582410101520190807,subsetted_512x512_HLS.S30.T14SLE.2019248.v1.4,2,0.47000000000000003,0.07131070631248584,0.1331279635166561,0.08563879390736712,0.2988474576271186,0.07030429054202841,0.7203173427094574,0.028133392333984375,0.098175048828125,262144
UT3715711356620200714,subsetted_512x512_HLS.S30.T12STG.2020241.v1.4,1,0.44,0.19804531708813605,0.330614066535459,0.27240722432543224,0.4204551798574539,0.31499475636496416,0.5884233068071363,0.20499038696289062,0.31639862060546875,262144
UT3732811369420200927,subsetted_512x512_HLS.S30.T12STG.2020291.v1.4,4,0.47000000000000003,0.07897069558869538,0.14638153920502597,0.08456759963704893,0.5440502918724742,0.1247424755394953,0.6559167578484111,0.042483298550569815,0.27330858479300124,262103
UT3739711342320180627,subsetted_512x512_HLS.S30.T12STG.2018186.v1.4,5,0.36000000000000004,0.2428363363988182,0.39077765798584374,0.3047151584773641,0.5445891970584942,0.3464708274339495,0.646671417100827,0.20438385009765625,0.3652763366699219,262144
UT3783510979920190726,subsetted_512x512_HLS.S30.T12SXG.2019235.v1.4,4,0.47000000000000003,0.03816843192973392,0.0735303265940902,0.03935321340184447,0.5590414630301119,0.06024590984750436,0.6790555025646232,0.02420179481700803,0.34380437105094475,262088
UT3800311315120190905,subsetted_512x512_HLS.S30.T12SUH.2019298.v1.4,4,0.47000000000000003,0.21482431428611473,0.35367141035920924,0.333645337890051,0.37625500159560105,0.3370164579865332,0.5234828977438457,0.31079864501953125,0.3504905700683594,262144
UT3806611313920180720,subsetted_512x512_HLS.S30.T12SUH.2018228.v1.4,5,0.36000000000000004,0.07775343871489748,0.1442879900390017,0.07997239531532263,0.7369996258885148,0.18133540253645908,0.8434860511286124,0.02039337158203125,0.18793869018554688,262144
UT3821211280820200822,subsetted_512x512_HLS.S30.T12SUH.2020268.v1.4,5,0.36000000000000004,0.05394861573612698,0.10237428073938262,0.054422185714636,0.8611057225994181,0.06848172662289376,0.8409415150479953,0.019664764404296875,0.31114959716796875,262144
UT3867511318120200625,subsetted_512x512_HLS.S30.T12SUH.2020188.v1.4,4,0.47000000000000003,0.14150873073554351,0.24793280493678016,0.47938762626262627,0.16720430699446212,0.4391289019906086,0.5028371924485338,0.42352617516634883,0.14772054332063472,214459
UT3869911350520200824,subsetted_512x512_HLS.S30.T12STH.2020246.v1.4,4,0.47000000000000003,0.09163324523629106,0.16788284093794972,0.15802390438247013,0.17905381003972554,0.16313823178891745,0.5631544978112135,0.10562896728515625,0.11968612670898438,262144
UT3887311238420190908,subsetted_512x512_HLS.S30.T12SUJ.2019298.v1.4,1,0.44,0.10719795666483818,0.19363828486054235,0.11334040181605633,0.6642060541688795,0.23284486278250408,0.6842567201993301,0.0720291329727414,0.4221106104306447,261422
UT3930510987820180721,subsetted_512x512_HLS.S30.T12SWJ.2018238.v1.4,1,0.44,0.17267557958308982,0.29449846588342793,0.18755868855060773,0.6851462666376791,0.2375201083377118,0.6079330987209822,0.15792184209723198,0.576883754997406,262136
UT3932711339120200719,subsetted_512x512_HLS.S30.T12STJ.2020241.v1.4,3,0.26,0.03537761928456903,0.06833761639355204,0.03585185807734868,0.7278544006824968,0.03804456260760082,0.6255901904384438,0.026828765869140625,0.5446701049804688,262144
UT3942511234720200626,subsetted_512x512_HLS.S30.T12SUJ.2020186.v1.4,2,0.47000000000000003,0.11151183399618918,0.2006489370342979,0.7379642149617937,0.11610924203443498,0.7855925278270659,0.5494432750433701,0.771026611328125,0.12131118774414062,262144
UT3952611225620191026,subsetted_512x512_HLS.S30.T12SUJ.2019308.v1.4,1,0.44,0.08714440370811764,0.16031799163179916,0.09161422368446222,0.6410788381742739,0.1885854226675829,0.6595746945594635,0.05700159842522689,0.3988738541122255,262133
UT3979911153620200731,subsetted_512x512_HLS.S30.T12TVK.2020228.v1.4,2,0.47000000000000003,0.05478076740535212,0.10387138085596109,0.058900883218842,0.43919215571491294,0.06998987187160441,0.5757645225829359,0.026065826416015625,0.19435882568359375,262144
UT4009411287320200914,subsetted_512x512_HLS.S30.T12TUK.2020286.v1.4,5,0.36000000000000004,0.20927003944697636,0.346109690342911,0.3424895797423924,0.349807147544132,0.342531049081614,0.6065374633924608,0.23835372924804688,0.24344635009765625,262144
UT4020111189120200628,subsetted_512x512_HLS.S30.T12TVK.2020188.v1.4,1,0.44,0.17292932123164984,0.2948674197181176,0.2926800352279656,0.29708774583963693,0.30704467372828836,0.5614350315558225,0.221893310546875,0.2252349853515625,262144
UT4032611166920201017,subsetted_512x512_HLS.S30.T12TVK.2020308.v1.4,2,0.47000000000000003,0.1323739964115483,0.2337990749187753,0.1541123348947124,0.4841254059786571,0.20962062183666552,0.6869304566442109,0.057554313617029396,0.1807999694813741,262135
UT4050711296920180727,subsetted_512x512_HLS.S30.T12TUK.2018231.v1.4,1,0.44,0.18012652843269467,0.30526646777768407,0.27973069841314463,0.33593275268381606,0.2726131866552845,0.5502955077744989,0.2259979248046875,0.2714042663574219,262144
UT4060611070920200821,subsetted_512x512_HLS.S30.T12TWK.2020268.v1.4,2,0.47000000000000003,0.1876389368617761,0.3159865023583587,0.8372952358369395,0.19473959961027262,0.828299801342713,0.48318643737436634,0.8300671796378174,0.19305848557793182,262133
UT4154311335720200603,subsetted_512x512_HLS.S30.T11TQG.2020186.v1.4,5,0.36000000000000004,0.108330139873539,0.19548352242031333,0.1402654592817714,0.32240359255827217,0.12607535707256995,0.5594486156276823,0.10703277587890625,0.2460174560546875,262144
UT4177211363120200720,subsetted_512x512_HLS.S30.T11TQG.2020216.v1.4,3,0.26,0.1005839532837373,0.18278288173043378,0.11334258775171717,0.4718907153043609,0.20513069674793905,0.7124091084303407,0.050823211669921875,0.21159744262695312,262144
UT4177911224220190715,subsetted_512x512_HLS.S30.T12TUM.2019231.v1.4,3,0.26,0.14764968917002944,0.2573079408522447,0.16457173421506893,0.5894801010188975,0.226400282335876,0.8209977437332742,0.04380533842990497,0.1569065030880799,262137
UT4180611268420200603,subsetted_512x512_HLS.S30.T12TUM.2020191.v1.4,2,0.47000000000000003,0.036018174308137134,0.06953193525237222,0.04000642304957218,0.2654086136052351,0.054338624760358153,0.5765576677503748,0.025066375732421875,0.16629409790039062,262144
UT4185411239220180803,subsetted_512x512_HLS.S30.T12TUM.2018246.v1.4,1,0.44,0.2717486818980668,0.4273622387286233,0.3426023375616241,0.5678479618068307,0.35656985838318667,0.6163755236095554,0.249298095703125,0.41320037841796875,262144
UT4192311225720180627,subsetted_512x512_HLS.S30.T12TUM.2018196.v1.4,3,0.26,0.23189859096986526,0.3764897413955042,0.30055318581711543,0.5037703178238284,0.3356352025947043,0.8087638532001262,0.06829452514648438,0.114471435546875,262144
UT4194311112320180816,subsetted_512x512_HLS.S30.T12TVM.2018246.v1.4,5,0.36000000000000004,0.09909834696944399,0.18032662362324345,0.3089134677944047,0.12732636095467953,0.15546112430281875,0.5600422744226925,0.11672019080887186,0.048109126648762685,159741
WA4592711962520200907,subsetted_512x512_HLS.S30.T10TGR.2020275.v1.4,1,0.44,0.02291796254060405,0.04480899422996365,0.023054140614498987,0.795076726342711,0.028803112926954307,0.48568613673173505,0.02386474609375,0.8230323791503906,262144
WA4597011911020180622,subsetted_512x512_HLS.S30.T11TLL.2018190.v1.4,3,0.26,0.013730921091401968,0.027089873270549937,0.020306780547324387,0.04067737430167598,0.01990270744336009,0.462087932357061,0.0218505859375,0.04376983642578125,262144
WA4619311979920180628,subsetted_512x512_HLS.S30.T10TGS.2018190.v1.4,1,0.44,0.042455385726716026,0.08145266705513646,0.04696865124051001,0.3064344116601493,0.05592469001244024,0.6052206979843936,0.032192230224609375,0.21002960205078125,262144
WA4643911718420200817,subsetted_512x512_HLS.S30.T11TMM.2020245.v1.4,1,0.44,0.03408113018119233,0.06591577621229897,0.03421485223359451,0.8971212836243511,0.10473862195524933,0.7612584574970552,0.024250030517578125,0.6358413696289062,262144
WA4646011897220180817,subsetted_512x512_HLS.S30.T11TLM.2018245.v1.4,2,0.47000000000000003,0.06824617086565435,0.12777236694487937,0.07060522658527946,0.6713304832232154,0.1899581519749346,0.7173955196866808,0.029447108506815294,0.27998977610431425,262131
WA4649011720020210722,subsetted_512x512_HLS.S30.T11TMM.2021224.v1.4,4,0.47000000000000003,0.09130634999951011,0.16733403961142734,0.09413987130143145,0.7520781212170123,0.282695249830979,0.7708354055727806,0.047267913818359375,0.3776206970214844,262144
WA4656911899620191007,subsetted_512x512_HLS.S30.T11TLM.2019305.v1.4,1,0.44,0.1733643183788146,0.29549955740659367,0.19685553802032954,0.5923004263358097,0.2468403113863652,0.6159461321204778,0.14943006683553575,0.4496063112277596,262136
WA4661012135020180730,subsetted_512x512_HLS.S30.T10TFS.2018213.v1.4,4,0.47000000000000003,0.11163988651666296,0.20085620868910686,0.14393351987324277,0.3322568093385214,0.1256870052415216,0.5786213077302034,0.09804968868270053,0.22633835917470393,262112
WA4662511872120190802,subsetted_512x512_HLS.S30.T11TLM.2019245.v1.4,4,0.47000000000000003,0.03852561790419264,0.07419290817676634,0.04069081871451118,0.4199588092117581,0.029067053839524536,0.5948625643257064,0.020374298095703125,0.21027755737304688,262144
WA4663311856920200908,subsetted_512x512_HLS.S30.T11TLM.2020275.v1.4,4,0.47000000000000003,0.15056732554860916,0.261727101413759,0.2983987513729117,0.23308248043347382,0.2822915520434316,0.5473047288062453,0.253448486328125,0.19797134399414062,262144
WA4667012011520200817,subsetted_512x512_HLS.S30.T10TGS.2020245.v1.4,5,0.36000000000000004,0.28781371413209755,0.4469803527850536,0.4085738169659083,0.4933565934849632,0.4426636119218518,0.5729825180669664,0.3476829528808594,0.419830322265625,262144
WA4671912050220180602,subsetted_512x512_HLS.S30.T10TFS.2018193.v1.4,1,0.44,0.055070788789367234,0.10439259502683755,0.05748790522036025,0.5670593835534928,0.1634424452012989,0.6550713337618757,0.03205563481830181,0.31619604940908985,262138
WA4673711934020180802,subsetted_512x512_HLS.S30.T10TGS.2018245.v1.4,1,0.44,0.014465894465894465,0.02851923272099868,0.018009934305399777,0.0684781284269526,0.02275265752950565,0.3670880540845404,0.031315343640775956,0.11906851447671668,262076
WA4675811948720180908,subsetted_512x512_HLS.S30.T10TGS.2018285.v1.4,2,0.47000000000000003,0.17115585774058578,0.2922853634029251,0.2994053064958829,0.28549618320610687,0.3012403821949554,0.606406167443338,0.19239425659179688,0.1834564208984375,262144
WA4676511950920200706,subsetted_512x512_HLS.S30.T10TGS.2020215.v1.4,5,0.36000000000000004,0.18585389317096634,0.3134515883301511,0.24041642638176466,0.4502230937562168,0.21619330199007855,0.6325817491859614,0.13442363673871685,0.2517324898189959,261762
WA4682812052320190723,subsetted_512x512_HLS.S30.T10TFS.2019213.v1.4,2,0.47000000000000003,0.1094256751843395,0.19726544577428784,0.15234778382975278,0.2797441998810232,0.15832085927400685,0.5759292406324281,0.10260009765625,0.18839645385742188,262144
WA4686911989820190604,subsetted_512x512_HLS.S30.T10TGS.2019195.v1.4,4,0.47000000000000003,0.19267690395591097,0.3230999163592985,0.2871837371423,0.36928381131484095,0.26729129787301087,0.558410486558802,0.24341583251953125,0.3130035400390625,262144
WA4696612008020180620,subsetted_512x512_HLS.S30.T10TGT.2018188.v1.4,2,0.47000000000000003,0.18967666693477037,0.31887095411138344,0.36477184841453986,0.28323074613421406,0.30665566428801433,0.641809816264109,0.12704849243164062,0.0986480712890625,262144
WA4725411999320180703,subsetted_512x512_HLS.S30.T10TGT.2018213.v1.4,3,0.26,0.08565722316739403,0.15779791510526675,0.12143456375838926,0.22524800622446994,0.10998502068228234,0.7654371868832336,0.019622212298520222,0.03639708548505911,261999
WA4729212017020200724,subsetted_512x512_HLS.S30.T10TGT.2020218.v1.4,3,0.26,0.08229498696030137,0.15207496653279787,0.08657168017702711,0.6248879471925678,0.14824640135648715,0.7274671368431747,0.04683409030189688,0.33805579939696956,262010
WA4742412023220180901,subsetted_512x512_HLS.S30.T10TGT.2018285.v1.4,3,0.26,0.07040171288743882,0.13154260132399867,0.14902341642386965,0.11773231031543052,0.08816432547417309,0.6652774941275977,0.04479424434057373,0.03538859866190083,261864
WA4754012029720180713,subsetted_512x512_HLS.S30.T10TFT.2018213.v1.4,2,0.47000000000000003,0.10618814607360322,0.1919893039000939,0.12214721372595153,0.448349166279147,0.17999171733922414,0.6723622861715983,0.057423514152742806,0.21077668421454185,262140
WA4770711826020200907,subsetted_512x512_HLS.S30.T11TLN.2020280.v1.4,3,0.26,0.35250013243306016,0.5212570764025513,0.9483331323518127,0.3594023947418714,0.9458873982826173,0.6275115747755282,0.9181747436523438,0.3479728698730469,262144
WA4770712016520190723,subsetted_512x512_HLS.S30.T10TGT.2019213.v1.4,2,0.47000000000000003,0.039665946790424116,0.07630517650958511,0.04124068412000764,0.5095174856131032,0.10691689758383997,0.6190372047141723,0.02589477786735852,0.3199229690538873,261713
WA4774811807520180802,subsetted_512x512_HLS.S30.T11TMN.2018245.v1.4,1,0.44,0.08160767016783164,0.15090068685472374,0.09235406091370559,0.41222563134293133,0.12059682803044869,0.5423945542526284,0.08081436157226562,0.3607177734375,262144
WA4777911979820200712,subsetted_512x512_HLS.S30.T10UGU.2020215.v1.4,5,0.36000000000000004,0.23580829021212354,0.38162600474487446,0.29548850535320165,0.5386460754179474,0.35266791767867806,0.6956753353173482,0.15265274047851562,0.2782707214355469,262144
WA4779011998320180727,subsetted_512x512_HLS.S30.T10UGU.2018213.v1.4,2,0.47000000000000003,0.1234109907503586,0.2197076435364565,0.1735048678720445,0.29944791166586654,0.08716149555554334,0.6444274059779543,0.031805532757942796,0.054892410112724124,261967
WA4784011934020180811,subsetted_512x512_HLS.S30.T11ULP.2018245.v1.4,4,0.47000000000000003,0.43509160433108884,0.6063607410397883,0.7872434598271484,0.4930695380664741,0.7955096664506623,0.5167708077618872,0.7843970548964254,0.4912867661084195,262130
WA4792111992220200907,subsetted_512x512_HLS.S30.T10UGU.2020280.v1.4,3,0.26,0.1678168255614504,0.2874026506353327,0.2505583514487359,0.33695086300108124,0.24098626815984364,0.7041277485850663,0.09526443692464988,0.12811161172426686,262123
WA4793911861820190802,subsetted_512x512_HLS.S30.T11ULP.2019245.v1.4,3,0.26,0.45709316610150774,0.6274041725478309,0.7047065082461429,0.5653846591620474,0.7222777163057567,0.5726673566914838,0.6702957153320312,0.5377769470214844,262144
WA4798411942320180806,subsetted_512x512_HLS.S30.T10UGU.2018245.v1.4,2,0.47000000000000003,0.08137339055793992,0.150500079377679,0.09227175394198948,0.4079173838209983,0.07991304317083878,0.6870284108841344,0.031041773205003932,0.13723028309303373,262034
WA4813711903820200723,subsetted_512x512_HLS.S30.T11ULP.2020215.v1.4,1,0.44,0.17141900189795692,0.29266897945179365,0.2696522655426765,0.31998166055351784,0.22876591200661245,0.5957228551714938,0.091522216796875,0.10860443115234375,262144
WA4817811826620200907,subsetted_512x512_HLS.S30.T11ULP.2020280.v1.4,3,0.26,0.19862342993804494,0.33141923472714274,0.28429535990080995,0.3972693032015066,0.27539073035328276,0.5983438472693131,0.20256274295131246,0.2830575911436975,262141
WA4828511853120210713,subsetted_512x512_HLS.S30.T11ULP.2021249.v1.4,2,0.47000000000000003,0.4214271044885106,0.5929633720332889,0.7711405808962304,0.481670231078191,0.7722103477240355,0.5457351420026161,0.7342313186750057,0.45861594849542137,261103
WA4855212019420210716,subsetted_512x512_HLS.S30.T10UGU.2021249.v1.4,2,0.47000000000000003,0.022127659574468085,0.04329725228975854,0.02338938481765968,0.2908777969018933,0.01404969329817078,0.5707558240911819,0.008382386888273315,0.10424601800554016,138624
WA4866711925320200728,subsetted_512x512_HLS.S30.T10UGV.2020218.v1.4,4,0.47000000000000003,0.0903463644116757,0.16572048545404083,0.09377632461914076,0.7118239947978758,0.1604182769312295,0.7854907883552116,0.035198211669921875,0.2671775817871094,262144
WY4100410927220200803,subsetted_512x512_HLS.S30.T12TXL.2020250.v1.4,4,0.47000000000000003,0.1420515536217779,0.24876557134621652,0.2218571173104435,0.28310228763762907,0.2586781079973177,0.6095955991724276,0.13373565673828125,0.170654296875,262144
WY4102310619920180610,subsetted_512x512_HLS.S30.T13TDF.2018222.v1.4,2,0.47000000000000003,0.1783339606072011,0.30268831514506256,0.48472817614964925,0.22004887272083945,0.44027998742364727,0.5630026674784265,0.3449974060058594,0.1566162109375,262144
WY4121410901620180728,subsetted_512x512_HLS.S30.T12TXL.2018220.v1.4,5,0.36000000000000004,0.16871838915927093,0.28872376908630687,0.3081817191415187,0.2715769666481058,0.27215972795617677,0.5835384405584404,0.19867324829101562,0.17507553100585938,262144
WY4152710878820180728,subsetted_512x512_HLS.S30.T12TXM.2018220.v1.4,2,0.47000000000000003,0.07510613843736073,0.13971855568888403,0.10070132402427902,0.22809517025217269,0.09307004479558599,0.5698361850786314,0.05355072021484375,0.12129592895507812,262144
WY4183110664420200905,subsetted_512x512_HLS.S30.T13TCG.2020277.v1.4,5,0.36000000000000004,0.19084389368039772,0.32051874253741097,0.3634997825485312,0.286627281654794,0.31392878197441043,0.5914512977243265,0.24472427368164062,0.19297027587890625,262144
WY4217810703820200807,subsetted_512x512_HLS.S30.T13TCG.2020247.v1.4,5,0.36000000000000004,0.05810561729389238,0.10982952239209849,0.0592042885274597,0.7579365079365079,0.1257010432671782,0.7422084418115397,0.032684326171875,0.418426513671875,262144
WY4301310696720200814,subsetted_512x512_HLS.S30.T13TCH.2020280.v1.4,3,0.26,0.09892692096812093,0.18004276550249465,0.10501895829175813,0.6303653423837093,0.26722500092591306,0.77189272841009,0.03821563720703125,0.2293853759765625,262144
WY4326210530420180917,subsetted_512x512_HLS.S30.T13TDH.2018292.v1.4,5,0.36000000000000004,0.15720691667434503,0.27170061707915866,0.17740845363325997,0.579934285066848,0.2691884665296596,0.7326178754641314,0.0673370361328125,0.22011947631835938,262144
WY4377310790720180728,subsetted_512x512_HLS.S30.T12TYP.2018220.v1.4,3,0.26,0.1953616878767582,0.326866236149439,0.21240533061462277,0.7088522996536849,0.3822432136617143,0.856563094615469,0.06278610229492188,0.20953369140625,262144
WY4381010781320180813,subsetted_512x512_HLS.S30.T12TYP.2018245.v1.4,4,0.47000000000000003,0.13929877821185957,0.24453423610352737,0.18600787493146817,0.35679913317824025,0.2162730341675912,0.6240663076868478,0.11970138549804688,0.22961044311523438,262144
WY4385610791920200714,subsetted_512x512_HLS.S30.T12TYP.2020215.v1.4,4,0.47000000000000003,0.23355573689179027,0.3786707481581405,0.38431868146334397,0.3731864142453566,0.37064708111986855,0.5724187327275924,0.2984199523925781,0.2897758483886719,262144
WY4389210640120200614,subsetted_512x512_HLS.S30.T13TCJ.2020200.v1.4,1,0.44,0.13687910417631483,0.24079799456862336,0.2433345295645015,0.23831379602638053,0.23503851478610266,0.5316653284883336,0.18451309204101562,0.18070602416992188,262144
WY4391910664520200716,subsetted_512x512_HLS.S30.T13TCJ.2020230.v1.4,5,0.36000000000000004,0.06914644429869765,0.12934887389361144,0.07790398175906768,0.38084425637320674,0.1580321404603859,0.587829004366511,0.036960601806640625,0.18068695068359375,262144
WY4421310768820180614,subsetted_512x512_HLS.S30.T12TYQ.2018185.v1.4,5,0.36000000000000004,0.1416100615580556,0.24808832074375364,0.15702138927300008,0.5906374501992032,0.1681340119699247,0.7606535974162747,0.0344696044921875,0.12965774536132812,262144
WY4438911082120200822,subsetted_512x512_HLS.S30.T12TWQ.2020283.v1.4,4,0.47000000000000003,0.11647597254004577,0.20864931338389014,0.14495042327905353,0.3722244382395958,0.1203413612542372,0.6163501719150075,0.05738198963904508,0.14735368393746806,262138
WY4446210893620180812,subsetted_512x512_HLS.S30.T12TXQ.2018248.v1.4,1,0.44,0.03258817413193969,0.06311940219407494,0.040386571719226855,0.14439864209505335,0.0753167872172613,0.5885561456813756,0.031463623046875,0.11249542236328125,262144
WY4446910642920200723,subsetted_512x512_HLS.S30.T13TCK.2020215.v1.4,5,0.36000000000000004,0.0939060299577519,0.17168939083621043,0.12243365047571357,0.28725279028784023,0.12492641705505646,0.5597549356358498,0.019481658935546875,0.04570770263671875,262144
WY4466210575120200903,subsetted_512x512_HLS.S30.T13TDK.2020280.v1.4,5,0.36000000000000004,0.08453363033998453,0.15588936659065986,0.10611877340158302,0.29358159050678556,0.12278250155115157,0.6217970484790725,0.058185577392578125,0.16097259521484375,262144
WY4498410652920200817,subsetted_512x512_HLS.S30.T13TCK.2020245.v1.4,2,0.47000000000000003,0.30279949264858147,0.46484435150184533,0.5253165978085145,0.41685746612381624,0.5035020449050239,0.5791334118371143,0.4281883239746094,0.33978271484375,262144
