event_id,image_id,fold,threshold,iou,dice,precision,recall,auprc,auroc,true_burn_fraction,pred_burn_fraction,n_valid
AR3497109415320180202,subsetted_512x512_HLS.S30.T15SUU.2018062.v1.4,3,0.36000000000000004,0.21066565809379728,0.3480162449234614,0.6722993361496681,0.23477344573234984,0.34433221017020177,0.9029723662038868,0.018100738525390625,0.006320953369140625,262144
AZ3146411144720180705,subsetted_512x512_HLS.S30.T12RVV.2018215.v1.4,5,0.51,0.00010276964184779816,0.00020551816266762575,1.0,0.00010276964184779816,0.10775721982634084,0.5711365897073492,0.07423782348632812,7.62939453125e-06,262144
AZ3153510989320180607,subsetted_512x512_HLS.S30.T12RXV.2018182.v1.4,1,0.45,0.7638097159864804,0.8660908362887542,0.9834372564302416,0.7737632869991823,0.9049773751939781,0.9543630853779881,0.07464599609375,0.0587310791015625,262144
AZ3154810940620180724,subsetted_512x512_HLS.S30.T12RXV.2018217.v1.4,4,0.42000000000000004,0.5467540202501489,0.7069695802849442,0.8846061190074681,0.5887445887445888,0.7693051531848825,0.9215607540886632,0.07138061267310113,0.04750696219433106,262130
AZ3156211037620190714,subsetted_512x512_HLS.S30.T12RWV.2019225.v1.4,1,0.45,0.47184501176896615,0.6411612744495018,0.8727394507702613,0.5067081469959168,0.654398238047831,0.9045105783146025,0.0196191377192514,0.011390772939857024,262142
AZ3160611150220201027,subsetted_512x512_HLS.S30.T12RVV.2020320.v1.4,4,0.42000000000000004,0.365946956817409,0.5358143008276807,0.43511218920557915,0.697165991902834,0.4520092819164798,0.9503118420700709,0.023555755615234375,0.03774261474609375,262144
AZ3168311135220201006,subsetted_512x512_HLS.S30.T12SVA.2020310.v1.4,4,0.42000000000000004,0.4403476101800124,0.6114463023616618,0.9728469555677455,0.44582704876822526,0.7112309757086233,0.9097118143724107,0.0303497314453125,0.01390838623046875,262144
AZ3195511118320200712,subsetted_512x512_HLS.S30.T12SVA.2020230.v1.4,2,0.35000000000000003,0.2575830991375133,0.40964783848347075,1.0,0.2575830991375133,0.7424083774090933,0.9170188116140681,0.039363861083984375,0.01013946533203125,262144
AZ3198010937020180512,subsetted_512x512_HLS.S30.T12SXA.2018157.v1.4,4,0.42000000000000004,0.6558819144177724,0.7921844048262201,0.9827971403038427,0.663499245852187,0.8332071168016504,0.9441802511793842,0.02529144287109375,0.0170745849609375,262144
AZ3209510937320200606,subsetted_512x512_HLS.S30.T12SXA.2020187.v1.4,1,0.45,0.626756468650063,0.7705596759300628,0.9973783637905775,0.6277907202484955,0.8416013911441653,0.9234357545377107,0.0785980224609375,0.049472808837890625,262144
AZ3213311040720190822,subsetted_512x512_HLS.S30.T12SWA.2019260.v1.4,5,0.51,0.34303833957912944,0.5108392358875296,0.7785410533202486,0.38013096949369113,0.524832462875441,0.8673322486570101,0.023883819580078125,0.011661529541015625,262144
AZ3228010995520180726,subsetted_512x512_HLS.S30.T12SWA.2018225.v1.4,1,0.45,0.24475131918715617,0.39325335979074594,0.9304310712761417,0.2493138151875572,0.48862960424292123,0.8088284635453711,0.033355712890625,0.008937835693359375,262144
AZ3237811092720200606,subsetted_512x512_HLS.S30.T12SWA.2020230.v1.4,3,0.36000000000000004,0.2971980667313578,0.4582154018780322,0.9997645951035782,0.2972188656181621,0.9649555913615637,0.8595974314777894,0.8176307678222656,0.243072509765625,262144
AZ3238810909020200813,subsetted_512x512_HLS.S30.T12SXA.2020247.v1.4,2,0.35000000000000003,0.503155159613957,0.6694653660945796,0.9152599594868333,0.5277399260268639,0.6902299004500798,0.8895288030426317,0.03919219970703125,0.0225982666015625,262144
AZ3282711447820190216,subsetted_512x512_HLS.S30.T11SQS.2019078.v1.4,3,0.36000000000000004,0.023333940988046562,0.04560376638249141,0.024444808206471328,0.339265429761454,0.024233287205698704,0.5711650129701151,0.02014923095703125,0.2796478271484375,262144
AZ3304411105620200630,subsetted_512x512_HLS.S30.T12SVB.2020185.v1.4,4,0.42000000000000004,0.07554417413572344,0.14047619047619048,1.0,0.07554417413572344,0.4771912823518071,0.8522870005752787,0.01787567138671875,0.00135040283203125,262144
AZ3321510968220180730,subsetted_512x512_HLS.S30.T12SXB.2018217.v1.4,4,0.42000000000000004,0.7270651722706517,0.841966109842567,0.9259846682527095,0.7719259585720581,0.853812503514918,0.9532728465641798,0.025077088007426973,0.02090494136890618,180962
AZ3324911096720201021,subsetted_512x512_HLS.S30.T12SVB.2020310.v1.4,5,0.51,0.5195106245975532,0.6837867615899652,0.7669930601768229,0.6168667329306522,0.7120550038217612,0.9275528676990826,0.049911655720626,0.040142266727216526,262043
AZ3336011011920200828,subsetted_512x512_HLS.S30.T12SWB.2020250.v1.4,5,0.51,0.23777532511156965,0.38419787547491663,0.27945406350459645,0.6145355326801438,0.23828171772476373,0.9116724339128547,0.030757904052734375,0.06763839721679688,262144
AZ3340211129720200531,subsetted_512x512_HLS.S30.T12SVB.2020155.v1.4,1,0.45,0.52613932057308,0.6895036560299221,0.999140625,0.5263775273962031,0.9118174343292326,0.9136961646115154,0.3707313537597656,0.1953125,262144
AZ3340811121020190608,subsetted_512x512_HLS.S30.T12SVC.2019190.v1.4,5,0.51,0.6446796454285726,0.783957711424806,0.9997910598183449,0.644766513294257,0.9967103523520965,0.9268446569374029,0.9625511169433594,0.6207504272460938,262144
AZ3343511035820200606,subsetted_512x512_HLS.S30.T12SWC.2020190.v1.4,5,0.51,0.7914228488394925,0.8835690014249699,0.9995833416003651,0.7916840178199618,0.9764817469799865,0.9686472274312881,0.4855079650878906,0.38452911376953125,262144
AZ3344911322120200711,subsetted_512x512_HLS.S30.T12STC.2020218.v1.4,1,0.45,0.4125630959057768,0.5841340427221472,0.7741528099347506,0.46901300688599845,0.6021883112391452,0.8840814664968757,0.02991485595703125,0.018123626708984375,262144
AZ3354411042020200801,subsetted_512x512_HLS.S30.T12SWC.2020250.v1.4,2,0.35000000000000003,0.4197003965795018,0.5912520664087861,0.6179435713796957,0.5667709172306309,0.65497163240544,0.7872406853102228,0.3646965026855469,0.33449554443359375,262144
AZ3372911159520190804,subsetted_512x512_HLS.S30.T12SVC.2019245.v1.4,5,0.51,0.2595526945613601,0.4121347136679334,0.99714648065948,0.2597456227287744,0.6491449810033225,0.8941867296778243,0.0461883544921875,0.01203155517578125,262144
AZ3376811242920190530,subsetted_512x512_HLS.S30.T12SUC.2019158.v1.4,5,0.51,0.38646438774504976,0.5574818814835868,0.6545970298681796,0.48545972033164214,0.5679904411943558,0.9586186256290085,0.030826568603515625,0.022861480712890625,262144
AZ3384711201720200517,subsetted_512x512_HLS.S30.T12SVC.2020155.v1.4,1,0.45,0.5199784502110083,0.6841918714555766,0.9979321040840944,0.5205393258426966,0.7759649577199107,0.9045391769918111,0.04894132759674986,0.02552867631855635,227313
AZ3388511181620200925,subsetted_512x512_HLS.S30.T12SVC.2020285.v1.4,3,0.36000000000000004,0.7061750664779884,0.827787347679071,0.9151585990085043,0.7556450405178295,0.8678853773217683,0.9463985349510469,0.22925186157226562,0.18929290771484375,262144
AZ3394811199720180727,subsetted_512x512_HLS.S30.T12SVC.2018215.v1.4,3,0.36000000000000004,0.34611016467915956,0.5142375026365745,0.9408284023668639,0.35381191950464397,0.769678497162066,0.9368120455042306,0.06394456817619401,0.024047265528334572,161640
AZ3395311201220190903,subsetted_512x512_HLS.S30.T12SVC.2019280.v1.4,5,0.51,0.1982811184344241,0.33094257329779503,0.9627802058367404,0.19981273956169354,0.6765657786109869,0.831545325579585,0.1851960226503021,0.03843507003711832,184545
AZ3395611183620200829,subsetted_512x512_HLS.S30.T12SVC.2020250.v1.4,2,0.35000000000000003,0.7448478900883219,0.8537682789651294,0.9166666666666666,0.7989473684210526,0.8628037323436824,0.9686879950808999,0.0217437744140625,0.018951416015625,262144
AZ3415011213920200531,subsetted_512x512_HLS.S30.T12SUC.2020153.v1.4,3,0.36000000000000004,0.8582297881657452,0.9237068457641098,0.9880892361986388,0.8672013274336283,0.9377740785395754,0.9703680050823803,0.06897025276376925,0.06053207803404262,262142
AZ3417411217520200807,subsetted_512x512_HLS.S30.T12SUC.2020248.v1.4,4,0.42000000000000004,0.2981343886286545,0.4593274644601362,0.4008578564447823,0.5377667710685411,0.43304475749906357,0.9304584253767545,0.052371978759765625,0.07025909423828125,262144
AZ3423611014020190726,subsetted_512x512_HLS.S30.T12SWC.2019225.v1.4,4,0.42000000000000004,0.268661181750187,0.42353496049994105,0.5127033970882101,0.3607874648453194,0.37795842185830747,0.8718072784615658,0.03797927085598318,0.02672587099407575,262143
AZ3424311248720190714,subsetted_512x512_HLS.S30.T12SUC.2019223.v1.4,5,0.51,0.7778647645557876,0.8750550436271711,0.9760596689103147,0.7929943836831215,0.9251885076186186,0.9609424405453756,0.12905120849609375,0.10484695434570312,262144
AZ3427511241920201015,subsetted_512x512_HLS.S30.T12SUC.2020318.v1.4,5,0.51,0.7489785336513534,0.8564753874796921,0.8378459896522122,0.8759520690826178,0.9308488674855934,0.9664311327609327,0.15799518648536784,0.16518096668863919,260932
AZ3440011201020190603,subsetted_512x512_HLS.S30.T12SVD.2019183.v1.4,2,0.35000000000000003,0.5672690763052208,0.7238949391415759,0.9438953083669775,0.587063815048922,0.7481569903347638,0.9094846607268828,0.044055938720703125,0.027400970458984375,262144
AZ3455711116020180427,subsetted_512x512_HLS.S30.T12SVD.2018168.v1.4,4,0.42000000000000004,0.7627185576556458,0.865388923652151,0.9795215277534889,0.7750778385110357,0.9673871529981415,0.9732281802473259,0.3644464841366302,0.2883799744814335,198287
AZ3461611082220180724,subsetted_512x512_HLS.S30.T12SWD.2018220.v1.4,4,0.42000000000000004,0.40655703795635534,0.5780882352941177,0.875793694998329,0.4314328046973605,0.6257862912263266,0.8568199248875942,0.06951549345204716,0.034244667986556954,262143
AZ3468811236620180511,subsetted_512x512_HLS.S30.T12SUD.2018168.v1.4,1,0.45,0.7344287894381942,0.8468826093184096,0.8307840539564013,0.8636173942074952,0.8699949148490694,0.9662715116446208,0.09140917067215991,0.09502174410620279,262140
AZ3477911297320180708,subsetted_512x512_HLS.S30.T12SUD.2018218.v1.4,4,0.42000000000000004,0.09470108219801772,0.17301724413731323,0.7414313134082807,0.09793553060485331,0.2492509241680153,0.5901397925523939,0.10532379150390625,0.013912200927734375,262144
AZ3479711322320200824,subsetted_512x512_HLS.S30.T12STD.2020248.v1.4,4,0.42000000000000004,0.6400025887454293,0.7804897298790474,0.767005351741255,0.7944567182165093,0.7473054837944223,0.9273067620606754,0.18993377685546875,0.1967315673828125,262144
AZ3495111328920180515,subsetted_512x512_HLS.S30.T12STD.2018168.v1.4,4,0.42000000000000004,0.583266291230893,0.7367886178861789,0.9863945578231292,0.5879967558799676,0.7869324303115508,0.9104596710557026,0.032924652099609375,0.019626617431640625,262144
AZ3525811164320190721,subsetted_512x512_HLS.S30.T12SVE.2019228.v1.4,3,0.36000000000000004,0.3565288104089219,0.5256487111415603,0.4286013546540046,0.6795084689471936,0.6205939871889009,0.862944842350162,0.03445894910314415,0.0546315299575033,262138
AZ3530911140720190516,subsetted_512x512_HLS.S30.T12SVE.2019183.v1.4,4,0.42000000000000004,0.24917518524528098,0.3989435400069276,0.3431337864258449,0.47643424080250263,0.40917269908882886,0.6969704691771486,0.14754867553710938,0.20486831665039062,262144
AZ3563211274720200705,subsetted_512x512_HLS.S30.T12SUE.2020218.v1.4,5,0.51,0.6324904214559387,0.7748779571911378,0.9322340185227016,0.6629718875502008,0.8084128892084185,0.948631499885812,0.023746490478515625,0.016887664794921875,262144
AZ3574111380520200818,subsetted_512x512_HLS.S30.T12STE.2020246.v1.4,4,0.42000000000000004,0.1128110906965091,0.20274975984630164,0.7231263383297645,0.11790377766915718,0.48113759588738814,0.821683683708992,0.10930475732527344,0.01782184263351117,262038
AZ3636511203320180806,subsetted_512x512_HLS.S30.T12SVF.2018253.v1.4,5,0.51,0.4362949555363186,0.6075283546107063,0.6961763043887738,0.538906439854192,0.6233617406798494,0.8415585510915982,0.0784927859121186,0.060760855466455065,262126
AZ3636911230720180726,subsetted_512x512_HLS.S30.T12SUF.2018253.v1.4,4,0.42000000000000004,0.3003463967941316,0.46194828937059285,0.5545522949586155,0.3958463879688479,0.46595107996623114,0.8743507853904636,0.04261658426417628,0.03042025270097052,262128
AZ3652211386520200510,subsetted_512x512_HLS.S30.T12STF.2020156.v1.4,4,0.42000000000000004,0.7461568977486859,0.8546275523244257,0.9988466166037423,0.7468003399735714,0.9792036581598458,0.9596696315647233,0.6148872375488281,0.4597282409667969,262144
AZ3662811235020200608,subsetted_512x512_HLS.S30.T12SUF.2020183.v1.4,2,0.35000000000000003,0.9121030305346429,0.954031258744054,0.9946987188570571,0.9165584989132021,0.9914958057364092,0.9889757454276485,0.4966697692871094,0.4576530456542969,262144
AZ3689811361420180708,subsetted_512x512_HLS.S30.T12STF.2018231.v1.4,5,0.51,0.18480516486050266,0.3119587428237813,0.6146472392638037,0.20902334072238885,0.35676966061311033,0.8995630781702786,0.029254913330078125,0.00994873046875,262144
AZ3697411369720210713,subsetted_512x512_HLS.S30.T12STF.2021215.v1.4,2,0.35000000000000003,0.08544500755757091,0.15743774574049804,0.5972653822249845,0.09066893103122936,0.19344789464724416,0.6881472685612988,0.040431976318359375,0.006137847900390625,262144
AZ3697611367020210624,subsetted_512x512_HLS.S30.T12STF.2021190.v1.4,5,0.51,0.11075166508087536,0.1994175089943464,0.8885496183206106,0.11231184870706291,0.2855066047212831,0.7569097974954335,0.01976776123046875,0.002498626708984375,262144
AZ3698311211020200729,subsetted_512x512_HLS.S30.T12SUF.2020223.v1.4,2,0.35000000000000003,0.7309360518999073,0.8445558125588966,0.9504917084458157,0.7598658856173887,0.8852513859704906,0.9305952613489457,0.197967529296875,0.15826416015625,262144
CA3257311670020190814,subsetted_512x512_HLS.S30.T11SNS.2019246.v1.4,5,0.51,0.3552881570614313,0.5242990654205607,0.38655725382109746,0.814545934530095,0.48727609361156904,0.9542332544917729,0.028905659801445282,0.06090944470304547,262094
CA3276011669320200905,subsetted_512x512_HLS.S30.T11SNS.2020276.v1.4,3,0.36000000000000004,0.8737577795623369,0.9326261794269107,0.920720339543309,0.9448439620081411,0.9742683840742626,0.9771002075670558,0.2811549862092907,0.2885214757394147,262133
CA3298011643520210501,subsetted_512x512_HLS.S30.T11SNS.2021155.v1.4,5,0.51,0.5663135849208587,0.7231164823862175,0.999644532916252,0.5664276506606509,0.8422832144870112,0.9109385249598411,0.09469676740087433,0.053657941115883755,262142
CA3337911735120200609,subsetted_512x512_HLS.S30.T11SMT.2020194.v1.4,4,0.42000000000000004,0.3889895339559769,0.5601043412445261,0.9848146387832699,0.39133678325904664,0.8177061796062057,0.8109609327349134,0.4039796743625349,0.16052980940900005,262132
CA3338011743020180706,subsetted_512x512_HLS.S30.T11SMS.2018259.v1.4,1,0.45,0.2332633903920486,0.3782864102013038,0.24832467257635965,0.7936424438265575,0.4064801778347611,0.895572553676454,0.050762370156746506,0.1622358788905292,262143
CA3350411735320210828,subsetted_512x512_HLS.S30.T11SMT.2021248.v1.4,2,0.35000000000000003,0.25861206105596796,0.4109480102057722,0.2698081190445112,0.8617287381878822,0.8409879033055315,0.9272202132953344,0.027450980392156862,0.08767452506294346,262140
CA3352811727320190904,subsetted_512x512_HLS.S30.T11SMT.2019294.v1.4,2,0.35000000000000003,0.42011117838075845,0.5916595612743198,0.4331763237046706,0.9330155237745997,0.8689553180826048,0.9701528393489653,0.03121411102166025,0.06723186044648273,262093
CA3363011706020180517,subsetted_512x512_HLS.S30.T11SMT.2018154.v1.4,1,0.45,0.1307665052556986,0.23128825384888554,0.13173111243307556,0.9469722887444406,0.850321286548286,0.9785528096640161,0.022408426733720736,0.16108691985710125,260884
CA3367611751620180806,subsetted_512x512_HLS.S30.T11SMT.2018249.v1.4,5,0.51,0.8909663962920046,0.942339745475224,0.9483743647935271,0.9363814385783736,0.9805971732935247,0.9817942110833756,0.3915594398391693,0.3866078683446568,262139
CA3372011680020180725,subsetted_512x512_HLS.S30.T11SNT.2018216.v1.4,4,0.42000000000000004,0.8193374128275167,0.9006986906888772,0.8890875972843186,0.912617068651947,0.9523885213109841,0.9700119421168942,0.22443008422851562,0.23036956787109375,262144
CA3375311768720201026,subsetted_512x512_HLS.S30.T11SMT.2020309.v1.4,5,0.51,0.7707894522001796,0.8705602478515841,0.9033622289836768,0.840056944568022,0.9197239705788183,0.9470502335314077,0.21443317064980558,0.19940624964226158,262063
CA3388811668420200917,subsetted_512x512_HLS.S30.T11SNT.2020281.v1.4,2,0.35000000000000003,0.6422360897151361,0.782148308318494,0.7267757948233069,0.8466542750929368,0.8856631827075151,0.9509151414121131,0.11102661015718451,0.12933996262425143,261667
CA3399211696420200731,subsetted_512x512_HLS.S30.T11SNT.2020221.v1.4,5,0.51,0.891536600206597,0.9426585772743935,0.9876396128071482,0.9015962965347987,0.9869012644388089,0.9805060460449443,0.5332435443501617,0.4867872840485929,262096
CA3399211705920191010,subsetted_512x512_HLS.S30.T11SMT.2019309.v1.4,4,0.42000000000000004,0.2691636544933317,0.4241590964890744,0.276044995526013,0.9152362788726425,0.8312362112218321,0.9729872987342201,0.018003135956294995,0.05968999050057035,262121
CA3405311699120200905,subsetted_512x512_HLS.S30.T11SMT.2020289.v1.4,4,0.42000000000000004,0.6767084008619922,0.807186748171713,0.8146587766128514,0.7998505404751128,0.846583299614502,0.9182761988704173,0.3624969476832916,0.35590775898907273,262096
CA3408411857020210515,subsetted_512x512_HLS.S30.T11SLT.2021163.v1.4,5,0.51,0.7682311573153952,0.8689261628912329,0.9260965720604497,0.8184039087947883,0.8681664942413511,0.9653725032136358,0.0234222412109375,0.02069854736328125,262144
CA3415711791120200813,subsetted_512x512_HLS.S30.T11SMT.2020249.v1.4,1,0.45,0.8174648695153427,0.8995660749506903,0.9572931825814396,0.8484051788283149,0.9244808643502915,0.9724375856682848,0.07690605627086314,0.0681583214115403,262125
CA3424011870020181108,subsetted_512x512_HLS.S30.T11SLT.2018349.v1.4,3,0.36000000000000004,0.7992508639230564,0.8884262666745462,0.8981051533962233,0.8789537745225706,0.9690768282833245,0.9133601927274336,0.7253566196314288,0.7098889659958362,259380
CA3424811795920200906,subsetted_512x512_HLS.S30.T11SMU.2020299.v1.4,1,0.45,0.609609275409239,0.7574624285813057,0.9748501443952791,0.619349865090582,0.9555984768432304,0.8552850999252308,0.7629285162545042,0.4847100616773253,255037
CA3428211880320191030,subsetted_512x512_HLS.S30.T11SLT.2019309.v1.4,5,0.51,0.37872855004030864,0.5493881301424216,0.45421270718232043,0.6950227200676319,0.6829675343208382,0.8994215070850514,0.03610247410487763,0.055242927722564526,262115
CA3444111874620200817,subsetted_512x512_HLS.S30.T11SLU.2020249.v1.4,2,0.35000000000000003,0.4327204646920455,0.6040542804489865,0.4680166147455867,0.8515824279641001,0.6842116262958927,0.9496658600782243,0.040378570556640625,0.0734710693359375,262144
CA3446611833020200705,subsetted_512x512_HLS.S30.T11SLU.2020229.v1.4,3,0.36000000000000004,0.8154027814221989,0.898316108983161,0.9695787831513261,0.8368116332301063,0.8913814375955021,0.9578546049949268,0.028331756591796875,0.02445220947265625,262144
CA3449011860020180922,subsetted_512x512_HLS.S30.T11SLU.2018274.v1.4,2,0.35000000000000003,0.7335743801652893,0.8463142840116799,0.7707587105177467,0.9382928118393234,0.9523230952661647,0.9833517170119902,0.0577392578125,0.07028961181640625,262144
CA3451712013120211011,subsetted_512x512_HLS.S30.T10SGD.2021306.v1.4,4,0.42000000000000004,0.7486130331251325,0.8562363644141511,0.9571683616539676,0.7745601362158815,0.9265681057855562,0.9509695823186805,0.29573397522707245,0.23931395699261085,262141
CA3490011851020180604,subsetted_512x512_HLS.S30.T11SLU.2018184.v1.4,3,0.36000000000000004,0.5814516910553348,0.7353391751945585,0.6778129236330773,0.8035355564483728,0.824311073189774,0.9260921526736445,0.028484344482421875,0.0337677001953125,262144
CA3494811892720210627,subsetted_512x512_HLS.S30.T11SLU.2021188.v1.4,4,0.42000000000000004,0.8059313215400624,0.8925381734370499,0.950890116635973,0.8409337676438654,0.9092624538969989,0.9727505930314142,0.0351340319448842,0.031071301866566974,262139
CA3511712010020180819,subsetted_512x512_HLS.S30.T10SGD.2018257.v1.4,4,0.42000000000000004,0.7896525679758308,0.8824646549905043,0.9493757094211124,0.8243642814902424,0.8767938331839183,0.964792679306187,0.01935210687337397,0.0168038696584294,262142
CA3517211519520200622,subsetted_512x512_HLS.S30.T11SPV.2020186.v1.4,5,0.51,0.6058298890580813,0.7545380655648876,0.9989239598278336,0.6062255115367872,0.833803862400891,0.9520877611077966,0.01752471923828125,0.0106353759765625,262144
CA3530111559820200815,subsetted_512x512_HLS.S30.T11SPV.2020246.v1.4,5,0.51,0.844800911977852,0.915872175141243,0.9973851685220434,0.8466761331178899,0.986769010465868,0.9632539434114267,0.7011680603027344,0.5952186584472656,262144
CA3531811870820200701,subsetted_512x512_HLS.S30.T11SLV.2020222.v1.4,1,0.45,0.8717576260634986,0.9314855875831486,0.9664136185875316,0.8989942221271132,0.9437987146268271,0.9844307004006617,0.053478240966796875,0.049747467041015625,262144
CA3533311990620190605,subsetted_512x512_HLS.S30.T11SKV.2019187.v1.4,2,0.35000000000000003,0.464482547458665,0.6343299184612168,0.5075842070042382,0.8454393460895412,0.7277718498348911,0.9756348750789012,0.020534515380859375,0.03420257568359375,262144
CA3535111995620200610,subsetted_512x512_HLS.S30.T10SGE.2020187.v1.4,5,0.51,0.6673135569725533,0.800465580312604,0.7151629196791126,0.9088735053492762,0.6688572287468512,0.975229864247302,0.030307769775390625,0.038516998291015625,262144
CA3535112000520200728,subsetted_512x512_HLS.S30.T10SGE.2020217.v1.4,1,0.45,0.5463429733793226,0.7066258686264978,0.6159329976569121,0.8286384976525821,0.5880654717668132,0.9183225377270974,0.05687713623046875,0.07651901245117188,262144
CA3540011877020180803,subsetted_512x512_HLS.S30.T11SLV.2018249.v1.4,1,0.45,0.7311429076134959,0.8446938775510204,0.982318737391717,0.7408932247382082,0.8792544016167437,0.946015655672905,0.08524322509765625,0.06429290771484375,262144
CA3540811843620210720,subsetted_512x512_HLS.S30.T11SLV.2021216.v1.4,3,0.36000000000000004,0.3481493074575475,0.5164847921987462,0.3700253669896453,0.8548371601498703,0.7565475902325024,0.9313358281730361,0.050163130171611975,0.11588748114485092,207503
CA3546511854420200803,subsetted_512x512_HLS.S30.T11SLV.2020247.v1.4,1,0.45,0.8248203861697351,0.9040017224939252,0.9681138414915343,0.8478536810523887,0.9394628025751746,0.9730853631750941,0.132232666015625,0.11580657958984375,262144
CA3566212040420190612,subsetted_512x512_HLS.S30.T10SGE.2019187.v1.4,1,0.45,0.5436600411240575,0.7043779415682444,0.5787668734038672,0.899625723035046,0.8843821363195136,0.9742081169102704,0.033634185791015625,0.052280426025390625,262144
CA3568711855020210818,subsetted_512x512_HLS.S30.T11SLV.2021251.v1.4,5,0.51,0.6508511264792252,0.7885037191297767,0.9666225416036308,0.6658145612335448,0.9399806910272438,0.9369233974047226,0.4685760716560935,0.3227575999176016,262141
CA3572011963220190507,subsetted_512x512_HLS.S30.T11SKV.2019152.v1.4,2,0.35000000000000003,0.49891391794046663,0.6657005608780828,0.5667611040029246,0.8064893686195461,0.6856959632681698,0.9422753732375095,0.05867854049578578,0.08349835361270408,262089
CA3580012036020180806,subsetted_512x512_HLS.S30.T10SGE.2018247.v1.4,2,0.35000000000000003,0.7905750397589353,0.8830403889304412,0.8614556731120029,0.905734560797852,0.9301711115738993,0.9725758544101275,0.0397796630859375,0.0418243408203125,262144
CA3595912083320210530,subsetted_512x512_HLS.S30.T10SFE.2021166.v1.4,1,0.45,0.7487373737373737,0.8563176895306859,0.9995184204189742,0.7490075784915193,0.8614420466550868,0.9441111449308586,0.02114105224609375,0.015842437744140625,262144
CA3602211875920210618,subsetted_512x512_HLS.S30.T11SLV.2021186.v1.4,3,0.36000000000000004,0.4575311438278596,0.6278166278166278,0.6722129783693843,0.5889212827988338,0.5763591881908956,0.9490158560373173,0.023552120606388904,0.020633854933585615,262142
CA3604711863120210910,subsetted_512x512_HLS.S30.T11SLV.2021331.v1.4,3,0.36000000000000004,0.6506200826776903,0.7883341412182905,0.982206521245024,0.658380091324996,0.9795963107805168,0.8676222256954482,0.8763499311444517,0.5874236580797504,262143
CA3605412006420200503,subsetted_512x512_HLS.S30.T10SGE.2020162.v1.4,3,0.36000000000000004,0.21186583922922753,0.349652300396517,0.21389566065333984,0.957128831678848,0.8664614339782175,0.9808313073037137,0.03496973003078496,0.15648067261511933,262141
CA3606211763420200821,subsetted_512x512_HLS.S30.T11SMV.2020249.v1.4,4,0.42000000000000004,0.7506956881916774,0.8575970035855671,0.9879992629105818,0.7576037680306152,0.9680250480824326,0.9302886805797594,0.6479263305664062,0.49683380126953125,262144
CA3606611745820200728,subsetted_512x512_HLS.S30.T11SMV.2020234.v1.4,3,0.36000000000000004,0.6148705244960881,0.7615106166953605,0.7087450440641755,0.8227648868432976,0.7416349447349168,0.9342812956989824,0.16032253377887548,0.18611453084257934,261554
CA3607512023120200815,subsetted_512x512_HLS.S30.T10SGE.2020247.v1.4,2,0.35000000000000003,0.5688492495105504,0.7251802551303383,0.9599853157121879,0.5826648841354723,0.7842710226265097,0.9410786453895804,0.03424072265625,0.020782470703125,262144
CA3609512052220200713,subsetted_512x512_HLS.S30.T10SGF.2020217.v1.4,3,0.36000000000000004,0.7494064703589526,0.8567551144419688,0.9971710123060965,0.7510031603991335,0.9740712507207037,0.9740770687469644,0.4297125941298095,0.32363106455378465,262138
CA3612312160220200819,subsetted_512x512_HLS.S30.T10SFE.2020267.v1.4,5,0.51,0.740874137258764,0.8511518683658178,0.9994577241768253,0.74117207072799,0.9962009499382617,0.9346637579502165,0.9486371526122036,0.703484845594827,262135
CA3620712156020210618,subsetted_512x512_HLS.S30.T10SFF.2021189.v1.4,4,0.42000000000000004,0.2705532320992506,0.42588256086245746,0.307297478241464,0.6935031297215627,0.603453466606371,0.8968829896901489,0.053025129615711826,0.11966610840031894,262121
CA3641012100020180604,subsetted_512x512_HLS.S30.T10SFF.2018190.v1.4,5,0.51,0.5385217488538522,0.7000508757903917,0.6763095070917006,0.7255197348598975,0.619375108948254,0.9350725891955275,0.02532196044921875,0.027164459228515625,262144
CA3656312164020200816,subsetted_512x512_HLS.S30.T10SFF.2020250.v1.4,1,0.45,0.6792095054189934,0.8089633881026873,0.9042615610283332,0.7318366989903029,0.9311333349817249,0.9063722774561516,0.61053466796875,0.49411773681640625,262144
CA3667512102020200715,subsetted_512x512_HLS.S30.T10SFF.2020215.v1.4,5,0.51,0.8482866486563344,0.9179167628279098,0.9961596259809651,0.8510699001426534,0.9315511580482589,0.9804362859663452,0.02674102783203125,0.022846221923828125,262144
CA3686012078020180502,subsetted_512x512_HLS.S30.T10SFF.2018155.v1.4,3,0.36000000000000004,0.8750865051903114,0.933382542904595,0.951109439638962,0.9163043478260869,0.9299734377401054,0.970084489587867,0.031585693359375,0.030429840087890625,262144
CA3702412151420200705,subsetted_512x512_HLS.S30.T10SFG.2020215.v1.4,2,0.35000000000000003,0.5050870887475809,0.6711732397729568,0.6437960319977446,0.7009822730412094,0.7579660037030217,0.9262798202969449,0.09942319136923382,0.10825461980986678,262132
CA3706812121320200628,subsetted_512x512_HLS.S30.T10SFG.2020185.v1.4,1,0.45,0.8638729115310874,0.9269654665686995,0.9179278230500582,0.9361828435737608,0.9533164771191582,0.983337515492979,0.03881709073451752,0.03958905424867979,260375
CA3735012030020180615,subsetted_512x512_HLS.S30.T10SGG.2018187.v1.4,2,0.35000000000000003,0.9106802591463414,0.953252387244758,0.9967672975650451,0.9133779264214047,0.9614787212400925,0.9821384743514958,0.07984161376953125,0.07316207885742188,262144
CA3756511912720180611,subsetted_512x512_HLS.S30.T11SLB.2018197.v1.4,2,0.35000000000000003,0.173573830632834,0.29580385332763703,0.44534387550200805,0.22144562147994445,0.3823062978266262,0.5796023669104303,0.24456662749347538,0.12160986553929275,262084
CA3761912020720170716,subsetted_512x512_HLS.S30.T10SGG.2019307.v1.4,5,0.51,0.2748988484282602,0.4312480927677754,0.308936691150752,0.7138815922408568,0.387889111737253,0.9296090030243003,0.018878936767578125,0.0436248779296875,262144
CA3765211988120180713,subsetted_512x512_HLS.S30.T11SKB.2018222.v1.4,3,0.36000000000000004,0.5237840022891506,0.6874780172285314,0.997767760579344,0.5243985066686069,0.9855157183358229,0.9302604302644496,0.8388938903808594,0.4408988952636719,262144
CA3780512029420200820,subsetted_512x512_HLS.S30.T10SGG.2020247.v1.4,3,0.36000000000000004,0.6487496602337591,0.7869595680666035,0.9461843409316154,0.6736047414097227,0.8373578100307189,0.9484321726130474,0.054065704345703125,0.03849029541015625,262144
CA3781211964620200725,subsetted_512x512_HLS.S30.T11SKB.2020222.v1.4,2,0.35000000000000003,0.02558868557264708,0.049900483366505544,0.09903131759616289,0.03335339393747427,0.11368559098080434,0.48267065885387206,0.12044345593480923,0.040564925626518845,262123
CA3782611887220190726,subsetted_512x512_HLS.S30.T11SLB.2019237.v1.4,3,0.36000000000000004,0.2530990527423693,0.40395697720538487,0.5477380575767162,0.3199659964518037,0.3722135043034447,0.7449039425870021,0.1032226558774269,0.06029842091006551,262113
CA3792911898320200817,subsetted_512x512_HLS.S30.T11SLC.2020247.v1.4,3,0.36000000000000004,0.8596807105989677,0.924546569418447,0.9774805513852873,0.8770511878520696,0.9544199326623397,0.9854549918532177,0.06230282407425068,0.05590163996963443,262139
CA3802612076120200818,subsetted_512x512_HLS.S30.T10SFH.2020245.v1.4,1,0.45,0.4734030461468516,0.6425981640052457,0.914580588493632,0.4953026519205613,0.7576459969620428,0.9537141827227982,0.032077789306640625,0.01737213134765625,262144
CA3805012095020180629,subsetted_512x512_HLS.S30.T10SFH.2018185.v1.4,1,0.45,0.919359328891446,0.9579856309891024,0.9969007848661703,0.9219945278910046,0.9714505495257875,0.9807738842322701,0.20495223999023438,0.18955230712890625,262144
CA3831012199020180810,subsetted_512x512_HLS.S30.T10SEH.2018245.v1.4,5,0.51,0.8366669826523842,0.9110709677419355,0.9323896049017536,0.8907054193157735,0.9276321187703603,0.9740360465922003,0.037802575107296135,0.036112541726275635,262125
CA3847012204820200606,subsetted_512x512_HLS.S30.T10SEH.2020190.v1.4,2,0.35000000000000003,0.5014031805425632,0.6679127725856698,0.6916129032258065,0.6457831325301204,0.6800711816210556,0.9398001166493137,0.031665611146295125,0.02956728751611894,262114
CA3852112120220200612,subsetted_512x512_HLS.S30.T10SFH.2020185.v1.4,1,0.45,0.9127882599580712,0.9544059622972381,0.9755769661662559,0.9341343059429307,0.9700243013876013,0.9864159728952647,0.08890355461627082,0.08512691788294716,262138
CA3855412253120200927,subsetted_512x512_HLS.S30.T10SEH.2020285.v1.4,3,0.36000000000000004,0.5290647241693291,0.6920108950348662,0.9868746356857149,0.5328138819405633,0.9482980249046596,0.8754551999445241,0.7031821130146133,0.3796482124461063,262090
CA3867312307820200817,subsetted_512x512_HLS.S30.T10SDH.2020248.v1.4,1,0.45,0.327071446082555,0.4929221362543105,0.9991482988002761,0.32716266053766596,0.9663237486451337,0.8806846165719955,0.7933661402304112,0.2597810330357824,262140
CA3873012240020180908,subsetted_512x512_HLS.S30.T10SEH.2018280.v1.4,2,0.35000000000000003,0.5911208151382824,0.7430244259445613,0.7619136960600376,0.7250490983752901,0.7746919596028137,0.9136370771608175,0.04273223876953125,0.0406646728515625,262144
CA3879612276720191023,subsetted_512x512_HLS.S30.T10SEH.2019305.v1.4,1,0.45,0.5780462247177682,0.7326100030069159,0.9886884331197268,0.5818945357203276,0.9665408602987637,0.8945252082362868,0.7667053240352188,0.45124593716143013,262132
CA3881012220020180630,subsetted_512x512_HLS.S30.T10SEH.2018190.v1.4,3,0.36000000000000004,0.7481262260867889,0.855917856414159,0.9993818774185655,0.7484725591084664,0.9930412719214861,0.9745024334655582,0.7910652160644531,0.5924568176269531,262144
CA3892812226620190608,subsetted_512x512_HLS.S30.T10SEJ.2019185.v1.4,5,0.51,0.452903560318009,0.6234461428656397,0.9191511750263066,0.47169471694716947,0.728099753462648,0.9207720658907004,0.042385101318359375,0.02175140380859375,262144
CA3919012180020180731,subsetted_512x512_HLS.S30.T10SEJ.2018220.v1.4,2,0.35000000000000003,0.33466262561812093,0.501493964383889,0.5570897503983006,0.4559878287328842,0.5154834865391488,0.935816112438931,0.017551422119140625,0.01436614990234375,262144
CA3966012253020180609,subsetted_512x512_HLS.S30.T10SEJ.2018185.v1.4,4,0.42000000000000004,0.6614843605404405,0.796257101481564,0.9698778833107191,0.6753590325018897,0.8373896317963863,0.9364499050114736,0.040374755859375,0.02811431884765625,262144
CA3968112017120200814,subsetted_512x512_HLS.S30.T10TGK.2020285.v1.4,1,0.45,0.9151409714743324,0.955690453188759,0.9927624799290627,0.921287467265661,0.9933694779833497,0.9834760773488377,0.6861000061035156,0.6367034912109375,262144
CA3988012002520190824,subsetted_512x512_HLS.S30.T10TGK.2019245.v1.4,2,0.35000000000000003,0.9146825396825397,0.9554404145077721,0.9499193692886579,0.9610260128704795,0.9702911508639227,0.9915666190669548,0.042087554931640625,0.04257965087890625,262144
CA4004012260920191103,subsetted_512x512_HLS.S30.T10TEK.2019350.v1.4,4,0.42000000000000004,0.26168583295320863,0.4148193252526021,0.27666379004010355,0.8285822881033827,0.6488548441904524,0.929423877316215,0.050186745815863666,0.15030463030432512,262121
CA4005312066920190904,subsetted_512x512_HLS.S30.T10TGK.2019280.v1.4,3,0.36000000000000004,0.7753646750666124,0.8734708828624411,0.9673055687016879,0.7962314552444731,0.9783887958756117,0.9019669799411869,0.8226647030994857,0.6771712423886337,262108
CA4010912278920190905,subsetted_512x512_HLS.S30.T10TEK.2019275.v1.4,2,0.35000000000000003,0.5146400429799427,0.6795542549732494,0.8211887412487499,0.5795895729339989,0.6817945806280357,0.8509006235154025,0.10466570618874975,0.07387236198407296,189489
CA4022012217020181007,subsetted_512x512_HLS.S30.T10TEK.2018340.v1.4,5,0.51,0.17234579224948407,0.294018698900755,0.47216987058675713,0.21347421040672573,0.3807645150577726,0.8953732818389087,0.06717007337426216,0.030368473868765764,262081
CA4042112086320200718,subsetted_512x512_HLS.S30.T10TFK.2020220.v1.4,2,0.35000000000000003,0.8331508257536818,0.9089822987272639,0.9723026367263907,0.8534050589447179,0.9522042972849591,0.9757831311094046,0.16664505004882812,0.14626693725585938,262144
CA4051012242020180624,subsetted_512x512_HLS.S30.T10TEK.2018183.v1.4,1,0.45,0.6441275907687785,0.7835493965131873,0.8570310972032075,0.72167325428195,0.7667786700719263,0.9403965524136763,0.02316293015644133,0.019504621523367016,262143
CA4054112256820200927,subsetted_512x512_HLS.S30.T10TEK.2020275.v1.4,4,0.42000000000000004,0.736932634279263,0.8485448655123597,0.9880256129840077,0.7435736864078248,0.977093802973941,0.9553009757564056,0.6396102905273438,0.48136138916015625,262144
CA4058912057520190828,subsetted_512x512_HLS.S30.T10TGL.2019245.v1.4,4,0.42000000000000004,0.7545149778306478,0.8600838264299803,0.9013629610490278,0.8224199917486886,0.8400455937959421,0.9528619663885076,0.06472396850585938,0.059055328369140625,262144
CA4063012088020180727,subsetted_512x512_HLS.S30.T10TFL.2018215.v1.4,4,0.42000000000000004,0.9285091643153718,0.9629294809651539,0.9600915581489124,0.9657842306820487,0.9923020944088348,0.9956264340333408,0.3197517395019531,0.32164764404296875,262144
CA4102912028120200818,subsetted_512x512_HLS.S30.T10TGL.2020265.v1.4,5,0.51,0.8838813180312882,0.9383619971930827,0.9793444853251506,0.9006717171025294,0.9922332819914826,0.9595172550989045,0.8353843688964844,0.7682762145996094,262144
CA4106412076220200720,subsetted_512x512_HLS.S30.T10TFL.2020215.v1.4,2,0.35000000000000003,0.788351982367109,0.8816519232680649,0.8162902839894723,0.9583918577263003,0.97827206313327,0.9832373884646867,0.35306549072265625,0.41452789306640625,262144
CA4129012012020180713,subsetted_512x512_HLS.S30.T10TGL.2018215.v1.4,5,0.51,0.7008292770867135,0.8241030261275107,0.8318176955172782,0.8165301407267381,0.8724361876239952,0.9754371349671954,0.03632354736328125,0.035655975341796875,262144
CA4139512105720180815,subsetted_512x512_HLS.S30.T10TFL.2018245.v1.4,4,0.42000000000000004,0.8090629228487524,0.894455259272808,0.9928792592109175,0.8137848648198887,0.9798765131256388,0.960410353698521,0.6418495178222656,0.5260734558105469,262144
CA4172612124320190728,subsetted_512x512_HLS.S30.T10TFM.2019215.v1.4,2,0.35000000000000003,0.9587582179052735,0.9789449347460397,0.9897631829246667,0.9683606195388158,0.9931902515213166,0.9963412479476507,0.24185943603515625,0.23662948608398438,262144
CA4173712105820200723,subsetted_512x512_HLS.S30.T10TFM.2020215.v1.4,5,0.51,0.6640401146131805,0.7981058975462764,0.8460602372984485,0.7552960347637153,0.810753666280711,0.9455536801216791,0.0280914306640625,0.02507781982421875,262144
CA4174812105620190905,subsetted_512x512_HLS.S30.T10TFM.2019280.v1.4,1,0.45,0.6988654781199352,0.8227437511925205,0.7468194986774153,0.9158524811739718,0.9314506257102312,0.9739692340924475,0.09878912270528452,0.12114876928476599,262124
CO3699510252520190213,subsetted_512x512_HLS.S30.T13SGB.2019076.v1.4,3,0.36000000000000004,0.6328302031724085,0.775132897398504,0.6576857063026385,0.9436458392990092,0.8371192926641974,0.9890934902094621,0.06660842895507812,0.09556961059570312,262144
CO3701810400020200822,subsetted_512x512_HLS.S30.T13SEB.2020249.v1.4,3,0.36000000000000004,0.24298660504747807,0.39097220205071603,0.25298849710548077,0.8600638977635783,0.7938305869742583,0.9586847681429859,0.02985649803309588,0.10150064673181043,262087
CO3702010334020200607,subsetted_512x512_HLS.S30.T13SFB.2020189.v1.4,1,0.45,0.6180631688854085,0.7639543137381428,0.7567757606750192,0.771270358306189,0.8323418402356711,0.9513680640534211,0.05855560302734375,0.0596771240234375,262144
CO3711310286620190718,subsetted_512x512_HLS.S30.T13SFB.2019219.v1.4,2,0.35000000000000003,0.7812119197961671,0.8771689781702843,0.999574769666903,0.7814716312056738,0.9149909320091254,0.9696952769682587,0.034423828125,0.026912689208984375,262144
CO3727110823720200614,subsetted_512x512_HLS.S30.T12SYG.2020220.v1.4,4,0.42000000000000004,0.8082228834189884,0.8939416604338071,0.9132727133796897,0.8754119973632168,0.932398698980254,0.9806938883871572,0.05208245912520695,0.04992332399996948,262142
CO3735610351820200518,subsetted_512x512_HLS.S30.T13SFB.2020164.v1.4,1,0.45,0.3144552630062799,0.4784571553802323,0.35645245559038663,0.727442356390777,0.24299341469012706,0.9173624709344351,0.028621673583984375,0.05841064453125,262144
CO3765810847420180722,subsetted_512x512_HLS.S30.T12SYG.2018225.v1.4,3,0.36000000000000004,0.6424434326846489,0.7823020505912288,0.8205888263665595,0.7474287544760837,0.8721929971414724,0.9139113459858663,0.3338094274268387,0.30404845466731334,261853
CO3773310232920180304,subsetted_512x512_HLS.S30.T13SGB.2018136.v1.4,1,0.45,0.14670229823623732,0.2558681507168559,0.9998542911263296,0.14670543464317784,0.8360296421076943,0.9133587296806543,0.17842864990234375,0.026180267333984375,262144
CO3805510340720200411,subsetted_512x512_HLS.S30.T13SFC.2020124.v1.4,1,0.45,0.744217856254663,0.8533542453839025,0.7922954725972995,0.9246099181214275,0.937896142041602,0.9838910704499572,0.024692535400390625,0.02881622314453125,262144
CO3806310318920190404,subsetted_512x512_HLS.S30.T13SFC.2019154.v1.4,3,0.36000000000000004,0.07127985303123087,0.13307419686749744,0.5030250648228176,0.0766798418972332,0.17683976076467162,0.7875862670533044,0.02896670165060586,0.004415609197595649,262025
CO3844710247720200615,subsetted_512x512_HLS.S30.T13SFC.2020184.v1.4,4,0.42000000000000004,0.2555735056542811,0.40710241893978383,0.9759407772979642,0.2571939522028938,0.8176841062803704,0.9721220820042503,0.023464202880859375,0.006183624267578125,262144
CO3846910432320180527,subsetted_512x512_HLS.S30.T13SEC.2018164.v1.4,3,0.36000000000000004,0.639676824448933,0.7802474425579776,0.8678660788752531,0.7086981903093987,0.8559709375512121,0.9676782798697431,0.03920745849609375,0.032016754150390625,262144
CO3905010893820200605,subsetted_512x512_HLS.S30.T12SXJ.2020200.v1.4,5,0.51,0.7682313495389773,0.8689262858497274,0.96422935297212,0.7907679033649698,0.9054897959736966,0.9798500982765149,0.0176849365234375,0.01450347900390625,262144
CO3968910875820180729,subsetted_512x512_HLS.S30.T12TXK.2018215.v1.4,3,0.36000000000000004,0.8128741944094878,0.8967794863164981,0.9730667397060166,0.8315842858814809,0.9015653311414384,0.952292541057395,0.09783737156292463,0.08361196354142811,261996
CO3976210841920200713,subsetted_512x512_HLS.S30.T12TYK.2020215.v1.4,2,0.35000000000000003,0.49419991107877614,0.6614910192599005,0.5621867672076877,0.8034036401866088,0.7599114019278403,0.9499485176407058,0.058093329516175206,0.08301937207748832,261975
CO3985110606520200814,subsetted_512x512_HLS.S30.T13TDE.2020247.v1.4,4,0.42000000000000004,0.5875372431179811,0.7401870358191238,0.7457013574660634,0.7347536702652782,0.8315312433851381,0.8829012285121837,0.23958341281043757,0.2360660740853775,262130
CO3991410379420200820,subsetted_512x512_HLS.S30.T13TEE.2020249.v1.4,3,0.36000000000000004,0.47059345338419234,0.6400048256725781,0.5594811221261338,0.7476042841037204,0.7306250670688714,0.968899308997149,0.027069091796875,0.03617095947265625,262144
CO3991610764020180729,subsetted_512x512_HLS.S30.T13TBE.2018220.v1.4,3,0.36000000000000004,0.14156257653686016,0.24801544732889938,0.6046928710207742,0.1559993830968538,0.27339433567424853,0.609957553208027,0.09904983043597812,0.025552992575845528,261848
CO4014010460020200719,subsetted_512x512_HLS.S30.T13TEE.2020214.v1.4,1,0.45,0.7092476489028213,0.8298945437872536,0.7596105422192378,0.9145109135004043,0.9293851420334203,0.9831430177579663,0.037750244140625,0.04544830322265625,262144
CO4019210820120180720,subsetted_512x512_HLS.S30.T12TYK.2018220.v1.4,2,0.35000000000000003,0.8686248868323106,0.9296942291128337,0.9583441234138582,0.9027076000975712,0.9510347328656122,0.9779677281197235,0.10947036743164062,0.10311508178710938,262144
CO4037010225020180404,subsetted_512x512_HLS.S30.T13TGE.2018136.v1.4,5,0.51,0.22219611528822056,0.3636014098045498,0.3932085932085932,0.33814064362336116,0.3221464539136112,0.8888670674665319,0.03200531005859375,0.027523040771484375,262144
CO4065310857420180913,subsetted_512x512_HLS.S30.T12TYL.2018290.v1.4,2,0.35000000000000003,0.36841600919922063,0.5384561518171844,0.3862175194213769,0.888803267319103,0.870590608421226,0.9273075627438744,0.14850997924804688,0.341766357421875,262144
CO4069910400320190319,subsetted_512x512_HLS.S30.T13TEF.2019109.v1.4,1,0.45,0.45331599479843954,0.6238367931281317,0.5781094527363184,0.6774193548387096,0.6726471116825157,0.9251763618413276,0.01963043212890625,0.02300262451171875,262144
CO4078210783620180629,subsetted_512x512_HLS.S30.T13TBF.2018190.v1.4,5,0.51,0.8890501114162823,0.94126683674869,0.9954885036628708,0.892646695370527,0.9767695146995387,0.9816854306589649,0.2932624816894531,0.2629661560058594,262144
FL2616308144920180212,subsetted_512x512_HLS.S30.T17RMJ.2018064.v1.4,5,0.51,0.1309619238476954,0.2315938690528927,0.37796414112203586,0.16694341550645037,0.2899930926256802,0.8950745912249038,0.02986629027028058,0.013191676044786084,262135
FL2623908094820200410,subsetted_512x512_HLS.S30.T17RNK.2020126.v1.4,4,0.42000000000000004,0.03002144388849178,0.05829285218598196,0.37333333333333335,0.0316146029356417,0.07156564995191587,0.7429228280288017,0.01013866735860432,0.0008585623468897148,262066
FL2634008064020190119,subsetted_512x512_HLS.S30.T17RNK.2019081.v1.4,1,0.45,0.1543030456211298,0.2673527479746004,0.22611111111111112,0.32699517943224427,0.2531094897983345,0.8464812392799912,0.014245003376226029,0.020600701186829284,262127
FL2751908119020180204,subsetted_512x512_HLS.S30.T17RML.2018064.v1.4,3,0.36000000000000004,0.4560079086905725,0.626381087587186,0.5168058667753107,0.7949240169199436,0.4933469503863603,0.9541356063126848,0.024356738646813935,0.03746427385781281,262063
FL2783908058120190308,subsetted_512x512_HLS.S30.T17RNL.2019111.v1.4,5,0.51,0.11533294952984072,0.2068134893324157,0.4766058683584457,0.13205888815644914,0.22073557979821087,0.8768579098461656,0.01736976492994462,0.0048128485116809856,262007
FL2861908074420191120,subsetted_512x512_HLS.S30.T17RNM.2019349.v1.4,4,0.42000000000000004,0.316709591820807,0.48106217770138104,0.42545607045502204,0.5533887903995636,0.4564574865863652,0.9564189665708042,0.027973922033135347,0.036385554118647884,262137
FL3005608509020190916,subsetted_512x512_HLS.S30.T16RFU.2019305.v1.4,1,0.45,0.006922257720979766,0.013749338974087784,0.41935483870967744,0.006989247311827957,0.03803100037896735,0.6911678864674842,0.014190673828125,0.00023651123046875,262144
FL3011008549020190330,subsetted_512x512_HLS.S30.T16RFU.2019105.v1.4,4,0.42000000000000004,0.31766990291262137,0.4821691718243442,0.35513748191027494,0.750688283878862,0.719047746112057,0.9526508074642756,0.012470768655606123,0.026360664242960633,262133
FL3037408463920190911,subsetted_512x512_HLS.S30.T16RGU.2019277.v1.4,1,0.45,0.037598944591029027,0.07247298156389065,0.84,0.03787015945330296,0.33834413003721736,0.8162636543187689,0.04020100502512563,0.0018124029410530253,262083
GA3239508464820180322,subsetted_512x512_HLS.S30.T16SGA.2018107.v1.4,4,0.42000000000000004,0.09315562959877828,0.17043434086868173,0.14721369021500658,0.20235223160434257,0.08833814517980365,0.8644874407456847,0.012773448484404913,0.017557713568129553,259601
ID4209111416920200912,subsetted_512x512_HLS.S30.T12TTM.2020306.v1.4,2,0.35000000000000003,0.7393012544166058,0.8501129433895352,0.8966636037633053,0.8081571329106966,0.9358285492231557,0.9221573215428458,0.5204963684082031,0.4691200256347656,262144
ID4218811351720180726,subsetted_512x512_HLS.S30.T11TQG.2018221.v1.4,4,0.42000000000000004,0.8733021840704118,0.9323665893271462,0.9265621397279226,0.9382442213401821,0.9681416217907179,0.9944925172329832,0.03267669677734375,0.03308868408203125,262144
ID4223511346220180922,subsetted_512x512_HLS.S30.T11TQG.2018291.v1.4,5,0.51,0.8115680976683679,0.8959840910346352,0.8524536008168658,0.9441995841995842,0.8669727815426918,0.969444705099114,0.22935867309570312,0.2540435791015625,262144
ID4229111562520190723,subsetted_512x512_HLS.S30.T11TPG.2019214.v1.4,1,0.45,0.7160820010414055,0.8345545266564776,0.8943565286509141,0.782248720163482,0.8386686133310707,0.9261956099563663,0.18107223510742188,0.15837478637695312,262144
ID4229611529420200814,subsetted_512x512_HLS.S30.T11TPG.2020249.v1.4,5,0.51,0.9312814861460957,0.9644181781129,0.9915769182416293,0.9387075018843972,0.9721992485483785,0.987560203304456,0.09615707397460938,0.09103012084960938,262144
ID4235511352920201010,subsetted_512x512_HLS.S30.T11TQG.2020306.v1.4,5,0.51,0.8316948307887464,0.9081150602260641,0.8915978630403109,0.9252557834786553,0.9552394929320072,0.9857296747093525,0.07568740844726562,0.07854461669921875,262144
ID4247711313220180717,subsetted_512x512_HLS.S30.T12TUN.2018216.v1.4,3,0.36000000000000004,0.8560544949359147,0.9224454317172107,0.9828153941140152,0.8690627843494085,0.942106473835375,0.9848229779708114,0.04192352294921875,0.03707122802734375,262144
ID4253711500720210703,subsetted_512x512_HLS.S30.T11TPH.2021238.v1.4,2,0.35000000000000003,0.6104433654381916,0.7581059707394227,0.9923012227469755,0.6133482624865038,0.9379990820154217,0.9785276144641488,0.09539413452148438,0.058963775634765625,262144
ID4254611249720210721,subsetted_512x512_HLS.S30.T12TUN.2021215.v1.4,4,0.42000000000000004,0.7037264789078834,0.8261026492456508,0.8525029797377831,0.8012883349670914,0.86513334330133,0.9651812858754405,0.027240753173828125,0.025604248046875,262144
ID4254811347120200723,subsetted_512x512_HLS.S30.T11TQH.2020216.v1.4,4,0.42000000000000004,0.9362892365067854,0.9670964635386015,0.9952648386741548,0.9404786680541103,0.9762621251425212,0.9910266869042441,0.03665924072265625,0.034641265869140625,262144
ID4257811155220180922,subsetted_512x512_HLS.S30.T12TVN.2018291.v1.4,2,0.35000000000000003,0.21182053494391717,0.3495906016375934,0.21857436981804018,0.8726949566762942,0.7668398944372632,0.9474364213529004,0.017192185023204295,0.06864269207998319,261805
ID4261911561220210806,subsetted_512x512_HLS.S30.T11TPH.2021263.v1.4,5,0.51,0.5894587567950839,0.7417100371747212,0.7630800611932688,0.7215043394406944,0.7584387468285246,0.9159581171174209,0.03956142894202744,0.037405960537760755,262124
ID4262311348620200808,subsetted_512x512_HLS.S30.T11TQH.2020251.v1.4,1,0.45,0.4864864864864865,0.6545454545454545,0.4995594713656388,0.9489539748953975,0.5045038737307423,0.9789419399859772,0.022792816162109375,0.04329681396484375,262144
ID4268511284420210614,subsetted_512x512_HLS.S30.T12TUN.2021205.v1.4,3,0.36000000000000004,0.8668819332326442,0.9286949729397981,0.9434336564076404,0.9144097126847223,0.9413685023531125,0.9755315795268807,0.06943893432617188,0.06730270385742188,262144
ID4268911299220180609,subsetted_512x512_HLS.S30.T12TUN.2018186.v1.4,1,0.45,0.5803975325565456,0.7344956197415213,0.6058958214081283,0.9323937458709536,0.6341767166630545,0.9922369081500028,0.017322540283203125,0.0266571044921875,262144
ID4274811621820200722,subsetted_512x512_HLS.S30.T11TNH.2020217.v1.4,3,0.36000000000000004,0.11262808010328819,0.20245413919956545,0.1131611995087148,0.9598501697296031,0.8529525732506475,0.9727941973261136,0.032588958740234375,0.2764244079589844,262144
ID4275711555220180822,subsetted_512x512_HLS.S30.T11TPH.2018244.v1.4,2,0.35000000000000003,0.735928903935675,0.8478790833739639,0.7585389444138899,0.9610735997308792,0.9061596471718032,0.9821882737073264,0.15875625610351562,0.20114517211914062,262144
ID4284111556820200530,subsetted_512x512_HLS.S30.T11TPH.2020174.v1.4,5,0.51,0.4622050581641784,0.632202789319419,0.48390118830432427,0.9115734720416124,0.8403940424795222,0.9712352889657273,0.04106903076171875,0.07736587524414062,262144
ID4284311240020200719,subsetted_512x512_HLS.S30.T12TUN.2020216.v1.4,3,0.36000000000000004,0.8467903376484719,0.9170400346870935,0.914396887159533,0.9196985070300043,0.9440141055361359,0.986596771288519,0.026317696829593007,0.026470285302296837,262143
ID4286811517820190809,subsetted_512x512_HLS.S30.T11TPH.2019244.v1.4,2,0.35000000000000003,0.9370327774583094,0.9674929493839988,0.9863801452784504,0.9493154675211185,0.9780670430735983,0.9954858400836815,0.02619171142578125,0.02520751953125,262144
ID4291611449620170710,subsetted_512x512_HLS.S30.T11TQH.2019221.v1.4,1,0.45,0.6955259026687598,0.820424980324985,0.863813608890622,0.7811866349290311,0.8403596214674469,0.9792166951532669,0.0993074828621707,0.08980835398044143,228442
ID4292211511120200819,subsetted_512x512_HLS.S30.T11TPH.2020249.v1.4,1,0.45,0.8083870967741935,0.8940420977524082,0.8365602884230204,0.9600061293288384,0.9624128769870858,0.9952128894631541,0.02489471435546875,0.028568267822265625,262144
ID4292911199020180813,subsetted_512x512_HLS.S30.T12TVN.2018246.v1.4,3,0.36000000000000004,0.8099591836734694,0.8950027061158218,0.8697405329593267,0.9217762913415087,0.947948438183647,0.9901441403172068,0.0410614013671875,0.04351806640625,262144
ID4295011487620200703,subsetted_512x512_HLS.S30.T11TPH.2020219.v1.4,4,0.42000000000000004,0.5167368210062137,0.6813796749041893,0.863073317710077,0.5628820960698689,0.7798513595858911,0.9785708693829366,0.0174713134765625,0.011394500732421875,262144
ID4298011230820180816,subsetted_512x512_HLS.S30.T12TUN.2018246.v1.4,4,0.42000000000000004,0.6648268941294531,0.7986738999397227,0.6754603963550627,0.9768684913832827,0.6782784234558846,0.9886715537687885,0.041393280029296875,0.059864044189453125,262144
ID4298311481320200606,subsetted_512x512_HLS.S30.T11TPH.2020184.v1.4,5,0.51,0.5183687818597293,0.6827969437369762,0.8178036605657238,0.5860492845786963,0.7169014632410211,0.9548080262764369,0.019195556640625,0.01375579833984375,262144
ID4299311311120190906,subsetted_512x512_HLS.S30.T12TUN.2019276.v1.4,3,0.36000000000000004,0.8881783578031539,0.9407780299277725,0.9421563877160195,0.9394036992730285,0.9757882873289426,0.9906148538762075,0.1658172607421875,0.16533279418945312,262144
ID4302611590820180704,subsetted_512x512_HLS.S30.T11TNH.2018217.v1.4,4,0.42000000000000004,0.4051101717107478,0.5766240681576145,0.40748824082784574,0.9857988165680474,0.9408211733438644,0.9952401438891066,0.041904449462890625,0.10137557983398438,262144
ID4304311477420180717,subsetted_512x512_HLS.S30.T11TPH.2018219.v1.4,5,0.51,0.934528491974772,0.9661563485382453,0.996101794645484,0.9379588331440286,0.9931519848718032,0.9958733939247065,0.27539825439453125,0.2593231201171875,262144
ID4316911383020180716,subsetted_512x512_HLS.S30.T11TQH.2018219.v1.4,3,0.36000000000000004,0.7819227366558538,0.8776168804302855,0.8893174576555425,0.8662201894805619,0.9540853598089045,0.9903752319403413,0.07006072998046875,0.06824111938476562,262144
ID4319611377420190801,subsetted_512x512_HLS.S30.T11TQH.2019244.v1.4,5,0.51,0.34286008548328956,0.5106415615293171,0.34831284331676693,0.956334386670497,0.8148919448856891,0.9671314248123151,0.07967376708984375,0.21875381469726562,262144
ID4328311224320210421,subsetted_512x512_HLS.S30.T12TUN.2021150.v1.4,2,0.35000000000000003,0.5214225232853514,0.6854407836153161,0.716046511627907,0.6573441502988898,0.7059287276344357,0.9364747580365846,0.0178680419921875,0.0164031982421875,262144
ID4345211594520190815,subsetted_512x512_HLS.S30.T11TNJ.2019244.v1.4,3,0.36000000000000004,0.7148106274731487,0.8336904565683204,0.7572989968558167,0.9272227314390468,0.722789926264963,0.9794379646018802,0.020809173583984375,0.025478363037109375,262144
ID4345611483420200806,subsetted_512x512_HLS.S30.T11TPJ.2020249.v1.4,3,0.36000000000000004,0.6786925941249483,0.8085966382412383,0.7257122633162272,0.9128547579298831,0.9311853753779249,0.9801166160555488,0.034275054931640625,0.04311370849609375,262144
ID4346711414520180729,subsetted_512x512_HLS.S30.T11TQJ.2018219.v1.4,3,0.36000000000000004,0.9392796556703633,0.96868922738807,0.9945863560336893,0.944106497813394,0.9969114768099795,0.9861196774849235,0.8121056526615346,0.7708875342371692,262142
ID4369611305520200702,subsetted_512x512_HLS.S30.T12TUP.2020241.v1.4,1,0.45,0.5438655125162929,0.7045503745075118,0.9111422172452408,0.5743276628785206,0.8771761193496497,0.9718416808466002,0.10808563232421875,0.0681304931640625,262144
ID4371511252320190722,subsetted_512x512_HLS.S30.T12TUP.2019226.v1.4,4,0.42000000000000004,0.5927477866727536,0.7443084104495946,0.9997662491234343,0.5928299456171677,0.9979336156784,0.97268841295012,0.9357376098632812,0.5548629760742188,262144
ID4401511615420180725,subsetted_512x512_HLS.S30.T11TNJ.2018217.v1.4,1,0.45,0.9007793195210037,0.9478,0.9668961999489926,0.9294434910517284,0.9717078681612126,0.9909465454805523,0.07780104751986511,0.07478742518396447,262143
ID4409311186520180726,subsetted_512x512_HLS.S30.T12TVP.2018221.v1.4,2,0.35000000000000003,0.9413643612633585,0.969796685307191,0.9979934897731138,0.9431494175822662,0.9986310418310171,0.9935825180449481,0.8308372497558594,0.7851791381835938,262144
ID4414411669220190714,subsetted_512x512_HLS.S30.T11TNJ.2019217.v1.4,4,0.42000000000000004,0.8858921161825726,0.9394939493949395,0.9605578884223155,0.9193340031577436,0.9553232147769989,0.9863293813954118,0.026576995849609375,0.0254364013671875,262144
ID4447411719020180725,subsetted_512x512_HLS.S30.T11TMK.2018217.v1.4,5,0.51,0.8613079896907216,0.9254868022501082,0.9644660894660895,0.8895358509399435,0.935221971388436,0.9819194560791443,0.022930145263671875,0.021148681640625,262144
ID4453211532920210810,subsetted_512x512_HLS.S30.T11TPK.2021268.v1.4,2,0.35000000000000003,0.6582271982915724,0.7938926571337467,0.8577583035087133,0.738878388345934,0.9168581360429822,0.8318063236521119,0.6619873046875,0.5702400207519531,262144
ID4458311709720180915,subsetted_512x512_HLS.S30.T11TMK.2018292.v1.4,4,0.42000000000000004,0.4390510152099556,0.6101952058258319,0.5283762480294272,0.7219961704164672,0.744973339840848,0.9261624542819885,0.031880231661999346,0.0435625281374711,262106
ID4467611644820180726,subsetted_512x512_HLS.S30.T11TNK.2018222.v1.4,1,0.45,0.8610613952178897,0.9253444270354962,0.9951580040130463,0.8646840248795067,0.9860805229058787,0.978094966208539,0.5667069760699476,0.4924067002620747,262139
ID4532811445320190804,subsetted_512x512_HLS.S30.T11TPL.2019244.v1.4,4,0.42000000000000004,0.38201131738310334,0.5528338481430932,0.4192908666942707,0.8111982460578464,0.6053406906953417,0.9116995475626323,0.09048285754615129,0.17505636580741396,262127
ID4558511544420210705,subsetted_512x512_HLS.S30.T11TPL.2021223.v1.4,1,0.45,0.6489414328384377,0.7871006451955903,0.9910395807633091,0.6527714789619552,0.9425795109831773,0.8913117823328045,0.6058894469293358,0.39908330407437376,262028
ID4645911452820210707,subsetted_512x512_HLS.S30.T11TPM.2021223.v1.4,5,0.51,0.7101033295063146,0.8304800268546492,0.9477441710634,0.7390389289448315,0.9009919740612319,0.9206150836324924,0.2809410095214844,0.21907424926757812,262144
KS3702809890220200325,subsetted_512x512_HLS.S30.T14SNG.2020118.v1.4,5,0.51,0.48122841546288386,0.6497693541917369,0.9094673310407748,0.5054409298334569,0.8347165405391663,0.9771558554889012,0.09780502319335938,0.054355621337890625,262144
KS3786109647720200108,subsetted_512x512_HLS.S30.T14SQG.2020085.v1.4,4,0.42000000000000004,0.3104885390136606,0.4738515901060071,0.7764910248986682,0.34096109839816935,0.6157403503717045,0.9445537589947718,0.03000675209143171,0.013176115144139985,262141
KS3919209595820201118,subsetted_512x512_HLS.S30.T14SQJ.2020340.v1.4,2,0.35000000000000003,0.3287278343123466,0.49480085510886035,0.33525523836309945,0.9440836369396484,0.7429517717771706,0.9701244682465995,0.04816436767578125,0.13563156127929688,262144
KS3921209676120191113,subsetted_512x512_HLS.S30.T14SPJ.2019345.v1.4,3,0.36000000000000004,0.6272283085849525,0.7709161711061848,0.7076290346891755,0.8466354080791426,0.8272177783691105,0.9345976172872935,0.1480712890625,0.17715835571289062,262144
KY3760808261720190917,subsetted_512x512_HLS.S30.T17SLB.2019287.v1.4,3,0.36000000000000004,0.4635500365230095,0.6334597724096626,0.7677232034841519,0.5391673746813934,0.5510628087459398,0.7935806707520958,0.022454461512633257,0.015769632868600385,262086
LA2991209334620210223,subsetted_512x512_HLS.S30.T15RVP.2021063.v1.4,1,0.45,0.4675627485941572,0.637196261682243,0.5168283808368709,0.8306530214424951,0.7947061729642599,0.9907268030131477,0.015655517578125,0.0251617431640625,262144
LA3111809256120210309,subsetted_512x512_HLS.S30.T15RWQ.2021098.v1.4,1,0.45,0.0027306084136871746,0.0054463449919155815,0.2191780821917808,0.0027574321413183973,0.1595274600077006,0.7863719899120984,0.04427040615856473,0.0005569564238819863,262139
MN4771209630220210329,subsetted_512x512_HLS.S30.T14TQT.2021112.v1.4,4,0.42000000000000004,0.3111424171935917,0.47461269365317343,0.3467323840817817,0.7519398258115598,0.3804134947964936,0.7625677835283466,0.1927207113728871,0.4179430154001091,262141
MN4796109539420210307,subsetted_512x512_HLS.S30.T14UQU.2021112.v1.4,1,0.45,0.04086108580490603,0.07851400414937759,0.5479638009049774,0.04228647251903066,0.3818910115916396,0.8257504346817572,0.10925446929292466,0.008431188530531585,262122
MN4823209549720190530,subsetted_512x512_HLS.S30.T14UQU.2019163.v1.4,2,0.35000000000000003,0.027726063829787234,0.05395613637833991,0.029697681871594914,0.2945955492758742,0.031688975974050904,0.8274188884246398,0.010799407958984375,0.10712814331054688,262144
MN4866009654320210321,subsetted_512x512_HLS.S30.T14UPU.2021112.v1.4,5,0.51,0.035010739490641304,0.06765290089235422,0.03704184657338571,0.3896857923497268,0.03202988790995159,0.8262846001923035,0.011169689247648185,0.11750680939047373,262138
MN4884009637020180429,subsetted_512x512_HLS.S30.T14UPV.2018136.v1.4,5,0.51,0.3736867403694294,0.544063984003999,0.3927682147883512,0.8849499959346289,0.5909991456554506,0.9679259716518185,0.046916961669921875,0.10570907592773438,262144
MO3686909295920190323,subsetted_512x512_HLS.S30.T15SVA.2019092.v1.4,5,0.51,0.20683731317643017,0.3427758007117438,0.7034764826175869,0.22659264138515103,0.4379796136521936,0.8857531791340639,0.040538787841796875,0.013057708740234375,262144
MO3691709150920180412,subsetted_512x512_HLS.S30.T15SXA.2018154.v1.4,5,0.51,0.0,0.0,0.0,0.0,0.05971973065888307,0.7651784584196959,0.01449231133101141,1.5259080106355787e-05,262139
MO3743109121220190409,subsetted_512x512_HLS.S30.T15SXB.2019134.v1.4,5,0.51,0.0004873294346978557,0.000974184120798831,0.2222222222222222,0.000488162069807176,0.11208285671953107,0.8229914615034677,0.015628814697265625,3.4332275390625e-05,262144
MS3041208915720200426,subsetted_512x512_HLS.S30.T16RBU.2020123.v1.4,3,0.36000000000000004,0.521494801910649,0.6855032317636196,0.8140350877192982,0.5920255183413078,0.6678877479692789,0.8823304670152708,0.02391815185546875,0.01739501953125,262144
MT4485811343720200811,subsetted_512x512_HLS.S30.T11TQK.2020249.v1.4,3,0.36000000000000004,0.5705312253162652,0.7265455358283306,0.786902538562634,0.6747879470905748,0.8315634297102634,0.8970225221981131,0.2572479248046875,0.2205963134765625,262144
MT4504710573520200722,subsetted_512x512_HLS.S30.T13TDK.2020217.v1.4,3,0.36000000000000004,0.7158662711456747,0.8344079992524063,0.9936844448154022,0.7191382261149702,0.9177573409078967,0.9530094393841038,0.18945693969726562,0.13711166381835938,262144
MT4515311193120180811,subsetted_512x512_HLS.S30.T12TVR.2018246.v1.4,5,0.51,0.5262784387393029,0.6896231059570045,0.7535114458191381,0.6357218496293682,0.7039199906648048,0.8784056584420493,0.07565128158176831,0.063825404273338,262137
MT4529310571720200614,subsetted_512x512_HLS.S30.T13TDL.2020187.v1.4,1,0.45,0.6176636039752484,0.7636490089254666,0.9956173492519269,0.619347560402369,0.8899207963502289,0.9700489577808705,0.040576934814453125,0.025241851806640625,262144
MT4541710565520201006,subsetted_512x512_HLS.S30.T13TDL.2020307.v1.4,1,0.45,0.6331903905565546,0.7754030322708151,0.7010414539513988,0.8674120396690038,0.8969412181374635,0.9750340386260008,0.060390472412109375,0.0747222900390625,262144
MT4555711165420200823,subsetted_512x512_HLS.S30.T12TVR.2020256.v1.4,4,0.42000000000000004,0.7070921985815602,0.8284171167428334,0.7974177330895795,0.8619241694454737,0.8926638790407831,0.9637856965843667,0.030887721587072703,0.03338635782759791,262143
MT4564010610720200825,subsetted_512x512_HLS.S30.T13TDL.2020245.v1.4,2,0.35000000000000003,0.7485065710872163,0.8561667236077896,0.9931832593532023,0.7523718025699532,0.865725076086589,0.9541747813312725,0.031764984130859375,0.0240631103515625,262144
MT4568311385420210708,subsetted_512x512_HLS.S30.T11TQL.2021223.v1.4,1,0.45,0.5256932893694932,0.6891205369157005,0.9744794538634193,0.5330317126531999,0.9650777793386387,0.7384032199782868,0.897998344351913,0.49119721668008226,262133
MT4569810891520200802,subsetted_512x512_HLS.S30.T12TXR.2020283.v1.4,4,0.42000000000000004,0.690152922681149,0.8166751226111957,0.7210153042179918,0.9416008579506678,0.9442371080710849,0.9926473691599692,0.039127349853515625,0.051097869873046875,262144
MT4571210446620201012,subsetted_512x512_HLS.S30.T13TEL.2020307.v1.4,1,0.45,0.7177700348432056,0.8356997971602435,0.8337937680693864,0.8376145604750226,0.8760902078186625,0.9453921061653026,0.05910491943359375,0.059375762939453125,262144
MT4572011097420200904,subsetted_512x512_HLS.S30.T12TWR.2020283.v1.4,2,0.35000000000000003,0.7053999906816382,0.8272545966177636,0.8414851044908849,0.8134973940142927,0.8868184744833689,0.9362618600045756,0.16182211826900503,0.1564399307880253,230018
MT4577311182220200929,subsetted_512x512_HLS.S30.T12TVR.2020281.v1.4,3,0.36000000000000004,0.5457227138643068,0.7061068702290076,0.622604468542582,0.8154769193094159,0.8024226762649633,0.9603146014220337,0.031156890796375774,0.040808774439675725,262125
MT4589610704320200803,subsetted_512x512_HLS.S30.T13TCL.2020245.v1.4,1,0.45,0.6274809160305344,0.7711069418386491,0.8743130650593867,0.6896937491259963,0.7811232030928082,0.9422389264916203,0.027306295607546938,0.021540317930663164,261881
MT4590510631720200902,subsetted_512x512_HLS.S30.T13TDL.2020280.v1.4,4,0.42000000000000004,0.8593020554668824,0.9243275485446676,0.9806056045356205,0.8741586052858265,0.9766940604271237,0.9711241473517145,0.5004158020019531,0.4460945129394531,262144
MT4599210727920200923,subsetted_512x512_HLS.S30.T13TCL.2020280.v1.4,2,0.35000000000000003,0.8832825124084667,0.9380244403999338,0.9664182739138905,0.9112514351320321,0.941963780528851,0.9772084999292052,0.16613006591796875,0.156646728515625,262144
MT4609911223320200829,subsetted_512x512_HLS.S30.T12TVS.2020256.v1.4,2,0.35000000000000003,0.19738802264375807,0.32969767345415335,0.22657749235241587,0.6050842297544144,0.47523232721456865,0.8147335363868742,0.07541797892980556,0.20140672057309705,261317
MT4620510572420200806,subsetted_512x512_HLS.S30.T13TDM.2020250.v1.4,3,0.36000000000000004,0.8630271330500163,0.9264783295314968,0.9825083736509118,0.8764940239043825,0.9304267623706456,0.9763313763660545,0.022979736328125,0.02050018310546875,262144
MT4630410839320200902,subsetted_512x512_HLS.S30.T12TXS.2020278.v1.4,3,0.36000000000000004,0.7522988932630171,0.8586422055681779,0.9585379934319488,0.7776028990625647,0.9485776991033532,0.9518268103363003,0.4968605041503906,0.4030723571777344,262144
MT4635510649020200715,subsetted_512x512_HLS.S30.T13TCM.2020215.v1.4,3,0.36000000000000004,0.6826498422712933,0.8113985751781028,0.9870011402508552,0.6888429094381665,0.8260282658634002,0.9474212085165217,0.023967742919921875,0.016727447509765625,262144
MT4637510768820200827,subsetted_512x512_HLS.S30.T12TYS.2020248.v1.4,1,0.45,0.7956461750728192,0.886194826261419,0.8470703443773462,0.9291084854994629,0.9518507600428906,0.9911088401378699,0.02130889892578125,0.023372650146484375,262144
MT4649511207120200613,subsetted_512x512_HLS.S30.T12TVS.2020191.v1.4,2,0.35000000000000003,0.4603114318268135,0.6304291287386216,0.5893986059328903,0.6775997018263138,0.7052152353945015,0.8987182119929872,0.02046966552734375,0.023532867431640625,262144
MT4674110768520200902,subsetted_512x512_HLS.S30.T12TYS.2020278.v1.4,1,0.45,0.7091224326487063,0.8298088177916504,0.9776592810517606,0.7208025486341761,0.8839759166566908,0.9612886265572361,0.056278228759765625,0.041492462158203125,262144
MT4675110703320200807,subsetted_512x512_HLS.S30.T13TCM.2020250.v1.4,3,0.36000000000000004,0.79407628030115,0.8852201982937514,0.9949722697351371,0.7972754080657889,0.9197190446863589,0.9661566600553654,0.09184646606445312,0.07359695434570312,262144
MT4675311196320190726,subsetted_512x512_HLS.S30.T12TVS.2019216.v1.4,3,0.36000000000000004,0.7138406034765497,0.8330303320256435,0.7514889943892965,0.9344209509498765,0.8629984599752216,0.9805716891340677,0.07108306884765625,0.08838653564453125,262144
MT4712810977820200902,subsetted_512x512_HLS.S30.T12TWT.2020276.v1.4,3,0.36000000000000004,0.7019412183975514,0.824871283226172,0.9800960074932678,0.712092212156012,0.8246710916981607,0.9093410313653155,0.08968734741210938,0.06516265869140625,262144
MT4715410847520180825,subsetted_512x512_HLS.S30.T12TXT.2018248.v1.4,2,0.35000000000000003,0.859866178512814,0.9246538148248711,0.9541888484169235,0.8968922833816171,0.928904889406792,0.9727699125843801,0.02896881103515625,0.02722930908203125,262144
MT4730311448320200727,subsetted_512x512_HLS.S30.T11TPN.2020217.v1.4,4,0.42000000000000004,0.5750429980990314,0.7301933963619645,0.6785771510975805,0.7903085344613088,0.8382918264355701,0.9587672896423686,0.0613250732421875,0.07142257690429688,262144
MT4736310474020180809,subsetted_512x512_HLS.S30.T13TEN.2018245.v1.4,3,0.36000000000000004,0.6045003309066843,0.753506022108563,0.7726273050245306,0.7353083239413943,0.7900078433045237,0.9386390016944786,0.023693084716796875,0.022548675537109375,262144
MT4738010691520200902,subsetted_512x512_HLS.S30.T13TCN.2020278.v1.4,5,0.51,0.6801255581921115,0.8096127755165587,0.9896506411708732,0.6849975850107577,0.9602105808876632,0.9309048609719505,0.6081428527832031,0.4209327697753906,262144
MT4743511435720190723,subsetted_512x512_HLS.S30.T11TPN.2019214.v1.4,2,0.35000000000000003,0.8634909061449346,0.9267455003912703,0.9865784236589994,0.8737549698733451,0.9685726937392937,0.9872038100621588,0.09306716918945312,0.08242416381835938,262144
MT4747210794120190812,subsetted_512x512_HLS.S30.T12TYT.2019248.v1.4,4,0.42000000000000004,0.48646833013435703,0.6545290205952612,0.6792174728661396,0.6315723897333666,0.6732264111366881,0.9396135985843332,0.03061676025390625,0.028469085693359375,262144
MT4758010779320180720,subsetted_512x512_HLS.S30.T12TYT.2018213.v1.4,2,0.35000000000000003,0.6041570081903879,0.7532392466644189,0.7798723319369639,0.728365160689334,0.7937431920977834,0.9295196005170473,0.040950775146484375,0.03824615478515625,262144
MT4758110954820200807,subsetted_512x512_HLS.S30.T12TXT.2020248.v1.4,5,0.51,0.5404672507300793,0.7016926201760325,0.9603409933283914,0.5528056326008107,0.7100371206347562,0.9302532434632795,0.017879486083984375,0.01029205322265625,262144
MT4762510936620180903,subsetted_512x512_HLS.S30.T12TXT.2018293.v1.4,5,0.51,0.25486491592669563,0.4062029509183981,0.2723601857460125,0.7986974541148608,0.6192209091945352,0.9414076259657459,0.01933165209893594,0.05669015562227928,262109
MT4783310693320200821,subsetted_512x512_HLS.S30.T13UCP.2020248.v1.4,3,0.36000000000000004,0.6287674714104193,0.7720776383948075,0.6954688554081403,0.8676532472997616,0.8944659024911367,0.9592068623173896,0.05438995361328125,0.0678558349609375,262144
MT4801910865120210816,subsetted_512x512_HLS.S30.T12UXU.2021250.v1.4,3,0.36000000000000004,0.8665138374854996,0.9284837005578656,0.9941062771317215,0.870988339811216,0.9744446588120849,0.9873105567262483,0.19545175836041911,0.17124547590495467,184291
MT4818110588720200824,subsetted_512x512_HLS.S30.T13UDP.2020255.v1.4,2,0.35000000000000003,0.8985887758450936,0.9465859982713916,0.9375107002225647,0.9558387153080817,0.969609051185547,0.9896771076538817,0.04370880126953125,0.04456329345703125,262144
MT4831111365120180811,subsetted_512x512_HLS.S30.T11UQP.2018249.v1.4,4,0.42000000000000004,0.18364720227611434,0.3103073313111658,0.21689735178814304,0.5450341777241656,0.3562874530168506,0.8602924686727325,0.0189980749839582,0.04773963394139396,261816
MT4835010534020180831,subsetted_512x512_HLS.S30.T13UDP.2018290.v1.4,4,0.42000000000000004,0.418363756632373,0.5899244882366366,0.44685968551757316,0.8677350614472954,0.7650629732847528,0.9108091376784982,0.13068008422851562,0.25376129150390625,262144
NC3634008046020211127,subsetted_512x512_HLS.S30.T17SNA.2021348.v1.4,3,0.36000000000000004,0.6418887330528285,0.7818906605922551,0.7394973070017953,0.8294401933145389,0.7785877747367214,0.9683333276163966,0.018947255967279166,0.021251755082107318,262096
NE4165010345220200827,subsetted_512x512_HLS.S30.T13TFG.2020274.v1.4,4,0.42000000000000004,0.7977450239355002,0.8874951823692232,0.9673846623892454,0.8197941614343971,0.9237535438655942,0.9751387438644163,0.058933258056640625,0.0499420166015625,262144
NE4166810220320190321,subsetted_512x512_HLS.S30.T14TKM.2019144.v1.4,1,0.45,0.4338881745838691,0.6051910912924412,0.9079406631762653,0.45385482170768054,0.733440032544576,0.9349806322974922,0.1049661571802483,0.05246972460262349,262094
NE4230710373320190405,subsetted_512x512_HLS.S30.T13TEG.2019157.v1.4,1,0.45,0.03217821782178218,0.06235011990407674,0.4692144373673036,0.033393774554246,0.3114179162830194,0.8998649481950689,0.02524566650390625,0.001796722412109375,262144
NE4280510153220200928,subsetted_512x512_HLS.S30.T13TGH.2020304.v1.4,5,0.51,0.8490338796669634,0.9183540539775141,0.9815364126157757,0.862813963388676,0.944728338140346,0.976873186760251,0.07169946660358498,0.06302700557815136,262094
NJ3931607511120200409,subsetted_512x512_HLS.S30.T18SVJ.2020131.v1.4,3,0.36000000000000004,0.15052856864906933,0.2616685456595265,0.21248741188318226,0.3404723485404137,0.22432359666274934,0.8424516659830866,0.026004791259765625,0.041667938232421875,262144
NJ3974007449020180422,subsetted_512x512_HLS.S30.T18TWK.2018121.v1.4,4,0.42000000000000004,0.19390768711501138,0.3248286097957453,0.22038937374124867,0.6174099946265449,0.3287408876510737,0.9427712951337268,0.014198357385091342,0.039776000122070776,262143
NJ3977007445020190330,subsetted_512x512_HLS.S30.T18TWK.2019093.v1.4,1,0.45,0.757027814831283,0.8617140929029355,0.8920649706002213,0.8333605264589112,0.9196397069932937,0.9688757303336661,0.14028167724609375,0.13105010986328125,262144
NM3134910867820180516,subsetted_512x512_HLS.S30.T12RYV.2018152.v1.4,3,0.36000000000000004,0.7816753113644128,0.8774610125408353,0.9542941644864066,0.8120781114882742,0.957800341641955,0.9246360858289039,0.5911178588867188,0.5030250549316406,262144
NM3145210885920190207,subsetted_512x512_HLS.S30.T12RXV.2019062.v1.4,3,0.36000000000000004,0.15733286222648463,0.2718886974725778,0.15929881944089538,0.927264614011602,0.8244373140768713,0.966573829007319,0.025646209716796875,0.14928436279296875,262144
NM3212110384520200729,subsetted_512x512_HLS.S30.T13SFR.2020216.v1.4,5,0.51,0.6907714150496924,0.8171079885797459,0.9868830290736984,0.6971723347344287,0.9316671517036585,0.9757981735762516,0.0399322509765625,0.028209686279296875,262144
NM3221210467920180522,subsetted_512x512_HLS.S30.T13SER.2018156.v1.4,1,0.45,0.5134822660649685,0.6785441462753505,0.7696779964221825,0.6067069140263517,0.6815328862441585,0.8058237767653036,0.08656692504882812,0.0682373046875,262144
NM3242610655220180624,subsetted_512x512_HLS.S30.T13SCR.2018214.v1.4,4,0.42000000000000004,0.004733512357198125,0.00942242355605889,0.7878787878787878,0.0047395524768718954,0.3427812856396377,0.7650390177610717,0.08370590209960938,0.0005035400390625,262144
NM3250010718420200606,subsetted_512x512_HLS.S30.T13SBS.2020217.v1.4,3,0.36000000000000004,0.6604311419918047,0.7954935622317597,0.9716906946264744,0.6733878292461398,0.8314307324650099,0.9578693306829043,0.020999908447265625,0.014553070068359375,262144
NM3250810502620180615,subsetted_512x512_HLS.S30.T13SDS.2018214.v1.4,2,0.35000000000000003,0.13297551157329754,0.2347367797714218,0.9902573070197352,0.13314970944879245,0.6649582075651258,0.8831585887430865,0.11356735229492188,0.015270233154296875,262144
NM3316110373620180331,subsetted_512x512_HLS.S30.T13SFS.2018136.v1.4,4,0.42000000000000004,0.6214992531740104,0.7665735916405193,0.9256813125695217,0.6541390321788259,0.869693435751124,0.9628424550741913,0.07764816284179688,0.05487060546875,262144
NM3317010361120180518,subsetted_512x512_HLS.S30.T13SFS.2018196.v1.4,5,0.51,0.017234919445485202,0.03388581952117864,0.888030888030888,0.01727245419044758,0.42577206358539355,0.8518558081728844,0.05079670256310487,0.0009880103607572965,262143
NM3349810333820180412,subsetted_512x512_HLS.S30.T13SFT.2018136.v1.4,4,0.42000000000000004,0.14371539116853613,0.25131320655167866,0.966115850384776,0.14444345344273993,0.8666167898298179,0.8948286077474126,0.427703857421875,0.06394577026367188,262144
NM3349910789720190605,subsetted_512x512_HLS.S30.T13SBT.2019202.v1.4,5,0.51,0.19643307512159972,0.3283645014605354,0.29630434782608694,0.3682042277301276,0.2543019432855984,0.8206005909492387,0.056484222412109375,0.0701904296875,262144
NM3358510552620180412,subsetted_512x512_HLS.S30.T13SDT.2018134.v1.4,1,0.45,0.6748530132288094,0.8058653600029254,0.9772949002217295,0.6856022896963664,0.8676764526688208,0.9558491519248188,0.061309814453125,0.043010711669921875,262144
NM3361010740620190713,subsetted_512x512_HLS.S30.T13SBT.2019237.v1.4,3,0.36000000000000004,0.13246229466873924,0.23393678587327496,0.40007613247049867,0.16529488859764088,0.23616873459239407,0.6596289096904223,0.07276535034179688,0.030063629150390625,262144
NM3366710562920200804,subsetted_512x512_HLS.S30.T13SDT.2020249.v1.4,1,0.45,0.15949418723230674,0.2751099384344767,0.2993492407809111,0.25450206118463875,0.26306862592740177,0.6879038282695676,0.03516387939453125,0.029895782470703125,262144
NM3380810573920190526,subsetted_512x512_HLS.S30.T13SDT.2019184.v1.4,2,0.35000000000000003,0.18152538005668642,0.3072729255261149,0.9832519190509421,0.18208839493409149,0.3217786472799563,0.6542353283476624,0.0590362548828125,0.01093292236328125,262144
NM3418210345020190410,subsetted_512x512_HLS.S30.T13SFT.2019171.v1.4,4,0.42000000000000004,0.2005740057400574,0.3341301823645926,0.3980471928397071,0.2879001883239171,0.24815757053332888,0.7223574750721465,0.03240966796875,0.023441314697265625,262144
NM3436210506320180807,subsetted_512x512_HLS.S30.T13SDU.2018254.v1.4,4,0.42000000000000004,0.24129342169639284,0.38877741149491185,0.3294267670633957,0.4742132867132867,0.36871742175414507,0.8893736550809983,0.04364013671875,0.0628204345703125,262144
NM3470710514020180721,subsetted_512x512_HLS.S30.T13SDU.2018219.v1.4,4,0.42000000000000004,0.17363710333604557,0.2958957293399889,0.9981290926099158,0.17369363503174345,0.8426048420387569,0.9476895911225616,0.04686737060546875,0.00815582275390625,262144
NM3534510752720190804,subsetted_512x512_HLS.S30.T13SBV.2019247.v1.4,5,0.51,0.6284199773611993,0.7718156078870183,0.9559848803023939,0.6471441162255139,0.8547978571434236,0.9307077985299514,0.13417434692382812,0.09082794189453125,262144
NM3583110586320200818,subsetted_512x512_HLS.S30.T13SDV.2020269.v1.4,5,0.51,0.4583799925345278,0.6286153058612747,0.8024177080780854,0.5166991006153684,0.6919524658780175,0.8989376533989129,0.07252883911132812,0.046703338623046875,262144
NM3592510438120200501,subsetted_512x512_HLS.S30.T13SEV.2020154.v1.4,2,0.35000000000000003,0.18927789934354486,0.31830726770929163,0.9843103448275862,0.1898506867081241,0.7393168239247588,0.9058634897218885,0.11471176147460938,0.022125244140625,262144
NM3613910422420200606,subsetted_512x512_HLS.S30.T13SEA.2020214.v1.4,2,0.35000000000000003,0.031238297956207257,0.060584053206941366,0.03413520556500765,0.2690544898998472,0.034204029261688404,0.6162642362344564,0.022472381591796875,0.17712783813476562,262144
NM3623610471320180404,subsetted_512x512_HLS.S30.T13SEA.2018144.v1.4,1,0.45,0.23597203854146986,0.38184041577499234,0.9300074460163812,0.24023850740527025,0.6682106802540476,0.9626501867746621,0.019832611083984375,0.005123138427734375,262144
NM3636510508520180629,subsetted_512x512_HLS.S30.T13SDA.2018199.v1.4,5,0.51,0.47075572428520585,0.6401548761797209,0.9088410444342647,0.4940854190013697,0.7108619737461916,0.9388132863873666,0.030654660798601435,0.016665203467400556,261983
NM3644910620720190713,subsetted_512x512_HLS.S30.T13SCA.2019227.v1.4,1,0.45,0.28725444804550565,0.44630562121056416,0.40426324118030343,0.49810758114462667,0.4257910177111703,0.8199731335864006,0.033290697008457264,0.04101868998300911,261905
NM3655410312720190805,subsetted_512x512_HLS.S30.T13SFA.2019244.v1.4,3,0.36000000000000004,0.4101387295295713,0.5816998298690732,0.440338204826698,0.8567382067763373,0.6677176805292648,0.9723374055302327,0.035015106201171875,0.06812667846679688,262144
NM3690210301720180609,subsetted_512x512_HLS.S30.T13SFA.2018184.v1.4,3,0.36000000000000004,0.2293331777609241,0.37310174639331817,0.9651362631966609,0.23124889699394083,0.6624794693448465,0.8862471694572975,0.06484603881835938,0.015537261962890625,262144
NM3692110306120180308,subsetted_512x512_HLS.S30.T13SFA.2018134.v1.4,1,0.45,0.11067468043680691,0.19929270449071676,0.99824387264259,0.1106962330767863,0.9328562352155794,0.9311674954362719,0.4505424499511719,0.049961090087890625,262144
NM3694510319920200523,subsetted_512x512_HLS.S30.T13SFA.2020154.v1.4,4,0.42000000000000004,0.4716206123973114,0.6409540725704136,0.6012377023167248,0.6862887158123528,0.6777730582327037,0.9260964808995894,0.021060943603515625,0.02404022216796875,262144
NM3698710394020180607,subsetted_512x512_HLS.S30.T13SEB.2018189.v1.4,2,0.35000000000000003,0.4476717381281697,0.6184713375796178,0.8737252549490102,0.4786395004929346,0.5977084802958708,0.8885986390929022,0.02321970202781328,0.012720093092462944,262105
NV3594511544620200720,subsetted_512x512_HLS.S30.T11SPV.2020236.v1.4,4,0.42000000000000004,0.0241585033512558,0.04717727436174038,0.23312011371712865,0.026244199071851496,0.20165951594906473,0.7946010036369283,0.04767608642578125,0.005367279052734375,262144
NV3599911559820210610,subsetted_512x512_HLS.S30.T11SPV.2021215.v1.4,4,0.42000000000000004,0.09620418848167539,0.1755223880597015,0.17027027027027028,0.1811088295687885,0.12488581278382128,0.8147441492039607,0.01857757568359375,0.0197601318359375,262144
NV3616411427620190725,subsetted_512x512_HLS.S30.T11SQA.2019226.v1.4,4,0.42000000000000004,0.19710704909099916,0.3293056360175453,0.6951432564640112,0.21575751003144994,0.47235685509507913,0.8562132882193975,0.07035064697265625,0.0218353271484375,262144
NV3630611561820200628,subsetted_512x512_HLS.S30.T11SPA.2020196.v1.4,3,0.36000000000000004,0.9267851525636993,0.9620015509571038,0.9582859001463653,0.9657461280013111,0.9836846381422347,0.9959707802072548,0.04655110588917457,0.04691350489429393,262142
NV3660711406220200922,subsetted_512x512_HLS.S30.T11SQA.2020286.v1.4,4,0.42000000000000004,0.48139599944048117,0.6499220999952788,0.490207250195855,0.9640056022408964,0.9638821634281255,0.9923983023300066,0.02723714627949737,0.05356257295664182,262142
NV3700011641620210517,subsetted_512x512_HLS.S30.T11SNB.2021153.v1.4,1,0.45,0.6836900976157704,0.8121329436859267,0.8767028798068632,0.7564218135989288,0.9057836108869473,0.9063880065176851,0.4358634948730469,0.3760643005371094,262144
NV3701011608020200727,subsetted_512x512_HLS.S30.T11SNB.2020234.v1.4,4,0.42000000000000004,0.7064593475259754,0.8279826279485651,0.9746391339214114,0.7196891191709844,0.8433852530397188,0.9237573107602055,0.05153656005859375,0.038055419921875,262144
NV3716311461020200708,subsetted_512x512_HLS.S30.T11SQB.2020241.v1.4,4,0.42000000000000004,0.3278824608139415,0.4938425959974831,0.9996857010520743,0.3279162642299804,0.9647202729257383,0.9147360115705214,0.7030258178710938,0.2306060791015625,262144
NV3721011487220190823,subsetted_512x512_HLS.S30.T11SPB.2019281.v1.4,5,0.51,0.5280524191189375,0.6911443776561124,0.7709258626580117,0.6263271112344737,0.742775959593085,0.9479431078035272,0.0549740217134225,0.044662816336184206,262142
NV3722911623920180728,subsetted_512x512_HLS.S30.T11SNB.2018224.v1.4,1,0.45,0.7860511791269443,0.8802112596921002,0.8847848187055235,0.875684740078256,0.9105048071047108,0.9654505427035254,0.034122467041015625,0.033771514892578125,262144
NV3727011619820210825,subsetted_512x512_HLS.S30.T11SNB.2021268.v1.4,2,0.35000000000000003,0.5402032199693778,0.7014700566333293,0.5744183292877864,0.9006869449515734,0.897830114240716,0.935194411761429,0.2465657270816405,0.3866146328065096,262137
NV3731011483320200719,subsetted_512x512_HLS.S30.T11SPB.2020241.v1.4,1,0.45,0.7541583440864016,0.8598520727946956,0.9961243024911863,0.7563777545340117,0.918109868701832,0.93947311040126,0.21517562866210938,0.16338729858398438,262144
NV3746711499420200626,subsetted_512x512_HLS.S30.T11SPB.2020196.v1.4,1,0.45,0.4831079713371928,0.65148051345394,0.9944375,0.4844170210174858,0.8958098003289298,0.9083413419243046,0.3758888244628906,0.18310546875,262144
NV3788911411120200713,subsetted_512x512_HLS.S30.T11SQC.2020241.v1.4,4,0.42000000000000004,0.8498437365599105,0.9188275958274563,0.9020359718798503,0.9362562385494978,0.9591107184091998,0.9848810916423052,0.12076568603515625,0.12534713745117188,262144
NV3833511422820200626,subsetted_512x512_HLS.S30.T11SQC.2020196.v1.4,4,0.42000000000000004,0.8064816870144285,0.8928755744513529,0.9853547407246691,0.8162660076387329,0.9058105561526438,0.9529122588402559,0.08489608764648438,0.0703277587890625,262144
NV3881811941120180617,subsetted_512x512_HLS.S30.T11SKD.2018192.v1.4,5,0.51,0.6511519302615193,0.7887244272650137,0.8430068520757759,0.7410097431355182,0.7328271729454087,0.9588937851160645,0.021533966064453125,0.01892852783203125,262144
NV3883311498820200624,subsetted_512x512_HLS.S30.T11SPD.2020184.v1.4,4,0.42000000000000004,0.7735781906185494,0.8723361560380463,0.8867975847250177,0.8583388179544557,0.9244248291981086,0.9609161122852183,0.14490127563476562,0.14025115966796875,262144
NV3884311963920200707,subsetted_512x512_HLS.S30.T11SKD.2020217.v1.4,1,0.45,0.7192272992623255,0.8366866900856295,0.874370951508426,0.8021165023260218,0.8904691010777606,0.9415943906941326,0.3222618103027344,0.29563140869140625,262144
NV3887811956320200624,subsetted_512x512_HLS.S30.T11SKD.2020197.v1.4,2,0.35000000000000003,0.12740799958738427,0.22601932864413565,0.128734284411439,0.925187265917603,0.09554821406115757,0.8124157065438277,0.040740966796875,0.2927970886230469,262144
NV3934011453020200511,subsetted_512x512_HLS.S30.T11SQD.2020196.v1.4,3,0.36000000000000004,0.379045996592845,0.5497220506485485,0.7321487331359,0.44007120253164556,0.5202770942522401,0.8397543323186833,0.019287256525089454,0.011592953437449932,262142
NV3974911820520190813,subsetted_512x512_HLS.S30.T11TLE.2019257.v1.4,2,0.35000000000000003,0.6862831858407079,0.8139595906586198,0.8199118942731277,0.8080930878777354,0.8421626794703696,0.941733567884372,0.02196502685546875,0.021648406982421875,262144
NV3986111961620180727,subsetted_512x512_HLS.S30.T11TKE.2018215.v1.4,3,0.36000000000000004,0.8035158013544018,0.8910549059242826,0.9795535069313062,0.8172222604862593,0.965424844373331,0.9183501696067419,0.6646270751953125,0.5544853210449219,262144
NV4006311484620180813,subsetted_512x512_HLS.S30.T11TPE.2018244.v1.4,1,0.45,0.6472253864930838,0.785837070992472,0.8399400223860108,0.7382821926453936,0.8334033906298955,0.8552699252808343,0.41100311279296875,0.36125946044921875,262144
NV4013411644020190722,subsetted_512x512_HLS.S30.T11TNE.2019224.v1.4,5,0.51,0.8735494197679071,0.9325074754378471,0.9314464514293842,0.9335709194583036,0.9626015948480415,0.9895760230998205,0.026760101318359375,0.026821136474609375,262144
NV4031211561920190804,subsetted_512x512_HLS.S30.T11TPE.2019269.v1.4,2,0.35000000000000003,0.9053893621740094,0.9503457719958918,0.9813623315468699,0.9212297399546016,0.9820773820595866,0.9882982651062937,0.2873747816069153,0.269766004684484,262142
NV4040711826020180623,subsetted_512x512_HLS.S30.T11TLE.2018182.v1.4,3,0.36000000000000004,0.4074285063233451,0.5789686715777544,0.41293302540415705,0.9683184402924452,0.9035049163352504,0.9882748702433174,0.02817535400390625,0.066070556640625,262144
NV4048111917220180723,subsetted_512x512_HLS.S30.T11TLE.2018247.v1.4,1,0.45,0.5477152524555698,0.7077726365836057,0.5695886854331784,0.9344804394126219,0.938161960642238,0.983275770813511,0.06806182861328125,0.111663818359375,262144
NV4056511665220180623,subsetted_512x512_HLS.S30.T11TNE.2018199.v1.4,4,0.42000000000000004,0.6750629722921915,0.806015037593985,0.7250159134309357,0.9073889663413662,0.9239290815059262,0.9803020846279628,0.019153594970703125,0.0239715576171875,262144
NV4057511751220190723,subsetted_512x512_HLS.S30.T11TME.2019222.v1.4,1,0.45,0.6592482690405539,0.7946348733233979,0.898096681825838,0.712548443137779,0.7705285842628729,0.8843219581082717,0.02859960175350759,0.022690877403524597,261647
NV4061211588320180724,subsetted_512x512_HLS.S30.T11TNF.2018219.v1.4,3,0.36000000000000004,0.8508268646641917,0.9194018964259665,0.9307734908621008,0.9083048099441542,0.9437490471518576,0.9841019801149586,0.04235076904296875,0.04132843017578125,262144
NV4061811574920200719,subsetted_512x512_HLS.S30.T11TPE.2020219.v1.4,3,0.36000000000000004,0.7630461831223011,0.8655997675239222,0.9987067726793755,0.7638008718268069,0.9194592918373501,0.9697557302871467,0.10413742065429688,0.07964324951171875,262144
NV4064611615820180823,subsetted_512x512_HLS.S30.T11TNF.2018244.v1.4,2,0.35000000000000003,0.8117084576070502,0.8960696233423506,0.867958395435678,0.9260627201532096,0.9576595931658411,0.9813967748507121,0.22309112548828125,0.23802566528320312,262144
NV4064811732520190722,subsetted_512x512_HLS.S30.T11TMF.2019227.v1.4,4,0.42000000000000004,0.44692213997938723,0.6177556174318461,0.5012821051746605,0.8047373215912542,0.4405212890111984,0.9017854691209313,0.11305618286132812,0.18149566650390625,262144
NV4067411551020180930,subsetted_512x512_HLS.S30.T11TPF.2018289.v1.4,4,0.42000000000000004,0.5947855797790763,0.7459129143385799,0.7625566230275275,0.7299802244406852,0.7463825277567728,0.9052046141123966,0.1613847147669071,0.1544903640586308,260068
NV4067711610520180627,subsetted_512x512_HLS.S30.T11TNF.2018199.v1.4,2,0.35000000000000003,0.7084939829419324,0.8293783765301238,0.8014803066349458,0.859288649567805,0.8847837582553943,0.9738285624839784,0.026920318603515625,0.02886199951171875,262144
NV4076011752020180724,subsetted_512x512_HLS.S30.T11TMF.2018222.v1.4,1,0.45,0.8896684347329938,0.9416132675769674,0.9728031055757099,0.9123613037447988,0.9738699470595893,0.98730829752554,0.176025390625,0.16508865356445312,262144
NV4076611721820190808,subsetted_512x512_HLS.S30.T11TMF.2019257.v1.4,1,0.45,0.8041719342604299,0.8914582019480064,0.9726299694189603,0.8227913594619066,0.9107217055553769,0.9767526928587501,0.029491424560546875,0.0249481201171875,262144
NV4083911966720200812,subsetted_512x512_HLS.S30.T11TKF.2020265.v1.4,1,0.45,0.6253266640651791,0.7694781337077753,0.6941443629156111,0.8631541148434695,0.899216805356098,0.9429042492018133,0.23371124267578125,0.2906150817871094,262144
NV4089711609720191014,subsetted_512x512_HLS.S30.T11TNF.2019314.v1.4,5,0.51,0.7756628144119646,0.8736600306278713,0.9380138112463006,0.8175695041559186,0.8870651551666977,0.9619789358283688,0.02661895751953125,0.02320098876953125,262144
NV4099311562120210622,subsetted_512x512_HLS.S30.T11TPF.2021183.v1.4,3,0.36000000000000004,0.7240471557742932,0.8399389231892718,0.7826302115551157,0.9063037249283667,0.9323641940735841,0.9876867693136869,0.0266265869140625,0.030834197998046875,262144
NV4116511680820190722,subsetted_512x512_HLS.S30.T11TNF.2019224.v1.4,3,0.36000000000000004,0.5242043072231751,0.6878399499843701,0.6141565256224182,0.7816140949133277,0.6675973910754265,0.9658659709707017,0.02684783935546875,0.034168243408203125,262144
NV4124711727320200723,subsetted_512x512_HLS.S30.T11TMF.2020217.v1.4,4,0.42000000000000004,0.075546809959888,0.140480747579374,0.07589143161255987,0.9432999432999433,0.8452454245491853,0.9631407376401595,0.020183563232421875,0.2508735656738281,262144
NV4125011713520190916,subsetted_512x512_HLS.S30.T11TMF.2019312.v1.4,2,0.35000000000000003,0.3312248995983936,0.49762425522286746,0.33419439801448614,0.9738745387453874,0.9514250194368936,0.9910309360388064,0.025844968337529563,0.07531471732661936,262140
NV4127811541520180716,subsetted_512x512_HLS.S30.T11TPF.2018219.v1.4,2,0.35000000000000003,0.9010446742611161,0.9479468699085963,0.9736230075443871,0.9235901851054671,0.9614477650875448,0.9845340189497557,0.070892333984375,0.06724929809570312,262144
NV4130311596620180903,subsetted_512x512_HLS.S30.T11TNF.2018289.v1.4,5,0.51,0.8688722155269603,0.9298358746073679,0.9276938402789308,0.9319878236937575,0.9661322242816065,0.9897213510545909,0.0915043403605838,0.09192788323953067,262075
NV4160011549220180725,subsetted_512x512_HLS.S30.T11TPG.2018219.v1.4,3,0.36000000000000004,0.8301716350496838,0.9072063178677197,0.8596819457436857,0.9602925809822361,0.9655286188431774,0.9939838349889599,0.018253326416015625,0.020389556884765625,262144
NV4164111779920190723,subsetted_512x512_HLS.S30.T11TMG.2019217.v1.4,5,0.51,0.8942786069651741,0.9441891004596191,0.9453418482344103,0.9430391605771032,0.9522983550013956,0.9890119905890076,0.020359039306640625,0.0203094482421875,262144
NV4180711406520180726,subsetted_512x512_HLS.S30.T12TTM.2018219.v1.4,5,0.51,0.8355591260981158,0.9104137417510274,0.9982860170151765,0.8367595354644571,0.9847276765695188,0.9540948730309761,0.7301979064941406,0.6120491027832031,262144
NV4180711966720200727,subsetted_512x512_HLS.S30.T10TGM.2020215.v1.4,1,0.45,0.4257013998711416,0.5971817098722321,0.46146031746031746,0.846001629612385,0.8254705865456134,0.940217967031962,0.032772064208984375,0.06008148193359375,262144
NV4181211632420180817,subsetted_512x512_HLS.S30.T11TNG.2018289.v1.4,4,0.42000000000000004,0.6889126283825273,0.815806119043943,0.9985065073607852,0.6896232333141069,0.9886593380194115,0.9001870100299273,0.9070533873061941,0.6264607041930803,261860
NV4186711864020180724,subsetted_512x512_HLS.S30.T11TLG.2018247.v1.4,5,0.51,0.30745380519887255,0.47030924377799604,0.3135319855641787,0.9406860866232273,0.755014358602931,0.9769365404258756,0.0398101806640625,0.11944198608398438,262144
NV4193711416620190804,subsetted_512x512_HLS.S30.T12TTM.2019244.v1.4,4,0.42000000000000004,0.9178141669768018,0.95714609140011,0.9553231325456776,0.9589760207388205,0.984907262503424,0.9949316007731104,0.1177215576171875,0.11817169189453125,262144
NV4194911609820180721,subsetted_512x512_HLS.S30.T11TNG.2018219.v1.4,1,0.45,0.9051713697468814,0.9502256690610895,0.9684274176132682,0.9326955074875208,0.9590105394851574,0.9865390988594981,0.091705322265625,0.08832168579101562,262144
NY4487007364020180712,subsetted_512x512_HLS.S30.T18TXQ.2018266.v1.4,2,0.35000000000000003,0.35859400193485974,0.5278898647044861,0.8860557768924303,0.37592968221771467,0.6293505042383718,0.9482070996168346,0.011347028022325796,0.004814239407714291,260685
OK3434009530020180724,subsetted_512x512_HLS.S30.T15STU.2018237.v1.4,3,0.36000000000000004,0.2889253486464315,0.44831975560081466,0.992112676056338,0.289590527873705,0.5133644405992808,0.8719797111191843,0.0231983245018712,0.006771423448581053,262131
OK3434009756220180322,subsetted_512x512_HLS.S30.T14SPD.2018100.v1.4,5,0.51,0.5349198756278403,0.6970003895597975,0.5591948993624203,0.924937965260546,0.6618508823559038,0.9843103125723316,0.0184478759765625,0.030513763427734375,262144
OK3475809868420180702,subsetted_512x512_HLS.S30.T14SND.2018215.v1.4,3,0.36000000000000004,0.4616681165724228,0.6317003310642414,0.933076923076923,0.47747849069335885,0.7856133939350223,0.9491035889213809,0.06783986693726825,0.03471533425907558,262132
OK3525609595520200222,subsetted_512x512_HLS.S30.T14SQE.2020065.v1.4,2,0.35000000000000003,0.38131107491856675,0.5521002210759027,0.47483838255799216,0.6593909522971307,0.4475116426945609,0.9050211931534277,0.021671377835761396,0.03009426152901279,262143
OK3529509619120180124,subsetted_512x512_HLS.S30.T14SQE.2018075.v1.4,2,0.35000000000000003,0.1906840503130205,0.3202932805942791,0.21195097037793667,0.6552200513124137,0.15128913089420631,0.8942659680009206,0.019329071044921875,0.05975341796875,262144
OK3535809587220180315,subsetted_512x512_HLS.S30.T15STV.2018102.v1.4,4,0.42000000000000004,0.3141525584934373,0.478106680176594,0.5949207492795389,0.3996370235934664,0.4357952457664329,0.9086888386676777,0.031528472900390625,0.02117919921875,262144
OK3557109641620180320,subsetted_512x512_HLS.S30.T14SQE.2018100.v1.4,2,0.35000000000000003,0.2508075680664513,0.4010330197380557,0.38635151945974766,0.4168744007670182,0.25016025416164595,0.8612071634654455,0.019893646240234375,0.021465301513671875,262144
OK3566409983720180413,subsetted_512x512_HLS.S30.T14SME.2018138.v1.4,1,0.45,0.4086693351557161,0.5802203894933814,0.875,0.43400725764644893,0.7515228477010975,0.9580349891432878,0.036792755126953125,0.01824951171875,262144
OK3632609837220200610,subsetted_512x512_HLS.S30.T14SNF.2020183.v1.4,2,0.35000000000000003,0.702323206535614,0.825134973005399,0.9447115384615384,0.7324281150159745,0.8961947111231273,0.973480457918875,0.07164028793444799,0.05554220406419397,262143
OK3642109646420180203,subsetted_512x512_HLS.S30.T14SQF.2018075.v1.4,4,0.42000000000000004,0.8771902475525347,0.9345778870268564,0.983810056647318,0.8900382778146848,0.9649451010233309,0.985277196992007,0.12058639526367188,0.10909271240234375,262144
OK3648509869620180306,subsetted_512x512_HLS.S30.T14SNF.2018095.v1.4,2,0.35000000000000003,0.5941185480165416,0.7453881629515757,0.7206018948541706,0.7719402985074627,0.7967874620750551,0.9432714775191761,0.023596423674374048,0.025277522117244877,212956
OK3650509633420180324,subsetted_512x512_HLS.S30.T14SQF.2018100.v1.4,4,0.42000000000000004,0.7039148480571759,0.8262324245366932,0.9348333902702503,0.7402379020171225,0.909949199063783,0.8965406142608437,0.5217923725742276,0.41317575429266823,262133
OK3661710061020200307,subsetted_512x512_HLS.S30.T14SLF.2020108.v1.4,3,0.36000000000000004,0.7792180614028609,0.8759106916759495,0.9806044832767888,0.7914155685029132,0.9629171292735335,0.9792790794280642,0.30510711669921875,0.24624252319335938,262144
OK3669509679920191116,subsetted_512x512_HLS.S30.T14SPF.2019345.v1.4,5,0.51,0.6558258298615778,0.7921434948461975,0.6758066749757651,0.9568627450980393,0.9147567413495137,0.9923518919168793,0.0194549560546875,0.027545928955078125,262144
OK3671910126720190819,subsetted_512x512_HLS.S30.T14SKF.2019246.v1.4,3,0.36000000000000004,0.4289683040787978,0.6003888299752562,0.5689164294088093,0.6355472404115996,0.6780074523855671,0.9361562220456762,0.020389556884765625,0.022777557373046875,262144
OK3680809902720180218,subsetted_512x512_HLS.S30.T14SMF.2018098.v1.4,1,0.45,0.6208638360175696,0.7660900591662526,0.8055661094224924,0.730302247481271,0.6885510913431236,0.9564978534804167,0.044300079345703125,0.0401611328125,262144
OK3694010296020180524,subsetted_512x512_HLS.S30.T13SFA.2018159.v1.4,1,0.45,0.6294436368441919,0.7725871857258718,0.7280648119841027,0.8229094678645473,0.8304568263789907,0.9798212835353584,0.0220794677734375,0.02495574951171875,262144
OK3698609831720200617,subsetted_512x512_HLS.S30.T14SNG.2020183.v1.4,3,0.36000000000000004,0.4518232311035982,0.6224218230206254,0.5340119874417277,0.7459136212624585,0.49186956176228613,0.9689124749076268,0.028705596923828125,0.040096282958984375,262144
OR4209412026920200816,subsetted_512x512_HLS.S30.T11TKG.2020265.v1.4,5,0.51,0.5188281848353332,0.6831953607597596,0.776186384035138,0.610102071450015,0.7449743959223114,0.9493327135118961,0.050829159243590084,0.03995300095752919,262133
OR4209912285420180715,subsetted_512x512_HLS.S30.T10TEM.2018213.v1.4,5,0.51,0.39923954372623577,0.5706521739130435,0.8224543080939948,0.4368932038834951,0.5329736030497545,0.857164610521362,0.019252777099609375,0.010227203369140625,262144
OR4240411760120180724,subsetted_512x512_HLS.S30.T11TMG.2018222.v1.4,4,0.42000000000000004,0.8649625830320357,0.9275924256086564,0.9914702905884054,0.8714473294082765,0.9641712077953398,0.9890621550988504,0.09006118774414062,0.07915878295898438,262144
OR4241211864020180705,subsetted_512x512_HLS.S30.T11TLH.2018217.v1.4,4,0.42000000000000004,0.11380215932302305,0.20434896515588158,0.12887084592145015,0.4932249322493225,0.37363493783290963,0.8277153544036824,0.021134262706331116,0.08088676082582084,261897
OR4245011723920190723,subsetted_512x512_HLS.S30.T11TMH.2019227.v1.4,1,0.45,0.6178308234540212,0.7637767985344358,0.8487015845070423,0.6943019173642992,0.8107746269105534,0.9571006566615634,0.042377471923828125,0.03466796875,262144
OR4250212055220200721,subsetted_512x512_HLS.S30.T10TFN.2020235.v1.4,3,0.36000000000000004,0.4766911696287336,0.6456206679269061,0.4974269346538499,0.9195835577095675,0.9061790964007008,0.983052199423277,0.021251759535825865,0.03928771700941852,262143
OR4261011964820190915,subsetted_512x512_HLS.S30.T10TGN.2019305.v1.4,5,0.51,0.7089452717605019,0.8296875078160563,0.7318560485721346,0.957710207522548,0.9660770683958687,0.9738381629335502,0.3303260803222656,0.4322662353515625,262144
OR4261111754220180615,subsetted_512x512_HLS.S30.T11TMH.2018182.v1.4,2,0.35000000000000003,0.20152995628696324,0.33545556685035577,0.20382289838111955,0.947129909365559,0.6657070335466702,0.9635668960798974,0.03787994384765625,0.17602157592773438,262144
OR4265012082720180815,subsetted_512x512_HLS.S30.T10TFN.2018245.v1.4,5,0.51,0.8209108578138603,0.9016485944835599,0.9936711962848146,0.8252255277578496,0.9809659405866143,0.9360706156149846,0.7497367858886719,0.6226425170898438,262144
OR4275611811920200817,subsetted_512x512_HLS.S30.T11TMH.2020247.v1.4,5,0.51,0.5819451371571073,0.735733652815436,0.8757129990993695,0.6343372838969229,0.7580501521550368,0.9177665698123414,0.07016754150390625,0.0508270263671875,262144
OR4292012329520190725,subsetted_512x512_HLS.S30.T10TDN.2019213.v1.4,2,0.35000000000000003,0.31320264303385215,0.47700580667469505,0.8534795408968725,0.33100013238019593,0.6825453021005657,0.8430366740216991,0.2313204311611955,0.08971169157275845,261248
OR4302111828620200805,subsetted_512x512_HLS.S30.T11TLH.2020247.v1.4,5,0.51,0.7860183154907777,0.8801906550155268,0.9874422749736693,0.7939547912188131,0.9075298859042374,0.9682206806671172,0.058559417724609375,0.047084808349609375,262144
OR4316311929120190721,subsetted_512x512_HLS.S30.T11TLH.2019215.v1.4,1,0.45,0.7502960331557135,0.8573361522198731,0.8459612817089452,0.8690210869192525,0.9056609302070696,0.977830807616446,0.022251129150390625,0.022857666015625,262144
OR4327211882920180427,subsetted_512x512_HLS.S30.T11TLH.2018152.v1.4,1,0.45,0.06740042499863783,0.12628892291985708,0.08282003213711837,0.26579286635152555,0.09486004309760496,0.5920188626197874,0.01775360107421875,0.056976318359375,262144
OR4380511789220200816,subsetted_512x512_HLS.S30.T11TMJ.2020247.v1.4,1,0.45,0.7638842175348521,0.8661387294483899,0.9869282204998138,0.7716918724386844,0.9570034460732172,0.9339442063400448,0.5501289367675781,0.43015289306640625,262144
OR4383912111420180907,subsetted_512x512_HLS.S30.T10TFP.2018285.v1.4,3,0.36000000000000004,0.08548969425528997,0.15751359908385118,0.08569334371707361,0.9729532924165193,0.7445609693229087,0.9601212963358522,0.036670684814453125,0.4163551330566406,262144
OR4393211800020180714,subsetted_512x512_HLS.S30.T11TMJ.2018217.v1.4,3,0.36000000000000004,0.6022864287947126,0.7517837235228539,0.6290871775735809,0.9339380929298525,0.9307273755388059,0.9856280745632272,0.055088043212890625,0.08178329467773438,262144
OR4403912052820200816,subsetted_512x512_HLS.S30.T10TFP.2020248.v1.4,2,0.35000000000000003,0.3087092542133414,0.4717766810610734,0.3249484798912235,0.8606718811546902,0.7803557180347293,0.9329047266840345,0.06779098510742188,0.17955398559570312,262144
OR4408012020420180716,subsetted_512x512_HLS.S30.T10TGP.2018215.v1.4,1,0.45,0.514456889815056,0.6793945648434813,0.5582249858677218,0.8677504393673111,0.8478197257027009,0.9649062286809211,0.0260467529296875,0.04048919677734375,262144
OR4441811785820200817,subsetted_512x512_HLS.S30.T11TMK.2020247.v1.4,2,0.35000000000000003,0.8215341798573665,0.9020244461420932,0.9864243943191312,0.8309289232934554,0.911474607697541,0.967799347821532,0.0650482177734375,0.0547943115234375,262144
OR4453312109120180817,subsetted_512x512_HLS.S30.T10TFQ.2018245.v1.4,3,0.36000000000000004,0.36073126501004754,0.53020206749991,0.37201779215527697,0.9224213560596566,0.8673755798643108,0.973180930032023,0.030437469482421875,0.075469970703125,262144
OR4453912142620180621,subsetted_512x512_HLS.S30.T10TFQ.2018183.v1.4,1,0.45,0.2301965683400046,0.374243554671309,0.2327481762173588,0.9545406491172428,0.9177760572062936,0.9765819432012848,0.03608831507743021,0.14800444093442755,262107
OR4475511980220200819,subsetted_512x512_HLS.S30.T10TGQ.2020275.v1.4,2,0.35000000000000003,0.295615346287992,0.4563319616967273,0.30057247074319876,0.9471583652618135,0.9310169341064549,0.983737554820511,0.02389544597965988,0.07529888381106423,262142
OR4480012022420180817,subsetted_512x512_HLS.S30.T10TGQ.2018245.v1.4,4,0.42000000000000004,0.6744664438158909,0.8055896805896806,0.9860393463406724,0.6809692280282013,0.9682977434377836,0.90414754837752,0.7493782043457031,0.5175285339355469,262144
OR4494912090120190812,subsetted_512x512_HLS.S30.T10TFQ.2019245.v1.4,3,0.36000000000000004,0.7443798281399184,0.8534607155296811,0.7950310559006211,0.9211600429645542,0.9363363729020897,0.9823319265268636,0.03551483154296875,0.041149139404296875,262144
OR4504511946220190805,subsetted_512x512_HLS.S30.T10TGR.2019245.v1.4,5,0.51,0.4181147972617167,0.5896769402153732,0.7093508040500298,0.5045541198898539,0.6227582737547985,0.9331537630507858,0.03601837158203125,0.0256195068359375,262144
OR4514511998420180817,subsetted_512x512_HLS.S30.T10TGR.2018245.v1.4,5,0.51,0.8027610995384552,0.8905906608967533,0.8938918451812434,0.887313769751693,0.9484670119346787,0.9851683094184203,0.08449554443359375,0.08387374877929688,262144
OR4527212061320180622,subsetted_512x512_HLS.S30.T10TFR.2018188.v1.4,2,0.35000000000000003,0.776025838281856,0.8738902571739504,0.9060259208123635,0.8439561351347614,0.9385492340860149,0.9560306357471073,0.2758522033691406,0.2569541931152344,262144
OR4531411905220180816,subsetted_512x512_HLS.S30.T11TLL.2018245.v1.4,5,0.51,0.9238276299112801,0.9604058238355623,0.9978097193702943,0.9257048514097028,0.9786461170612508,0.9940377484146703,0.060074540037613346,0.055733364868524954,262141
OR4538011911420200908,subsetted_512x512_HLS.S30.T11TLL.2020275.v1.4,3,0.36000000000000004,0.9191534596057209,0.957873853187911,0.9989917025522529,0.9200069643271687,0.9780924157151525,0.9860638167655176,0.1971893310546875,0.18159866333007812,262144
OR4542812106020180726,subsetted_512x512_HLS.S30.T10TFR.2018213.v1.4,2,0.35000000000000003,0.9299718111346018,0.9637154343595156,0.9726333323506,0.9549595837524514,0.9803867600075384,0.9850544343508892,0.5271415710449219,0.5175628662109375,262144
OR4556212040420200429,subsetted_512x512_HLS.S30.T10TFR.2020173.v1.4,5,0.51,0.12203462278264586,0.21752380952380954,0.19524705077791074,0.24553859385078478,0.16639727612665156,0.7804491595571158,0.017742156982421875,0.022312164306640625,262144
OR4572112013020190713,subsetted_512x512_HLS.S30.T10TGR.2019215.v1.4,1,0.45,0.9053803339517625,0.9503407984420643,0.9665106229744328,0.9347031168378896,0.9510453666404446,0.9796482490385132,0.021907806396484375,0.02118682861328125,262144
OR4576612011120180727,subsetted_512x512_HLS.S30.T10TGR.2018215.v1.4,5,0.51,0.8315457413249211,0.9080261798139855,0.87470135386249,0.9439908322589887,0.8463714440562639,0.9914437300152428,0.026630401611328125,0.02873992919921875,262144
OR4597411899820180729,subsetted_512x512_HLS.S30.T11TLL.2018215.v1.4,3,0.36000000000000004,0.8070215029498049,0.8932063084278884,0.8590154933685638,0.9302316939484587,0.8231573951398348,0.9643403403099756,0.2053116047348203,0.2223328488649325,262143
SC3269708070820210406,subsetted_512x512_HLS.S30.T17SNS.2021128.v1.4,4,0.42000000000000004,0.0213985137433969,0.041900420757363256,0.041565217391304345,0.04224107458465889,0.04828097601651652,0.7753203337288699,0.02158553334350679,0.02193651762551503,262120
SD4311610262120200616,subsetted_512x512_HLS.S30.T13TFH.2020204.v1.4,2,0.35000000000000003,0.6097593944309273,0.7575783021244437,0.998229696835583,0.6104194857916103,0.9042998983207852,0.9709961969414247,0.02819061279296875,0.017238616943359375,262144
SD4327410271120200806,subsetted_512x512_HLS.S30.T13TFJ.2020264.v1.4,2,0.35000000000000003,0.7230876216968011,0.8392929211397208,0.8828323993886907,0.7998461538461539,0.799773700546635,0.9632844556673164,0.0247955322265625,0.022464752197265625,262144
SD4334810247820200914,subsetted_512x512_HLS.S30.T13TGJ.2020309.v1.4,4,0.42000000000000004,0.7294326540965588,0.8435513835924514,0.8646021246742834,0.8235013363879343,0.8772068990934576,0.9615258164005509,0.0399627685546875,0.03806304931640625,262144
TN3638708498220210309,subsetted_512x512_HLS.S30.T16SFF.2021094.v1.4,1,0.45,0.15642303433001106,0.270529087862102,0.7573726541554959,0.16467502185951619,0.44165187143899287,0.8981943305504434,0.013088226318359375,0.00284576416015625,262144
TX2691709832320210126,subsetted_512x512_HLS.S30.T14RNQ.2021051.v1.4,3,0.36000000000000004,0.3449390796892867,0.5129437978246211,0.35968915751819414,0.8937474458520638,0.3350802213311704,0.9330130447718323,0.0373382568359375,0.09277725219726562,262144
TX2708809759120180311,subsetted_512x512_HLS.S30.T14RPQ.2018107.v1.4,3,0.36000000000000004,0.4696798005633438,0.6391593602678768,0.934368156640474,0.48570376322485603,0.7393652592133946,0.8870104588012198,0.1139373779296875,0.05922698974609375,262144
TX2846709731320190825,subsetted_512x512_HLS.S30.T14RPS.2019257.v1.4,4,0.42000000000000004,0.2589266155531216,0.411345049591091,0.9509251810136766,0.26243339253996445,0.7590528851028171,0.9511603108816935,0.017181396484375,0.004741668701171875,262144
TX2932610087120200827,subsetted_512x512_HLS.S30.T14RLT.2020273.v1.4,2,0.35000000000000003,0.6656072264971562,0.7992367178869138,0.7747274143302181,0.825347438290811,0.858362008636905,0.9734882381997497,0.018390655517578125,0.01959228515625,262144
TX3009510451420190718,subsetted_512x512_HLS.S30.T13REP.2019241.v1.4,2,0.35000000000000003,0.4711915535444947,0.6405577199097806,0.822538177988415,0.5245130960376091,0.6892292057514362,0.960991583668256,0.0227203369140625,0.01448822021484375,262144
TX3022610256120200301,subsetted_512x512_HLS.S30.T13RGP.2020118.v1.4,5,0.51,0.15958147362259456,0.2752397778899546,0.771080077779742,0.16751795383847307,0.4475319014558472,0.8130362268229703,0.09933090209960938,0.021579742431640625,262144
TX3029010150020200419,subsetted_512x512_HLS.S30.T14RKU.2020158.v1.4,2,0.35000000000000003,0.31054627183200084,0.47391882073403024,0.9755052546483428,0.3129868670188392,0.8444674231101047,0.8384164302832249,0.44133886359907354,0.14160176744647485,262073
TX3034010088120200816,subsetted_512x512_HLS.S30.T14RLU.2020278.v1.4,5,0.51,0.14250569476082003,0.2494616795597735,0.887627695800227,0.14512387491880857,0.5292269391595708,0.8668160927891884,0.041110992431640625,0.00672149658203125,262144
TX3054610425020180430,subsetted_512x512_HLS.S30.T13REP.2018141.v1.4,5,0.51,0.7260982539643993,0.8413174073917753,0.9985972880903079,0.7268395848020031,0.9527454918077908,0.9600967262111793,0.3140552652372573,0.2285884423203918,261973
TX3064710027020190914,subsetted_512x512_HLS.S30.T14RLU.2019293.v1.4,4,0.42000000000000004,0.08388691487718214,0.15478905359179018,0.9836956521739131,0.08400371287128713,0.492061754403319,0.9004084931573701,0.02465839125359538,0.0021057289560619816,262142
TX3065009856720180718,subsetted_512x512_HLS.S30.T14RNU.2018215.v1.4,1,0.45,0.4436193081883916,0.6145932042777853,0.932621199671323,0.4583080961033717,0.7260321155937113,0.9373691625110857,0.018894195556640625,0.00928497314453125,262144
TX3065310092220200611,subsetted_512x512_HLS.S30.T14RLU.2020193.v1.4,2,0.35000000000000003,0.3510944959913521,0.5197186385305197,0.9525846266650373,0.35733932337031266,0.7017724020173236,0.8941465275404018,0.08321380615234375,0.031215667724609375,262144
TX3068710057220191007,subsetted_512x512_HLS.S30.T14RLV.2019348.v1.4,4,0.42000000000000004,0.3979115752055099,0.5692943420216148,0.7919522440857838,0.44436174171938964,0.6535590530114881,0.9408653389527513,0.030750274658203125,0.017253875732421875,262144
TX3076510415220180516,subsetted_512x512_HLS.S30.T13REQ.2018156.v1.4,3,0.36000000000000004,0.7535132338994741,0.8594326171394857,0.8261650439550052,0.8954918032786885,0.8068908459198091,0.9850560702728941,0.0372314453125,0.040355682373046875,262144
TX3086010191020200831,subsetted_512x512_HLS.S30.T14RKV.2020268.v1.4,2,0.35000000000000003,0.16806700964297716,0.28776946571643575,0.9983108108108109,0.16811481768813033,0.758283774399509,0.8780042034083141,0.14751434326171875,0.02484130859375,262144
TX3086610127820180604,subsetted_512x512_HLS.S30.T14RKV.2018193.v1.4,2,0.35000000000000003,0.3443894952251023,0.5123358914187861,0.565053161723559,0.4686158487063464,0.4327755513711542,0.9137611276023807,0.032881258941344776,0.027269432522651408,262125
TX3095610045720180124,subsetted_512x512_HLS.S30.T14RLV.2018043.v1.4,2,0.35000000000000003,0.6670437405731523,0.8002714318027595,0.9172932330827067,0.7097291875626881,0.8653083050434616,0.9701853962682887,0.019016265869140625,0.014713287353515625,262144
TX3095710045720190723,subsetted_512x512_HLS.S30.T14RLV.2019223.v1.4,3,0.36000000000000004,0.3439054726368159,0.5118000925497455,0.9981949458483754,0.3441194772868699,0.7579921812307633,0.9402445237653921,0.018390655517578125,0.00634002685546875,262144
TX3096410129920180702,subsetted_512x512_HLS.S30.T14RKV.2018213.v1.4,3,0.36000000000000004,0.1780483651226158,0.3022768341163715,0.25493782004389176,0.3712053967690396,0.17854686631424108,0.9065579201036477,0.021488189697265625,0.03128814697265625,262144
TX3097610133020180413,subsetted_512x512_HLS.S30.T14RKV.2018143.v1.4,2,0.35000000000000003,0.23438953647457997,0.379765915942543,0.91263584061368,0.23976935565134636,0.5622596268667638,0.8568356131395812,0.068142717087369,0.017902579146337277,262141
TX3111910137620200901,subsetted_512x512_HLS.S30.T14RKV.2020278.v1.4,1,0.45,0.5801540390471073,0.7343006121060984,0.7737697085523172,0.698662640207075,0.8005200629491038,0.9781943395531254,0.0176849365234375,0.01596832275390625,262144
TX3112609904920200802,subsetted_512x512_HLS.S30.T14RMV.2020280.v1.4,4,0.42000000000000004,0.561977152109382,0.7195715396354632,0.9713530532125783,0.5714481717774577,0.9104156751609462,0.9636016180390953,0.16682052612304688,0.09814071655273438,262144
TX3146709888420200712,subsetted_512x512_HLS.S30.T14RNV.2020220.v1.4,3,0.36000000000000004,0.5844850378560269,0.737760248776973,0.9670908729369656,0.5963460241554779,0.838739411894906,0.9481869630977997,0.062221527099609375,0.03836822509765625,262144
TX3149009984920200712,subsetted_512x512_HLS.S30.T14RMV.2020220.v1.4,1,0.45,0.13258136094674555,0.23412244897959184,0.8690909090909091,0.13528301886792451,0.4732876995805983,0.9016403988560122,0.0202178955078125,0.003147125244140625,262144
TX3157209838720180723,subsetted_512x512_HLS.S30.T14RNV.2018215.v1.4,4,0.42000000000000004,0.7773308432696452,0.8747171031361138,0.9364832121841468,0.8205944798301487,0.8771226416259111,0.9601429599762874,0.02515641690828628,0.022043338928734932,262120
TX3159210116820200704,subsetted_512x512_HLS.S30.T14SKA.2020223.v1.4,3,0.36000000000000004,0.2790941937652298,0.4363934964690425,0.9713408393039918,0.28141150554943656,0.8656096761649108,0.9604187115531003,0.09004974365234375,0.026088714599609375,262144
TX3165409878420180723,subsetted_512x512_HLS.S30.T14SNA.2018215.v1.4,5,0.51,0.4074401148029584,0.5789803921568627,0.6917166416791605,0.49784192069058536,0.5405539069692216,0.9389468080745316,0.02828216552734375,0.020355224609375,262144
TX3166310307120200827,subsetted_512x512_HLS.S30.T13SFR.2020251.v1.4,5,0.51,0.8725168422870963,0.9319188191881919,0.9946829460417487,0.8766053453661923,0.9624447654726137,0.9877883370411424,0.02198028564453125,0.01937103271484375,262144
TX3185709976920200614,subsetted_512x512_HLS.S30.T14SMA.2020185.v1.4,4,0.42000000000000004,0.32589975712077723,0.4915903413821815,0.9736147757255936,0.32880374248162175,0.6576339382136227,0.9324221935761399,0.017124241349187275,0.005783103115475141,262143
TX3206310086420200619,subsetted_512x512_HLS.S30.T14SLA.2020193.v1.4,2,0.35000000000000003,0.49219299479532985,0.6596907993966817,0.990376450608548,0.4945583038869258,0.8330018147819251,0.9364944737937644,0.08096694946289062,0.040431976318359375,262144
TX3217410111820190907,subsetted_512x512_HLS.S30.T14SKA.2019278.v1.4,3,0.36000000000000004,0.5966458214894826,0.7473740430834965,0.9370535714285714,0.6215575954989636,0.8156495717235058,0.9472871717554083,0.038646697998046875,0.025634765625,262144
TX3231910015220200713,subsetted_512x512_HLS.S30.T14SLA.2020223.v1.4,2,0.35000000000000003,0.6017924853498794,0.7513988120857364,0.9098394830102147,0.6399560117302053,0.7938759744234437,0.9348810910588669,0.052032470703125,0.03659820556640625,262144
TX3267009971820180413,subsetted_512x512_HLS.S30.T14SMB.2018138.v1.4,4,0.42000000000000004,0.3898305084745763,0.5609756097560976,0.8645969702636993,0.41517736865738664,0.6346307589816844,0.9118463177630798,0.042476654052734375,0.020397186279296875,262144
TX3268709915020200830,subsetted_512x512_HLS.S30.T14SMB.2020268.v1.4,1,0.45,0.44451625733320077,0.6154534503527792,0.7884479717813051,0.5047135196161445,0.7160939307392784,0.9490150066666673,0.07583963011323501,0.048547637904831215,233585
TX3272009947720180226,subsetted_512x512_HLS.S30.T14SMB.2018073.v1.4,2,0.35000000000000003,0.9174030564507745,0.9569224930192208,0.9617983651226159,0.9520958083832335,0.9735325302392701,0.9892254126415612,0.07071304321289062,0.06999969482421875,262144
TX3272509755820180122,subsetted_512x512_HLS.S30.T14SPB.2018035.v1.4,1,0.45,0.83949885719123,0.9127473538886333,0.9017094017094017,0.924058889303019,0.9327198153817627,0.9856735035465793,0.040939487226437477,0.04195420056991794,262143
TX3300809836120180710,subsetted_512x512_HLS.S30.T14SNB.2018215.v1.4,3,0.36000000000000004,0.691183879093199,0.8173964849568067,0.9872871192132406,0.6973907150118603,0.8353238339592035,0.9419105918625388,0.02251434326171875,0.015903472900390625,262144
TX3312809957020190729,subsetted_512x512_HLS.S30.T14SMB.2019228.v1.4,4,0.42000000000000004,0.7899443225915302,0.8826468093128476,0.9403494677646114,0.8316163410301953,0.9216408085007429,0.9760616066286394,0.04295447436083284,0.037987624838825354,262138
TX3332410108120190809,subsetted_512x512_HLS.S30.T14SKB.2019268.v1.4,2,0.35000000000000003,0.398156974896727,0.5695454545454546,0.8420698924731183,0.43028846153846156,0.608718138603274,0.9001748329320493,0.0333251953125,0.01702880859375,262144
TX3362710093720190817,subsetted_512x512_HLS.S30.T14SLC.2019258.v1.4,3,0.36000000000000004,0.7114883984153934,0.831426492956815,0.8610958904109589,0.8037335379107531,0.8617497865478634,0.9657925159278493,0.029837934349677242,0.027850264768270537,262116
TX3378209927320180716,subsetted_512x512_HLS.S30.T14SMC.2018213.v1.4,2,0.35000000000000003,0.5618447176843498,0.7194629675059658,0.6286538311637696,0.8409363432563475,0.6259043585247338,0.9657655711098968,0.07316970825195312,0.09787750244140625,262144
TX3401610055920180125,subsetted_512x512_HLS.S30.T14SLC.2018038.v1.4,5,0.51,0.8979584329593526,0.9462361423366152,0.9905051734631771,0.9057548885013543,0.9685705149469385,0.9851935727751604,0.10280990600585938,0.09401321411132812,262144
TX3402609987020190820,subsetted_512x512_HLS.S30.T14SMC.2019258.v1.4,5,0.51,0.5633440640703518,0.7206910839621813,0.9971508981619819,0.5642522905115803,0.8828932985431803,0.9263339469616493,0.19402313232421875,0.10979080200195312,262144
TX3447710074220200711,subsetted_512x512_HLS.S30.T14SLD.2020218.v1.4,4,0.42000000000000004,0.8143117778228258,0.8976536312849162,0.923448275862069,0.8732608695652174,0.9413754604242048,0.9920357142013049,0.017547607421875,0.01659393310546875,262144
TX3455510115820180717,subsetted_512x512_HLS.S30.T14SLD.2018218.v1.4,2,0.35000000000000003,0.6733333333333333,0.8047808764940239,0.9164114778269252,0.7173932344845956,0.8519254512590295,0.9491469327472213,0.042964935302734375,0.033634185791015625,262144
TX3464410105120180510,subsetted_512x512_HLS.S30.T14SLD.2018163.v1.4,3,0.36000000000000004,0.33264612470050703,0.4992264916168416,0.7877028631745613,0.3654058024237973,0.6666815778144016,0.9360759648980863,0.06232452392578125,0.028911590576171875,262144
TX3481010130620180508,subsetted_512x512_HLS.S30.T14SKD.2018156.v1.4,2,0.35000000000000003,0.8905276939386741,0.9420943123910266,0.9514678484554013,0.932903664324121,0.97472124992248,0.9682111398651008,0.6285781860351562,0.6163139343261719,262144
TX3482010022020180413,subsetted_512x512_HLS.S30.T14SMD.2018138.v1.4,1,0.45,0.3239706937699227,0.48939254515889125,0.9873855544252289,0.3253171557372928,0.922671081085151,0.9578751287381186,0.22762680053710938,0.0749969482421875,262144
TX3506710118520180402,subsetted_512x512_HLS.S30.T14SLD.2018138.v1.4,5,0.51,0.4369503674256114,0.6081634791721247,0.8102817570020385,0.4867480793102291,0.7756589347995622,0.95118361920054,0.22740936279296875,0.13660812377929688,262144
TX3522410013020180413,subsetted_512x512_HLS.S30.T14SLE.2018138.v1.4,3,0.36000000000000004,0.3844890760646466,0.5554237772067383,0.6774444146798821,0.47065063649222066,0.626657652360151,0.8880745511310831,0.2049713134765625,0.14240264892578125,262144
TX3540410187920200820,subsetted_512x512_HLS.S30.T14SKE.2020281.v1.4,1,0.45,0.774886967557706,0.8731676796567751,0.974561053471668,0.7908840673575129,0.9418715776076838,0.9896464319777785,0.047119140625,0.038238525390625,262144
TX3546110085220180323,subsetted_512x512_HLS.S30.T14SLE.2018098.v1.4,1,0.45,0.7478109884658316,0.855711508167407,0.8006373655557031,0.9189222140941233,0.917045681536816,0.9783218563765063,0.125152587890625,0.14364242553710938,262144
TX3565810161920180413,subsetted_512x512_HLS.S30.T14SKE.2018156.v1.4,1,0.45,0.409844175117487,0.5814035087719298,0.6650612081075657,0.5164407043789933,0.5369252774151242,0.9521803483262186,0.024478912353515625,0.019008636474609375,262144
TX3568810093120201011,subsetted_512x512_HLS.S30.T14SLE.2020323.v1.4,5,0.51,0.7624718679669917,0.8652301143921256,0.7914460364429217,0.9541859318891261,0.9444073504664362,0.9855401040631392,0.16253280639648438,0.195953369140625,262144
TX3570310164720200711,subsetted_512x512_HLS.S30.T14SKE.2020216.v1.4,3,0.36000000000000004,0.627375533761907,0.7710273636861682,0.8472213421202712,0.7074074074074074,0.8262208305782995,0.967682908386426,0.0721707353396034,0.06026065472985615,261879
TX3573210066420190313,subsetted_512x512_HLS.S30.T14SLE.2019098.v1.4,1,0.45,0.5055228520404789,0.6715578595905456,0.6088584402134948,0.7486531491820942,0.6409259707379227,0.9642370464204667,0.038944244384765625,0.047885894775390625,262144
TX3575010162220190313,subsetted_512x512_HLS.S30.T14SKE.2019111.v1.4,2,0.35000000000000003,0.49440757128810225,0.6616770160792861,0.6424692541127616,0.682068673166596,0.5283405504431844,0.956015674606592,0.044994354248046875,0.04776763916015625,262144
TX3582410101520190807,subsetted_512x512_HLS.S30.T14SLE.2019248.v1.4,2,0.35000000000000003,0.5742548818088387,0.7295576954463848,0.9161713465874155,0.6061016949152542,0.8323950762092454,0.9579506723638183,0.028133392333984375,0.018611907958984375,262144
UT3715711356620200714,subsetted_512x512_HLS.S30.T12STG.2020241.v1.4,1,0.45,0.7475460746436956,0.8555380433057956,0.9911764705882353,0.7525541061093846,0.9265547911038896,0.9503871867850416,0.20499038696289062,0.1556396484375,262144
UT3732811369420200927,subsetted_512x512_HLS.S30.T12STG.2020291.v1.4,4,0.42000000000000004,0.44893526856658544,0.619676086718093,0.522567517573067,0.7611136057476425,0.5534754698064884,0.9398394231187494,0.042483298550569815,0.06187643788892153,262103
UT3739711342320180627,subsetted_512x512_HLS.S30.T12STG.2018186.v1.4,5,0.51,0.7453784889668275,0.8541167359156036,0.972218913059017,0.7615999104109896,0.9255505017350789,0.960636212416791,0.20438385009765625,0.16010665893554688,262144
UT3783510979920190726,subsetted_512x512_HLS.S30.T12SXG.2019235.v1.4,4,0.42000000000000004,0.09351047521716914,0.17102803738317757,0.3301759133964817,0.11540280624310263,0.1559147691683372,0.7708878797027378,0.02420179481700803,0.008458990873294466,262088
UT3800311315120190905,subsetted_512x512_HLS.S30.T12SUH.2019298.v1.4,4,0.42000000000000004,0.6258939430795427,0.7699074662816705,0.985710728446377,0.631624812823723,0.9307132053256296,0.9453278397553637,0.31079864501953125,0.19915390014648438,262144
UT3806611313920180720,subsetted_512x512_HLS.S30.T12SUH.2018228.v1.4,5,0.51,0.6129298941798942,0.7600205023065095,0.8407802222726242,0.6934156378600823,0.7114754653982238,0.9282372102910469,0.02039337158203125,0.016819000244140625,262144
UT3821211280820200822,subsetted_512x512_HLS.S30.T12SUH.2020268.v1.4,5,0.51,0.8172562553925798,0.8994397493115563,0.8809523809523809,0.9187196896217265,0.942684801202114,0.985939297110842,0.019664764404296875,0.0205078125,262144
UT3867511318120200625,subsetted_512x512_HLS.S30.T12SUH.2020188.v1.4,4,0.42000000000000004,0.7383169341169737,0.8494618209446625,0.9995678800792717,0.7385526648977749,0.958795091791148,0.9507032421317446,0.42352617516634883,0.31293160930527514,214459
UT3869911350520200824,subsetted_512x512_HLS.S30.T12STH.2020246.v1.4,4,0.42000000000000004,0.0580108574610245,0.10966023089826663,0.6144489495023959,0.06020223907547851,0.4471869723005334,0.8128480800784068,0.10562896728515625,0.010349273681640625,262144
UT3887311238420190908,subsetted_512x512_HLS.S30.T12SUJ.2019298.v1.4,1,0.45,0.7101145571388656,0.8304877052528388,0.8522327167048567,0.8098247477429633,0.8687457584781578,0.9524291311562161,0.0720291329727414,0.06844488987154869,261422
UT3930510987820180721,subsetted_512x512_HLS.S30.T12SWJ.2018238.v1.4,1,0.45,0.5811233768980247,0.7350765732628904,0.8235135459122512,0.6637920622267314,0.8085058697187315,0.9027290100489682,0.15792184209723198,0.12729270302438428,262136
UT3932711339120200719,subsetted_512x512_HLS.S30.T12STJ.2020241.v1.4,3,0.36000000000000004,0.2751019367991845,0.4314979514339962,0.7259583053127101,0.3069813735248116,0.4373206325702631,0.8810858336691899,0.026828765869140625,0.01134490966796875,262144
UT3942511234720200626,subsetted_512x512_HLS.S30.T12SUJ.2020186.v1.4,2,0.35000000000000003,0.6855890015473372,0.8134711378847158,0.9988260374803739,0.6861418959034237,0.9779655501335778,0.9244530906550236,0.771026611328125,0.5296554565429688,262144
UT3952611225620191026,subsetted_512x512_HLS.S30.T12SUJ.2019308.v1.4,1,0.45,0.7317648380032568,0.8451087837618754,0.8196741933454934,0.8721723999464597,0.8965905254096038,0.9783067704665914,0.05700159842522689,0.06065241690286992,262133
UT3979911153620200731,subsetted_512x512_HLS.S30.T12TVK.2020228.v1.4,2,0.35000000000000003,0.6315465187923598,0.7741691842900302,0.6791827719491993,0.9000439045807113,0.9117111541481121,0.969641778584938,0.026065826416015625,0.034542083740234375,262144
UT4009411287320200914,subsetted_512x512_HLS.S30.T12TUK.2020286.v1.4,5,0.51,0.5252414398595259,0.6887321916822564,0.9626181651007097,0.5361778403725813,0.8772700946649171,0.9358983904073374,0.23835372924804688,0.13276290893554688,262144
UT4020111189120200628,subsetted_512x512_HLS.S30.T12TVK.2020188.v1.4,1,0.45,0.8113210785575752,0.8958335307439379,0.9979942995883035,0.8126461284555082,0.9386427624159052,0.9477041558905912,0.221893310546875,0.18068313598632812,262144
UT4032611166920201017,subsetted_512x512_HLS.S30.T12TVK.2020308.v1.4,2,0.35000000000000003,0.5021104170184029,0.6685399572889739,0.5802643773474465,0.7884934049181415,0.7911076758146159,0.921008725394139,0.057554313617029396,0.07820779369408892,262135
UT4050711296920180727,subsetted_512x512_HLS.S30.T12TUK.2018231.v1.4,1,0.45,0.5957303408650525,0.7466554036217729,0.9970390005921999,0.5967861724394031,0.8955479659946473,0.9311344271815345,0.2259979248046875,0.13527297973632812,262144
UT4060611070920200821,subsetted_512x512_HLS.S30.T12TWK.2020268.v1.4,2,0.35000000000000003,0.5536401518167582,0.7127006226884081,0.9365865704814003,0.5752017574498594,0.9411944500285192,0.7408665100295422,0.8300671796378174,0.5097832016571741,262133
UT4154311335720200603,subsetted_512x512_HLS.S30.T11TQG.2020186.v1.4,5,0.51,0.4082896786068243,0.5798376354085505,0.9834598004945008,0.4111126951315133,0.8681188515979172,0.9564652952888265,0.10703277587890625,0.044742584228515625,262144
UT4177211363120200720,subsetted_512x512_HLS.S30.T11TQG.2020216.v1.4,3,0.36000000000000004,0.7183869275166779,0.8361177753544166,0.9981253905436367,0.7193575020640997,0.8341289474635837,0.9383689856051525,0.050823211669921875,0.03662872314453125,262144
UT4177911224220190715,subsetted_512x512_HLS.S30.T12TUM.2019231.v1.4,3,0.36000000000000004,0.6125566267859217,0.7597334773996038,0.6477705441591942,0.9184881999477489,0.9092165147059088,0.984806358601082,0.04380533842990497,0.06211255946318146,262137
UT4180611268420200603,subsetted_512x512_HLS.S30.T12TUM.2020191.v1.4,2,0.35000000000000003,0.5146029672482971,0.6795219319862001,0.5708518786875064,0.8392938669913256,0.8245752022973534,0.9828412878877462,0.025066375732421875,0.036853790283203125,262144
UT4185411239220180803,subsetted_512x512_HLS.S30.T12TUM.2018246.v1.4,1,0.45,0.766873458404963,0.8680570244088159,0.8048952694751706,0.9419757620271759,0.9467811591681501,0.9794376860308189,0.249298095703125,0.29175567626953125,262144
UT4192311225720180627,subsetted_512x512_HLS.S30.T12TUM.2018196.v1.4,3,0.36000000000000004,0.7948677664310029,0.8857117847868584,0.9271838729383017,0.8477908730380384,0.9323651979257241,0.9804869532444721,0.06829452514648438,0.06244659423828125,262144
UT4194311112320180816,subsetted_512x512_HLS.S30.T12TVM.2018246.v1.4,5,0.51,0.9438900095551545,0.971135203036675,0.9892622677200401,0.9536604987932421,0.9844948535162722,0.9935043115252372,0.11672019080887186,0.11251964116914255,159741
WA4592711962520200907,subsetted_512x512_HLS.S30.T10TGR.2020275.v1.4,1,0.45,0.5781294964028777,0.7326768781911014,0.8527164685908319,0.6422634271099744,0.7505793598002838,0.9444451287746694,0.02386474609375,0.017974853515625,262144
WA4597011911020180622,subsetted_512x512_HLS.S30.T11TLL.2018190.v1.4,3,0.36000000000000004,0.5511859533833042,0.7106639306281856,0.5723424672139887,0.9371508379888268,0.8024418394469996,0.9848560155520673,0.0218505859375,0.035778045654296875,262144
WA4619311979920180628,subsetted_512x512_HLS.S30.T10TGS.2018190.v1.4,1,0.45,0.899054732174116,0.946844466293861,0.9834056676027572,0.91290437255599,0.9586116088810761,0.9920220315724377,0.032192230224609375,0.02988433837890625,262144
WA4643911718420200817,subsetted_512x512_HLS.S30.T11TMM.2020245.v1.4,1,0.45,0.6569851176188191,0.7929885557004202,0.7348637400993422,0.8610980022022967,0.8896636943968175,0.9867457473051525,0.024250030517578125,0.028415679931640625,262144
WA4646011897220180817,subsetted_512x512_HLS.S30.T11TLM.2018245.v1.4,2,0.35000000000000003,0.7858190196899875,0.88006568529705,0.8040077153879126,0.9720171006607073,0.9596357280113301,0.9925877182827634,0.029447108506815294,0.03560052035051177,262131
WA4649011720020210722,subsetted_512x512_HLS.S30.T11TMM.2021224.v1.4,4,0.42000000000000004,0.6879925822902179,0.8151606701455644,0.9417239555790587,0.7185860705350657,0.8410824867009192,0.9458302667614733,0.047267913818359375,0.036067962646484375,262144
WA4656911899620191007,subsetted_512x512_HLS.S30.T11TLM.2019305.v1.4,1,0.45,0.7099782704843951,0.8303944941748009,0.7420859043675758,0.9425595466033545,0.9541306338283969,0.9810811473090041,0.14943006683553575,0.18979842524491103,262136
WA4661012135020180730,subsetted_512x512_HLS.S30.T10TFS.2018213.v1.4,4,0.42000000000000004,0.04908906882591093,0.09358417752050169,0.12309644670050761,0.0754863813229572,0.10258554906946345,0.4894441081094924,0.09804968868270053,0.06012696862409962,262112
WA4662511872120190802,subsetted_512x512_HLS.S30.T11TLM.2019245.v1.4,4,0.42000000000000004,0.8703906535231837,0.9307046652352138,0.9720693170234455,0.8927167197154091,0.9159406417462543,0.9680444655955485,0.020374298095703125,0.018711090087890625,262144
WA4663311856920200908,subsetted_512x512_HLS.S30.T11TLM.2020275.v1.4,4,0.42000000000000004,0.7469999553896712,0.8551802798678969,0.9841509286106105,0.7560957254665864,0.9511956180654076,0.974806088275557,0.253448486328125,0.1947174072265625,262144
WA4667012011520200817,subsetted_512x512_HLS.S30.T10TGS.2020245.v1.4,5,0.51,0.7753153833493083,0.8734396047271319,0.8683206106870229,0.8786193125089146,0.925172999196398,0.9630533778470208,0.3476829528808594,0.351806640625,262144
WA4671912050220180602,subsetted_512x512_HLS.S30.T10TFS.2018193.v1.4,1,0.45,0.7499440590736183,0.8571063231251199,0.9260845537441282,0.7976913007259312,0.8869216754279612,0.9684352719085655,0.03205563481830181,0.027611410783633047,262138
WA4673711934020180802,subsetted_512x512_HLS.S30.T10TGS.2018245.v1.4,1,0.45,0.8085436491518411,0.8941378324277952,0.8425307178271179,0.9524795905933959,0.9664379878757332,0.9959931192953382,0.031315343640775956,0.03540194447412201,262076
WA4675811948720180908,subsetted_512x512_HLS.S30.T10TGS.2018285.v1.4,2,0.35000000000000003,0.8134611609187881,0.8971365678508922,0.8230620251278741,0.9858629919698622,0.925471312812915,0.9864490709729418,0.19239425659179688,0.23044967651367188,262144
WA4676511950920200706,subsetted_512x512_HLS.S30.T10TGS.2020215.v1.4,5,0.51,0.9662232765681041,0.9828215219327224,0.9935530710033397,0.9723193224770512,0.9937235808233731,0.9975114672781792,0.13442363673871685,0.13155079805319336,261762
WA4682812052320190723,subsetted_512x512_HLS.S30.T10TFS.2019213.v1.4,2,0.35000000000000003,0.8182405549699051,0.9000355346088388,0.9055055883791818,0.8946311719214753,0.9454350594045491,0.9801845505255244,0.10260009765625,0.10136795043945312,262144
WA4686911989820190604,subsetted_512x512_HLS.S30.T10TGS.2019195.v1.4,4,0.42000000000000004,0.8088779284833539,0.8943421949556919,0.9800186741363212,0.8224416235699734,0.964552661634629,0.9830881512549766,0.24341583251953125,0.20427703857421875,262144
WA4696612008020180620,subsetted_512x512_HLS.S30.T10TGT.2018188.v1.4,2,0.35000000000000003,0.793787456740103,0.8850407039668722,0.9265633210719916,0.847080018015313,0.9149681622135964,0.9815086041730204,0.12704849243164062,0.11614990234375,262144
WA4725411999320180703,subsetted_512x512_HLS.S30.T10TGT.2018213.v1.4,3,0.36000000000000004,0.46504672897196264,0.6348558305690227,0.4723303274798291,0.967905076833301,0.9553141432443067,0.9876376457891008,0.019622212298520222,0.040210077137699,261999
WA4729212017020200724,subsetted_512x512_HLS.S30.T10TGT.2020218.v1.4,3,0.36000000000000004,0.7009616079820693,0.8241945082036896,0.8613949355841848,0.7900741585852824,0.8517259866216726,0.9462793634592165,0.04683409030189688,0.04295637571085073,262010
WA4742412023220180901,subsetted_512x512_HLS.S30.T10TGT.2018285.v1.4,3,0.36000000000000004,0.7937806873977087,0.885036496350365,0.9024455077086656,0.8682864450127877,0.9093786337203242,0.9638830773406221,0.04479424434057373,0.043098707726147927,261864
WA4754012029720180713,subsetted_512x512_HLS.S30.T10TFT.2018213.v1.4,2,0.35000000000000003,0.6915527694995376,0.8176543847392242,0.7532460264159391,0.8941074868796918,0.6779384776613973,0.9729535078306735,0.057423514152742806,0.06816205081254291,262140
WA4770711826020200907,subsetted_512x512_HLS.S30.T11TLN.2020280.v1.4,3,0.36000000000000004,0.8969920379918138,0.9456993176854701,0.9990752727945256,0.8977373760874804,0.9976157668528425,0.9759785551543135,0.9181747436523438,0.825042724609375,262144
WA4770712016520190723,subsetted_512x512_HLS.S30.T10TGT.2019213.v1.4,2,0.35000000000000003,0.6685608130258988,0.8013622372126531,0.7204427696655676,0.9027593330382175,0.9241030424285299,0.984552124298025,0.02589477786735852,0.0324477576581981,261713
WA4774811807520180802,subsetted_512x512_HLS.S30.T11TMN.2018245.v1.4,1,0.45,0.7079372816638232,0.8289968130143176,0.8354345429269929,0.8226575407127684,0.8515578092085105,0.9690931738075798,0.08081436157226562,0.07957839965820312,262144
WA4777911979820200712,subsetted_512x512_HLS.S30.T10UGU.2020215.v1.4,5,0.51,0.9022475218372755,0.9486121143328862,0.9802991122604036,0.9189094634780218,0.9732121410539514,0.9885971096070248,0.15265274047851562,0.14309310913085938,262144
WA4779011998320180727,subsetted_512x512_HLS.S30.T10UGU.2018213.v1.4,2,0.35000000000000003,0.6668118087607768,0.8001044932079415,0.7084566987416728,0.9189870379260682,0.9330092593576803,0.9811507386867628,0.031805532757942796,0.04125710490252589,261967
WA4784011934020180811,subsetted_512x512_HLS.S30.T11ULP.2018245.v1.4,4,0.42000000000000004,0.9083574186967187,0.9519782927425267,0.9986595460614153,0.9094662814788876,0.9970162875158043,0.9904661371437241,0.7843970548964254,0.714340212871476,262130
WA4792111992220200907,subsetted_512x512_HLS.S30.T10UGU.2020280.v1.4,3,0.36000000000000004,0.5855484740141976,0.7386068399810455,0.6238544771999558,0.9050899042889752,0.6666216354033785,0.9602595057865289,0.09526443692464988,0.13820992434849289,262123
WA4793911861820190802,subsetted_512x512_HLS.S30.T11ULP.2019245.v1.4,3,0.36000000000000004,0.6796247561141613,0.8092578460042278,0.9950342124493456,0.6819376942076328,0.9779255282886632,0.9536462617456561,0.6702957153320312,0.459381103515625,262144
WA4798411942320180806,subsetted_512x512_HLS.S30.T10UGU.2018245.v1.4,2,0.35000000000000003,0.8905825357438261,0.942125,0.9581744215611493,0.9266043766904352,0.9529451639068371,0.9857134378637925,0.031041773205003932,0.03001900516726837,262034
WA4813711903820200723,subsetted_512x512_HLS.S30.T11ULP.2020215.v1.4,1,0.45,0.8433292044591841,0.9150066113194459,0.9532541438959397,0.8797099033011003,0.9460852687282882,0.9777015552998334,0.091522216796875,0.08446121215820312,262144
WA4817811826620200907,subsetted_512x512_HLS.S30.T11ULP.2020280.v1.4,3,0.36000000000000004,0.5655666401377039,0.7225072707067364,0.9704948230959791,0.5754613935969868,0.8041500439300424,0.8818155143264725,0.20256274295131246,0.12011093266600799,262141
WA4828511853120210713,subsetted_512x512_HLS.S30.T11ULP.2021249.v1.4,2,0.35000000000000003,0.5327851757614941,0.6951857105439504,0.9991786367325387,0.533018621876793,0.9668205582495618,0.904777774760238,0.7342313186750057,0.39168067774020215,261103
WA4855212019420210716,subsetted_512x512_HLS.S30.T10UGU.2021249.v1.4,2,0.35000000000000003,0.01472,0.02901292967518133,0.015450067174205105,0.23752151462994836,0.044330340256993395,0.5511555770656291,0.008382386888273315,0.12886657433056325,138624
WA4866711925320200728,subsetted_512x512_HLS.S30.T10UGV.2020218.v1.4,4,0.42000000000000004,0.8596560196560197,0.9245322904555544,0.9022176379577102,0.947978757992847,0.9659934765269581,0.9889262016016583,0.035198211669921875,0.036983489990234375,262144
WY4100410927220200803,subsetted_512x512_HLS.S30.T12TXL.2020250.v1.4,4,0.42000000000000004,0.6004742260091761,0.7503703792924852,0.6494110288752215,0.8884990587027212,0.9098037799951447,0.953687908985395,0.13373565673828125,0.18297195434570312,262144
WY4102310619920180610,subsetted_512x512_HLS.S30.T13TDF.2018222.v1.4,2,0.35000000000000003,0.6997938465128943,0.8233867276887872,0.8530482094806842,0.7957186611970499,0.9034374981965446,0.910876271288229,0.3449974060058594,0.3218116760253906,262144
WY4121410901620180728,subsetted_512x512_HLS.S30.T12TXL.2018220.v1.4,5,0.51,0.7774382768441502,0.8747851185296802,0.9777498398842422,0.7914402565234923,0.9060361583492106,0.9376980767620439,0.19867324829101562,0.16081619262695312,262144
WY4152710878820180728,subsetted_512x512_HLS.S30.T12TXM.2018220.v1.4,2,0.35000000000000003,0.5986997910378453,0.7489833856163588,0.6323197645904856,0.9184356745975211,0.8189908834085022,0.9801783733137689,0.05355072021484375,0.07778167724609375,262144
WY4183110664420200905,subsetted_512x512_HLS.S30.T13TCG.2020277.v1.4,5,0.51,0.8011655441768921,0.8896078950288978,0.9833723388192662,0.8121677863856718,0.9556142550808316,0.9726676524280699,0.24472427368164062,0.202117919921875,262144
WY4217810703820200807,subsetted_512x512_HLS.S30.T13TCG.2020247.v1.4,5,0.51,0.8184723906095007,0.9001757682283775,0.9363258101122178,0.8667133520074697,0.9126545296086382,0.966271734129024,0.032684326171875,0.030254364013671875,262144
WY4301310696720200814,subsetted_512x512_HLS.S30.T13TCH.2020280.v1.4,3,0.36000000000000004,0.6251436781609195,0.769339580938909,0.6904157410345922,0.8686364543821122,0.8589887978649974,0.9695364489417727,0.03821563720703125,0.0480804443359375,262144
WY4326210530420180917,subsetted_512x512_HLS.S30.T13TDH.2018292.v1.4,5,0.51,0.6843602933129036,0.8126055880441846,0.9526203534430225,0.7084749603444369,0.8828141570941381,0.9630572211560616,0.0673370361328125,0.050079345703125,262144
WY4377310790720180728,subsetted_512x512_HLS.S30.T12TYP.2018220.v1.4,3,0.36000000000000004,0.46127112211880317,0.6313285948605796,0.5738780378708812,0.7015614557385017,0.5497244512860091,0.9593099355536379,0.06278610229492188,0.07675552368164062,262144
WY4381010781320180813,subsetted_512x512_HLS.S30.T12TYP.2018245.v1.4,4,0.42000000000000004,0.8675750345347231,0.9290925595938541,0.9831714519514712,0.8806526657955958,0.9639902303733225,0.9863448186395735,0.11970138549804688,0.10721969604492188,262144
WY4385610791920200714,subsetted_512x512_HLS.S30.T12TYP.2020215.v1.4,4,0.42000000000000004,0.7893146703380756,0.8822536174578408,0.996539625313848,0.7914839765304427,0.9752658319014624,0.983017568745895,0.2984199523925781,0.2370147705078125,262144
WY4389210640120200614,subsetted_512x512_HLS.S30.T13TCJ.2020200.v1.4,1,0.45,0.8027247737715444,0.8905683057676469,0.9645586710707139,0.8271206764663317,0.933791410194669,0.9769914710960045,0.18451309204101562,0.15822219848632812,262144
WY4391910664520200716,subsetted_512x512_HLS.S30.T13TCJ.2020230.v1.4,5,0.51,0.7904665314401623,0.8829726974056871,0.9785310734463277,0.8044173805346269,0.8991222618203509,0.9659674840624158,0.036960601806640625,0.030384063720703125,262144
WY4421310768820180614,subsetted_512x512_HLS.S30.T12TYQ.2018185.v1.4,5,0.51,0.8012621267778092,0.8896674335912989,0.8432791435368755,0.9414563966356795,0.9615685858441484,0.9941593963517967,0.0344696044921875,0.038482666015625,262144
WY4438911082120200822,subsetted_512x512_HLS.S30.T12TWQ.2020283.v1.4,4,0.42000000000000004,0.5205584311438362,0.6846937552439171,0.5354103400442395,0.9494083233612551,0.9325288186831422,0.987125496301402,0.05738198963904508,0.10175174907872953,262138
WY4446210893620180812,subsetted_512x512_HLS.S30.T12TXQ.2018248.v1.4,1,0.45,0.6861104470475735,0.813838083085212,0.9798566063502901,0.6959262851600388,0.8480039602279782,0.9578937096470943,0.031463623046875,0.02234649658203125,262144
WY4446910642920200723,subsetted_512x512_HLS.S30.T13TCK.2020215.v1.4,5,0.51,0.8127318883030658,0.8966928794570721,0.9966475095785441,0.8149598590170355,0.921984031656736,0.9731515633564215,0.019481658935546875,0.01593017578125,262144
WY4466210575120200903,subsetted_512x512_HLS.S30.T13TDK.2020280.v1.4,5,0.51,0.8431708555470931,0.9149133982989567,0.9635190020307514,0.8709762014030027,0.9520838024252571,0.9867803573588355,0.058185577392578125,0.0525970458984375,262144
WY4498410652920200817,subsetted_512x512_HLS.S30.T13TCK.2020245.v1.4,2,0.35000000000000003,0.9128514699859323,0.9544405138707875,0.9993469340013451,0.9133963491229165,0.99269861291343,0.9920651946579829,0.4281883239746094,0.3913612365722656,262144
