image_id,event_id,outer_fold,role
subsetted_512x512_HLS.S30.T10SDH.2020248.v1.4,CA3867312307820200817,1,test
subsetted_512x512_HLS.S30.T10SEH.2018245.v1.4,CA3831012199020180810,1,train
subsetted_512x512_HLS.S30.T10SEH.2018280.v1.4,CA3873012240020180908,1,train
subsetted_512x512_HLS.S30.T10SEH.2019305.v1.4,CA3879612276720191023,1,test
subsetted_512x512_HLS.S30.T10SEH.2020190.v1.4,CA3847012204820200606,1,train
subsetted_512x512_HLS.S30.T10SEH.2020285.v1.4,CA3855412253120200927,1,train
subsetted_512x512_HLS.S30.T10SEJ.2018185.v1.4,CA3966012253020180609,1,val
subsetted_512x512_HLS.S30.T10SEJ.2018220.v1.4,CA3919012180020180731,1,train
subsetted_512x512_HLS.S30.T10SEJ.2019185.v1.4,CA3892812226620190608,1,train
subsetted_512x512_HLS.S30.T10SFE.2020267.v1.4,CA3612312160220200819,1,train
subsetted_512x512_HLS.S30.T10SFF.2018155.v1.4,CA3686012078020180502,1,train
subsetted_512x512_HLS.S30.T10SFF.2018190.v1.4,CA3641012100020180604,1,train
subsetted_512x512_HLS.S30.T10SFF.2020250.v1.4,CA3656312164020200816,1,test
subsetted_512x512_HLS.S30.T10SFF.2021189.v1.4,CA3620712156020210618,1,train
subsetted_512x512_HLS.S30.T10SFH.2018185.v1.4,CA3805012095020180629,1,test
subsetted_512x512_HLS.S30.T10SFH.2020185.v1.4,CA3852112120220200612,1,test
subsetted_512x512_HLS.S30.T10SFH.2020245.v1.4,CA3802612076120200818,1,test
subsetted_512x512_HLS.S30.T10SGD.2021306.v1.4,CA3451712013120211011,1,train
subsetted_512x512_HLS.S30.T10SGE.2018247.v1.4,CA3580012036020180806,1,train
subsetted_512x512_HLS.S30.T10SGE.2019187.v1.4,CA3566212040420190612,1,test
subsetted_512x512_HLS.S30.T10SGE.2020162.v1.4,CA3605412006420200503,1,train
subsetted_512x512_HLS.S30.T10SGE.2020187.v1.4,CA3535111995620200610,1,train
subsetted_512x512_HLS.S30.T10SGE.2020217.v1.4,CA3535112000520200728,1,test
subsetted_512x512_HLS.S30.T10SGE.2020247.v1.4,CA3607512023120200815,1,train
subsetted_512x512_HLS.S30.T10SGG.2019307.v1.4,CA3761912020720170716,1,train
subsetted_512x512_HLS.S30.T10TDN.2019213.v1.4,OR4292012329520190725,1,val
subsetted_512x512_HLS.S30.T10TEK.2018183.v1.4,CA4051012242020180624,1,test
subsetted_512x512_HLS.S30.T10TEK.2018340.v1.4,CA4022012217020181007,1,train
subsetted_512x512_HLS.S30.T10TEK.2019275.v1.4,CA4010912278920190905,1,train
subsetted_512x512_HLS.S30.T10TEK.2019350.v1.4,CA4004012260920191103,1,train
subsetted_512x512_HLS.S30.T10TEK.2020275.v1.4,CA4054112256820200927,1,val
subsetted_512x512_HLS.S30.T10TEM.2018213.v1.4,OR4209912285420180715,1,train
subsetted_512x512_HLS.S30.T10TFK.2020220.v1.4,CA4042112086320200718,1,train
subsetted_512x512_HLS.S30.T10TFL.2018245.v1.4,CA4139512105720180815,1,train
subsetted_512x512_HLS.S30.T10TFL.2020215.v1.4,CA4106412076220200720,1,train
subsetted_512x512_HLS.S30.T10TFM.2019280.v1.4,CA4174812105620190905,1,test
subsetted_512x512_HLS.S30.T10TFN.2018245.v1.4,OR4265012082720180815,1,train
subsetted_512x512_HLS.S30.T10TFN.2020235.v1.4,OR4250212055220200721,1,train
subsetted_512x512_HLS.S30.T10TFP.2018285.v1.4,OR4383912111420180907,1,train
subsetted_512x512_HLS.S30.T10TFP.2020248.v1.4,OR4403912052820200816,1,train
subsetted_512x512_HLS.S30.T10TFQ.2018245.v1.4,OR4453312109120180817,1,val
subsetted_512x512_HLS.S30.T10TFQ.2019245.v1.4,OR4494912090120190812,1,train
subsetted_512x512_HLS.S30.T10TFR.2018213.v1.4,OR4542812106020180726,1,train
subsetted_512x512_HLS.S30.T10TFS.2018193.v1.4,WA4671912050220180602,1,test
subsetted_512x512_HLS.S30.T10TFS.2018213.v1.4,WA4661012135020180730,1,train
subsetted_512x512_HLS.S30.T10TFS.2019213.v1.4,WA4682812052320190723,1,train
subsetted_512x512_HLS.S30.T10TFT.2018213.v1.4,WA4754012029720180713,1,train
subsetted_512x512_HLS.S30.T10TGK.2019280.v1.4,CA4005312066920190904,1,val
subsetted_512x512_HLS.S30.T10TGL.2019245.v1.4,CA4058912057520190828,1,val
subsetted_512x512_HLS.S30.T10TGN.2019305.v1.4,OR4261011964820190915,1,val
subsetted_512x512_HLS.S30.T10TGP.2018215.v1.4,OR4408012020420180716,1,test
subsetted_512x512_HLS.S30.T10TGQ.2018245.v1.4,OR4480012022420180817,1,train
subsetted_512x512_HLS.S30.T10TGQ.2020275.v1.4,OR4475511980220200819,1,train
subsetted_512x512_HLS.S30.T10TGR.2018245.v1.4,OR4514511998420180817,1,train
subsetted_512x512_HLS.S30.T10TGR.2020275.v1.4,WA4592711962520200907,1,test
subsetted_512x512_HLS.S30.T10TGS.2018190.v1.4,WA4619311979920180628,1,test
subsetted_512x512_HLS.S30.T10TGS.2018285.v1.4,WA4675811948720180908,1,train
subsetted_512x512_HLS.S30.T10TGS.2019195.v1.4,WA4686911989820190604,1,train
subsetted_512x512_HLS.S30.T10TGS.2020245.v1.4,WA4667012011520200817,1,val
subsetted_512x512_HLS.S30.T10TGT.2018213.v1.4,WA4725411999320180703,1,train
subsetted_512x512_HLS.S30.T10TGT.2019213.v1.4,WA4770712016520190723,1,train
subsetted_512x512_HLS.S30.T10UGU.2018213.v1.4,WA4779011998320180727,1,train
subsetted_512x512_HLS.S30.T10UGU.2018245.v1.4,WA4798411942320180806,1,train
subsetted_512x512_HLS.S30.T10UGU.2020215.v1.4,WA4777911979820200712,1,train
subsetted_512x512_HLS.S30.T10UGU.2020280.v1.4,WA4792111992220200907,1,train
subsetted_512x512_HLS.S30.T10UGU.2021249.v1.4,WA4855212019420210716,1,val
subsetted_512x512_HLS.S30.T11SKB.2018222.v1.4,CA3765211988120180713,1,train
subsetted_512x512_HLS.S30.T11SKB.2020222.v1.4,CA3781211964620200725,1,val
subsetted_512x512_HLS.S30.T11SKD.2018192.v1.4,NV3881811941120180617,1,val
subsetted_512x512_HLS.S30.T11SKD.2020197.v1.4,NV3887811956320200624,1,train
subsetted_512x512_HLS.S30.T11SKD.2020217.v1.4,NV3884311963920200707,1,test
subsetted_512x512_HLS.S30.T11SKV.2019152.v1.4,CA3572011963220190507,1,train
subsetted_512x512_HLS.S30.T11SKV.2019187.v1.4,CA3533311990620190605,1,train
subsetted_512x512_HLS.S30.T11SLB.2019237.v1.4,CA3782611887220190726,1,train
subsetted_512x512_HLS.S30.T11SLC.2020247.v1.4,CA3792911898320200817,1,val
subsetted_512x512_HLS.S30.T11SLT.2018349.v1.4,CA3424011870020181108,1,train
subsetted_512x512_HLS.S30.T11SLT.2021163.v1.4,CA3408411857020210515,1,train
subsetted_512x512_HLS.S30.T11SLU.2018184.v1.4,CA3490011851020180604,1,val
subsetted_512x512_HLS.S30.T11SLU.2020229.v1.4,CA3446611833020200705,1,train
subsetted_512x512_HLS.S30.T11SLU.2020249.v1.4,CA3444111874620200817,1,train
subsetted_512x512_HLS.S30.T11SLV.2020247.v1.4,CA3546511854420200803,1,test
subsetted_512x512_HLS.S30.T11SLV.2021251.v1.4,CA3568711855020210818,1,train
subsetted_512x512_HLS.S30.T11SMT.2018154.v1.4,CA3363011706020180517,1,test
subsetted_512x512_HLS.S30.T11SMT.2018249.v1.4,CA3367611751620180806,1,train
subsetted_512x512_HLS.S30.T11SMT.2019294.v1.4,CA3352811727320190904,1,train
subsetted_512x512_HLS.S30.T11SMT.2020194.v1.4,CA3337911735120200609,1,train
subsetted_512x512_HLS.S30.T11SMT.2020249.v1.4,CA3415711791120200813,1,test
subsetted_512x512_HLS.S30.T11SMT.2020289.v1.4,CA3405311699120200905,1,val
subsetted_512x512_HLS.S30.T11SMT.2020309.v1.4,CA3375311768720201026,1,train
subsetted_512x512_HLS.S30.T11SMV.2020249.v1.4,CA3606211763420200821,1,train
subsetted_512x512_HLS.S30.T11SNB.2018224.v1.4,NV3722911623920180728,1,test
subsetted_512x512_HLS.S30.T11SNB.2020234.v1.4,NV3701011608020200727,1,train
subsetted_512x512_HLS.S30.T11SNB.2021153.v1.4,NV3700011641620210517,1,test
subsetted_512x512_HLS.S30.T11SNB.2021268.v1.4,NV3727011619820210825,1,train
subsetted_512x512_HLS.S30.T11SNS.2019246.v1.4,CA3257311670020190814,1,train
subsetted_512x512_HLS.S30.T11SNS.2020276.v1.4,CA3276011669320200905,1,train
subsetted_512x512_HLS.S30.T11SNS.2021155.v1.4,CA3298011643520210501,1,train
subsetted_512x512_HLS.S30.T11SNT.2018216.v1.4,CA3372011680020180725,1,train
subsetted_512x512_HLS.S30.T11SNT.2020281.v1.4,CA3388811668420200917,1,train
subsetted_512x512_HLS.S30.T11SPA.2020196.v1.4,NV3630611561820200628,1,train
subsetted_512x512_HLS.S30.T11SPB.2020196.v1.4,NV3746711499420200626,1,test
subsetted_512x512_HLS.S30.T11SPV.2020186.v1.4,CA3517211519520200622,1,train
subsetted_512x512_HLS.S30.T11SPV.2020236.v1.4,NV3594511544620200720,1,val
subsetted_512x512_HLS.S30.T11SPV.2020246.v1.4,CA3530111559820200815,1,train
subsetted_512x512_HLS.S30.T11SPV.2021215.v1.4,NV3599911559820210610,1,train
subsetted_512x512_HLS.S30.T11SQA.2020286.v1.4,NV3660711406220200922,1,val
subsetted_512x512_HLS.S30.T11SQC.2020196.v1.4,NV3833511422820200626,1,train
subsetted_512x512_HLS.S30.T11SQC.2020241.v1.4,NV3788911411120200713,1,train
subsetted_512x512_HLS.S30.T11SQD.2020196.v1.4,NV3934011453020200511,1,val
subsetted_512x512_HLS.S30.T11SQS.2019078.v1.4,AZ3282711447820190216,1,val
subsetted_512x512_HLS.S30.T11TKE.2018215.v1.4,NV3986111961620180727,1,val
subsetted_512x512_HLS.S30.T11TKF.2020265.v1.4,NV4083911966720200812,1,test
subsetted_512x512_HLS.S30.T11TKG.2020265.v1.4,OR4209412026920200816,1,train
subsetted_512x512_HLS.S30.T11TLE.2018182.v1.4,NV4040711826020180623,1,train
subsetted_512x512_HLS.S30.T11TLE.2018247.v1.4,NV4048111917220180723,1,test
subsetted_512x512_HLS.S30.T11TLH.2018217.v1.4,OR4241211864020180705,1,train
subsetted_512x512_HLS.S30.T11TLH.2019215.v1.4,OR4316311929120190721,1,test
subsetted_512x512_HLS.S30.T11TLH.2020247.v1.4,OR4302111828620200805,1,train
subsetted_512x512_HLS.S30.T11TLL.2018190.v1.4,WA4597011911020180622,1,train
subsetted_512x512_HLS.S30.T11TLL.2018245.v1.4,OR4531411905220180816,1,train
subsetted_512x512_HLS.S30.T11TLL.2020275.v1.4,OR4538011911420200908,1,train
subsetted_512x512_HLS.S30.T11TLM.2019305.v1.4,WA4656911899620191007,1,test
subsetted_512x512_HLS.S30.T11TLM.2020275.v1.4,WA4663311856920200908,1,train
subsetted_512x512_HLS.S30.T11TLN.2020280.v1.4,WA4770711826020200907,1,train
subsetted_512x512_HLS.S30.T11TMF.2018222.v1.4,NV4076011752020180724,1,test
subsetted_512x512_HLS.S30.T11TMF.2019227.v1.4,NV4064811732520190722,1,val
subsetted_512x512_HLS.S30.T11TMF.2019257.v1.4,NV4076611721820190808,1,test
subsetted_512x512_HLS.S30.T11TMF.2019312.v1.4,NV4125011713520190916,1,val
subsetted_512x512_HLS.S30.T11TMG.2018222.v1.4,OR4240411760120180724,1,train
subsetted_512x512_HLS.S30.T11TMH.2018182.v1.4,OR4261111754220180615,1,train
subsetted_512x512_HLS.S30.T11TMH.2020247.v1.4,OR4275611811920200817,1,train
subsetted_512x512_HLS.S30.T11TMJ.2018217.v1.4,OR4393211800020180714,1,val
subsetted_512x512_HLS.S30.T11TMJ.2020247.v1.4,OR4380511789220200816,1,test
subsetted_512x512_HLS.S30.T11TMK.2018292.v1.4,ID4458311709720180915,1,train
subsetted_512x512_HLS.S30.T11TMM.2020245.v1.4,WA4643911718420200817,1,test
subsetted_512x512_HLS.S30.T11TMM.2021224.v1.4,WA4649011720020210722,1,train
subsetted_512x512_HLS.S30.T11TMN.2018245.v1.4,WA4774811807520180802,1,test
subsetted_512x512_HLS.S30.T11TNE.2018199.v1.4,NV4056511665220180623,1,train
subsetted_512x512_HLS.S30.T11TNE.2019224.v1.4,NV4013411644020190722,1,train
subsetted_512x512_HLS.S30.T11TNF.2018199.v1.4,NV4067711610520180627,1,train
subsetted_512x512_HLS.S30.T11TNF.2018219.v1.4,NV4061211588320180724,1,train
subsetted_512x512_HLS.S30.T11TNF.2018244.v1.4,NV4064611615820180823,1,train
subsetted_512x512_HLS.S30.T11TNF.2018289.v1.4,NV4130311596620180903,1,train
subsetted_512x512_HLS.S30.T11TNF.2019314.v1.4,NV4089711609720191014,1,train
subsetted_512x512_HLS.S30.T11TNG.2018219.v1.4,NV4194911609820180721,1,test
subsetted_512x512_HLS.S30.T11TNG.2018289.v1.4,NV4181211632420180817,1,train
subsetted_512x512_HLS.S30.T11TNH.2018217.v1.4,ID4302611590820180704,1,train
subsetted_512x512_HLS.S30.T11TNH.2020217.v1.4,ID4274811621820200722,1,train
subsetted_512x512_HLS.S30.T11TNJ.2019244.v1.4,ID4345211594520190815,1,train
subsetted_512x512_HLS.S30.T11TNK.2018222.v1.4,ID4467611644820180726,1,test
subsetted_512x512_HLS.S30.T11TPE.2018244.v1.4,NV4006311484620180813,1,test
subsetted_512x512_HLS.S30.T11TPE.2019269.v1.4,NV4031211561920190804,1,train
subsetted_512x512_HLS.S30.T11TPF.2018219.v1.4,NV4127811541520180716,1,train
subsetted_512x512_HLS.S30.T11TPF.2018289.v1.4,NV4067411551020180930,1,train
subsetted_512x512_HLS.S30.T11TPF.2021183.v1.4,NV4099311562120210622,1,val
subsetted_512x512_HLS.S30.T11TPG.2018219.v1.4,NV4160011549220180725,1,val
subsetted_512x512_HLS.S30.T11TPG.2019214.v1.4,ID4229111562520190723,1,test
subsetted_512x512_HLS.S30.T11TPG.2020249.v1.4,ID4229611529420200814,1,train
subsetted_512x512_HLS.S30.T11TPH.2020174.v1.4,ID4284111556820200530,1,train
subsetted_512x512_HLS.S30.T11TPH.2020184.v1.4,ID4298311481320200606,1,train
subsetted_512x512_HLS.S30.T11TPH.2020219.v1.4,ID4295011487620200703,1,train
subsetted_512x512_HLS.S30.T11TPH.2021238.v1.4,ID4253711500720210703,1,train
subsetted_512x512_HLS.S30.T11TPH.2021263.v1.4,ID4261911561220210806,1,train
subsetted_512x512_HLS.S30.T11TPJ.2020249.v1.4,ID4345611483420200806,1,train
subsetted_512x512_HLS.S30.T11TPK.2021268.v1.4,ID4453211532920210810,1,train
subsetted_512x512_HLS.S30.T11TPL.2019244.v1.4,ID4532811445320190804,1,train
subsetted_512x512_HLS.S30.T11TPL.2021223.v1.4,ID4558511544420210705,1,test
subsetted_512x512_HLS.S30.T11TPN.2019214.v1.4,MT4743511435720190723,1,train
subsetted_512x512_HLS.S30.T11TPN.2020217.v1.4,MT4730311448320200727,1,train
subsetted_512x512_HLS.S30.T11TQG.2020186.v1.4,UT4154311335720200603,1,train
subsetted_512x512_HLS.S30.T11TQG.2020216.v1.4,UT4177211363120200720,1,train
subsetted_512x512_HLS.S30.T11TQH.2019221.v1.4,ID4291611449620170710,1,test
subsetted_512x512_HLS.S30.T11TQH.2020216.v1.4,ID4254811347120200723,1,train
subsetted_512x512_HLS.S30.T11TQH.2020251.v1.4,ID4262311348620200808,1,test
subsetted_512x512_HLS.S30.T11TQJ.2018219.v1.4,ID4346711414520180729,1,train
subsetted_512x512_HLS.S30.T11TQK.2020249.v1.4,MT4485811343720200811,1,val
subsetted_512x512_HLS.S30.T11TQL.2021223.v1.4,MT4568311385420210708,1,test
subsetted_512x512_HLS.S30.T11ULP.2018245.v1.4,WA4784011934020180811,1,train
subsetted_512x512_HLS.S30.T11ULP.2019245.v1.4,WA4793911861820190802,1,train
subsetted_512x512_HLS.S30.T11ULP.2020280.v1.4,WA4817811826620200907,1,train
subsetted_512x512_HLS.S30.T11ULP.2021249.v1.4,WA4828511853120210713,1,train
subsetted_512x512_HLS.S30.T11UQP.2018249.v1.4,MT4831111365120180811,1,train
subsetted_512x512_HLS.S30.T12RVV.2018215.v1.4,AZ3146411144720180705,1,train
subsetted_512x512_HLS.S30.T12RWV.2019225.v1.4,AZ3156211037620190714,1,test
subsetted_512x512_HLS.S30.T12RXV.2018217.v1.4,AZ3154810940620180724,1,train
subsetted_512x512_HLS.S30.T12RYV.2018152.v1.4,NM3134910867820180516,1,train
subsetted_512x512_HLS.S30.T12STC.2020218.v1.4,AZ3344911322120200711,1,test
subsetted_512x512_HLS.S30.T12STD.2020248.v1.4,AZ3479711322320200824,1,train
subsetted_512x512_HLS.S30.T12STE.2020246.v1.4,AZ3574111380520200818,1,train
subsetted_512x512_HLS.S30.T12STF.2020156.v1.4,AZ3652211386520200510,1,train
subsetted_512x512_HLS.S30.T12STF.2021190.v1.4,AZ3697611367020210624,1,train
subsetted_512x512_HLS.S30.T12STF.2021215.v1.4,AZ3697411369720210713,1,train
subsetted_512x512_HLS.S30.T12STG.2020291.v1.4,UT3732811369420200927,1,train
subsetted_512x512_HLS.S30.T12STH.2020246.v1.4,UT3869911350520200824,1,train
subsetted_512x512_HLS.S30.T12SUC.2019158.v1.4,AZ3376811242920190530,1,val
subsetted_512x512_HLS.S30.T12SUC.2020318.v1.4,AZ3427511241920201015,1,train
subsetted_512x512_HLS.S30.T12SUD.2018218.v1.4,AZ3477911297320180708,1,train
subsetted_512x512_HLS.S30.T12SUF.2018253.v1.4,AZ3636911230720180726,1,train
subsetted_512x512_HLS.S30.T12SUF.2020223.v1.4,AZ3698311211020200729,1,train
subsetted_512x512_HLS.S30.T12SUH.2018228.v1.4,UT3806611313920180720,1,val
subsetted_512x512_HLS.S30.T12SUH.2019298.v1.4,UT3800311315120190905,1,train
subsetted_512x512_HLS.S30.T12SUH.2020188.v1.4,UT3867511318120200625,1,train
subsetted_512x512_HLS.S30.T12SVA.2020230.v1.4,AZ3195511118320200712,1,train
subsetted_512x512_HLS.S30.T12SVA.2020310.v1.4,AZ3168311135220201006,1,val
subsetted_512x512_HLS.S30.T12SVB.2020155.v1.4,AZ3340211129720200531,1,test
subsetted_512x512_HLS.S30.T12SVC.2019190.v1.4,AZ3340811121020190608,1,train
subsetted_512x512_HLS.S30.T12SVC.2019245.v1.4,AZ3372911159520190804,1,train
subsetted_512x512_HLS.S30.T12SVC.2020155.v1.4,AZ3384711201720200517,1,test
subsetted_512x512_HLS.S30.T12SVC.2020250.v1.4,AZ3395611183620200829,1,train
subsetted_512x512_HLS.S30.T12SVC.2020285.v1.4,AZ3388511181620200925,1,train
subsetted_512x512_HLS.S30.T12SVD.2018168.v1.4,AZ3455711116020180427,1,train
subsetted_512x512_HLS.S30.T12SVD.2019183.v1.4,AZ3440011201020190603,1,val
subsetted_512x512_HLS.S30.T12SVE.2019183.v1.4,AZ3530911140720190516,1,train
subsetted_512x512_HLS.S30.T12SVE.2019228.v1.4,AZ3525811164320190721,1,train
subsetted_512x512_HLS.S30.T12SVF.2018253.v1.4,AZ3636511203320180806,1,train
subsetted_512x512_HLS.S30.T12SWA.2019260.v1.4,AZ3213311040720190822,1,train
subsetted_512x512_HLS.S30.T12SWA.2020230.v1.4,AZ3237811092720200606,1,train
subsetted_512x512_HLS.S30.T12SWB.2020250.v1.4,AZ3336011011920200828,1,val
subsetted_512x512_HLS.S30.T12SWC.2019225.v1.4,AZ3423611014020190726,1,train
subsetted_512x512_HLS.S30.T12SWC.2020190.v1.4,AZ3343511035820200606,1,train
subsetted_512x512_HLS.S30.T12SWC.2020250.v1.4,AZ3354411042020200801,1,train
subsetted_512x512_HLS.S30.T12SWD.2018220.v1.4,AZ3461611082220180724,1,val
subsetted_512x512_HLS.S30.T12SWJ.2018238.v1.4,UT3930510987820180721,1,test
subsetted_512x512_HLS.S30.T12SXA.2018157.v1.4,AZ3198010937020180512,1,val
subsetted_512x512_HLS.S30.T12SXB.2018217.v1.4,AZ3321510968220180730,1,train
subsetted_512x512_HLS.S30.T12SXJ.2020200.v1.4,CO3905010893820200605,1,train
subsetted_512x512_HLS.S30.T12SYG.2018225.v1.4,CO3765810847420180722,1,train
subsetted_512x512_HLS.S30.T12SYG.2020220.v1.4,CO3727110823720200614,1,train
subsetted_512x512_HLS.S30.T12TTM.2020306.v1.4,ID4209111416920200912,1,train
subsetted_512x512_HLS.S30.T12TUK.2020286.v1.4,UT4009411287320200914,1,val
subsetted_512x512_HLS.S30.T12TUM.2018196.v1.4,UT4192311225720180627,1,train
subsetted_512x512_HLS.S30.T12TUM.2018246.v1.4,UT4185411239220180803,1,test
subsetted_512x512_HLS.S30.T12TUM.2020191.v1.4,UT4180611268420200603,1,train
subsetted_512x512_HLS.S30.T12TUN.2018186.v1.4,ID4268911299220180609,1,test
subsetted_512x512_HLS.S30.T12TUN.2018216.v1.4,ID4247711313220180717,1,train
subsetted_512x512_HLS.S30.T12TUN.2018246.v1.4,ID4298011230820180816,1,val
subsetted_512x512_HLS.S30.T12TUN.2020216.v1.4,ID4284311240020200719,1,train
subsetted_512x512_HLS.S30.T12TUN.2021150.v1.4,ID4328311224320210421,1,train
subsetted_512x512_HLS.S30.T12TUN.2021205.v1.4,ID4268511284420210614,1,val
subsetted_512x512_HLS.S30.T12TUP.2020241.v1.4,ID4369611305520200702,1,test
subsetted_512x512_HLS.S30.T12TVK.2020188.v1.4,UT4020111189120200628,1,test
subsetted_512x512_HLS.S30.T12TVK.2020228.v1.4,UT3979911153620200731,1,train
subsetted_512x512_HLS.S30.T12TVN.2018246.v1.4,ID4292911199020180813,1,train
subsetted_512x512_HLS.S30.T12TVP.2018221.v1.4,ID4409311186520180726,1,train
subsetted_512x512_HLS.S30.T12TVR.2018246.v1.4,MT4515311193120180811,1,train
subsetted_512x512_HLS.S30.T12TVR.2020256.v1.4,MT4555711165420200823,1,train
subsetted_512x512_HLS.S30.T12TVS.2019216.v1.4,MT4675311196320190726,1,val
subsetted_512x512_HLS.S30.T12TVS.2020191.v1.4,MT4649511207120200613,1,val
subsetted_512x512_HLS.S30.T12TVS.2020256.v1.4,MT4609911223320200829,1,train
subsetted_512x512_HLS.S30.T12TWK.2020268.v1.4,UT4060611070920200821,1,train
subsetted_512x512_HLS.S30.T12TWQ.2020283.v1.4,WY4438911082120200822,1,train
subsetted_512x512_HLS.S30.T12TWT.2020276.v1.4,MT4712810977820200902,1,train
subsetted_512x512_HLS.S30.T12TXL.2018220.v1.4,WY4121410901620180728,1,val
subsetted_512x512_HLS.S30.T12TXL.2020250.v1.4,WY4100410927220200803,1,val
subsetted_512x512_HLS.S30.T12TXM.2018220.v1.4,WY4152710878820180728,1,train
subsetted_512x512_HLS.S30.T12TXQ.2018248.v1.4,WY4446210893620180812,1,test
subsetted_512x512_HLS.S30.T12TXR.2020283.v1.4,MT4569810891520200802,1,train
subsetted_512x512_HLS.S30.T12TXS.2020278.v1.4,MT4630410839320200902,1,train
subsetted_512x512_HLS.S30.T12TXT.2018248.v1.4,MT4715410847520180825,1,val
subsetted_512x512_HLS.S30.T12TYK.2018220.v1.4,CO4019210820120180720,1,train
subsetted_512x512_HLS.S30.T12TYL.2018290.v1.4,CO4065310857420180913,1,train
subsetted_512x512_HLS.S30.T12TYP.2018220.v1.4,WY4377310790720180728,1,val
subsetted_512x512_HLS.S30.T12TYP.2018245.v1.4,WY4381010781320180813,1,train
subsetted_512x512_HLS.S30.T12TYP.2020215.v1.4,WY4385610791920200714,1,val
subsetted_512x512_HLS.S30.T12TYQ.2018185.v1.4,WY4421310768820180614,1,train
subsetted_512x512_HLS.S30.T12TYS.2020248.v1.4,MT4637510768820200827,1,test
subsetted_512x512_HLS.S30.T12TYS.2020278.v1.4,MT4674110768520200902,1,test
subsetted_512x512_HLS.S30.T12TYT.2018213.v1.4,MT4758010779320180720,1,train
subsetted_512x512_HLS.S30.T12TYT.2019248.v1.4,MT4747210794120190812,1,train
subsetted_512x512_HLS.S30.T13REP.2018141.v1.4,TX3054610425020180430,1,train
subsetted_512x512_HLS.S30.T13REP.2019241.v1.4,TX3009510451420190718,1,train
subsetted_512x512_HLS.S30.T13SBS.2020217.v1.4,NM3250010718420200606,1,train
subsetted_512x512_HLS.S30.T13SBT.2019237.v1.4,NM3361010740620190713,1,train
subsetted_512x512_HLS.S30.T13SCR.2018214.v1.4,NM3242610655220180624,1,train
subsetted_512x512_HLS.S30.T13SDS.2018214.v1.4,NM3250810502620180615,1,train
subsetted_512x512_HLS.S30.T13SDT.2018134.v1.4,NM3358510552620180412,1,test
subsetted_512x512_HLS.S30.T13SDT.2019184.v1.4,NM3380810573920190526,1,val
subsetted_512x512_HLS.S30.T13SDT.2020249.v1.4,NM3366710562920200804,1,test
subsetted_512x512_HLS.S30.T13SDU.2018219.v1.4,NM3470710514020180721,1,train
subsetted_512x512_HLS.S30.T13SDV.2020269.v1.4,NM3583110586320200818,1,train
subsetted_512x512_HLS.S30.T13SEA.2018144.v1.4,NM3623610471320180404,1,test
subsetted_512x512_HLS.S30.T13SEA.2020214.v1.4,NM3613910422420200606,1,val
subsetted_512x512_HLS.S30.T13SEB.2018189.v1.4,NM3698710394020180607,1,train
subsetted_512x512_HLS.S30.T13SEC.2018164.v1.4,CO3846910432320180527,1,train
subsetted_512x512_HLS.S30.T13SER.2018156.v1.4,NM3221210467920180522,1,test
subsetted_512x512_HLS.S30.T13SEV.2020154.v1.4,NM3592510438120200501,1,val
subsetted_512x512_HLS.S30.T13SFA.2018134.v1.4,NM3692110306120180308,1,test
subsetted_512x512_HLS.S30.T13SFA.2018184.v1.4,NM3690210301720180609,1,train
subsetted_512x512_HLS.S30.T13SFA.2019244.v1.4,NM3655410312720190805,1,val
subsetted_512x512_HLS.S30.T13SFA.2020154.v1.4,NM3694510319920200523,1,train
subsetted_512x512_HLS.S30.T13SFB.2020189.v1.4,CO3702010334020200607,1,test
subsetted_512x512_HLS.S30.T13SFC.2019154.v1.4,CO3806310318920190404,1,train
subsetted_512x512_HLS.S30.T13SFC.2020124.v1.4,CO3805510340720200411,1,test
subsetted_512x512_HLS.S30.T13SFC.2020184.v1.4,CO3844710247720200615,1,train
subsetted_512x512_HLS.S30.T13SFR.2020216.v1.4,NM3212110384520200729,1,val
subsetted_512x512_HLS.S30.T13SFR.2020251.v1.4,TX3166310307120200827,1,val
subsetted_512x512_HLS.S30.T13SFS.2018136.v1.4,NM3316110373620180331,1,train
subsetted_512x512_HLS.S30.T13SFT.2018136.v1.4,NM3349810333820180412,1,val
subsetted_512x512_HLS.S30.T13SGB.2018136.v1.4,CO3773310232920180304,1,test
subsetted_512x512_HLS.S30.T13SGB.2019076.v1.4,CO3699510252520190213,1,train
subsetted_512x512_HLS.S30.T13TBE.2018220.v1.4,CO3991610764020180729,1,val
subsetted_512x512_HLS.S30.T13TCG.2020247.v1.4,WY4217810703820200807,1,train
subsetted_512x512_HLS.S30.T13TCG.2020277.v1.4,WY4183110664420200905,1,train
subsetted_512x512_HLS.S30.T13TCJ.2020200.v1.4,WY4389210640120200614,1,test
subsetted_512x512_HLS.S30.T13TCJ.2020230.v1.4,WY4391910664520200716,1,val
subsetted_512x512_HLS.S30.T13TCK.2020215.v1.4,WY4446910642920200723,1,train
subsetted_512x512_HLS.S30.T13TCK.2020245.v1.4,WY4498410652920200817,1,train
subsetted_512x512_HLS.S30.T13TCL.2020245.v1.4,MT4589610704320200803,1,test
subsetted_512x512_HLS.S30.T13TCL.2020280.v1.4,MT4599210727920200923,1,train
subsetted_512x512_HLS.S30.T13TCM.2020215.v1.4,MT4635510649020200715,1,train
subsetted_512x512_HLS.S30.T13TCM.2020250.v1.4,MT4675110703320200807,1,train
subsetted_512x512_HLS.S30.T13TCN.2020278.v1.4,MT4738010691520200902,1,train
subsetted_512x512_HLS.S30.T13TDE.2020247.v1.4,CO3985110606520200814,1,val
subsetted_512x512_HLS.S30.T13TDF.2018222.v1.4,WY4102310619920180610,1,val
subsetted_512x512_HLS.S30.T13TDK.2020280.v1.4,WY4466210575120200903,1,train
subsetted_512x512_HLS.S30.T13TDL.2020307.v1.4,MT4541710565520201006,1,test
subsetted_512x512_HLS.S30.T13TDM.2020250.v1.4,MT4620510572420200806,1,train
subsetted_512x512_HLS.S30.T13TEF.2019109.v1.4,CO4069910400320190319,1,test
subsetted_512x512_HLS.S30.T13TEG.2019157.v1.4,NE4230710373320190405,1,test
subsetted_512x512_HLS.S30.T13TEL.2020307.v1.4,MT4571210446620201012,1,test
subsetted_512x512_HLS.S30.T13TEN.2018245.v1.4,MT4736310474020180809,1,train
subsetted_512x512_HLS.S30.T13TFH.2020204.v1.4,SD4311610262120200616,1,train
subsetted_512x512_HLS.S30.T13TFJ.2020264.v1.4,SD4327410271120200806,1,train
subsetted_512x512_HLS.S30.T13TGH.2020304.v1.4,NE4280510153220200928,1,train
subsetted_512x512_HLS.S30.T13UCP.2020248.v1.4,MT4783310693320200821,1,train
subsetted_512x512_HLS.S30.T13UDP.2018290.v1.4,MT4835010534020180831,1,train
subsetted_512x512_HLS.S30.T13UDP.2020255.v1.4,MT4818110588720200824,1,train
subsetted_512x512_HLS.S30.T14RKU.2020158.v1.4,TX3029010150020200419,1,val
subsetted_512x512_HLS.S30.T14RKV.2018143.v1.4,TX3097610133020180413,1,train
subsetted_512x512_HLS.S30.T14RKV.2018193.v1.4,TX3086610127820180604,1,train
subsetted_512x512_HLS.S30.T14RKV.2020268.v1.4,TX3086010191020200831,1,train
subsetted_512x512_HLS.S30.T14RLT.2020273.v1.4,TX2932610087120200827,1,train
subsetted_512x512_HLS.S30.T14RLU.2019293.v1.4,TX3064710027020190914,1,train
subsetted_512x512_HLS.S30.T14RLU.2020193.v1.4,TX3065310092220200611,1,train
subsetted_512x512_HLS.S30.T14RLU.2020278.v1.4,TX3034010088120200816,1,train
subsetted_512x512_HLS.S30.T14RLV.2018043.v1.4,TX3095610045720180124,1,train
subsetted_512x512_HLS.S30.T14RMV.2020220.v1.4,TX3149009984920200712,1,test
subsetted_512x512_HLS.S30.T14RNU.2018215.v1.4,TX3065009856720180718,1,test
subsetted_512x512_HLS.S30.T14RNV.2020220.v1.4,TX3146709888420200712,1,train
subsetted_512x512_HLS.S30.T14RPQ.2018107.v1.4,TX2708809759120180311,1,train
subsetted_512x512_HLS.S30.T14SKA.2020223.v1.4,TX3159210116820200704,1,train
subsetted_512x512_HLS.S30.T14SKE.2019111.v1.4,TX3575010162220190313,1,train
subsetted_512x512_HLS.S30.T14SKE.2020216.v1.4,TX3570310164720200711,1,train
subsetted_512x512_HLS.S30.T14SKE.2020281.v1.4,TX3540410187920200820,1,test
subsetted_512x512_HLS.S30.T14SLA.2020193.v1.4,TX3206310086420200619,1,train
subsetted_512x512_HLS.S30.T14SLA.2020223.v1.4,TX3231910015220200713,1,train
subsetted_512x512_HLS.S30.T14SLC.2018038.v1.4,TX3401610055920180125,1,train
subsetted_512x512_HLS.S30.T14SLD.2018138.v1.4,TX3506710118520180402,1,train
subsetted_512x512_HLS.S30.T14SLD.2018218.v1.4,TX3455510115820180717,1,train
subsetted_512x512_HLS.S30.T14SLD.2020218.v1.4,TX3447710074220200711,1,train
subsetted_512x512_HLS.S30.T14SLE.2018098.v1.4,TX3546110085220180323,1,test
subsetted_512x512_HLS.S30.T14SLE.2018138.v1.4,TX3522410013020180413,1,train
subsetted_512x512_HLS.S30.T14SLE.2019098.v1.4,TX3573210066420190313,1,test
subsetted_512x512_HLS.S30.T14SLE.2019248.v1.4,TX3582410101520190807,1,train
subsetted_512x512_HLS.S30.T14SLE.2020323.v1.4,TX3568810093120201011,1,val
subsetted_512x512_HLS.S30.T14SLF.2020108.v1.4,OK3661710061020200307,1,train
subsetted_512x512_HLS.S30.T14SMB.2018073.v1.4,TX3272009947720180226,1,val
subsetted_512x512_HLS.S30.T14SMB.2018138.v1.4,TX3267009971820180413,1,train
subsetted_512x512_HLS.S30.T14SMB.2020268.v1.4,TX3268709915020200830,1,test
subsetted_512x512_HLS.S30.T14SMC.2019258.v1.4,TX3402609987020190820,1,train
subsetted_512x512_HLS.S30.T14SMD.2018138.v1.4,TX3482010022020180413,1,test
subsetted_512x512_HLS.S30.T14SME.2018138.v1.4,OK3566409983720180413,1,test
subsetted_512x512_HLS.S30.T14SMF.2018098.v1.4,OK3680809902720180218,1,test
subsetted_512x512_HLS.S30.T14SNB.2018215.v1.4,TX3300809836120180710,1,train
subsetted_512x512_HLS.S30.T14SND.2018215.v1.4,OK3475809868420180702,1,train
subsetted_512x512_HLS.S30.T14SNF.2018095.v1.4,OK3648509869620180306,1,train
subsetted_512x512_HLS.S30.T14SNF.2020183.v1.4,OK3632609837220200610,1,train
subsetted_512x512_HLS.S30.T14SNG.2020183.v1.4,OK3698609831720200617,1,val
subsetted_512x512_HLS.S30.T14SPB.2018035.v1.4,TX3272509755820180122,1,test
subsetted_512x512_HLS.S30.T14SQE.2020065.v1.4,OK3525609595520200222,1,train
subsetted_512x512_HLS.S30.T14SQF.2018075.v1.4,OK3642109646420180203,1,val
subsetted_512x512_HLS.S30.T14SQF.2018100.v1.4,OK3650509633420180324,1,train
subsetted_512x512_HLS.S30.T14SQJ.2020340.v1.4,KS3919209595820201118,1,train
subsetted_512x512_HLS.S30.T14TQT.2021112.v1.4,MN4771209630220210329,1,val
subsetted_512x512_HLS.S30.T14UPU.2021112.v1.4,MN4866009654320210321,1,train
subsetted_512x512_HLS.S30.T14UPV.2018136.v1.4,MN4884009637020180429,1,train
subsetted_512x512_HLS.S30.T14UQU.2021112.v1.4,MN4796109539420210307,1,test
subsetted_512x512_HLS.S30.T15RVP.2021063.v1.4,LA2991209334620210223,1,test
subsetted_512x512_HLS.S30.T15STU.2018237.v1.4,OK3434009530020180724,1,train
subsetted_512x512_HLS.S30.T15STV.2018102.v1.4,OK3535809587220180315,1,train
subsetted_512x512_HLS.S30.T15SUU.2018062.v1.4,AR3497109415320180202,1,train
subsetted_512x512_HLS.S30.T15SVA.2019092.v1.4,MO3686909295920190323,1,train
subsetted_512x512_HLS.S30.T15SXA.2018154.v1.4,MO3691709150920180412,1,train
subsetted_512x512_HLS.S30.T16RBU.2020123.v1.4,MS3041208915720200426,1,train
subsetted_512x512_HLS.S30.T16SGA.2018107.v1.4,GA3239508464820180322,1,train
subsetted_512x512_HLS.S30.T17RMJ.2018064.v1.4,FL2616308144920180212,1,train
subsetted_512x512_HLS.S30.T17RML.2018064.v1.4,FL2751908119020180204,1,train
subsetted_512x512_HLS.S30.T17RNK.2019081.v1.4,FL2634008064020190119,1,test
subsetted_512x512_HLS.S30.T17RNK.2020126.v1.4,FL2623908094820200410,1,train
subsetted_512x512_HLS.S30.T17SLB.2019287.v1.4,KY3760808261720190917,1,val
subsetted_512x512_HLS.S30.T17SNS.2021128.v1.4,SC3269708070820210406,1,train
subsetted_512x512_HLS.S30.T18TWK.2018121.v1.4,NJ3974007449020180422,1,val
subsetted_512x512_HLS.S30.T18TWK.2019093.v1.4,NJ3977007445020190330,1,test
subsetted_512x512_HLS.S30.T18TXQ.2018266.v1.4,NY4487007364020180712,1,train
subsetted_512x512_HLS.S30.T10SEH.2018190.v1.4,CA3881012220020180630,1,val
subsetted_512x512_HLS.S30.T10SFE.2021166.v1.4,CA3595912083320210530,1,test
subsetted_512x512_HLS.S30.T10SFF.2020215.v1.4,CA3667512102020200715,1,train
subsetted_512x512_HLS.S30.T10SFG.2020185.v1.4,CA3706812121320200628,1,test
subsetted_512x512_HLS.S30.T10SFG.2020215.v1.4,CA3702412151420200705,1,train
subsetted_512x512_HLS.S30.T10SGD.2018257.v1.4,CA3511712010020180819,1,val
subsetted_512x512_HLS.S30.T10SGF.2020217.v1.4,CA3609512052220200713,1,train
subsetted_512x512_HLS.S30.T10SGG.2018187.v1.4,CA3735012030020180615,1,train
subsetted_512x512_HLS.S30.T10SGG.2020247.v1.4,CA3780512029420200820,1,train
subsetted_512x512_HLS.S30.T10TFL.2018215.v1.4,CA4063012088020180727,1,train
subsetted_512x512_HLS.S30.T10TFM.2019215.v1.4,CA4172612124320190728,1,train
subsetted_512x512_HLS.S30.T10TFM.2020215.v1.4,CA4173712105820200723,1,val
subsetted_512x512_HLS.S30.T10TFQ.2018183.v1.4,OR4453912142620180621,1,test
subsetted_512x512_HLS.S30.T10TFR.2018188.v1.4,OR4527212061320180622,1,train
subsetted_512x512_HLS.S30.T10TFR.2020173.v1.4,OR4556212040420200429,1,val
subsetted_512x512_HLS.S30.T10TGK.2019245.v1.4,CA3988012002520190824,1,train
subsetted_512x512_HLS.S30.T10TGK.2020285.v1.4,CA3968112017120200814,1,test
subsetted_512x512_HLS.S30.T10TGL.2018215.v1.4,CA4129012012020180713,1,train
subsetted_512x512_HLS.S30.T10TGL.2020265.v1.4,CA4102912028120200818,1,train
subsetted_512x512_HLS.S30.T10TGM.2020215.v1.4,NV4180711966720200727,1,test
subsetted_512x512_HLS.S30.T10TGR.2018215.v1.4,OR4576612011120180727,1,train
subsetted_512x512_HLS.S30.T10TGR.2019215.v1.4,OR4572112013020190713,1,test
subsetted_512x512_HLS.S30.T10TGR.2019245.v1.4,OR4504511946220190805,1,train
subsetted_512x512_HLS.S30.T10TGS.2018245.v1.4,WA4673711934020180802,1,test
subsetted_512x512_HLS.S30.T10TGS.2020215.v1.4,WA4676511950920200706,1,val
subsetted_512x512_HLS.S30.T10TGT.2018188.v1.4,WA4696612008020180620,1,val
subsetted_512x512_HLS.S30.T10TGT.2018285.v1.4,WA4742412023220180901,1,val
subsetted_512x512_HLS.S30.T10TGT.2020218.v1.4,WA4729212017020200724,1,train
subsetted_512x512_HLS.S30.T10UGV.2020218.v1.4,WA4866711925320200728,1,train
subsetted_512x512_HLS.S30.T11SLB.2018197.v1.4,CA3756511912720180611,1,val
subsetted_512x512_HLS.S30.T11SLT.2019309.v1.4,CA3428211880320191030,1,train
subsetted_512x512_HLS.S30.T11SLU.2018274.v1.4,CA3449011860020180922,1,train
subsetted_512x512_HLS.S30.T11SLU.2021188.v1.4,CA3494811892720210627,1,train
subsetted_512x512_HLS.S30.T11SLV.2018249.v1.4,CA3540011877020180803,1,test
subsetted_512x512_HLS.S30.T11SLV.2020222.v1.4,CA3531811870820200701,1,test
subsetted_512x512_HLS.S30.T11SLV.2021186.v1.4,CA3602211875920210618,1,train
subsetted_512x512_HLS.S30.T11SLV.2021216.v1.4,CA3540811843620210720,1,train
subsetted_512x512_HLS.S30.T11SLV.2021331.v1.4,CA3604711863120210910,1,train
subsetted_512x512_HLS.S30.T11SMS.2018259.v1.4,CA3338011743020180706,1,test
subsetted_512x512_HLS.S30.T11SMT.2019309.v1.4,CA3399211705920191010,1,train
subsetted_512x512_HLS.S30.T11SMT.2021248.v1.4,CA3350411735320210828,1,train
subsetted_512x512_HLS.S30.T11SMU.2020299.v1.4,CA3424811795920200906,1,test
subsetted_512x512_HLS.S30.T11SMV.2020234.v1.4,CA3606611745820200728,1,train
subsetted_512x512_HLS.S30.T11SNT.2020221.v1.4,CA3399211696420200731,1,train
subsetted_512x512_HLS.S30.T11SPB.2019281.v1.4,NV3721011487220190823,1,train
subsetted_512x512_HLS.S30.T11SPB.2020241.v1.4,NV3731011483320200719,1,test
subsetted_512x512_HLS.S30.T11SPD.2020184.v1.4,NV3883311498820200624,1,val
subsetted_512x512_HLS.S30.T11SQA.2019226.v1.4,NV3616411427620190725,1,train
subsetted_512x512_HLS.S30.T11SQB.2020241.v1.4,NV3716311461020200708,1,train
subsetted_512x512_HLS.S30.T11TLE.2019257.v1.4,NV3974911820520190813,1,train
subsetted_512x512_HLS.S30.T11TLG.2018247.v1.4,NV4186711864020180724,1,train
subsetted_512x512_HLS.S30.T11TLH.2018152.v1.4,OR4327211882920180427,1,test
subsetted_512x512_HLS.S30.T11TLL.2018215.v1.4,OR4597411899820180729,1,val
subsetted_512x512_HLS.S30.T11TLM.2018245.v1.4,WA4646011897220180817,1,val
subsetted_512x512_HLS.S30.T11TLM.2019245.v1.4,WA4662511872120190802,1,train
subsetted_512x512_HLS.S30.T11TME.2019222.v1.4,NV4057511751220190723,1,test
subsetted_512x512_HLS.S30.T11TMF.2020217.v1.4,NV4124711727320200723,1,train
subsetted_512x512_HLS.S30.T11TMG.2019217.v1.4,NV4164111779920190723,1,train
subsetted_512x512_HLS.S30.T11TMH.2019227.v1.4,OR4245011723920190723,1,test
subsetted_512x512_HLS.S30.T11TMK.2018217.v1.4,ID4447411719020180725,1,val
subsetted_512x512_HLS.S30.T11TMK.2020247.v1.4,OR4441811785820200817,1,train
subsetted_512x512_HLS.S30.T11TNF.2019224.v1.4,NV4116511680820190722,1,val
subsetted_512x512_HLS.S30.T11TNJ.2018217.v1.4,ID4401511615420180725,1,test
subsetted_512x512_HLS.S30.T11TNJ.2019217.v1.4,ID4414411669220190714,1,train
subsetted_512x512_HLS.S30.T11TPE.2020219.v1.4,NV4061811574920200719,1,train
subsetted_512x512_HLS.S30.T11TPH.2018219.v1.4,ID4304311477420180717,1,train
subsetted_512x512_HLS.S30.T11TPH.2018244.v1.4,ID4275711555220180822,1,train
subsetted_512x512_HLS.S30.T11TPH.2019244.v1.4,ID4286811517820190809,1,train
subsetted_512x512_HLS.S30.T11TPH.2020249.v1.4,ID4292211511120200819,1,test
subsetted_512x512_HLS.S30.T11TPM.2021223.v1.4,ID4645911452820210707,1,val
subsetted_512x512_HLS.S30.T11TQG.2018221.v1.4,ID4218811351720180726,1,val
subsetted_512x512_HLS.S30.T11TQG.2018291.v1.4,ID4223511346220180922,1,val
subsetted_512x512_HLS.S30.T11TQG.2020306.v1.4,ID4235511352920201010,1,val
subsetted_512x512_HLS.S30.T11TQH.2018219.v1.4,ID4316911383020180716,1,train
subsetted_512x512_HLS.S30.T11TQH.2019244.v1.4,ID4319611377420190801,1,train
subsetted_512x512_HLS.S30.T11ULP.2020215.v1.4,WA4813711903820200723,1,test
subsetted_512x512_HLS.S30.T12RVV.2020320.v1.4,AZ3160611150220201027,1,val
subsetted_512x512_HLS.S30.T12RXV.2018182.v1.4,AZ3153510989320180607,1,test
subsetted_512x512_HLS.S30.T12RXV.2019062.v1.4,NM3145210885920190207,1,train
subsetted_512x512_HLS.S30.T12STD.2018168.v1.4,AZ3495111328920180515,1,train
subsetted_512x512_HLS.S30.T12STF.2018231.v1.4,AZ3689811361420180708,1,train
subsetted_512x512_HLS.S30.T12STG.2018186.v1.4,UT3739711342320180627,1,train
subsetted_512x512_HLS.S30.T12STG.2020241.v1.4,UT3715711356620200714,1,test
subsetted_512x512_HLS.S30.T12STJ.2020241.v1.4,UT3932711339120200719,1,val
subsetted_512x512_HLS.S30.T12SUC.2019223.v1.4,AZ3424311248720190714,1,train
subsetted_512x512_HLS.S30.T12SUC.2020153.v1.4,AZ3415011213920200531,1,train
subsetted_512x512_HLS.S30.T12SUC.2020248.v1.4,AZ3417411217520200807,1,val
subsetted_512x512_HLS.S30.T12SUD.2018168.v1.4,AZ3468811236620180511,1,test
subsetted_512x512_HLS.S30.T12SUE.2020218.v1.4,AZ3563211274720200705,1,train
subsetted_512x512_HLS.S30.T12SUF.2020183.v1.4,AZ3662811235020200608,1,val
subsetted_512x512_HLS.S30.T12SUH.2020268.v1.4,UT3821211280820200822,1,train
subsetted_512x512_HLS.S30.T12SUJ.2019298.v1.4,UT3887311238420190908,1,test
subsetted_512x512_HLS.S30.T12SUJ.2019308.v1.4,UT3952611225620191026,1,test
subsetted_512x512_HLS.S30.T12SUJ.2020186.v1.4,UT3942511234720200626,1,train
subsetted_512x512_HLS.S30.T12SVB.2020185.v1.4,AZ3304411105620200630,1,train
subsetted_512x512_HLS.S30.T12SVB.2020310.v1.4,AZ3324911096720201021,1,train
subsetted_512x512_HLS.S30.T12SVC.2018215.v1.4,AZ3394811199720180727,1,train
subsetted_512x512_HLS.S30.T12SVC.2019280.v1.4,AZ3395311201220190903,1,train
subsetted_512x512_HLS.S30.T12SWA.2018225.v1.4,AZ3228010995520180726,1,test
subsetted_512x512_HLS.S30.T12SXA.2020187.v1.4,AZ3209510937320200606,1,test
subsetted_512x512_HLS.S30.T12SXA.2020247.v1.4,AZ3238810909020200813,1,train
subsetted_512x512_HLS.S30.T12SXG.2019235.v1.4,UT3783510979920190726,1,train
subsetted_512x512_HLS.S30.T12TTM.2018219.v1.4,NV4180711406520180726,1,train
subsetted_512x512_HLS.S30.T12TTM.2019244.v1.4,NV4193711416620190804,1,train
subsetted_512x512_HLS.S30.T12TUK.2018231.v1.4,UT4050711296920180727,1,test
subsetted_512x512_HLS.S30.T12TUM.2019231.v1.4,UT4177911224220190715,1,train
subsetted_512x512_HLS.S30.T12TUN.2019276.v1.4,ID4299311311120190906,1,train
subsetted_512x512_HLS.S30.T12TUN.2021215.v1.4,ID4254611249720210721,1,train
subsetted_512x512_HLS.S30.T12TUP.2019226.v1.4,ID4371511252320190722,1,train
subsetted_512x512_HLS.S30.T12TVK.2020308.v1.4,UT4032611166920201017,1,val
subsetted_512x512_HLS.S30.T12TVM.2018246.v1.4,UT4194311112320180816,1,train
subsetted_512x512_HLS.S30.T12TVN.2018291.v1.4,ID4257811155220180922,1,train
subsetted_512x512_HLS.S30.T12TVR.2020281.v1.4,MT4577311182220200929,1,val
subsetted_512x512_HLS.S30.T12TWR.2020283.v1.4,MT4572011097420200904,1,train
subsetted_512x512_HLS.S30.T12TXK.2018215.v1.4,CO3968910875820180729,1,train
subsetted_512x512_HLS.S30.T12TXT.2018293.v1.4,MT4762510936620180903,1,train
subsetted_512x512_HLS.S30.T12TXT.2020248.v1.4,MT4758110954820200807,1,train
subsetted_512x512_HLS.S30.T12TYK.2020215.v1.4,CO3976210841920200713,1,train
subsetted_512x512_HLS.S30.T12UXU.2021250.v1.4,MT4801910865120210816,1,train
subsetted_512x512_HLS.S30.T13REQ.2018156.v1.4,TX3076510415220180516,1,val
subsetted_512x512_HLS.S30.T13RGP.2020118.v1.4,TX3022610256120200301,1,train
subsetted_512x512_HLS.S30.T13SBT.2019202.v1.4,NM3349910789720190605,1,train
subsetted_512x512_HLS.S30.T13SBV.2019247.v1.4,NM3534510752720190804,1,train
subsetted_512x512_HLS.S30.T13SCA.2019227.v1.4,NM3644910620720190713,1,test
subsetted_512x512_HLS.S30.T13SDA.2018199.v1.4,NM3636510508520180629,1,train
subsetted_512x512_HLS.S30.T13SDU.2018254.v1.4,NM3436210506320180807,1,train
subsetted_512x512_HLS.S30.T13SEB.2020249.v1.4,CO3701810400020200822,1,train
subsetted_512x512_HLS.S30.T13SFA.2018159.v1.4,OK3694010296020180524,1,test
subsetted_512x512_HLS.S30.T13SFB.2019219.v1.4,CO3711310286620190718,1,train
subsetted_512x512_HLS.S30.T13SFB.2020164.v1.4,CO3735610351820200518,1,test
subsetted_512x512_HLS.S30.T13SFS.2018196.v1.4,NM3317010361120180518,1,train
subsetted_512x512_HLS.S30.T13SFT.2019171.v1.4,NM3418210345020190410,1,train
subsetted_512x512_HLS.S30.T13TBF.2018190.v1.4,CO4078210783620180629,1,train
subsetted_512x512_HLS.S30.T13TCH.2020280.v1.4,WY4301310696720200814,1,train
subsetted_512x512_HLS.S30.T13TDH.2018292.v1.4,WY4326210530420180917,1,train
subsetted_512x512_HLS.S30.T13TDK.2020217.v1.4,MT4504710573520200722,1,train
subsetted_512x512_HLS.S30.T13TDL.2020187.v1.4,MT4529310571720200614,1,test
subsetted_512x512_HLS.S30.T13TDL.2020245.v1.4,MT4564010610720200825,1,train
subsetted_512x512_HLS.S30.T13TDL.2020280.v1.4,MT4590510631720200902,1,train
subsetted_512x512_HLS.S30.T13TEE.2020214.v1.4,CO4014010460020200719,1,test
subsetted_512x512_HLS.S30.T13TEE.2020249.v1.4,CO3991410379420200820,1,train
subsetted_512x512_HLS.S30.T13TFG.2020274.v1.4,NE4165010345220200827,1,train
subsetted_512x512_HLS.S30.T13TGE.2018136.v1.4,CO4037010225020180404,1,train
subsetted_512x512_HLS.S30.T13TGJ.2020309.v1.4,SD4334810247820200914,1,train
subsetted_512x512_HLS.S30.T14RKV.2018213.v1.4,TX3096410129920180702,1,train
subsetted_512x512_HLS.S30.T14RKV.2020278.v1.4,TX3111910137620200901,1,test
subsetted_512x512_HLS.S30.T14RLV.2019223.v1.4,TX3095710045720190723,1,train
subsetted_512x512_HLS.S30.T14RLV.2019348.v1.4,TX3068710057220191007,1,train
subsetted_512x512_HLS.S30.T14RMV.2020280.v1.4,TX3112609904920200802,1,train
subsetted_512x512_HLS.S30.T14RNQ.2021051.v1.4,TX2691709832320210126,1,val
subsetted_512x512_HLS.S30.T14RNV.2018215.v1.4,TX3157209838720180723,1,train
subsetted_512x512_HLS.S30.T14RPS.2019257.v1.4,TX2846709731320190825,1,train
subsetted_512x512_HLS.S30.T14SKA.2019278.v1.4,TX3217410111820190907,1,val
subsetted_512x512_HLS.S30.T14SKB.2019268.v1.4,TX3332410108120190809,1,val
subsetted_512x512_HLS.S30.T14SKD.2018156.v1.4,TX3481010130620180508,1,train
subsetted_512x512_HLS.S30.T14SKE.2018156.v1.4,TX3565810161920180413,1,test
subsetted_512x512_HLS.S30.T14SKF.2019246.v1.4,OK3671910126720190819,1,train
subsetted_512x512_HLS.S30.T14SLC.2019258.v1.4,TX3362710093720190817,1,val
subsetted_512x512_HLS.S30.T14SLD.2018163.v1.4,TX3464410105120180510,1,val
subsetted_512x512_HLS.S30.T14SMA.2020185.v1.4,TX3185709976920200614,1,train
subsetted_512x512_HLS.S30.T14SMB.2019228.v1.4,TX3312809957020190729,1,train
subsetted_512x512_HLS.S30.T14SMC.2018213.v1.4,TX3378209927320180716,1,train
subsetted_512x512_HLS.S30.T14SNA.2018215.v1.4,TX3165409878420180723,1,train
subsetted_512x512_HLS.S30.T14SNG.2020118.v1.4,KS3702809890220200325,1,val
subsetted_512x512_HLS.S30.T14SPD.2018100.v1.4,OK3434009756220180322,1,train
subsetted_512x512_HLS.S30.T14SPF.2019345.v1.4,OK3669509679920191116,1,train
subsetted_512x512_HLS.S30.T14SPJ.2019345.v1.4,KS3921209676120191113,1,train
subsetted_512x512_HLS.S30.T14SQE.2018075.v1.4,OK3529509619120180124,1,train
subsetted_512x512_HLS.S30.T14SQE.2018100.v1.4,OK3557109641620180320,1,train
subsetted_512x512_HLS.S30.T14SQG.2020085.v1.4,KS3786109647720200108,1,train
subsetted_512x512_HLS.S30.T14TKM.2019144.v1.4,NE4166810220320190321,1,test
subsetted_512x512_HLS.S30.T14UQU.2019163.v1.4,MN4823209549720190530,1,train
subsetted_512x512_HLS.S30.T15RWQ.2021098.v1.4,LA3111809256120210309,1,test
subsetted_512x512_HLS.S30.T15SXB.2019134.v1.4,MO3743109121220190409,1,val
subsetted_512x512_HLS.S30.T16RFU.2019105.v1.4,FL3011008549020190330,1,train
subsetted_512x512_HLS.S30.T16RFU.2019305.v1.4,FL3005608509020190916,1,test
subsetted_512x512_HLS.S30.T16RGU.2019277.v1.4,FL3037408463920190911,1,test
subsetted_512x512_HLS.S30.T16SFF.2021094.v1.4,TN3638708498220210309,1,test
subsetted_512x512_HLS.S30.T17RNL.2019111.v1.4,FL2783908058120190308,1,val
subsetted_512x512_HLS.S30.T17RNM.2019349.v1.4,FL2861908074420191120,1,train
subsetted_512x512_HLS.S30.T17SNA.2021348.v1.4,NC3634008046020211127,1,train
subsetted_512x512_HLS.S30.T18SVJ.2020131.v1.4,NJ3931607511120200409,1,train
subsetted_512x512_HLS.S30.T10SDH.2020248.v1.4,CA3867312307820200817,2,val
subsetted_512x512_HLS.S30.T10SEH.2018245.v1.4,CA3831012199020180810,2,train
subsetted_512x512_HLS.S30.T10SEH.2018280.v1.4,CA3873012240020180908,2,test
subsetted_512x512_HLS.S30.T10SEH.2019305.v1.4,CA3879612276720191023,2,val
subsetted_512x512_HLS.S30.T10SEH.2020190.v1.4,CA3847012204820200606,2,test
subsetted_512x512_HLS.S30.T10SEH.2020285.v1.4,CA3855412253120200927,2,train
subsetted_512x512_HLS.S30.T10SEJ.2018185.v1.4,CA3966012253020180609,2,val
subsetted_512x512_HLS.S30.T10SEJ.2018220.v1.4,CA3919012180020180731,2,test
subsetted_512x512_HLS.S30.T10SEJ.2019185.v1.4,CA3892812226620190608,2,train
subsetted_512x512_HLS.S30.T10SFE.2020267.v1.4,CA3612312160220200819,2,train
subsetted_512x512_HLS.S30.T10SFF.2018155.v1.4,CA3686012078020180502,2,train
subsetted_512x512_HLS.S30.T10SFF.2018190.v1.4,CA3641012100020180604,2,train
subsetted_512x512_HLS.S30.T10SFF.2020250.v1.4,CA3656312164020200816,2,train
subsetted_512x512_HLS.S30.T10SFF.2021189.v1.4,CA3620712156020210618,2,train
subsetted_512x512_HLS.S30.T10SFH.2018185.v1.4,CA3805012095020180629,2,val
subsetted_512x512_HLS.S30.T10SFH.2020185.v1.4,CA3852112120220200612,2,train
subsetted_512x512_HLS.S30.T10SFH.2020245.v1.4,CA3802612076120200818,2,val
subsetted_512x512_HLS.S30.T10SGD.2021306.v1.4,CA3451712013120211011,2,train
subsetted_512x512_HLS.S30.T10SGE.2018247.v1.4,CA3580012036020180806,2,test
subsetted_512x512_HLS.S30.T10SGE.2019187.v1.4,CA3566212040420190612,2,train
subsetted_512x512_HLS.S30.T10SGE.2020162.v1.4,CA3605412006420200503,2,val
subsetted_512x512_HLS.S30.T10SGE.2020187.v1.4,CA3535111995620200610,2,train
subsetted_512x512_HLS.S30.T10SGE.2020217.v1.4,CA3535112000520200728,2,train
subsetted_512x512_HLS.S30.T10SGE.2020247.v1.4,CA3607512023120200815,2,test
subsetted_512x512_HLS.S30.T10SGG.2019307.v1.4,CA3761912020720170716,2,train
subsetted_512x512_HLS.S30.T10TDN.2019213.v1.4,OR4292012329520190725,2,test
subsetted_512x512_HLS.S30.T10TEK.2018183.v1.4,CA4051012242020180624,2,val
subsetted_512x512_HLS.S30.T10TEK.2018340.v1.4,CA4022012217020181007,2,train
subsetted_512x512_HLS.S30.T10TEK.2019275.v1.4,CA4010912278920190905,2,test
subsetted_512x512_HLS.S30.T10TEK.2019350.v1.4,CA4004012260920191103,2,train
subsetted_512x512_HLS.S30.T10TEK.2020275.v1.4,CA4054112256820200927,2,val
subsetted_512x512_HLS.S30.T10TEM.2018213.v1.4,OR4209912285420180715,2,val
subsetted_512x512_HLS.S30.T10TFK.2020220.v1.4,CA4042112086320200718,2,test
subsetted_512x512_HLS.S30.T10TFL.2018245.v1.4,CA4139512105720180815,2,train
subsetted_512x512_HLS.S30.T10TFL.2020215.v1.4,CA4106412076220200720,2,test
subsetted_512x512_HLS.S30.T10TFM.2019280.v1.4,CA4174812105620190905,2,train
subsetted_512x512_HLS.S30.T10TFN.2018245.v1.4,OR4265012082720180815,2,train
subsetted_512x512_HLS.S30.T10TFN.2020235.v1.4,OR4250212055220200721,2,train
subsetted_512x512_HLS.S30.T10TFP.2018285.v1.4,OR4383912111420180907,2,train
subsetted_512x512_HLS.S30.T10TFP.2020248.v1.4,OR4403912052820200816,2,test
subsetted_512x512_HLS.S30.T10TFQ.2018245.v1.4,OR4453312109120180817,2,train
subsetted_512x512_HLS.S30.T10TFQ.2019245.v1.4,OR4494912090120190812,2,val
subsetted_512x512_HLS.S30.T10TFR.2018213.v1.4,OR4542812106020180726,2,test
subsetted_512x512_HLS.S30.T10TFS.2018193.v1.4,WA4671912050220180602,2,train
subsetted_512x512_HLS.S30.T10TFS.2018213.v1.4,WA4661012135020180730,2,train
subsetted_512x512_HLS.S30.T10TFS.2019213.v1.4,WA4682812052320190723,2,test
subsetted_512x512_HLS.S30.T10TFT.2018213.v1.4,WA4754012029720180713,2,test
subsetted_512x512_HLS.S30.T10TGK.2019280.v1.4,CA4005312066920190904,2,train
subsetted_512x512_HLS.S30.T10TGL.2019245.v1.4,CA4058912057520190828,2,val
subsetted_512x512_HLS.S30.T10TGN.2019305.v1.4,OR4261011964820190915,2,train
subsetted_512x512_HLS.S30.T10TGP.2018215.v1.4,OR4408012020420180716,2,train
subsetted_512x512_HLS.S30.T10TGQ.2018245.v1.4,OR4480012022420180817,2,train
subsetted_512x512_HLS.S30.T10TGQ.2020275.v1.4,OR4475511980220200819,2,test
subsetted_512x512_HLS.S30.T10TGR.2018245.v1.4,OR4514511998420180817,2,train
subsetted_512x512_HLS.S30.T10TGR.2020275.v1.4,WA4592711962520200907,2,train
subsetted_512x512_HLS.S30.T10TGS.2018190.v1.4,WA4619311979920180628,2,train
subsetted_512x512_HLS.S30.T10TGS.2018285.v1.4,WA4675811948720180908,2,test
subsetted_512x512_HLS.S30.T10TGS.2019195.v1.4,WA4686911989820190604,2,train
subsetted_512x512_HLS.S30.T10TGS.2020245.v1.4,WA4667012011520200817,2,train
subsetted_512x512_HLS.S30.T10TGT.2018213.v1.4,WA4725411999320180703,2,train
subsetted_512x512_HLS.S30.T10TGT.2019213.v1.4,WA4770712016520190723,2,test
subsetted_512x512_HLS.S30.T10UGU.2018213.v1.4,WA4779011998320180727,2,test
subsetted_512x512_HLS.S30.T10UGU.2018245.v1.4,WA4798411942320180806,2,test
subsetted_512x512_HLS.S30.T10UGU.2020215.v1.4,WA4777911979820200712,2,train
subsetted_512x512_HLS.S30.T10UGU.2020280.v1.4,WA4792111992220200907,2,train
subsetted_512x512_HLS.S30.T10UGU.2021249.v1.4,WA4855212019420210716,2,test
subsetted_512x512_HLS.S30.T11SKB.2018222.v1.4,CA3765211988120180713,2,train
subsetted_512x512_HLS.S30.T11SKB.2020222.v1.4,CA3781211964620200725,2,test
subsetted_512x512_HLS.S30.T11SKD.2018192.v1.4,NV3881811941120180617,2,train
subsetted_512x512_HLS.S30.T11SKD.2020197.v1.4,NV3887811956320200624,2,test
subsetted_512x512_HLS.S30.T11SKD.2020217.v1.4,NV3884311963920200707,2,train
subsetted_512x512_HLS.S30.T11SKV.2019152.v1.4,CA3572011963220190507,2,test
subsetted_512x512_HLS.S30.T11SKV.2019187.v1.4,CA3533311990620190605,2,test
subsetted_512x512_HLS.S30.T11SLB.2019237.v1.4,CA3782611887220190726,2,train
subsetted_512x512_HLS.S30.T11SLC.2020247.v1.4,CA3792911898320200817,2,train
subsetted_512x512_HLS.S30.T11SLT.2018349.v1.4,CA3424011870020181108,2,train
subsetted_512x512_HLS.S30.T11SLT.2021163.v1.4,CA3408411857020210515,2,train
subsetted_512x512_HLS.S30.T11SLU.2018184.v1.4,CA3490011851020180604,2,train
subsetted_512x512_HLS.S30.T11SLU.2020229.v1.4,CA3446611833020200705,2,train
subsetted_512x512_HLS.S30.T11SLU.2020249.v1.4,CA3444111874620200817,2,test
subsetted_512x512_HLS.S30.T11SLV.2020247.v1.4,CA3546511854420200803,2,train
subsetted_512x512_HLS.S30.T11SLV.2021251.v1.4,CA3568711855020210818,2,train
subsetted_512x512_HLS.S30.T11SMT.2018154.v1.4,CA3363011706020180517,2,val
subsetted_512x512_HLS.S30.T11SMT.2018249.v1.4,CA3367611751620180806,2,train
subsetted_512x512_HLS.S30.T11SMT.2019294.v1.4,CA3352811727320190904,2,test
subsetted_512x512_HLS.S30.T11SMT.2020194.v1.4,CA3337911735120200609,2,train
subsetted_512x512_HLS.S30.T11SMT.2020249.v1.4,CA3415711791120200813,2,train
subsetted_512x512_HLS.S30.T11SMT.2020289.v1.4,CA3405311699120200905,2,val
subsetted_512x512_HLS.S30.T11SMT.2020309.v1.4,CA3375311768720201026,2,train
subsetted_512x512_HLS.S30.T11SMV.2020249.v1.4,CA3606211763420200821,2,train
subsetted_512x512_HLS.S30.T11SNB.2018224.v1.4,NV3722911623920180728,2,train
subsetted_512x512_HLS.S30.T11SNB.2020234.v1.4,NV3701011608020200727,2,val
subsetted_512x512_HLS.S30.T11SNB.2021153.v1.4,NV3700011641620210517,2,train
subsetted_512x512_HLS.S30.T11SNB.2021268.v1.4,NV3727011619820210825,2,test
subsetted_512x512_HLS.S30.T11SNS.2019246.v1.4,CA3257311670020190814,2,train
subsetted_512x512_HLS.S30.T11SNS.2020276.v1.4,CA3276011669320200905,2,train
subsetted_512x512_HLS.S30.T11SNS.2021155.v1.4,CA3298011643520210501,2,val
subsetted_512x512_HLS.S30.T11SNT.2018216.v1.4,CA3372011680020180725,2,train
subsetted_512x512_HLS.S30.T11SNT.2020281.v1.4,CA3388811668420200917,2,test
subsetted_512x512_HLS.S30.T11SPA.2020196.v1.4,NV3630611561820200628,2,train
subsetted_512x512_HLS.S30.T11SPB.2020196.v1.4,NV3746711499420200626,2,train
subsetted_512x512_HLS.S30.T11SPV.2020186.v1.4,CA3517211519520200622,2,train
subsetted_512x512_HLS.S30.T11SPV.2020236.v1.4,NV3594511544620200720,2,val
subsetted_512x512_HLS.S30.T11SPV.2020246.v1.4,CA3530111559820200815,2,train
subsetted_512x512_HLS.S30.T11SPV.2021215.v1.4,NV3599911559820210610,2,train
subsetted_512x512_HLS.S30.T11SQA.2020286.v1.4,NV3660711406220200922,2,train
subsetted_512x512_HLS.S30.T11SQC.2020196.v1.4,NV3833511422820200626,2,train
subsetted_512x512_HLS.S30.T11SQC.2020241.v1.4,NV3788911411120200713,2,val
subsetted_512x512_HLS.S30.T11SQD.2020196.v1.4,NV3934011453020200511,2,train
subsetted_512x512_HLS.S30.T11SQS.2019078.v1.4,AZ3282711447820190216,2,val
subsetted_512x512_HLS.S30.T11TKE.2018215.v1.4,NV3986111961620180727,2,train
subsetted_512x512_HLS.S30.T11TKF.2020265.v1.4,NV4083911966720200812,2,train
subsetted_512x512_HLS.S30.T11TKG.2020265.v1.4,OR4209412026920200816,2,train
subsetted_512x512_HLS.S30.T11TLE.2018182.v1.4,NV4040711826020180623,2,val
subsetted_512x512_HLS.S30.T11TLE.2018247.v1.4,NV4048111917220180723,2,val
subsetted_512x512_HLS.S30.T11TLH.2018217.v1.4,OR4241211864020180705,2,train
subsetted_512x512_HLS.S30.T11TLH.2019215.v1.4,OR4316311929120190721,2,train
subsetted_512x512_HLS.S30.T11TLH.2020247.v1.4,OR4302111828620200805,2,train
subsetted_512x512_HLS.S30.T11TLL.2018190.v1.4,WA4597011911020180622,2,val
subsetted_512x512_HLS.S30.T11TLL.2018245.v1.4,OR4531411905220180816,2,train
subsetted_512x512_HLS.S30.T11TLL.2020275.v1.4,OR4538011911420200908,2,val
subsetted_512x512_HLS.S30.T11TLM.2019305.v1.4,WA4656911899620191007,2,val
subsetted_512x512_HLS.S30.T11TLM.2020275.v1.4,WA4663311856920200908,2,train
subsetted_512x512_HLS.S30.T11TLN.2020280.v1.4,WA4770711826020200907,2,train
subsetted_512x512_HLS.S30.T11TMF.2018222.v1.4,NV4076011752020180724,2,train
subsetted_512x512_HLS.S30.T11TMF.2019227.v1.4,NV4064811732520190722,2,train
subsetted_512x512_HLS.S30.T11TMF.2019257.v1.4,NV4076611721820190808,2,train
subsetted_512x512_HLS.S30.T11TMF.2019312.v1.4,NV4125011713520190916,2,test
subsetted_512x512_HLS.S30.T11TMG.2018222.v1.4,OR4240411760120180724,2,train
subsetted_512x512_HLS.S30.T11TMH.2018182.v1.4,OR4261111754220180615,2,test
subsetted_512x512_HLS.S30.T11TMH.2020247.v1.4,OR4275611811920200817,2,train
subsetted_512x512_HLS.S30.T11TMJ.2018217.v1.4,OR4393211800020180714,2,val
subsetted_512x512_HLS.S30.T11TMJ.2020247.v1.4,OR4380511789220200816,2,train
subsetted_512x512_HLS.S30.T11TMK.2018292.v1.4,ID4458311709720180915,2,train
subsetted_512x512_HLS.S30.T11TMM.2020245.v1.4,WA4643911718420200817,2,train
subsetted_512x512_HLS.S30.T11TMM.2021224.v1.4,WA4649011720020210722,2,train
subsetted_512x512_HLS.S30.T11TMN.2018245.v1.4,WA4774811807520180802,2,val
subsetted_512x512_HLS.S30.T11TNE.2018199.v1.4,NV4056511665220180623,2,train
subsetted_512x512_HLS.S30.T11TNE.2019224.v1.4,NV4013411644020190722,2,train
subsetted_512x512_HLS.S30.T11TNF.2018199.v1.4,NV4067711610520180627,2,test
subsetted_512x512_HLS.S30.T11TNF.2018219.v1.4,NV4061211588320180724,2,train
subsetted_512x512_HLS.S30.T11TNF.2018244.v1.4,NV4064611615820180823,2,test
subsetted_512x512_HLS.S30.T11TNF.2018289.v1.4,NV4130311596620180903,2,train
subsetted_512x512_HLS.S30.T11TNF.2019314.v1.4,NV4089711609720191014,2,train
subsetted_512x512_HLS.S30.T11TNG.2018219.v1.4,NV4194911609820180721,2,val
subsetted_512x512_HLS.S30.T11TNG.2018289.v1.4,NV4181211632420180817,2,val
subsetted_512x512_HLS.S30.T11TNH.2018217.v1.4,ID4302611590820180704,2,train
subsetted_512x512_HLS.S30.T11TNH.2020217.v1.4,ID4274811621820200722,2,train
subsetted_512x512_HLS.S30.T11TNJ.2019244.v1.4,ID4345211594520190815,2,train
subsetted_512x512_HLS.S30.T11TNK.2018222.v1.4,ID4467611644820180726,2,train
subsetted_512x512_HLS.S30.T11TPE.2018244.v1.4,NV4006311484620180813,2,train
subsetted_512x512_HLS.S30.T11TPE.2019269.v1.4,NV4031211561920190804,2,test
subsetted_512x512_HLS.S30.T11TPF.2018219.v1.4,NV4127811541520180716,2,test
subsetted_512x512_HLS.S30.T11TPF.2018289.v1.4,NV4067411551020180930,2,train
subsetted_512x512_HLS.S30.T11TPF.2021183.v1.4,NV4099311562120210622,2,train
subsetted_512x512_HLS.S30.T11TPG.2018219.v1.4,NV4160011549220180725,2,train
subsetted_512x512_HLS.S30.T11TPG.2019214.v1.4,ID4229111562520190723,2,val
subsetted_512x512_HLS.S30.T11TPG.2020249.v1.4,ID4229611529420200814,2,train
subsetted_512x512_HLS.S30.T11TPH.2020174.v1.4,ID4284111556820200530,2,val
subsetted_512x512_HLS.S30.T11TPH.2020184.v1.4,ID4298311481320200606,2,train
subsetted_512x512_HLS.S30.T11TPH.2020219.v1.4,ID4295011487620200703,2,train
subsetted_512x512_HLS.S30.T11TPH.2021238.v1.4,ID4253711500720210703,2,test
subsetted_512x512_HLS.S30.T11TPH.2021263.v1.4,ID4261911561220210806,2,val
subsetted_512x512_HLS.S30.T11TPJ.2020249.v1.4,ID4345611483420200806,2,train
subsetted_512x512_HLS.S30.T11TPK.2021268.v1.4,ID4453211532920210810,2,test
subsetted_512x512_HLS.S30.T11TPL.2019244.v1.4,ID4532811445320190804,2,train
subsetted_512x512_HLS.S30.T11TPL.2021223.v1.4,ID4558511544420210705,2,train
subsetted_512x512_HLS.S30.T11TPN.2019214.v1.4,MT4743511435720190723,2,test
subsetted_512x512_HLS.S30.T11TPN.2020217.v1.4,MT4730311448320200727,2,val
subsetted_512x512_HLS.S30.T11TQG.2020186.v1.4,UT4154311335720200603,2,train
subsetted_512x512_HLS.S30.T11TQG.2020216.v1.4,UT4177211363120200720,2,val
subsetted_512x512_HLS.S30.T11TQH.2019221.v1.4,ID4291611449620170710,2,train
subsetted_512x512_HLS.S30.T11TQH.2020216.v1.4,ID4254811347120200723,2,train
subsetted_512x512_HLS.S30.T11TQH.2020251.v1.4,ID4262311348620200808,2,val
subsetted_512x512_HLS.S30.T11TQJ.2018219.v1.4,ID4346711414520180729,2,train
subsetted_512x512_HLS.S30.T11TQK.2020249.v1.4,MT4485811343720200811,2,train
subsetted_512x512_HLS.S30.T11TQL.2021223.v1.4,MT4568311385420210708,2,train
subsetted_512x512_HLS.S30.T11ULP.2018245.v1.4,WA4784011934020180811,2,train
subsetted_512x512_HLS.S30.T11ULP.2019245.v1.4,WA4793911861820190802,2,train
subsetted_512x512_HLS.S30.T11ULP.2020280.v1.4,WA4817811826620200907,2,train
subsetted_512x512_HLS.S30.T11ULP.2021249.v1.4,WA4828511853120210713,2,test
subsetted_512x512_HLS.S30.T11UQP.2018249.v1.4,MT4831111365120180811,2,train
subsetted_512x512_HLS.S30.T12RVV.2018215.v1.4,AZ3146411144720180705,2,train
subsetted_512x512_HLS.S30.T12RWV.2019225.v1.4,AZ3156211037620190714,2,train
subsetted_512x512_HLS.S30.T12RXV.2018217.v1.4,AZ3154810940620180724,2,train
subsetted_512x512_HLS.S30.T12RYV.2018152.v1.4,NM3134910867820180516,2,train
subsetted_512x512_HLS.S30.T12STC.2020218.v1.4,AZ3344911322120200711,2,train
subsetted_512x512_HLS.S30.T12STD.2020248.v1.4,AZ3479711322320200824,2,train
subsetted_512x512_HLS.S30.T12STE.2020246.v1.4,AZ3574111380520200818,2,train
subsetted_512x512_HLS.S30.T12STF.2020156.v1.4,AZ3652211386520200510,2,train
subsetted_512x512_HLS.S30.T12STF.2021190.v1.4,AZ3697611367020210624,2,train
subsetted_512x512_HLS.S30.T12STF.2021215.v1.4,AZ3697411369720210713,2,test
subsetted_512x512_HLS.S30.T12STG.2020291.v1.4,UT3732811369420200927,2,train
subsetted_512x512_HLS.S30.T12STH.2020246.v1.4,UT3869911350520200824,2,train
subsetted_512x512_HLS.S30.T12SUC.2019158.v1.4,AZ3376811242920190530,2,val
subsetted_512x512_HLS.S30.T12SUC.2020318.v1.4,AZ3427511241920201015,2,train
subsetted_512x512_HLS.S30.T12SUD.2018218.v1.4,AZ3477911297320180708,2,train
subsetted_512x512_HLS.S30.T12SUF.2018253.v1.4,AZ3636911230720180726,2,train
subsetted_512x512_HLS.S30.T12SUF.2020223.v1.4,AZ3698311211020200729,2,test
subsetted_512x512_HLS.S30.T12SUH.2018228.v1.4,UT3806611313920180720,2,train
subsetted_512x512_HLS.S30.T12SUH.2019298.v1.4,UT3800311315120190905,2,train
subsetted_512x512_HLS.S30.T12SUH.2020188.v1.4,UT3867511318120200625,2,train
subsetted_512x512_HLS.S30.T12SVA.2020230.v1.4,AZ3195511118320200712,2,test
subsetted_512x512_HLS.S30.T12SVA.2020310.v1.4,AZ3168311135220201006,2,train
subsetted_512x512_HLS.S30.T12SVB.2020155.v1.4,AZ3340211129720200531,2,train
subsetted_512x512_HLS.S30.T12SVC.2019190.v1.4,AZ3340811121020190608,2,train
subsetted_512x512_HLS.S30.T12SVC.2019245.v1.4,AZ3372911159520190804,2,train
subsetted_512x512_HLS.S30.T12SVC.2020155.v1.4,AZ3384711201720200517,2,train
subsetted_512x512_HLS.S30.T12SVC.2020250.v1.4,AZ3395611183620200829,2,test
subsetted_512x512_HLS.S30.T12SVC.2020285.v1.4,AZ3388511181620200925,2,train
subsetted_512x512_HLS.S30.T12SVD.2018168.v1.4,AZ3455711116020180427,2,train
subsetted_512x512_HLS.S30.T12SVD.2019183.v1.4,AZ3440011201020190603,2,test
subsetted_512x512_HLS.S30.T12SVE.2019183.v1.4,AZ3530911140720190516,2,train
subsetted_512x512_HLS.S30.T12SVE.2019228.v1.4,AZ3525811164320190721,2,train
subsetted_512x512_HLS.S30.T12SVF.2018253.v1.4,AZ3636511203320180806,2,train
subsetted_512x512_HLS.S30.T12SWA.2019260.v1.4,AZ3213311040720190822,2,train
subsetted_512x512_HLS.S30.T12SWA.2020230.v1.4,AZ3237811092720200606,2,val
subsetted_512x512_HLS.S30.T12SWB.2020250.v1.4,AZ3336011011920200828,2,val
subsetted_512x512_HLS.S30.T12SWC.2019225.v1.4,AZ3423611014020190726,2,train
subsetted_512x512_HLS.S30.T12SWC.2020190.v1.4,AZ3343511035820200606,2,train
subsetted_512x512_HLS.S30.T12SWC.2020250.v1.4,AZ3354411042020200801,2,test
subsetted_512x512_HLS.S30.T12SWD.2018220.v1.4,AZ3461611082220180724,2,train
subsetted_512x512_HLS.S30.T12SWJ.2018238.v1.4,UT3930510987820180721,2,train
subsetted_512x512_HLS.S30.T12SXA.2018157.v1.4,AZ3198010937020180512,2,val
subsetted_512x512_HLS.S30.T12SXB.2018217.v1.4,AZ3321510968220180730,2,train
subsetted_512x512_HLS.S30.T12SXJ.2020200.v1.4,CO3905010893820200605,2,train
subsetted_512x512_HLS.S30.T12SYG.2018225.v1.4,CO3765810847420180722,2,train
subsetted_512x512_HLS.S30.T12SYG.2020220.v1.4,CO3727110823720200614,2,train
subsetted_512x512_HLS.S30.T12TTM.2020306.v1.4,ID4209111416920200912,2,test
subsetted_512x512_HLS.S30.T12TUK.2020286.v1.4,UT4009411287320200914,2,train
subsetted_512x512_HLS.S30.T12TUM.2018196.v1.4,UT4192311225720180627,2,train
subsetted_512x512_HLS.S30.T12TUM.2018246.v1.4,UT4185411239220180803,2,val
subsetted_512x512_HLS.S30.T12TUM.2020191.v1.4,UT4180611268420200603,2,test
subsetted_512x512_HLS.S30.T12TUN.2018186.v1.4,ID4268911299220180609,2,train
subsetted_512x512_HLS.S30.T12TUN.2018216.v1.4,ID4247711313220180717,2,train
subsetted_512x512_HLS.S30.T12TUN.2018246.v1.4,ID4298011230820180816,2,train
subsetted_512x512_HLS.S30.T12TUN.2020216.v1.4,ID4284311240020200719,2,train
subsetted_512x512_HLS.S30.T12TUN.2021150.v1.4,ID4328311224320210421,2,test
subsetted_512x512_HLS.S30.T12TUN.2021205.v1.4,ID4268511284420210614,2,train
subsetted_512x512_HLS.S30.T12TUP.2020241.v1.4,ID4369611305520200702,2,val
subsetted_512x512_HLS.S30.T12TVK.2020188.v1.4,UT4020111189120200628,2,val
subsetted_512x512_HLS.S30.T12TVK.2020228.v1.4,UT3979911153620200731,2,test
subsetted_512x512_HLS.S30.T12TVN.2018246.v1.4,ID4292911199020180813,2,val
subsetted_512x512_HLS.S30.T12TVP.2018221.v1.4,ID4409311186520180726,2,test
subsetted_512x512_HLS.S30.T12TVR.2018246.v1.4,MT4515311193120180811,2,train
subsetted_512x512_HLS.S30.T12TVR.2020256.v1.4,MT4555711165420200823,2,train
subsetted_512x512_HLS.S30.T12TVS.2019216.v1.4,MT4675311196320190726,2,train
subsetted_512x512_HLS.S30.T12TVS.2020191.v1.4,MT4649511207120200613,2,test
subsetted_512x512_HLS.S30.T12TVS.2020256.v1.4,MT4609911223320200829,2,test
subsetted_512x512_HLS.S30.T12TWK.2020268.v1.4,UT4060611070920200821,2,test
subsetted_512x512_HLS.S30.T12TWQ.2020283.v1.4,WY4438911082120200822,2,train
subsetted_512x512_HLS.S30.T12TWT.2020276.v1.4,MT4712810977820200902,2,train
subsetted_512x512_HLS.S30.T12TXL.2018220.v1.4,WY4121410901620180728,2,train
subsetted_512x512_HLS.S30.T12TXL.2020250.v1.4,WY4100410927220200803,2,train
subsetted_512x512_HLS.S30.T12TXM.2018220.v1.4,WY4152710878820180728,2,test
subsetted_512x512_HLS.S30.T12TXQ.2018248.v1.4,WY4446210893620180812,2,train
subsetted_512x512_HLS.S30.T12TXR.2020283.v1.4,MT4569810891520200802,2,train
subsetted_512x512_HLS.S30.T12TXS.2020278.v1.4,MT4630410839320200902,2,val
subsetted_512x512_HLS.S30.T12TXT.2018248.v1.4,MT4715410847520180825,2,test
subsetted_512x512_HLS.S30.T12TYK.2018220.v1.4,CO4019210820120180720,2,test
subsetted_512x512_HLS.S30.T12TYL.2018290.v1.4,CO4065310857420180913,2,test
subsetted_512x512_HLS.S30.T12TYP.2018220.v1.4,WY4377310790720180728,2,train
subsetted_512x512_HLS.S30.T12TYP.2018245.v1.4,WY4381010781320180813,2,val
subsetted_512x512_HLS.S30.T12TYP.2020215.v1.4,WY4385610791920200714,2,train
subsetted_512x512_HLS.S30.T12TYQ.2018185.v1.4,WY4421310768820180614,2,train
subsetted_512x512_HLS.S30.T12TYS.2020248.v1.4,MT4637510768820200827,2,train
subsetted_512x512_HLS.S30.T12TYS.2020278.v1.4,MT4674110768520200902,2,train
subsetted_512x512_HLS.S30.T12TYT.2018213.v1.4,MT4758010779320180720,2,test
subsetted_512x512_HLS.S30.T12TYT.2019248.v1.4,MT4747210794120190812,2,train
subsetted_512x512_HLS.S30.T13REP.2018141.v1.4,TX3054610425020180430,2,train
subsetted_512x512_HLS.S30.T13REP.2019241.v1.4,TX3009510451420190718,2,test
subsetted_512x512_HLS.S30.T13SBS.2020217.v1.4,NM3250010718420200606,2,val
subsetted_512x512_HLS.S30.T13SBT.2019237.v1.4,NM3361010740620190713,2,train
subsetted_512x512_HLS.S30.T13SCR.2018214.v1.4,NM3242610655220180624,2,train
subsetted_512x512_HLS.S30.T13SDS.2018214.v1.4,NM3250810502620180615,2,test
subsetted_512x512_HLS.S30.T13SDT.2018134.v1.4,NM3358510552620180412,2,train
subsetted_512x512_HLS.S30.T13SDT.2019184.v1.4,NM3380810573920190526,2,test
subsetted_512x512_HLS.S30.T13SDT.2020249.v1.4,NM3366710562920200804,2,train
subsetted_512x512_HLS.S30.T13SDU.2018219.v1.4,NM3470710514020180721,2,train
subsetted_512x512_HLS.S30.T13SDV.2020269.v1.4,NM3583110586320200818,2,train
subsetted_512x512_HLS.S30.T13SEA.2018144.v1.4,NM3623610471320180404,2,train
subsetted_512x512_HLS.S30.T13SEA.2020214.v1.4,NM3613910422420200606,2,test
subsetted_512x512_HLS.S30.T13SEB.2018189.v1.4,NM3698710394020180607,2,test
subsetted_512x512_HLS.S30.T13SEC.2018164.v1.4,CO3846910432320180527,2,train
subsetted_512x512_HLS.S30.T13SER.2018156.v1.4,NM3221210467920180522,2,train
subsetted_512x512_HLS.S30.T13SEV.2020154.v1.4,NM3592510438120200501,2,test
subsetted_512x512_HLS.S30.T13SFA.2018134.v1.4,NM3692110306120180308,2,val
subsetted_512x512_HLS.S30.T13SFA.2018184.v1.4,NM3690210301720180609,2,train
subsetted_512x512_HLS.S30.T13SFA.2019244.v1.4,NM3655410312720190805,2,val
subsetted_512x512_HLS.S30.T13SFA.2020154.v1.4,NM3694510319920200523,2,train
subsetted_512x512_HLS.S30.T13SFB.2020189.v1.4,CO3702010334020200607,2,train
subsetted_512x512_HLS.S30.T13SFC.2019154.v1.4,CO3806310318920190404,2,val
subsetted_512x512_HLS.S30.T13SFC.2020124.v1.4,CO3805510340720200411,2,train
subsetted_512x512_HLS.S30.T13SFC.2020184.v1.4,CO3844710247720200615,2,val
subsetted_512x512_HLS.S30.T13SFR.2020216.v1.4,NM3212110384520200729,2,train
subsetted_512x512_HLS.S30.T13SFR.2020251.v1.4,TX3166310307120200827,2,val
subsetted_512x512_HLS.S30.T13SFS.2018136.v1.4,NM3316110373620180331,2,train
subsetted_512x512_HLS.S30.T13SFT.2018136.v1.4,NM3349810333820180412,2,val
subsetted_512x512_HLS.S30.T13SGB.2018136.v1.4,CO3773310232920180304,2,train
subsetted_512x512_HLS.S30.T13SGB.2019076.v1.4,CO3699510252520190213,2,val
subsetted_512x512_HLS.S30.T13TBE.2018220.v1.4,CO3991610764020180729,2,train
subsetted_512x512_HLS.S30.T13TCG.2020247.v1.4,WY4217810703820200807,2,train
subsetted_512x512_HLS.S30.T13TCG.2020277.v1.4,WY4183110664420200905,2,train
subsetted_512x512_HLS.S30.T13TCJ.2020200.v1.4,WY4389210640120200614,2,train
subsetted_512x512_HLS.S30.T13TCJ.2020230.v1.4,WY4391910664520200716,2,train
subsetted_512x512_HLS.S30.T13TCK.2020215.v1.4,WY4446910642920200723,2,train
subsetted_512x512_HLS.S30.T13TCK.2020245.v1.4,WY4498410652920200817,2,test
subsetted_512x512_HLS.S30.T13TCL.2020245.v1.4,MT4589610704320200803,2,train
subsetted_512x512_HLS.S30.T13TCL.2020280.v1.4,MT4599210727920200923,2,test
subsetted_512x512_HLS.S30.T13TCM.2020215.v1.4,MT4635510649020200715,2,train
subsetted_512x512_HLS.S30.T13TCM.2020250.v1.4,MT4675110703320200807,2,train
subsetted_512x512_HLS.S30.T13TCN.2020278.v1.4,MT4738010691520200902,2,train
subsetted_512x512_HLS.S30.T13TDE.2020247.v1.4,CO3985110606520200814,2,train
subsetted_512x512_HLS.S30.T13TDF.2018222.v1.4,WY4102310619920180610,2,test
subsetted_512x512_HLS.S30.T13TDK.2020280.v1.4,WY4466210575120200903,2,train
subsetted_512x512_HLS.S30.T13TDL.2020307.v1.4,MT4541710565520201006,2,train
subsetted_512x512_HLS.S30.T13TDM.2020250.v1.4,MT4620510572420200806,2,train
subsetted_512x512_HLS.S30.T13TEF.2019109.v1.4,CO4069910400320190319,2,val
subsetted_512x512_HLS.S30.T13TEG.2019157.v1.4,NE4230710373320190405,2,train
subsetted_512x512_HLS.S30.T13TEL.2020307.v1.4,MT4571210446620201012,2,train
subsetted_512x512_HLS.S30.T13TEN.2018245.v1.4,MT4736310474020180809,2,train
subsetted_512x512_HLS.S30.T13TFH.2020204.v1.4,SD4311610262120200616,2,test
subsetted_512x512_HLS.S30.T13TFJ.2020264.v1.4,SD4327410271120200806,2,test
subsetted_512x512_HLS.S30.T13TGH.2020304.v1.4,NE4280510153220200928,2,train
subsetted_512x512_HLS.S30.T13UCP.2020248.v1.4,MT4783310693320200821,2,train
subsetted_512x512_HLS.S30.T13UDP.2018290.v1.4,MT4835010534020180831,2,train
subsetted_512x512_HLS.S30.T13UDP.2020255.v1.4,MT4818110588720200824,2,test
subsetted_512x512_HLS.S30.T14RKU.2020158.v1.4,TX3029010150020200419,2,test
subsetted_512x512_HLS.S30.T14RKV.2018143.v1.4,TX3097610133020180413,2,test
subsetted_512x512_HLS.S30.T14RKV.2018193.v1.4,TX3086610127820180604,2,test
subsetted_512x512_HLS.S30.T14RKV.2020268.v1.4,TX3086010191020200831,2,test
subsetted_512x512_HLS.S30.T14RLT.2020273.v1.4,TX2932610087120200827,2,test
subsetted_512x512_HLS.S30.T14RLU.2019293.v1.4,TX3064710027020190914,2,val
subsetted_512x512_HLS.S30.T14RLU.2020193.v1.4,TX3065310092220200611,2,test
subsetted_512x512_HLS.S30.T14RLU.2020278.v1.4,TX3034010088120200816,2,train
subsetted_512x512_HLS.S30.T14RLV.2018043.v1.4,TX3095610045720180124,2,test
subsetted_512x512_HLS.S30.T14RMV.2020220.v1.4,TX3149009984920200712,2,train
subsetted_512x512_HLS.S30.T14RNU.2018215.v1.4,TX3065009856720180718,2,train
subsetted_512x512_HLS.S30.T14RNV.2020220.v1.4,TX3146709888420200712,2,val
subsetted_512x512_HLS.S30.T14RPQ.2018107.v1.4,TX2708809759120180311,2,train
subsetted_512x512_HLS.S30.T14SKA.2020223.v1.4,TX3159210116820200704,2,train
subsetted_512x512_HLS.S30.T14SKE.2019111.v1.4,TX3575010162220190313,2,test
subsetted_512x512_HLS.S30.T14SKE.2020216.v1.4,TX3570310164720200711,2,train
subsetted_512x512_HLS.S30.T14SKE.2020281.v1.4,TX3540410187920200820,2,val
subsetted_512x512_HLS.S30.T14SLA.2020193.v1.4,TX3206310086420200619,2,test
subsetted_512x512_HLS.S30.T14SLA.2020223.v1.4,TX3231910015220200713,2,test
subsetted_512x512_HLS.S30.T14SLC.2018038.v1.4,TX3401610055920180125,2,train
subsetted_512x512_HLS.S30.T14SLD.2018138.v1.4,TX3506710118520180402,2,val
subsetted_512x512_HLS.S30.T14SLD.2018218.v1.4,TX3455510115820180717,2,test
subsetted_512x512_HLS.S30.T14SLD.2020218.v1.4,TX3447710074220200711,2,train
subsetted_512x512_HLS.S30.T14SLE.2018098.v1.4,TX3546110085220180323,2,train
subsetted_512x512_HLS.S30.T14SLE.2018138.v1.4,TX3522410013020180413,2,train
subsetted_512x512_HLS.S30.T14SLE.2019098.v1.4,TX3573210066420190313,2,train
subsetted_512x512_HLS.S30.T14SLE.2019248.v1.4,TX3582410101520190807,2,test
subsetted_512x512_HLS.S30.T14SLE.2020323.v1.4,TX3568810093120201011,2,train
subsetted_512x512_HLS.S30.T14SLF.2020108.v1.4,OK3661710061020200307,2,train
subsetted_512x512_HLS.S30.T14SMB.2018073.v1.4,TX3272009947720180226,2,test
subsetted_512x512_HLS.S30.T14SMB.2018138.v1.4,TX3267009971820180413,2,train
subsetted_512x512_HLS.S30.T14SMB.2020268.v1.4,TX3268709915020200830,2,val
subsetted_512x512_HLS.S30.T14SMC.2019258.v1.4,TX3402609987020190820,2,train
subsetted_512x512_HLS.S30.T14SMD.2018138.v1.4,TX3482010022020180413,2,val
subsetted_512x512_HLS.S30.T14SME.2018138.v1.4,OK3566409983720180413,2,train
subsetted_512x512_HLS.S30.T14SMF.2018098.v1.4,OK3680809902720180218,2,train
subsetted_512x512_HLS.S30.T14SNB.2018215.v1.4,TX3300809836120180710,2,train
subsetted_512x512_HLS.S30.T14SND.2018215.v1.4,OK3475809868420180702,2,train
subsetted_512x512_HLS.S30.T14SNF.2018095.v1.4,OK3648509869620180306,2,test
subsetted_512x512_HLS.S30.T14SNF.2020183.v1.4,OK3632609837220200610,2,test
subsetted_512x512_HLS.S30.T14SNG.2020183.v1.4,OK3698609831720200617,2,train
subsetted_512x512_HLS.S30.T14SPB.2018035.v1.4,TX3272509755820180122,2,train
subsetted_512x512_HLS.S30.T14SQE.2020065.v1.4,OK3525609595520200222,2,test
subsetted_512x512_HLS.S30.T14SQF.2018075.v1.4,OK3642109646420180203,2,val
subsetted_512x512_HLS.S30.T14SQF.2018100.v1.4,OK3650509633420180324,2,train
subsetted_512x512_HLS.S30.T14SQJ.2020340.v1.4,KS3919209595820201118,2,test
subsetted_512x512_HLS.S30.T14TQT.2021112.v1.4,MN4771209630220210329,2,train
subsetted_512x512_HLS.S30.T14UPU.2021112.v1.4,MN4866009654320210321,2,train
subsetted_512x512_HLS.S30.T14UPV.2018136.v1.4,MN4884009637020180429,2,train
subsetted_512x512_HLS.S30.T14UQU.2021112.v1.4,MN4796109539420210307,2,train
subsetted_512x512_HLS.S30.T15RVP.2021063.v1.4,LA2991209334620210223,2,train
subsetted_512x512_HLS.S30.T15STU.2018237.v1.4,OK3434009530020180724,2,train
subsetted_512x512_HLS.S30.T15STV.2018102.v1.4,OK3535809587220180315,2,val
subsetted_512x512_HLS.S30.T15SUU.2018062.v1.4,AR3497109415320180202,2,val
subsetted_512x512_HLS.S30.T15SVA.2019092.v1.4,MO3686909295920190323,2,train
subsetted_512x512_HLS.S30.T15SXA.2018154.v1.4,MO3691709150920180412,2,train
subsetted_512x512_HLS.S30.T16RBU.2020123.v1.4,MS3041208915720200426,2,val
subsetted_512x512_HLS.S30.T16SGA.2018107.v1.4,GA3239508464820180322,2,train
subsetted_512x512_HLS.S30.T17RMJ.2018064.v1.4,FL2616308144920180212,2,train
subsetted_512x512_HLS.S30.T17RML.2018064.v1.4,FL2751908119020180204,2,val
subsetted_512x512_HLS.S30.T17RNK.2019081.v1.4,FL2634008064020190119,2,train
subsetted_512x512_HLS.S30.T17RNK.2020126.v1.4,FL2623908094820200410,2,train
subsetted_512x512_HLS.S30.T17SLB.2019287.v1.4,KY3760808261720190917,2,train
subsetted_512x512_HLS.S30.T17SNS.2021128.v1.4,SC3269708070820210406,2,train
subsetted_512x512_HLS.S30.T18TWK.2018121.v1.4,NJ3974007449020180422,2,train
subsetted_512x512_HLS.S30.T18TWK.2019093.v1.4,NJ3977007445020190330,2,train
subsetted_512x512_HLS.S30.T18TXQ.2018266.v1.4,NY4487007364020180712,2,test
subsetted_512x512_HLS.S30.T10SEH.2018190.v1.4,CA3881012220020180630,2,val
subsetted_512x512_HLS.S30.T10SFE.2021166.v1.4,CA3595912083320210530,2,train
subsetted_512x512_HLS.S30.T10SFF.2020215.v1.4,CA3667512102020200715,2,val
subsetted_512x512_HLS.S30.T10SFG.2020185.v1.4,CA3706812121320200628,2,train
subsetted_512x512_HLS.S30.T10SFG.2020215.v1.4,CA3702412151420200705,2,test
subsetted_512x512_HLS.S30.T10SGD.2018257.v1.4,CA3511712010020180819,2,train
subsetted_512x512_HLS.S30.T10SGF.2020217.v1.4,CA3609512052220200713,2,train
subsetted_512x512_HLS.S30.T10SGG.2018187.v1.4,CA3735012030020180615,2,test
subsetted_512x512_HLS.S30.T10SGG.2020247.v1.4,CA3780512029420200820,2,val
subsetted_512x512_HLS.S30.T10TFL.2018215.v1.4,CA4063012088020180727,2,train
subsetted_512x512_HLS.S30.T10TFM.2019215.v1.4,CA4172612124320190728,2,test
subsetted_512x512_HLS.S30.T10TFM.2020215.v1.4,CA4173712105820200723,2,train
subsetted_512x512_HLS.S30.T10TFQ.2018183.v1.4,OR4453912142620180621,2,train
subsetted_512x512_HLS.S30.T10TFR.2018188.v1.4,OR4527212061320180622,2,test
subsetted_512x512_HLS.S30.T10TFR.2020173.v1.4,OR4556212040420200429,2,train
subsetted_512x512_HLS.S30.T10TGK.2019245.v1.4,CA3988012002520190824,2,test
subsetted_512x512_HLS.S30.T10TGK.2020285.v1.4,CA3968112017120200814,2,train
subsetted_512x512_HLS.S30.T10TGL.2018215.v1.4,CA4129012012020180713,2,val
subsetted_512x512_HLS.S30.T10TGL.2020265.v1.4,CA4102912028120200818,2,val
subsetted_512x512_HLS.S30.T10TGM.2020215.v1.4,NV4180711966720200727,2,val
subsetted_512x512_HLS.S30.T10TGR.2018215.v1.4,OR4576612011120180727,2,train
subsetted_512x512_HLS.S30.T10TGR.2019215.v1.4,OR4572112013020190713,2,train
subsetted_512x512_HLS.S30.T10TGR.2019245.v1.4,OR4504511946220190805,2,train
subsetted_512x512_HLS.S30.T10TGS.2018245.v1.4,WA4673711934020180802,2,val
subsetted_512x512_HLS.S30.T10TGS.2020215.v1.4,WA4676511950920200706,2,train
subsetted_512x512_HLS.S30.T10TGT.2018188.v1.4,WA4696612008020180620,2,test
subsetted_512x512_HLS.S30.T10TGT.2018285.v1.4,WA4742412023220180901,2,train
subsetted_512x512_HLS.S30.T10TGT.2020218.v1.4,WA4729212017020200724,2,train
subsetted_512x512_HLS.S30.T10UGV.2020218.v1.4,WA4866711925320200728,2,train
subsetted_512x512_HLS.S30.T11SLB.2018197.v1.4,CA3756511912720180611,2,test
subsetted_512x512_HLS.S30.T11SLT.2019309.v1.4,CA3428211880320191030,2,train
subsetted_512x512_HLS.S30.T11SLU.2018274.v1.4,CA3449011860020180922,2,test
subsetted_512x512_HLS.S30.T11SLU.2021188.v1.4,CA3494811892720210627,2,train
subsetted_512x512_HLS.S30.T11SLV.2018249.v1.4,CA3540011877020180803,2,train
subsetted_512x512_HLS.S30.T11SLV.2020222.v1.4,CA3531811870820200701,2,train
subsetted_512x512_HLS.S30.T11SLV.2021186.v1.4,CA3602211875920210618,2,train
subsetted_512x512_HLS.S30.T11SLV.2021216.v1.4,CA3540811843620210720,2,train
subsetted_512x512_HLS.S30.T11SLV.2021331.v1.4,CA3604711863120210910,2,train
subsetted_512x512_HLS.S30.T11SMS.2018259.v1.4,CA3338011743020180706,2,val
subsetted_512x512_HLS.S30.T11SMT.2019309.v1.4,CA3399211705920191010,2,train
subsetted_512x512_HLS.S30.T11SMT.2021248.v1.4,CA3350411735320210828,2,test
subsetted_512x512_HLS.S30.T11SMU.2020299.v1.4,CA3424811795920200906,2,train
subsetted_512x512_HLS.S30.T11SMV.2020234.v1.4,CA3606611745820200728,2,val
subsetted_512x512_HLS.S30.T11SNT.2020221.v1.4,CA3399211696420200731,2,train
subsetted_512x512_HLS.S30.T11SPB.2019281.v1.4,NV3721011487220190823,2,train
subsetted_512x512_HLS.S30.T11SPB.2020241.v1.4,NV3731011483320200719,2,train
subsetted_512x512_HLS.S30.T11SPD.2020184.v1.4,NV3883311498820200624,2,train
subsetted_512x512_HLS.S30.T11SQA.2019226.v1.4,NV3616411427620190725,2,train
subsetted_512x512_HLS.S30.T11SQB.2020241.v1.4,NV3716311461020200708,2,train
subsetted_512x512_HLS.S30.T11TLE.2019257.v1.4,NV3974911820520190813,2,test
subsetted_512x512_HLS.S30.T11TLG.2018247.v1.4,NV4186711864020180724,2,train
subsetted_512x512_HLS.S30.T11TLH.2018152.v1.4,OR4327211882920180427,2,train
subsetted_512x512_HLS.S30.T11TLL.2018215.v1.4,OR4597411899820180729,2,train
subsetted_512x512_HLS.S30.T11TLM.2018245.v1.4,WA4646011897220180817,2,test
subsetted_512x512_HLS.S30.T11TLM.2019245.v1.4,WA4662511872120190802,2,train
subsetted_512x512_HLS.S30.T11TME.2019222.v1.4,NV4057511751220190723,2,val
subsetted_512x512_HLS.S30.T11TMF.2020217.v1.4,NV4124711727320200723,2,train
subsetted_512x512_HLS.S30.T11TMG.2019217.v1.4,NV4164111779920190723,2,train
subsetted_512x512_HLS.S30.T11TMH.2019227.v1.4,OR4245011723920190723,2,train
subsetted_512x512_HLS.S30.T11TMK.2018217.v1.4,ID4447411719020180725,2,train
subsetted_512x512_HLS.S30.T11TMK.2020247.v1.4,OR4441811785820200817,2,test
subsetted_512x512_HLS.S30.T11TNF.2019224.v1.4,NV4116511680820190722,2,val
subsetted_512x512_HLS.S30.T11TNJ.2018217.v1.4,ID4401511615420180725,2,train
subsetted_512x512_HLS.S30.T11TNJ.2019217.v1.4,ID4414411669220190714,2,val
subsetted_512x512_HLS.S30.T11TPE.2020219.v1.4,NV4061811574920200719,2,train
subsetted_512x512_HLS.S30.T11TPH.2018219.v1.4,ID4304311477420180717,2,train
subsetted_512x512_HLS.S30.T11TPH.2018244.v1.4,ID4275711555220180822,2,test
subsetted_512x512_HLS.S30.T11TPH.2019244.v1.4,ID4286811517820190809,2,test
subsetted_512x512_HLS.S30.T11TPH.2020249.v1.4,ID4292211511120200819,2,train
subsetted_512x512_HLS.S30.T11TPM.2021223.v1.4,ID4645911452820210707,2,val
subsetted_512x512_HLS.S30.T11TQG.2018221.v1.4,ID4218811351720180726,2,train
subsetted_512x512_HLS.S30.T11TQG.2018291.v1.4,ID4223511346220180922,2,train
subsetted_512x512_HLS.S30.T11TQG.2020306.v1.4,ID4235511352920201010,2,train
subsetted_512x512_HLS.S30.T11TQH.2018219.v1.4,ID4316911383020180716,2,train
subsetted_512x512_HLS.S30.T11TQH.2019244.v1.4,ID4319611377420190801,2,train
subsetted_512x512_HLS.S30.T11ULP.2020215.v1.4,WA4813711903820200723,2,train
subsetted_512x512_HLS.S30.T12RVV.2020320.v1.4,AZ3160611150220201027,2,val
subsetted_512x512_HLS.S30.T12RXV.2018182.v1.4,AZ3153510989320180607,2,train
subsetted_512x512_HLS.S30.T12RXV.2019062.v1.4,NM3145210885920190207,2,train
subsetted_512x512_HLS.S30.T12STD.2018168.v1.4,AZ3495111328920180515,2,val
subsetted_512x512_HLS.S30.T12STF.2018231.v1.4,AZ3689811361420180708,2,train
subsetted_512x512_HLS.S30.T12STG.2018186.v1.4,UT3739711342320180627,2,train
subsetted_512x512_HLS.S30.T12STG.2020241.v1.4,UT3715711356620200714,2,train
subsetted_512x512_HLS.S30.T12STJ.2020241.v1.4,UT3932711339120200719,2,train
subsetted_512x512_HLS.S30.T12SUC.2019223.v1.4,AZ3424311248720190714,2,train
subsetted_512x512_HLS.S30.T12SUC.2020153.v1.4,AZ3415011213920200531,2,train
subsetted_512x512_HLS.S30.T12SUC.2020248.v1.4,AZ3417411217520200807,2,val
subsetted_512x512_HLS.S30.T12SUD.2018168.v1.4,AZ3468811236620180511,2,train
subsetted_512x512_HLS.S30.T12SUE.2020218.v1.4,AZ3563211274720200705,2,train
subsetted_512x512_HLS.S30.T12SUF.2020183.v1.4,AZ3662811235020200608,2,test
subsetted_512x512_HLS.S30.T12SUH.2020268.v1.4,UT3821211280820200822,2,train
subsetted_512x512_HLS.S30.T12SUJ.2019298.v1.4,UT3887311238420190908,2,val
subsetted_512x512_HLS.S30.T12SUJ.2019308.v1.4,UT3952611225620191026,2,val
subsetted_512x512_HLS.S30.T12SUJ.2020186.v1.4,UT3942511234720200626,2,test
subsetted_512x512_HLS.S30.T12SVB.2020185.v1.4,AZ3304411105620200630,2,train
subsetted_512x512_HLS.S30.T12SVB.2020310.v1.4,AZ3324911096720201021,2,train
subsetted_512x512_HLS.S30.T12SVC.2018215.v1.4,AZ3394811199720180727,2,train
subsetted_512x512_HLS.S30.T12SVC.2019280.v1.4,AZ3395311201220190903,2,train
subsetted_512x512_HLS.S30.T12SWA.2018225.v1.4,AZ3228010995520180726,2,val
subsetted_512x512_HLS.S30.T12SXA.2020187.v1.4,AZ3209510937320200606,2,train
subsetted_512x512_HLS.S30.T12SXA.2020247.v1.4,AZ3238810909020200813,2,test
subsetted_512x512_HLS.S30.T12SXG.2019235.v1.4,UT3783510979920190726,2,train
subsetted_512x512_HLS.S30.T12TTM.2018219.v1.4,NV4180711406520180726,2,train
subsetted_512x512_HLS.S30.T12TTM.2019244.v1.4,NV4193711416620190804,2,train
subsetted_512x512_HLS.S30.T12TUK.2018231.v1.4,UT4050711296920180727,2,train
subsetted_512x512_HLS.S30.T12TUM.2019231.v1.4,UT4177911224220190715,2,train
subsetted_512x512_HLS.S30.T12TUN.2019276.v1.4,ID4299311311120190906,2,train
subsetted_512x512_HLS.S30.T12TUN.2021215.v1.4,ID4254611249720210721,2,val
subsetted_512x512_HLS.S30.T12TUP.2019226.v1.4,ID4371511252320190722,2,train
subsetted_512x512_HLS.S30.T12TVK.2020308.v1.4,UT4032611166920201017,2,test
subsetted_512x512_HLS.S30.T12TVM.2018246.v1.4,UT4194311112320180816,2,train
subsetted_512x512_HLS.S30.T12TVN.2018291.v1.4,ID4257811155220180922,2,test
subsetted_512x512_HLS.S30.T12TVR.2020281.v1.4,MT4577311182220200929,2,train
subsetted_512x512_HLS.S30.T12TWR.2020283.v1.4,MT4572011097420200904,2,test
subsetted_512x512_HLS.S30.T12TXK.2018215.v1.4,CO3968910875820180729,2,train
subsetted_512x512_HLS.S30.T12TXT.2018293.v1.4,MT4762510936620180903,2,train
subsetted_512x512_HLS.S30.T12TXT.2020248.v1.4,MT4758110954820200807,2,val
subsetted_512x512_HLS.S30.T12TYK.2020215.v1.4,CO3976210841920200713,2,test
subsetted_512x512_HLS.S30.T12UXU.2021250.v1.4,MT4801910865120210816,2,val
subsetted_512x512_HLS.S30.T13REQ.2018156.v1.4,TX3076510415220180516,2,train
subsetted_512x512_HLS.S30.T13RGP.2020118.v1.4,TX3022610256120200301,2,train
subsetted_512x512_HLS.S30.T13SBT.2019202.v1.4,NM3349910789720190605,2,train
subsetted_512x512_HLS.S30.T13SBV.2019247.v1.4,NM3534510752720190804,2,train
subsetted_512x512_HLS.S30.T13SCA.2019227.v1.4,NM3644910620720190713,2,train
subsetted_512x512_HLS.S30.T13SDA.2018199.v1.4,NM3636510508520180629,2,train
subsetted_512x512_HLS.S30.T13SDU.2018254.v1.4,NM3436210506320180807,2,train
subsetted_512x512_HLS.S30.T13SEB.2020249.v1.4,CO3701810400020200822,2,train
subsetted_512x512_HLS.S30.T13SFA.2018159.v1.4,OK3694010296020180524,2,train
subsetted_512x512_HLS.S30.T13SFB.2019219.v1.4,CO3711310286620190718,2,test
subsetted_512x512_HLS.S30.T13SFB.2020164.v1.4,CO3735610351820200518,2,train
subsetted_512x512_HLS.S30.T13SFS.2018196.v1.4,NM3317010361120180518,2,train
subsetted_512x512_HLS.S30.T13SFT.2019171.v1.4,NM3418210345020190410,2,train
subsetted_512x512_HLS.S30.T13TBF.2018190.v1.4,CO4078210783620180629,2,train
subsetted_512x512_HLS.S30.T13TCH.2020280.v1.4,WY4301310696720200814,2,train
subsetted_512x512_HLS.S30.T13TDH.2018292.v1.4,WY4326210530420180917,2,val
subsetted_512x512_HLS.S30.T13TDK.2020217.v1.4,MT4504710573520200722,2,train
subsetted_512x512_HLS.S30.T13TDL.2020187.v1.4,MT4529310571720200614,2,val
subsetted_512x512_HLS.S30.T13TDL.2020245.v1.4,MT4564010610720200825,2,test
subsetted_512x512_HLS.S30.T13TDL.2020280.v1.4,MT4590510631720200902,2,val
subsetted_512x512_HLS.S30.T13TEE.2020214.v1.4,CO4014010460020200719,2,train
subsetted_512x512_HLS.S30.T13TEE.2020249.v1.4,CO3991410379420200820,2,train
subsetted_512x512_HLS.S30.T13TFG.2020274.v1.4,NE4165010345220200827,2,val
subsetted_512x512_HLS.S30.T13TGE.2018136.v1.4,CO4037010225020180404,2,train
subsetted_512x512_HLS.S30.T13TGJ.2020309.v1.4,SD4334810247820200914,2,train
subsetted_512x512_HLS.S30.T14RKV.2018213.v1.4,TX3096410129920180702,2,train
subsetted_512x512_HLS.S30.T14RKV.2020278.v1.4,TX3111910137620200901,2,train
subsetted_512x512_HLS.S30.T14RLV.2019223.v1.4,TX3095710045720190723,2,train
subsetted_512x512_HLS.S30.T14RLV.2019348.v1.4,TX3068710057220191007,2,val
subsetted_512x512_HLS.S30.T14RMV.2020280.v1.4,TX3112609904920200802,2,train
subsetted_512x512_HLS.S30.T14RNQ.2021051.v1.4,TX2691709832320210126,2,train
subsetted_512x512_HLS.S30.T14RNV.2018215.v1.4,TX3157209838720180723,2,train
subsetted_512x512_HLS.S30.T14RPS.2019257.v1.4,TX2846709731320190825,2,train
subsetted_512x512_HLS.S30.T14SKA.2019278.v1.4,TX3217410111820190907,2,train
subsetted_512x512_HLS.S30.T14SKB.2019268.v1.4,TX3332410108120190809,2,test
subsetted_512x512_HLS.S30.T14SKD.2018156.v1.4,TX3481010130620180508,2,test
subsetted_512x512_HLS.S30.T14SKE.2018156.v1.4,TX3565810161920180413,2,train
subsetted_512x512_HLS.S30.T14SKF.2019246.v1.4,OK3671910126720190819,2,train
subsetted_512x512_HLS.S30.T14SLC.2019258.v1.4,TX3362710093720190817,2,train
subsetted_512x512_HLS.S30.T14SLD.2018163.v1.4,TX3464410105120180510,2,val
subsetted_512x512_HLS.S30.T14SMA.2020185.v1.4,TX3185709976920200614,2,train
subsetted_512x512_HLS.S30.T14SMB.2019228.v1.4,TX3312809957020190729,2,train
subsetted_512x512_HLS.S30.T14SMC.2018213.v1.4,TX3378209927320180716,2,test
subsetted_512x512_HLS.S30.T14SNA.2018215.v1.4,TX3165409878420180723,2,train
subsetted_512x512_HLS.S30.T14SNG.2020118.v1.4,KS3702809890220200325,2,train
subsetted_512x512_HLS.S30.T14SPD.2018100.v1.4,OK3434009756220180322,2,train
subsetted_512x512_HLS.S30.T14SPF.2019345.v1.4,OK3669509679920191116,2,train
subsetted_512x512_HLS.S30.T14SPJ.2019345.v1.4,KS3921209676120191113,2,train
subsetted_512x512_HLS.S30.T14SQE.2018075.v1.4,OK3529509619120180124,2,test
subsetted_512x512_HLS.S30.T14SQE.2018100.v1.4,OK3557109641620180320,2,test
subsetted_512x512_HLS.S30.T14SQG.2020085.v1.4,KS3786109647720200108,2,train
subsetted_512x512_HLS.S30.T14TKM.2019144.v1.4,NE4166810220320190321,2,train
subsetted_512x512_HLS.S30.T14UQU.2019163.v1.4,MN4823209549720190530,2,test
subsetted_512x512_HLS.S30.T15RWQ.2021098.v1.4,LA3111809256120210309,2,train
subsetted_512x512_HLS.S30.T15SXB.2019134.v1.4,MO3743109121220190409,2,train
subsetted_512x512_HLS.S30.T16RFU.2019105.v1.4,FL3011008549020190330,2,train
subsetted_512x512_HLS.S30.T16RFU.2019305.v1.4,FL3005608509020190916,2,val
subsetted_512x512_HLS.S30.T16RGU.2019277.v1.4,FL3037408463920190911,2,train
subsetted_512x512_HLS.S30.T16SFF.2021094.v1.4,TN3638708498220210309,2,train
subsetted_512x512_HLS.S30.T17RNL.2019111.v1.4,FL2783908058120190308,2,train
subsetted_512x512_HLS.S30.T17RNM.2019349.v1.4,FL2861908074420191120,2,train
subsetted_512x512_HLS.S30.T17SNA.2021348.v1.4,NC3634008046020211127,2,val
subsetted_512x512_HLS.S30.T18SVJ.2020131.v1.4,NJ3931607511120200409,2,train
subsetted_512x512_HLS.S30.T10SDH.2020248.v1.4,CA3867312307820200817,3,val
subsetted_512x512_HLS.S30.T10SEH.2018245.v1.4,CA3831012199020180810,3,train
subsetted_512x512_HLS.S30.T10SEH.2018280.v1.4,CA3873012240020180908,3,train
subsetted_512x512_HLS.S30.T10SEH.2019305.v1.4,CA3879612276720191023,3,train
subsetted_512x512_HLS.S30.T10SEH.2020190.v1.4,CA3847012204820200606,3,val
subsetted_512x512_HLS.S30.T10SEH.2020285.v1.4,CA3855412253120200927,3,test
subsetted_512x512_HLS.S30.T10SEJ.2018185.v1.4,CA3966012253020180609,3,train
subsetted_512x512_HLS.S30.T10SEJ.2018220.v1.4,CA3919012180020180731,3,train
subsetted_512x512_HLS.S30.T10SEJ.2019185.v1.4,CA3892812226620190608,3,val
subsetted_512x512_HLS.S30.T10SFE.2020267.v1.4,CA3612312160220200819,3,train
subsetted_512x512_HLS.S30.T10SFF.2018155.v1.4,CA3686012078020180502,3,test
subsetted_512x512_HLS.S30.T10SFF.2018190.v1.4,CA3641012100020180604,3,val
subsetted_512x512_HLS.S30.T10SFF.2020250.v1.4,CA3656312164020200816,3,train
subsetted_512x512_HLS.S30.T10SFF.2021189.v1.4,CA3620712156020210618,3,train
subsetted_512x512_HLS.S30.T10SFH.2018185.v1.4,CA3805012095020180629,3,train
subsetted_512x512_HLS.S30.T10SFH.2020185.v1.4,CA3852112120220200612,3,train
subsetted_512x512_HLS.S30.T10SFH.2020245.v1.4,CA3802612076120200818,3,val
subsetted_512x512_HLS.S30.T10SGD.2021306.v1.4,CA3451712013120211011,3,train
subsetted_512x512_HLS.S30.T10SGE.2018247.v1.4,CA3580012036020180806,3,train
subsetted_512x512_HLS.S30.T10SGE.2019187.v1.4,CA3566212040420190612,3,train
subsetted_512x512_HLS.S30.T10SGE.2020162.v1.4,CA3605412006420200503,3,test
subsetted_512x512_HLS.S30.T10SGE.2020187.v1.4,CA3535111995620200610,3,train
subsetted_512x512_HLS.S30.T10SGE.2020217.v1.4,CA3535112000520200728,3,train
subsetted_512x512_HLS.S30.T10SGE.2020247.v1.4,CA3607512023120200815,3,val
subsetted_512x512_HLS.S30.T10SGG.2019307.v1.4,CA3761912020720170716,3,train
subsetted_512x512_HLS.S30.T10TDN.2019213.v1.4,OR4292012329520190725,3,train
subsetted_512x512_HLS.S30.T10TEK.2018183.v1.4,CA4051012242020180624,3,train
subsetted_512x512_HLS.S30.T10TEK.2018340.v1.4,CA4022012217020181007,3,train
subsetted_512x512_HLS.S30.T10TEK.2019275.v1.4,CA4010912278920190905,3,train
subsetted_512x512_HLS.S30.T10TEK.2019350.v1.4,CA4004012260920191103,3,train
subsetted_512x512_HLS.S30.T10TEK.2020275.v1.4,CA4054112256820200927,3,train
subsetted_512x512_HLS.S30.T10TEM.2018213.v1.4,OR4209912285420180715,3,val
subsetted_512x512_HLS.S30.T10TFK.2020220.v1.4,CA4042112086320200718,3,train
subsetted_512x512_HLS.S30.T10TFL.2018245.v1.4,CA4139512105720180815,3,train
subsetted_512x512_HLS.S30.T10TFL.2020215.v1.4,CA4106412076220200720,3,train
subsetted_512x512_HLS.S30.T10TFM.2019280.v1.4,CA4174812105620190905,3,train
subsetted_512x512_HLS.S30.T10TFN.2018245.v1.4,OR4265012082720180815,3,train
subsetted_512x512_HLS.S30.T10TFN.2020235.v1.4,OR4250212055220200721,3,test
subsetted_512x512_HLS.S30.T10TFP.2018285.v1.4,OR4383912111420180907,3,test
subsetted_512x512_HLS.S30.T10TFP.2020248.v1.4,OR4403912052820200816,3,train
subsetted_512x512_HLS.S30.T10TFQ.2018245.v1.4,OR4453312109120180817,3,test
subsetted_512x512_HLS.S30.T10TFQ.2019245.v1.4,OR4494912090120190812,3,test
subsetted_512x512_HLS.S30.T10TFR.2018213.v1.4,OR4542812106020180726,3,train
subsetted_512x512_HLS.S30.T10TFS.2018193.v1.4,WA4671912050220180602,3,train
subsetted_512x512_HLS.S30.T10TFS.2018213.v1.4,WA4661012135020180730,3,train
subsetted_512x512_HLS.S30.T10TFS.2019213.v1.4,WA4682812052320190723,3,val
subsetted_512x512_HLS.S30.T10TFT.2018213.v1.4,WA4754012029720180713,3,train
subsetted_512x512_HLS.S30.T10TGK.2019280.v1.4,CA4005312066920190904,3,test
subsetted_512x512_HLS.S30.T10TGL.2019245.v1.4,CA4058912057520190828,3,train
subsetted_512x512_HLS.S30.T10TGN.2019305.v1.4,OR4261011964820190915,3,train
subsetted_512x512_HLS.S30.T10TGP.2018215.v1.4,OR4408012020420180716,3,train
subsetted_512x512_HLS.S30.T10TGQ.2018245.v1.4,OR4480012022420180817,3,train
subsetted_512x512_HLS.S30.T10TGQ.2020275.v1.4,OR4475511980220200819,3,train
subsetted_512x512_HLS.S30.T10TGR.2018245.v1.4,OR4514511998420180817,3,train
subsetted_512x512_HLS.S30.T10TGR.2020275.v1.4,WA4592711962520200907,3,train
subsetted_512x512_HLS.S30.T10TGS.2018190.v1.4,WA4619311979920180628,3,train
subsetted_512x512_HLS.S30.T10TGS.2018285.v1.4,WA4675811948720180908,3,val
subsetted_512x512_HLS.S30.T10TGS.2019195.v1.4,WA4686911989820190604,3,val
subsetted_512x512_HLS.S30.T10TGS.2020245.v1.4,WA4667012011520200817,3,train
subsetted_512x512_HLS.S30.T10TGT.2018213.v1.4,WA4725411999320180703,3,test
subsetted_512x512_HLS.S30.T10TGT.2019213.v1.4,WA4770712016520190723,3,train
subsetted_512x512_HLS.S30.T10UGU.2018213.v1.4,WA4779011998320180727,3,train
subsetted_512x512_HLS.S30.T10UGU.2018245.v1.4,WA4798411942320180806,3,val
subsetted_512x512_HLS.S30.T10UGU.2020215.v1.4,WA4777911979820200712,3,train
subsetted_512x512_HLS.S30.T10UGU.2020280.v1.4,WA4792111992220200907,3,test
subsetted_512x512_HLS.S30.T10UGU.2021249.v1.4,WA4855212019420210716,3,train
subsetted_512x512_HLS.S30.T11SKB.2018222.v1.4,CA3765211988120180713,3,test
subsetted_512x512_HLS.S30.T11SKB.2020222.v1.4,CA3781211964620200725,3,train
subsetted_512x512_HLS.S30.T11SKD.2018192.v1.4,NV3881811941120180617,3,train
subsetted_512x512_HLS.S30.T11SKD.2020197.v1.4,NV3887811956320200624,3,train
subsetted_512x512_HLS.S30.T11SKD.2020217.v1.4,NV3884311963920200707,3,train
subsetted_512x512_HLS.S30.T11SKV.2019152.v1.4,CA3572011963220190507,3,train
subsetted_512x512_HLS.S30.T11SKV.2019187.v1.4,CA3533311990620190605,3,train
subsetted_512x512_HLS.S30.T11SLB.2019237.v1.4,CA3782611887220190726,3,test
subsetted_512x512_HLS.S30.T11SLC.2020247.v1.4,CA3792911898320200817,3,test
subsetted_512x512_HLS.S30.T11SLT.2018349.v1.4,CA3424011870020181108,3,test
subsetted_512x512_HLS.S30.T11SLT.2021163.v1.4,CA3408411857020210515,3,train
subsetted_512x512_HLS.S30.T11SLU.2018184.v1.4,CA3490011851020180604,3,test
subsetted_512x512_HLS.S30.T11SLU.2020229.v1.4,CA3446611833020200705,3,test
subsetted_512x512_HLS.S30.T11SLU.2020249.v1.4,CA3444111874620200817,3,train
subsetted_512x512_HLS.S30.T11SLV.2020247.v1.4,CA3546511854420200803,3,train
subsetted_512x512_HLS.S30.T11SLV.2021251.v1.4,CA3568711855020210818,3,train
subsetted_512x512_HLS.S30.T11SMT.2018154.v1.4,CA3363011706020180517,3,train
subsetted_512x512_HLS.S30.T11SMT.2018249.v1.4,CA3367611751620180806,3,train
subsetted_512x512_HLS.S30.T11SMT.2019294.v1.4,CA3352811727320190904,3,train
subsetted_512x512_HLS.S30.T11SMT.2020194.v1.4,CA3337911735120200609,3,train
subsetted_512x512_HLS.S30.T11SMT.2020249.v1.4,CA3415711791120200813,3,train
subsetted_512x512_HLS.S30.T11SMT.2020289.v1.4,CA3405311699120200905,3,train
subsetted_512x512_HLS.S30.T11SMT.2020309.v1.4,CA3375311768720201026,3,val
subsetted_512x512_HLS.S30.T11SMV.2020249.v1.4,CA3606211763420200821,3,train
subsetted_512x512_HLS.S30.T11SNB.2018224.v1.4,NV3722911623920180728,3,train
subsetted_512x512_HLS.S30.T11SNB.2020234.v1.4,NV3701011608020200727,3,val
subsetted_512x512_HLS.S30.T11SNB.2021153.v1.4,NV3700011641620210517,3,val
subsetted_512x512_HLS.S30.T11SNB.2021268.v1.4,NV3727011619820210825,3,train
subsetted_512x512_HLS.S30.T11SNS.2019246.v1.4,CA3257311670020190814,3,val
subsetted_512x512_HLS.S30.T11SNS.2020276.v1.4,CA3276011669320200905,3,test
subsetted_512x512_HLS.S30.T11SNS.2021155.v1.4,CA3298011643520210501,3,val
subsetted_512x512_HLS.S30.T11SNT.2018216.v1.4,CA3372011680020180725,3,train
subsetted_512x512_HLS.S30.T11SNT.2020281.v1.4,CA3388811668420200917,3,train
subsetted_512x512_HLS.S30.T11SPA.2020196.v1.4,NV3630611561820200628,3,test
subsetted_512x512_HLS.S30.T11SPB.2020196.v1.4,NV3746711499420200626,3,val
subsetted_512x512_HLS.S30.T11SPV.2020186.v1.4,CA3517211519520200622,3,train
subsetted_512x512_HLS.S30.T11SPV.2020236.v1.4,NV3594511544620200720,3,val
subsetted_512x512_HLS.S30.T11SPV.2020246.v1.4,CA3530111559820200815,3,train
subsetted_512x512_HLS.S30.T11SPV.2021215.v1.4,NV3599911559820210610,3,val
subsetted_512x512_HLS.S30.T11SQA.2020286.v1.4,NV3660711406220200922,3,train
subsetted_512x512_HLS.S30.T11SQC.2020196.v1.4,NV3833511422820200626,3,train
subsetted_512x512_HLS.S30.T11SQC.2020241.v1.4,NV3788911411120200713,3,train
subsetted_512x512_HLS.S30.T11SQD.2020196.v1.4,NV3934011453020200511,3,test
subsetted_512x512_HLS.S30.T11SQS.2019078.v1.4,AZ3282711447820190216,3,test
subsetted_512x512_HLS.S30.T11TKE.2018215.v1.4,NV3986111961620180727,3,test
subsetted_512x512_HLS.S30.T11TKF.2020265.v1.4,NV4083911966720200812,3,val
subsetted_512x512_HLS.S30.T11TKG.2020265.v1.4,OR4209412026920200816,3,train
subsetted_512x512_HLS.S30.T11TLE.2018182.v1.4,NV4040711826020180623,3,test
subsetted_512x512_HLS.S30.T11TLE.2018247.v1.4,NV4048111917220180723,3,train
subsetted_512x512_HLS.S30.T11TLH.2018217.v1.4,OR4241211864020180705,3,train
subsetted_512x512_HLS.S30.T11TLH.2019215.v1.4,OR4316311929120190721,3,train
subsetted_512x512_HLS.S30.T11TLH.2020247.v1.4,OR4302111828620200805,3,train
subsetted_512x512_HLS.S30.T11TLL.2018190.v1.4,WA4597011911020180622,3,test
subsetted_512x512_HLS.S30.T11TLL.2018245.v1.4,OR4531411905220180816,3,train
subsetted_512x512_HLS.S30.T11TLL.2020275.v1.4,OR4538011911420200908,3,test
subsetted_512x512_HLS.S30.T11TLM.2019305.v1.4,WA4656911899620191007,3,train
subsetted_512x512_HLS.S30.T11TLM.2020275.v1.4,WA4663311856920200908,3,train
subsetted_512x512_HLS.S30.T11TLN.2020280.v1.4,WA4770711826020200907,3,test
subsetted_512x512_HLS.S30.T11TMF.2018222.v1.4,NV4076011752020180724,3,train
subsetted_512x512_HLS.S30.T11TMF.2019227.v1.4,NV4064811732520190722,3,train
subsetted_512x512_HLS.S30.T11TMF.2019257.v1.4,NV4076611721820190808,3,train
subsetted_512x512_HLS.S30.T11TMF.2019312.v1.4,NV4125011713520190916,3,train
subsetted_512x512_HLS.S30.T11TMG.2018222.v1.4,OR4240411760120180724,3,train
subsetted_512x512_HLS.S30.T11TMH.2018182.v1.4,OR4261111754220180615,3,train
subsetted_512x512_HLS.S30.T11TMH.2020247.v1.4,OR4275611811920200817,3,train
subsetted_512x512_HLS.S30.T11TMJ.2018217.v1.4,OR4393211800020180714,3,test
subsetted_512x512_HLS.S30.T11TMJ.2020247.v1.4,OR4380511789220200816,3,train
subsetted_512x512_HLS.S30.T11TMK.2018292.v1.4,ID4458311709720180915,3,train
subsetted_512x512_HLS.S30.T11TMM.2020245.v1.4,WA4643911718420200817,3,train
subsetted_512x512_HLS.S30.T11TMM.2021224.v1.4,WA4649011720020210722,3,train
subsetted_512x512_HLS.S30.T11TMN.2018245.v1.4,WA4774811807520180802,3,val
subsetted_512x512_HLS.S30.T11TNE.2018199.v1.4,NV4056511665220180623,3,val
subsetted_512x512_HLS.S30.T11TNE.2019224.v1.4,NV4013411644020190722,3,val
subsetted_512x512_HLS.S30.T11TNF.2018199.v1.4,NV4067711610520180627,3,val
subsetted_512x512_HLS.S30.T11TNF.2018219.v1.4,NV4061211588320180724,3,test
subsetted_512x512_HLS.S30.T11TNF.2018244.v1.4,NV4064611615820180823,3,train
subsetted_512x512_HLS.S30.T11TNF.2018289.v1.4,NV4130311596620180903,3,train
subsetted_512x512_HLS.S30.T11TNF.2019314.v1.4,NV4089711609720191014,3,train
subsetted_512x512_HLS.S30.T11TNG.2018219.v1.4,NV4194911609820180721,3,val
subsetted_512x512_HLS.S30.T11TNG.2018289.v1.4,NV4181211632420180817,3,train
subsetted_512x512_HLS.S30.T11TNH.2018217.v1.4,ID4302611590820180704,3,train
subsetted_512x512_HLS.S30.T11TNH.2020217.v1.4,ID4274811621820200722,3,test
subsetted_512x512_HLS.S30.T11TNJ.2019244.v1.4,ID4345211594520190815,3,test
subsetted_512x512_HLS.S30.T11TNK.2018222.v1.4,ID4467611644820180726,3,val
subsetted_512x512_HLS.S30.T11TPE.2018244.v1.4,NV4006311484620180813,3,train
subsetted_512x512_HLS.S30.T11TPE.2019269.v1.4,NV4031211561920190804,3,train
subsetted_512x512_HLS.S30.T11TPF.2018219.v1.4,NV4127811541520180716,3,train
subsetted_512x512_HLS.S30.T11TPF.2018289.v1.4,NV4067411551020180930,3,train
subsetted_512x512_HLS.S30.T11TPF.2021183.v1.4,NV4099311562120210622,3,test
subsetted_512x512_HLS.S30.T11TPG.2018219.v1.4,NV4160011549220180725,3,test
subsetted_512x512_HLS.S30.T11TPG.2019214.v1.4,ID4229111562520190723,3,train
subsetted_512x512_HLS.S30.T11TPG.2020249.v1.4,ID4229611529420200814,3,train
subsetted_512x512_HLS.S30.T11TPH.2020174.v1.4,ID4284111556820200530,3,train
subsetted_512x512_HLS.S30.T11TPH.2020184.v1.4,ID4298311481320200606,3,train
subsetted_512x512_HLS.S30.T11TPH.2020219.v1.4,ID4295011487620200703,3,val
subsetted_512x512_HLS.S30.T11TPH.2021238.v1.4,ID4253711500720210703,3,train
subsetted_512x512_HLS.S30.T11TPH.2021263.v1.4,ID4261911561220210806,3,train
subsetted_512x512_HLS.S30.T11TPJ.2020249.v1.4,ID4345611483420200806,3,test
subsetted_512x512_HLS.S30.T11TPK.2021268.v1.4,ID4453211532920210810,3,val
subsetted_512x512_HLS.S30.T11TPL.2019244.v1.4,ID4532811445320190804,3,val
subsetted_512x512_HLS.S30.T11TPL.2021223.v1.4,ID4558511544420210705,3,train
subsetted_512x512_HLS.S30.T11TPN.2019214.v1.4,MT4743511435720190723,3,train
subsetted_512x512_HLS.S30.T11TPN.2020217.v1.4,MT4730311448320200727,3,val
subsetted_512x512_HLS.S30.T11TQG.2020186.v1.4,UT4154311335720200603,3,train
subsetted_512x512_HLS.S30.T11TQG.2020216.v1.4,UT4177211363120200720,3,test
subsetted_512x512_HLS.S30.T11TQH.2019221.v1.4,ID4291611449620170710,3,train
subsetted_512x512_HLS.S30.T11TQH.2020216.v1.4,ID4254811347120200723,3,train
subsetted_512x512_HLS.S30.T11TQH.2020251.v1.4,ID4262311348620200808,3,train
subsetted_512x512_HLS.S30.T11TQJ.2018219.v1.4,ID4346711414520180729,3,test
subsetted_512x512_HLS.S30.T11TQK.2020249.v1.4,MT4485811343720200811,3,test
subsetted_512x512_HLS.S30.T11TQL.2021223.v1.4,MT4568311385420210708,3,train
subsetted_512x512_HLS.S30.T11ULP.2018245.v1.4,WA4784011934020180811,3,train
subsetted_512x512_HLS.S30.T11ULP.2019245.v1.4,WA4793911861820190802,3,test
subsetted_512x512_HLS.S30.T11ULP.2020280.v1.4,WA4817811826620200907,3,test
subsetted_512x512_HLS.S30.T11ULP.2021249.v1.4,WA4828511853120210713,3,train
subsetted_512x512_HLS.S30.T11UQP.2018249.v1.4,MT4831111365120180811,3,val
subsetted_512x512_HLS.S30.T12RVV.2018215.v1.4,AZ3146411144720180705,3,train
subsetted_512x512_HLS.S30.T12RWV.2019225.v1.4,AZ3156211037620190714,3,train
subsetted_512x512_HLS.S30.T12RXV.2018217.v1.4,AZ3154810940620180724,3,train
subsetted_512x512_HLS.S30.T12RYV.2018152.v1.4,NM3134910867820180516,3,test
subsetted_512x512_HLS.S30.T12STC.2020218.v1.4,AZ3344911322120200711,3,train
subsetted_512x512_HLS.S30.T12STD.2020248.v1.4,AZ3479711322320200824,3,train
subsetted_512x512_HLS.S30.T12STE.2020246.v1.4,AZ3574111380520200818,3,train
subsetted_512x512_HLS.S30.T12STF.2020156.v1.4,AZ3652211386520200510,3,train
subsetted_512x512_HLS.S30.T12STF.2021190.v1.4,AZ3697611367020210624,3,val
subsetted_512x512_HLS.S30.T12STF.2021215.v1.4,AZ3697411369720210713,3,val
subsetted_512x512_HLS.S30.T12STG.2020291.v1.4,UT3732811369420200927,3,train
subsetted_512x512_HLS.S30.T12STH.2020246.v1.4,UT3869911350520200824,3,val
subsetted_512x512_HLS.S30.T12SUC.2019158.v1.4,AZ3376811242920190530,3,train
subsetted_512x512_HLS.S30.T12SUC.2020318.v1.4,AZ3427511241920201015,3,train
subsetted_512x512_HLS.S30.T12SUD.2018218.v1.4,AZ3477911297320180708,3,train
subsetted_512x512_HLS.S30.T12SUF.2018253.v1.4,AZ3636911230720180726,3,train
subsetted_512x512_HLS.S30.T12SUF.2020223.v1.4,AZ3698311211020200729,3,train
subsetted_512x512_HLS.S30.T12SUH.2018228.v1.4,UT3806611313920180720,3,train
subsetted_512x512_HLS.S30.T12SUH.2019298.v1.4,UT3800311315120190905,3,train
subsetted_512x512_HLS.S30.T12SUH.2020188.v1.4,UT3867511318120200625,3,train
subsetted_512x512_HLS.S30.T12SVA.2020230.v1.4,AZ3195511118320200712,3,train
subsetted_512x512_HLS.S30.T12SVA.2020310.v1.4,AZ3168311135220201006,3,train
subsetted_512x512_HLS.S30.T12SVB.2020155.v1.4,AZ3340211129720200531,3,train
subsetted_512x512_HLS.S30.T12SVC.2019190.v1.4,AZ3340811121020190608,3,train
subsetted_512x512_HLS.S30.T12SVC.2019245.v1.4,AZ3372911159520190804,3,train
subsetted_512x512_HLS.S30.T12SVC.2020155.v1.4,AZ3384711201720200517,3,train
subsetted_512x512_HLS.S30.T12SVC.2020250.v1.4,AZ3395611183620200829,3,train
subsetted_512x512_HLS.S30.T12SVC.2020285.v1.4,AZ3388511181620200925,3,test
subsetted_512x512_HLS.S30.T12SVD.2018168.v1.4,AZ3455711116020180427,3,train
subsetted_512x512_HLS.S30.T12SVD.2019183.v1.4,AZ3440011201020190603,3,val
subsetted_512x512_HLS.S30.T12SVE.2019183.v1.4,AZ3530911140720190516,3,val
subsetted_512x512_HLS.S30.T12SVE.2019228.v1.4,AZ3525811164320190721,3,test
subsetted_512x512_HLS.S30.T12SVF.2018253.v1.4,AZ3636511203320180806,3,val
subsetted_512x512_HLS.S30.T12SWA.2019260.v1.4,AZ3213311040720190822,3,val
subsetted_512x512_HLS.S30.T12SWA.2020230.v1.4,AZ3237811092720200606,3,test
subsetted_512x512_HLS.S30.T12SWB.2020250.v1.4,AZ3336011011920200828,3,train
subsetted_512x512_HLS.S30.T12SWC.2019225.v1.4,AZ3423611014020190726,3,train
subsetted_512x512_HLS.S30.T12SWC.2020190.v1.4,AZ3343511035820200606,3,train
subsetted_512x512_HLS.S30.T12SWC.2020250.v1.4,AZ3354411042020200801,3,train
subsetted_512x512_HLS.S30.T12SWD.2018220.v1.4,AZ3461611082220180724,3,train
subsetted_512x512_HLS.S30.T12SWJ.2018238.v1.4,UT3930510987820180721,3,train
subsetted_512x512_HLS.S30.T12SXA.2018157.v1.4,AZ3198010937020180512,3,train
subsetted_512x512_HLS.S30.T12SXB.2018217.v1.4,AZ3321510968220180730,3,train
subsetted_512x512_HLS.S30.T12SXJ.2020200.v1.4,CO3905010893820200605,3,val
subsetted_512x512_HLS.S30.T12SYG.2018225.v1.4,CO3765810847420180722,3,test
subsetted_512x512_HLS.S30.T12SYG.2020220.v1.4,CO3727110823720200614,3,train
subsetted_512x512_HLS.S30.T12TTM.2020306.v1.4,ID4209111416920200912,3,train
subsetted_512x512_HLS.S30.T12TUK.2020286.v1.4,UT4009411287320200914,3,val
subsetted_512x512_HLS.S30.T12TUM.2018196.v1.4,UT4192311225720180627,3,test
subsetted_512x512_HLS.S30.T12TUM.2018246.v1.4,UT4185411239220180803,3,train
subsetted_512x512_HLS.S30.T12TUM.2020191.v1.4,UT4180611268420200603,3,train
subsetted_512x512_HLS.S30.T12TUN.2018186.v1.4,ID4268911299220180609,3,train
subsetted_512x512_HLS.S30.T12TUN.2018216.v1.4,ID4247711313220180717,3,test
subsetted_512x512_HLS.S30.T12TUN.2018246.v1.4,ID4298011230820180816,3,train
subsetted_512x512_HLS.S30.T12TUN.2020216.v1.4,ID4284311240020200719,3,test
subsetted_512x512_HLS.S30.T12TUN.2021150.v1.4,ID4328311224320210421,3,train
subsetted_512x512_HLS.S30.T12TUN.2021205.v1.4,ID4268511284420210614,3,test
subsetted_512x512_HLS.S30.T12TUP.2020241.v1.4,ID4369611305520200702,3,train
subsetted_512x512_HLS.S30.T12TVK.2020188.v1.4,UT4020111189120200628,3,train
subsetted_512x512_HLS.S30.T12TVK.2020228.v1.4,UT3979911153620200731,3,train
subsetted_512x512_HLS.S30.T12TVN.2018246.v1.4,ID4292911199020180813,3,test
subsetted_512x512_HLS.S30.T12TVP.2018221.v1.4,ID4409311186520180726,3,train
subsetted_512x512_HLS.S30.T12TVR.2018246.v1.4,MT4515311193120180811,3,train
subsetted_512x512_HLS.S30.T12TVR.2020256.v1.4,MT4555711165420200823,3,train
subsetted_512x512_HLS.S30.T12TVS.2019216.v1.4,MT4675311196320190726,3,test
subsetted_512x512_HLS.S30.T12TVS.2020191.v1.4,MT4649511207120200613,3,train
subsetted_512x512_HLS.S30.T12TVS.2020256.v1.4,MT4609911223320200829,3,train
subsetted_512x512_HLS.S30.T12TWK.2020268.v1.4,UT4060611070920200821,3,train
subsetted_512x512_HLS.S30.T12TWQ.2020283.v1.4,WY4438911082120200822,3,train
subsetted_512x512_HLS.S30.T12TWT.2020276.v1.4,MT4712810977820200902,3,test
subsetted_512x512_HLS.S30.T12TXL.2018220.v1.4,WY4121410901620180728,3,val
subsetted_512x512_HLS.S30.T12TXL.2020250.v1.4,WY4100410927220200803,3,train
subsetted_512x512_HLS.S30.T12TXM.2018220.v1.4,WY4152710878820180728,3,train
subsetted_512x512_HLS.S30.T12TXQ.2018248.v1.4,WY4446210893620180812,3,train
subsetted_512x512_HLS.S30.T12TXR.2020283.v1.4,MT4569810891520200802,3,train
subsetted_512x512_HLS.S30.T12TXS.2020278.v1.4,MT4630410839320200902,3,test
subsetted_512x512_HLS.S30.T12TXT.2018248.v1.4,MT4715410847520180825,3,train
subsetted_512x512_HLS.S30.T12TYK.2018220.v1.4,CO4019210820120180720,3,train
subsetted_512x512_HLS.S30.T12TYL.2018290.v1.4,CO4065310857420180913,3,train
subsetted_512x512_HLS.S30.T12TYP.2018220.v1.4,WY4377310790720180728,3,test
subsetted_512x512_HLS.S30.T12TYP.2018245.v1.4,WY4381010781320180813,3,val
subsetted_512x512_HLS.S30.T12TYP.2020215.v1.4,WY4385610791920200714,3,train
subsetted_512x512_HLS.S30.T12TYQ.2018185.v1.4,WY4421310768820180614,3,train
subsetted_512x512_HLS.S30.T12TYS.2020248.v1.4,MT4637510768820200827,3,train
subsetted_512x512_HLS.S30.T12TYS.2020278.v1.4,MT4674110768520200902,3,train
subsetted_512x512_HLS.S30.T12TYT.2018213.v1.4,MT4758010779320180720,3,train
subsetted_512x512_HLS.S30.T12TYT.2019248.v1.4,MT4747210794120190812,3,val
subsetted_512x512_HLS.S30.T13REP.2018141.v1.4,TX3054610425020180430,3,train
subsetted_512x512_HLS.S30.T13REP.2019241.v1.4,TX3009510451420190718,3,train
subsetted_512x512_HLS.S30.T13SBS.2020217.v1.4,NM3250010718420200606,3,test
subsetted_512x512_HLS.S30.T13SBT.2019237.v1.4,NM3361010740620190713,3,test
subsetted_512x512_HLS.S30.T13SCR.2018214.v1.4,NM3242610655220180624,3,val
subsetted_512x512_HLS.S30.T13SDS.2018214.v1.4,NM3250810502620180615,3,train
subsetted_512x512_HLS.S30.T13SDT.2018134.v1.4,NM3358510552620180412,3,train
subsetted_512x512_HLS.S30.T13SDT.2019184.v1.4,NM3380810573920190526,3,train
subsetted_512x512_HLS.S30.T13SDT.2020249.v1.4,NM3366710562920200804,3,train
subsetted_512x512_HLS.S30.T13SDU.2018219.v1.4,NM3470710514020180721,3,val
subsetted_512x512_HLS.S30.T13SDV.2020269.v1.4,NM3583110586320200818,3,val
subsetted_512x512_HLS.S30.T13SEA.2018144.v1.4,NM3623610471320180404,3,train
subsetted_512x512_HLS.S30.T13SEA.2020214.v1.4,NM3613910422420200606,3,val
subsetted_512x512_HLS.S30.T13SEB.2018189.v1.4,NM3698710394020180607,3,val
subsetted_512x512_HLS.S30.T13SEC.2018164.v1.4,CO3846910432320180527,3,test
subsetted_512x512_HLS.S30.T13SER.2018156.v1.4,NM3221210467920180522,3,train
subsetted_512x512_HLS.S30.T13SEV.2020154.v1.4,NM3592510438120200501,3,train
subsetted_512x512_HLS.S30.T13SFA.2018134.v1.4,NM3692110306120180308,3,train
subsetted_512x512_HLS.S30.T13SFA.2018184.v1.4,NM3690210301720180609,3,test
subsetted_512x512_HLS.S30.T13SFA.2019244.v1.4,NM3655410312720190805,3,test
subsetted_512x512_HLS.S30.T13SFA.2020154.v1.4,NM3694510319920200523,3,train
subsetted_512x512_HLS.S30.T13SFB.2020189.v1.4,CO3702010334020200607,3,train
subsetted_512x512_HLS.S30.T13SFC.2019154.v1.4,CO3806310318920190404,3,test
subsetted_512x512_HLS.S30.T13SFC.2020124.v1.4,CO3805510340720200411,3,train
subsetted_512x512_HLS.S30.T13SFC.2020184.v1.4,CO3844710247720200615,3,val
subsetted_512x512_HLS.S30.T13SFR.2020216.v1.4,NM3212110384520200729,3,train
subsetted_512x512_HLS.S30.T13SFR.2020251.v1.4,TX3166310307120200827,3,val
subsetted_512x512_HLS.S30.T13SFS.2018136.v1.4,NM3316110373620180331,3,train
subsetted_512x512_HLS.S30.T13SFT.2018136.v1.4,NM3349810333820180412,3,train
subsetted_512x512_HLS.S30.T13SGB.2018136.v1.4,CO3773310232920180304,3,train
subsetted_512x512_HLS.S30.T13SGB.2019076.v1.4,CO3699510252520190213,3,test
subsetted_512x512_HLS.S30.T13TBE.2018220.v1.4,CO3991610764020180729,3,test
subsetted_512x512_HLS.S30.T13TCG.2020247.v1.4,WY4217810703820200807,3,val
subsetted_512x512_HLS.S30.T13TCG.2020277.v1.4,WY4183110664420200905,3,train
subsetted_512x512_HLS.S30.T13TCJ.2020200.v1.4,WY4389210640120200614,3,train
subsetted_512x512_HLS.S30.T13TCJ.2020230.v1.4,WY4391910664520200716,3,train
subsetted_512x512_HLS.S30.T13TCK.2020215.v1.4,WY4446910642920200723,3,train
subsetted_512x512_HLS.S30.T13TCK.2020245.v1.4,WY4498410652920200817,3,train
subsetted_512x512_HLS.S30.T13TCL.2020245.v1.4,MT4589610704320200803,3,train
subsetted_512x512_HLS.S30.T13TCL.2020280.v1.4,MT4599210727920200923,3,train
subsetted_512x512_HLS.S30.T13TCM.2020215.v1.4,MT4635510649020200715,3,test
subsetted_512x512_HLS.S30.T13TCM.2020250.v1.4,MT4675110703320200807,3,test
subsetted_512x512_HLS.S30.T13TCN.2020278.v1.4,MT4738010691520200902,3,val
subsetted_512x512_HLS.S30.T13TDE.2020247.v1.4,CO3985110606520200814,3,train
subsetted_512x512_HLS.S30.T13TDF.2018222.v1.4,WY4102310619920180610,3,val
subsetted_512x512_HLS.S30.T13TDK.2020280.v1.4,WY4466210575120200903,3,val
subsetted_512x512_HLS.S30.T13TDL.2020307.v1.4,MT4541710565520201006,3,train
subsetted_512x512_HLS.S30.T13TDM.2020250.v1.4,MT4620510572420200806,3,test
subsetted_512x512_HLS.S30.T13TEF.2019109.v1.4,CO4069910400320190319,3,train
subsetted_512x512_HLS.S30.T13TEG.2019157.v1.4,NE4230710373320190405,3,train
subsetted_512x512_HLS.S30.T13TEL.2020307.v1.4,MT4571210446620201012,3,train
subsetted_512x512_HLS.S30.T13TEN.2018245.v1.4,MT4736310474020180809,3,test
subsetted_512x512_HLS.S30.T13TFH.2020204.v1.4,SD4311610262120200616,3,val
subsetted_512x512_HLS.S30.T13TFJ.2020264.v1.4,SD4327410271120200806,3,val
subsetted_512x512_HLS.S30.T13TGH.2020304.v1.4,NE4280510153220200928,3,train
subsetted_512x512_HLS.S30.T13UCP.2020248.v1.4,MT4783310693320200821,3,test
subsetted_512x512_HLS.S30.T13UDP.2018290.v1.4,MT4835010534020180831,3,train
subsetted_512x512_HLS.S30.T13UDP.2020255.v1.4,MT4818110588720200824,3,train
subsetted_512x512_HLS.S30.T14RKU.2020158.v1.4,TX3029010150020200419,3,val
subsetted_512x512_HLS.S30.T14RKV.2018143.v1.4,TX3097610133020180413,3,train
subsetted_512x512_HLS.S30.T14RKV.2018193.v1.4,TX3086610127820180604,3,val
subsetted_512x512_HLS.S30.T14RKV.2020268.v1.4,TX3086010191020200831,3,val
subsetted_512x512_HLS.S30.T14RLT.2020273.v1.4,TX2932610087120200827,3,train
subsetted_512x512_HLS.S30.T14RLU.2019293.v1.4,TX3064710027020190914,3,train
subsetted_512x512_HLS.S30.T14RLU.2020193.v1.4,TX3065310092220200611,3,train
subsetted_512x512_HLS.S30.T14RLU.2020278.v1.4,TX3034010088120200816,3,train
subsetted_512x512_HLS.S30.T14RLV.2018043.v1.4,TX3095610045720180124,3,train
subsetted_512x512_HLS.S30.T14RMV.2020220.v1.4,TX3149009984920200712,3,train
subsetted_512x512_HLS.S30.T14RNU.2018215.v1.4,TX3065009856720180718,3,train
subsetted_512x512_HLS.S30.T14RNV.2020220.v1.4,TX3146709888420200712,3,test
subsetted_512x512_HLS.S30.T14RPQ.2018107.v1.4,TX2708809759120180311,3,test
subsetted_512x512_HLS.S30.T14SKA.2020223.v1.4,TX3159210116820200704,3,test
subsetted_512x512_HLS.S30.T14SKE.2019111.v1.4,TX3575010162220190313,3,train
subsetted_512x512_HLS.S30.T14SKE.2020216.v1.4,TX3570310164720200711,3,test
subsetted_512x512_HLS.S30.T14SKE.2020281.v1.4,TX3540410187920200820,3,train
subsetted_512x512_HLS.S30.T14SLA.2020193.v1.4,TX3206310086420200619,3,train
subsetted_512x512_HLS.S30.T14SLA.2020223.v1.4,TX3231910015220200713,3,val
subsetted_512x512_HLS.S30.T14SLC.2018038.v1.4,TX3401610055920180125,3,train
subsetted_512x512_HLS.S30.T14SLD.2018138.v1.4,TX3506710118520180402,3,train
subsetted_512x512_HLS.S30.T14SLD.2018218.v1.4,TX3455510115820180717,3,train
subsetted_512x512_HLS.S30.T14SLD.2020218.v1.4,TX3447710074220200711,3,train
subsetted_512x512_HLS.S30.T14SLE.2018098.v1.4,TX3546110085220180323,3,train
subsetted_512x512_HLS.S30.T14SLE.2018138.v1.4,TX3522410013020180413,3,test
subsetted_512x512_HLS.S30.T14SLE.2019098.v1.4,TX3573210066420190313,3,val
subsetted_512x512_HLS.S30.T14SLE.2019248.v1.4,TX3582410101520190807,3,train
subsetted_512x512_HLS.S30.T14SLE.2020323.v1.4,TX3568810093120201011,3,train
subsetted_512x512_HLS.S30.T14SLF.2020108.v1.4,OK3661710061020200307,3,test
subsetted_512x512_HLS.S30.T14SMB.2018073.v1.4,TX3272009947720180226,3,train
subsetted_512x512_HLS.S30.T14SMB.2018138.v1.4,TX3267009971820180413,3,val
subsetted_512x512_HLS.S30.T14SMB.2020268.v1.4,TX3268709915020200830,3,train
subsetted_512x512_HLS.S30.T14SMC.2019258.v1.4,TX3402609987020190820,3,val
subsetted_512x512_HLS.S30.T14SMD.2018138.v1.4,TX3482010022020180413,3,train
subsetted_512x512_HLS.S30.T14SME.2018138.v1.4,OK3566409983720180413,3,train
subsetted_512x512_HLS.S30.T14SMF.2018098.v1.4,OK3680809902720180218,3,train
subsetted_512x512_HLS.S30.T14SNB.2018215.v1.4,TX3300809836120180710,3,test
subsetted_512x512_HLS.S30.T14SND.2018215.v1.4,OK3475809868420180702,3,test
subsetted_512x512_HLS.S30.T14SNF.2018095.v1.4,OK3648509869620180306,3,train
subsetted_512x512_HLS.S30.T14SNF.2020183.v1.4,OK3632609837220200610,3,train
subsetted_512x512_HLS.S30.T14SNG.2020183.v1.4,OK3698609831720200617,3,test
subsetted_512x512_HLS.S30.T14SPB.2018035.v1.4,TX3272509755820180122,3,train
subsetted_512x512_HLS.S30.T14SQE.2020065.v1.4,OK3525609595520200222,3,val
subsetted_512x512_HLS.S30.T14SQF.2018075.v1.4,OK3642109646420180203,3,train
subsetted_512x512_HLS.S30.T14SQF.2018100.v1.4,OK3650509633420180324,3,val
subsetted_512x512_HLS.S30.T14SQJ.2020340.v1.4,KS3919209595820201118,3,val
subsetted_512x512_HLS.S30.T14TQT.2021112.v1.4,MN4771209630220210329,3,train
subsetted_512x512_HLS.S30.T14UPU.2021112.v1.4,MN4866009654320210321,3,train
subsetted_512x512_HLS.S30.T14UPV.2018136.v1.4,MN4884009637020180429,3,train
subsetted_512x512_HLS.S30.T14UQU.2021112.v1.4,MN4796109539420210307,3,train
subsetted_512x512_HLS.S30.T15RVP.2021063.v1.4,LA2991209334620210223,3,train
subsetted_512x512_HLS.S30.T15STU.2018237.v1.4,OK3434009530020180724,3,test
subsetted_512x512_HLS.S30.T15STV.2018102.v1.4,OK3535809587220180315,3,val
subsetted_512x512_HLS.S30.T15SUU.2018062.v1.4,AR3497109415320180202,3,test
subsetted_512x512_HLS.S30.T15SVA.2019092.v1.4,MO3686909295920190323,3,train
subsetted_512x512_HLS.S30.T15SXA.2018154.v1.4,MO3691709150920180412,3,train
subsetted_512x512_HLS.S30.T16RBU.2020123.v1.4,MS3041208915720200426,3,test
subsetted_512x512_HLS.S30.T16SGA.2018107.v1.4,GA3239508464820180322,3,train
subsetted_512x512_HLS.S30.T17RMJ.2018064.v1.4,FL2616308144920180212,3,val
subsetted_512x512_HLS.S30.T17RML.2018064.v1.4,FL2751908119020180204,3,test
subsetted_512x512_HLS.S30.T17RNK.2019081.v1.4,FL2634008064020190119,3,train
subsetted_512x512_HLS.S30.T17RNK.2020126.v1.4,FL2623908094820200410,3,train
subsetted_512x512_HLS.S30.T17SLB.2019287.v1.4,KY3760808261720190917,3,test
subsetted_512x512_HLS.S30.T17SNS.2021128.v1.4,SC3269708070820210406,3,train
subsetted_512x512_HLS.S30.T18TWK.2018121.v1.4,NJ3974007449020180422,3,val
subsetted_512x512_HLS.S30.T18TWK.2019093.v1.4,NJ3977007445020190330,3,train
subsetted_512x512_HLS.S30.T18TXQ.2018266.v1.4,NY4487007364020180712,3,train
subsetted_512x512_HLS.S30.T10SEH.2018190.v1.4,CA3881012220020180630,3,test
subsetted_512x512_HLS.S30.T10SFE.2021166.v1.4,CA3595912083320210530,3,train
subsetted_512x512_HLS.S30.T10SFF.2020215.v1.4,CA3667512102020200715,3,train
subsetted_512x512_HLS.S30.T10SFG.2020185.v1.4,CA3706812121320200628,3,train
subsetted_512x512_HLS.S30.T10SFG.2020215.v1.4,CA3702412151420200705,3,train
subsetted_512x512_HLS.S30.T10SGD.2018257.v1.4,CA3511712010020180819,3,train
subsetted_512x512_HLS.S30.T10SGF.2020217.v1.4,CA3609512052220200713,3,test
subsetted_512x512_HLS.S30.T10SGG.2018187.v1.4,CA3735012030020180615,3,train
subsetted_512x512_HLS.S30.T10SGG.2020247.v1.4,CA3780512029420200820,3,test
subsetted_512x512_HLS.S30.T10TFL.2018215.v1.4,CA4063012088020180727,3,train
subsetted_512x512_HLS.S30.T10TFM.2019215.v1.4,CA4172612124320190728,3,train
subsetted_512x512_HLS.S30.T10TFM.2020215.v1.4,CA4173712105820200723,3,train
subsetted_512x512_HLS.S30.T10TFQ.2018183.v1.4,OR4453912142620180621,3,train
subsetted_512x512_HLS.S30.T10TFR.2018188.v1.4,OR4527212061320180622,3,train
subsetted_512x512_HLS.S30.T10TFR.2020173.v1.4,OR4556212040420200429,3,train
subsetted_512x512_HLS.S30.T10TGK.2019245.v1.4,CA3988012002520190824,3,train
subsetted_512x512_HLS.S30.T10TGK.2020285.v1.4,CA3968112017120200814,3,train
subsetted_512x512_HLS.S30.T10TGL.2018215.v1.4,CA4129012012020180713,3,train
subsetted_512x512_HLS.S30.T10TGL.2020265.v1.4,CA4102912028120200818,3,val
subsetted_512x512_HLS.S30.T10TGM.2020215.v1.4,NV4180711966720200727,3,train
subsetted_512x512_HLS.S30.T10TGR.2018215.v1.4,OR4576612011120180727,3,train
subsetted_512x512_HLS.S30.T10TGR.2019215.v1.4,OR4572112013020190713,3,train
subsetted_512x512_HLS.S30.T10TGR.2019245.v1.4,OR4504511946220190805,3,train
subsetted_512x512_HLS.S30.T10TGS.2018245.v1.4,WA4673711934020180802,3,train
subsetted_512x512_HLS.S30.T10TGS.2020215.v1.4,WA4676511950920200706,3,val
subsetted_512x512_HLS.S30.T10TGT.2018188.v1.4,WA4696612008020180620,3,train
subsetted_512x512_HLS.S30.T10TGT.2018285.v1.4,WA4742412023220180901,3,test
subsetted_512x512_HLS.S30.T10TGT.2020218.v1.4,WA4729212017020200724,3,test
subsetted_512x512_HLS.S30.T10UGV.2020218.v1.4,WA4866711925320200728,3,train
subsetted_512x512_HLS.S30.T11SLB.2018197.v1.4,CA3756511912720180611,3,val
subsetted_512x512_HLS.S30.T11SLT.2019309.v1.4,CA3428211880320191030,3,train
subsetted_512x512_HLS.S30.T11SLU.2018274.v1.4,CA3449011860020180922,3,train
subsetted_512x512_HLS.S30.T11SLU.2021188.v1.4,CA3494811892720210627,3,train
subsetted_512x512_HLS.S30.T11SLV.2018249.v1.4,CA3540011877020180803,3,train
subsetted_512x512_HLS.S30.T11SLV.2020222.v1.4,CA3531811870820200701,3,train
subsetted_512x512_HLS.S30.T11SLV.2021186.v1.4,CA3602211875920210618,3,test
subsetted_512x512_HLS.S30.T11SLV.2021216.v1.4,CA3540811843620210720,3,test
subsetted_512x512_HLS.S30.T11SLV.2021331.v1.4,CA3604711863120210910,3,test
subsetted_512x512_HLS.S30.T11SMS.2018259.v1.4,CA3338011743020180706,3,val
subsetted_512x512_HLS.S30.T11SMT.2019309.v1.4,CA3399211705920191010,3,val
subsetted_512x512_HLS.S30.T11SMT.2021248.v1.4,CA3350411735320210828,3,train
subsetted_512x512_HLS.S30.T11SMU.2020299.v1.4,CA3424811795920200906,3,train
subsetted_512x512_HLS.S30.T11SMV.2020234.v1.4,CA3606611745820200728,3,test
subsetted_512x512_HLS.S30.T11SNT.2020221.v1.4,CA3399211696420200731,3,train
subsetted_512x512_HLS.S30.T11SPB.2019281.v1.4,NV3721011487220190823,3,train
subsetted_512x512_HLS.S30.T11SPB.2020241.v1.4,NV3731011483320200719,3,train
subsetted_512x512_HLS.S30.T11SPD.2020184.v1.4,NV3883311498820200624,3,train
subsetted_512x512_HLS.S30.T11SQA.2019226.v1.4,NV3616411427620190725,3,val
subsetted_512x512_HLS.S30.T11SQB.2020241.v1.4,NV3716311461020200708,3,val
subsetted_512x512_HLS.S30.T11TLE.2019257.v1.4,NV3974911820520190813,3,train
subsetted_512x512_HLS.S30.T11TLG.2018247.v1.4,NV4186711864020180724,3,train
subsetted_512x512_HLS.S30.T11TLH.2018152.v1.4,OR4327211882920180427,3,train
subsetted_512x512_HLS.S30.T11TLL.2018215.v1.4,OR4597411899820180729,3,test
subsetted_512x512_HLS.S30.T11TLM.2018245.v1.4,WA4646011897220180817,3,train
subsetted_512x512_HLS.S30.T11TLM.2019245.v1.4,WA4662511872120190802,3,train
subsetted_512x512_HLS.S30.T11TME.2019222.v1.4,NV4057511751220190723,3,train
subsetted_512x512_HLS.S30.T11TMF.2020217.v1.4,NV4124711727320200723,3,train
subsetted_512x512_HLS.S30.T11TMG.2019217.v1.4,NV4164111779920190723,3,train
subsetted_512x512_HLS.S30.T11TMH.2019227.v1.4,OR4245011723920190723,3,train
subsetted_512x512_HLS.S30.T11TMK.2018217.v1.4,ID4447411719020180725,3,train
subsetted_512x512_HLS.S30.T11TMK.2020247.v1.4,OR4441811785820200817,3,val
subsetted_512x512_HLS.S30.T11TNF.2019224.v1.4,NV4116511680820190722,3,test
subsetted_512x512_HLS.S30.T11TNJ.2018217.v1.4,ID4401511615420180725,3,train
subsetted_512x512_HLS.S30.T11TNJ.2019217.v1.4,ID4414411669220190714,3,train
subsetted_512x512_HLS.S30.T11TPE.2020219.v1.4,NV4061811574920200719,3,test
subsetted_512x512_HLS.S30.T11TPH.2018219.v1.4,ID4304311477420180717,3,train
subsetted_512x512_HLS.S30.T11TPH.2018244.v1.4,ID4275711555220180822,3,train
subsetted_512x512_HLS.S30.T11TPH.2019244.v1.4,ID4286811517820190809,3,train
subsetted_512x512_HLS.S30.T11TPH.2020249.v1.4,ID4292211511120200819,3,train
subsetted_512x512_HLS.S30.T11TPM.2021223.v1.4,ID4645911452820210707,3,train
subsetted_512x512_HLS.S30.T11TQG.2018221.v1.4,ID4218811351720180726,3,train
subsetted_512x512_HLS.S30.T11TQG.2018291.v1.4,ID4223511346220180922,3,train
subsetted_512x512_HLS.S30.T11TQG.2020306.v1.4,ID4235511352920201010,3,train
subsetted_512x512_HLS.S30.T11TQH.2018219.v1.4,ID4316911383020180716,3,test
subsetted_512x512_HLS.S30.T11TQH.2019244.v1.4,ID4319611377420190801,3,train
subsetted_512x512_HLS.S30.T11ULP.2020215.v1.4,WA4813711903820200723,3,train
subsetted_512x512_HLS.S30.T12RVV.2020320.v1.4,AZ3160611150220201027,3,train
subsetted_512x512_HLS.S30.T12RXV.2018182.v1.4,AZ3153510989320180607,3,train
subsetted_512x512_HLS.S30.T12RXV.2019062.v1.4,NM3145210885920190207,3,test
subsetted_512x512_HLS.S30.T12STD.2018168.v1.4,AZ3495111328920180515,3,train
subsetted_512x512_HLS.S30.T12STF.2018231.v1.4,AZ3689811361420180708,3,train
subsetted_512x512_HLS.S30.T12STG.2018186.v1.4,UT3739711342320180627,3,val
subsetted_512x512_HLS.S30.T12STG.2020241.v1.4,UT3715711356620200714,3,train
subsetted_512x512_HLS.S30.T12STJ.2020241.v1.4,UT3932711339120200719,3,test
subsetted_512x512_HLS.S30.T12SUC.2019223.v1.4,AZ3424311248720190714,3,train
subsetted_512x512_HLS.S30.T12SUC.2020153.v1.4,AZ3415011213920200531,3,test
subsetted_512x512_HLS.S30.T12SUC.2020248.v1.4,AZ3417411217520200807,3,train
subsetted_512x512_HLS.S30.T12SUD.2018168.v1.4,AZ3468811236620180511,3,train
subsetted_512x512_HLS.S30.T12SUE.2020218.v1.4,AZ3563211274720200705,3,train
subsetted_512x512_HLS.S30.T12SUF.2020183.v1.4,AZ3662811235020200608,3,train
subsetted_512x512_HLS.S30.T12SUH.2020268.v1.4,UT3821211280820200822,3,val
subsetted_512x512_HLS.S30.T12SUJ.2019298.v1.4,UT3887311238420190908,3,val
subsetted_512x512_HLS.S30.T12SUJ.2019308.v1.4,UT3952611225620191026,3,train
subsetted_512x512_HLS.S30.T12SUJ.2020186.v1.4,UT3942511234720200626,3,train
subsetted_512x512_HLS.S30.T12SVB.2020185.v1.4,AZ3304411105620200630,3,train
subsetted_512x512_HLS.S30.T12SVB.2020310.v1.4,AZ3324911096720201021,3,train
subsetted_512x512_HLS.S30.T12SVC.2018215.v1.4,AZ3394811199720180727,3,test
subsetted_512x512_HLS.S30.T12SVC.2019280.v1.4,AZ3395311201220190903,3,train
subsetted_512x512_HLS.S30.T12SWA.2018225.v1.4,AZ3228010995520180726,3,train
subsetted_512x512_HLS.S30.T12SXA.2020187.v1.4,AZ3209510937320200606,3,val
subsetted_512x512_HLS.S30.T12SXA.2020247.v1.4,AZ3238810909020200813,3,train
subsetted_512x512_HLS.S30.T12SXG.2019235.v1.4,UT3783510979920190726,3,train
subsetted_512x512_HLS.S30.T12TTM.2018219.v1.4,NV4180711406520180726,3,train
subsetted_512x512_HLS.S30.T12TTM.2019244.v1.4,NV4193711416620190804,3,train
subsetted_512x512_HLS.S30.T12TUK.2018231.v1.4,UT4050711296920180727,3,val
subsetted_512x512_HLS.S30.T12TUM.2019231.v1.4,UT4177911224220190715,3,test
subsetted_512x512_HLS.S30.T12TUN.2019276.v1.4,ID4299311311120190906,3,test
subsetted_512x512_HLS.S30.T12TUN.2021215.v1.4,ID4254611249720210721,3,train
subsetted_512x512_HLS.S30.T12TUP.2019226.v1.4,ID4371511252320190722,3,train
subsetted_512x512_HLS.S30.T12TVK.2020308.v1.4,UT4032611166920201017,3,train
subsetted_512x512_HLS.S30.T12TVM.2018246.v1.4,UT4194311112320180816,3,val
subsetted_512x512_HLS.S30.T12TVN.2018291.v1.4,ID4257811155220180922,3,train
subsetted_512x512_HLS.S30.T12TVR.2020281.v1.4,MT4577311182220200929,3,test
subsetted_512x512_HLS.S30.T12TWR.2020283.v1.4,MT4572011097420200904,3,train
subsetted_512x512_HLS.S30.T12TXK.2018215.v1.4,CO3968910875820180729,3,test
subsetted_512x512_HLS.S30.T12TXT.2018293.v1.4,MT4762510936620180903,3,train
subsetted_512x512_HLS.S30.T12TXT.2020248.v1.4,MT4758110954820200807,3,train
subsetted_512x512_HLS.S30.T12TYK.2020215.v1.4,CO3976210841920200713,3,val
subsetted_512x512_HLS.S30.T12UXU.2021250.v1.4,MT4801910865120210816,3,test
subsetted_512x512_HLS.S30.T13REQ.2018156.v1.4,TX3076510415220180516,3,test
subsetted_512x512_HLS.S30.T13RGP.2020118.v1.4,TX3022610256120200301,3,train
subsetted_512x512_HLS.S30.T13SBT.2019202.v1.4,NM3349910789720190605,3,train
subsetted_512x512_HLS.S30.T13SBV.2019247.v1.4,NM3534510752720190804,3,train
subsetted_512x512_HLS.S30.T13SCA.2019227.v1.4,NM3644910620720190713,3,val
subsetted_512x512_HLS.S30.T13SDA.2018199.v1.4,NM3636510508520180629,3,train
subsetted_512x512_HLS.S30.T13SDU.2018254.v1.4,NM3436210506320180807,3,train
subsetted_512x512_HLS.S30.T13SEB.2020249.v1.4,CO3701810400020200822,3,test
subsetted_512x512_HLS.S30.T13SFA.2018159.v1.4,OK3694010296020180524,3,train
subsetted_512x512_HLS.S30.T13SFB.2019219.v1.4,CO3711310286620190718,3,train
subsetted_512x512_HLS.S30.T13SFB.2020164.v1.4,CO3735610351820200518,3,val
subsetted_512x512_HLS.S30.T13SFS.2018196.v1.4,NM3317010361120180518,3,val
subsetted_512x512_HLS.S30.T13SFT.2019171.v1.4,NM3418210345020190410,3,train
subsetted_512x512_HLS.S30.T13TBF.2018190.v1.4,CO4078210783620180629,3,train
subsetted_512x512_HLS.S30.T13TCH.2020280.v1.4,WY4301310696720200814,3,test
subsetted_512x512_HLS.S30.T13TDH.2018292.v1.4,WY4326210530420180917,3,val
subsetted_512x512_HLS.S30.T13TDK.2020217.v1.4,MT4504710573520200722,3,test
subsetted_512x512_HLS.S30.T13TDL.2020187.v1.4,MT4529310571720200614,3,train
subsetted_512x512_HLS.S30.T13TDL.2020245.v1.4,MT4564010610720200825,3,train
subsetted_512x512_HLS.S30.T13TDL.2020280.v1.4,MT4590510631720200902,3,train
subsetted_512x512_HLS.S30.T13TEE.2020214.v1.4,CO4014010460020200719,3,train
subsetted_512x512_HLS.S30.T13TEE.2020249.v1.4,CO3991410379420200820,3,test
subsetted_512x512_HLS.S30.T13TFG.2020274.v1.4,NE4165010345220200827,3,train
subsetted_512x512_HLS.S30.T13TGE.2018136.v1.4,CO4037010225020180404,3,val
subsetted_512x512_HLS.S30.T13TGJ.2020309.v1.4,SD4334810247820200914,3,train
subsetted_512x512_HLS.S30.T14RKV.2018213.v1.4,TX3096410129920180702,3,test
subsetted_512x512_HLS.S30.T14RKV.2020278.v1.4,TX3111910137620200901,3,train
subsetted_512x512_HLS.S30.T14RLV.2019223.v1.4,TX3095710045720190723,3,test
subsetted_512x512_HLS.S30.T14RLV.2019348.v1.4,TX3068710057220191007,3,train
subsetted_512x512_HLS.S30.T14RMV.2020280.v1.4,TX3112609904920200802,3,train
subsetted_512x512_HLS.S30.T14RNQ.2021051.v1.4,TX2691709832320210126,3,test
subsetted_512x512_HLS.S30.T14RNV.2018215.v1.4,TX3157209838720180723,3,train
subsetted_512x512_HLS.S30.T14RPS.2019257.v1.4,TX2846709731320190825,3,val
subsetted_512x512_HLS.S30.T14SKA.2019278.v1.4,TX3217410111820190907,3,test
subsetted_512x512_HLS.S30.T14SKB.2019268.v1.4,TX3332410108120190809,3,train
subsetted_512x512_HLS.S30.T14SKD.2018156.v1.4,TX3481010130620180508,3,train
subsetted_512x512_HLS.S30.T14SKE.2018156.v1.4,TX3565810161920180413,3,train
subsetted_512x512_HLS.S30.T14SKF.2019246.v1.4,OK3671910126720190819,3,test
subsetted_512x512_HLS.S30.T14SLC.2019258.v1.4,TX3362710093720190817,3,test
subsetted_512x512_HLS.S30.T14SLD.2018163.v1.4,TX3464410105120180510,3,test
subsetted_512x512_HLS.S30.T14SMA.2020185.v1.4,TX3185709976920200614,3,train
subsetted_512x512_HLS.S30.T14SMB.2019228.v1.4,TX3312809957020190729,3,train
subsetted_512x512_HLS.S30.T14SMC.2018213.v1.4,TX3378209927320180716,3,val
subsetted_512x512_HLS.S30.T14SNA.2018215.v1.4,TX3165409878420180723,3,train
subsetted_512x512_HLS.S30.T14SNG.2020118.v1.4,KS3702809890220200325,3,train
subsetted_512x512_HLS.S30.T14SPD.2018100.v1.4,OK3434009756220180322,3,train
subsetted_512x512_HLS.S30.T14SPF.2019345.v1.4,OK3669509679920191116,3,train
subsetted_512x512_HLS.S30.T14SPJ.2019345.v1.4,KS3921209676120191113,3,test
subsetted_512x512_HLS.S30.T14SQE.2018075.v1.4,OK3529509619120180124,3,train
subsetted_512x512_HLS.S30.T14SQE.2018100.v1.4,OK3557109641620180320,3,train
subsetted_512x512_HLS.S30.T14SQG.2020085.v1.4,KS3786109647720200108,3,train
subsetted_512x512_HLS.S30.T14TKM.2019144.v1.4,NE4166810220320190321,3,train
subsetted_512x512_HLS.S30.T14UQU.2019163.v1.4,MN4823209549720190530,3,train
subsetted_512x512_HLS.S30.T15RWQ.2021098.v1.4,LA3111809256120210309,3,train
subsetted_512x512_HLS.S30.T15SXB.2019134.v1.4,MO3743109121220190409,3,val
subsetted_512x512_HLS.S30.T16RFU.2019105.v1.4,FL3011008549020190330,3,train
subsetted_512x512_HLS.S30.T16RFU.2019305.v1.4,FL3005608509020190916,3,val
subsetted_512x512_HLS.S30.T16RGU.2019277.v1.4,FL3037408463920190911,3,train
subsetted_512x512_HLS.S30.T16SFF.2021094.v1.4,TN3638708498220210309,3,train
subsetted_512x512_HLS.S30.T17RNL.2019111.v1.4,FL2783908058120190308,3,train
subsetted_512x512_HLS.S30.T17RNM.2019349.v1.4,FL2861908074420191120,3,train
subsetted_512x512_HLS.S30.T17SNA.2021348.v1.4,NC3634008046020211127,3,test
subsetted_512x512_HLS.S30.T18SVJ.2020131.v1.4,NJ3931607511120200409,3,test
subsetted_512x512_HLS.S30.T10SDH.2020248.v1.4,CA3867312307820200817,4,train
subsetted_512x512_HLS.S30.T10SEH.2018245.v1.4,CA3831012199020180810,4,train
subsetted_512x512_HLS.S30.T10SEH.2018280.v1.4,CA3873012240020180908,4,train
subsetted_512x512_HLS.S30.T10SEH.2019305.v1.4,CA3879612276720191023,4,train
subsetted_512x512_HLS.S30.T10SEH.2020190.v1.4,CA3847012204820200606,4,train
subsetted_512x512_HLS.S30.T10SEH.2020285.v1.4,CA3855412253120200927,4,train
subsetted_512x512_HLS.S30.T10SEJ.2018185.v1.4,CA3966012253020180609,4,test
subsetted_512x512_HLS.S30.T10SEJ.2018220.v1.4,CA3919012180020180731,4,val
subsetted_512x512_HLS.S30.T10SEJ.2019185.v1.4,CA3892812226620190608,4,val
subsetted_512x512_HLS.S30.T10SFE.2020267.v1.4,CA3612312160220200819,4,train
subsetted_512x512_HLS.S30.T10SFF.2018155.v1.4,CA3686012078020180502,4,val
subsetted_512x512_HLS.S30.T10SFF.2018190.v1.4,CA3641012100020180604,4,train
subsetted_512x512_HLS.S30.T10SFF.2020250.v1.4,CA3656312164020200816,4,train
subsetted_512x512_HLS.S30.T10SFF.2021189.v1.4,CA3620712156020210618,4,test
subsetted_512x512_HLS.S30.T10SFH.2018185.v1.4,CA3805012095020180629,4,train
subsetted_512x512_HLS.S30.T10SFH.2020185.v1.4,CA3852112120220200612,4,train
subsetted_512x512_HLS.S30.T10SFH.2020245.v1.4,CA3802612076120200818,4,train
subsetted_512x512_HLS.S30.T10SGD.2021306.v1.4,CA3451712013120211011,4,test
subsetted_512x512_HLS.S30.T10SGE.2018247.v1.4,CA3580012036020180806,4,val
subsetted_512x512_HLS.S30.T10SGE.2019187.v1.4,CA3566212040420190612,4,train
subsetted_512x512_HLS.S30.T10SGE.2020162.v1.4,CA3605412006420200503,4,train
subsetted_512x512_HLS.S30.T10SGE.2020187.v1.4,CA3535111995620200610,4,train
subsetted_512x512_HLS.S30.T10SGE.2020217.v1.4,CA3535112000520200728,4,val
subsetted_512x512_HLS.S30.T10SGE.2020247.v1.4,CA3607512023120200815,4,train
subsetted_512x512_HLS.S30.T10SGG.2019307.v1.4,CA3761912020720170716,4,train
subsetted_512x512_HLS.S30.T10TDN.2019213.v1.4,OR4292012329520190725,4,train
subsetted_512x512_HLS.S30.T10TEK.2018183.v1.4,CA4051012242020180624,4,val
subsetted_512x512_HLS.S30.T10TEK.2018340.v1.4,CA4022012217020181007,4,train
subsetted_512x512_HLS.S30.T10TEK.2019275.v1.4,CA4010912278920190905,4,train
subsetted_512x512_HLS.S30.T10TEK.2019350.v1.4,CA4004012260920191103,4,test
subsetted_512x512_HLS.S30.T10TEK.2020275.v1.4,CA4054112256820200927,4,test
subsetted_512x512_HLS.S30.T10TEM.2018213.v1.4,OR4209912285420180715,4,train
subsetted_512x512_HLS.S30.T10TFK.2020220.v1.4,CA4042112086320200718,4,train
subsetted_512x512_HLS.S30.T10TFL.2018245.v1.4,CA4139512105720180815,4,test
subsetted_512x512_HLS.S30.T10TFL.2020215.v1.4,CA4106412076220200720,4,train
subsetted_512x512_HLS.S30.T10TFM.2019280.v1.4,CA4174812105620190905,4,train
subsetted_512x512_HLS.S30.T10TFN.2018245.v1.4,OR4265012082720180815,4,val
subsetted_512x512_HLS.S30.T10TFN.2020235.v1.4,OR4250212055220200721,4,train
subsetted_512x512_HLS.S30.T10TFP.2018285.v1.4,OR4383912111420180907,4,train
subsetted_512x512_HLS.S30.T10TFP.2020248.v1.4,OR4403912052820200816,4,train
subsetted_512x512_HLS.S30.T10TFQ.2018245.v1.4,OR4453312109120180817,4,train
subsetted_512x512_HLS.S30.T10TFQ.2019245.v1.4,OR4494912090120190812,4,train
subsetted_512x512_HLS.S30.T10TFR.2018213.v1.4,OR4542812106020180726,4,train
subsetted_512x512_HLS.S30.T10TFS.2018193.v1.4,WA4671912050220180602,4,train
subsetted_512x512_HLS.S30.T10TFS.2018213.v1.4,WA4661012135020180730,4,test
subsetted_512x512_HLS.S30.T10TFS.2019213.v1.4,WA4682812052320190723,4,train
subsetted_512x512_HLS.S30.T10TFT.2018213.v1.4,WA4754012029720180713,4,val
subsetted_512x512_HLS.S30.T10TGK.2019280.v1.4,CA4005312066920190904,4,val
subsetted_512x512_HLS.S30.T10TGL.2019245.v1.4,CA4058912057520190828,4,test
subsetted_512x512_HLS.S30.T10TGN.2019305.v1.4,OR4261011964820190915,4,train
subsetted_512x512_HLS.S30.T10TGP.2018215.v1.4,OR4408012020420180716,4,train
subsetted_512x512_HLS.S30.T10TGQ.2018245.v1.4,OR4480012022420180817,4,test
subsetted_512x512_HLS.S30.T10TGQ.2020275.v1.4,OR4475511980220200819,4,train
subsetted_512x512_HLS.S30.T10TGR.2018245.v1.4,OR4514511998420180817,4,val
subsetted_512x512_HLS.S30.T10TGR.2020275.v1.4,WA4592711962520200907,4,train
subsetted_512x512_HLS.S30.T10TGS.2018190.v1.4,WA4619311979920180628,4,train
subsetted_512x512_HLS.S30.T10TGS.2018285.v1.4,WA4675811948720180908,4,train
subsetted_512x512_HLS.S30.T10TGS.2019195.v1.4,WA4686911989820190604,4,test
subsetted_512x512_HLS.S30.T10TGS.2020245.v1.4,WA4667012011520200817,4,val
subsetted_512x512_HLS.S30.T10TGT.2018213.v1.4,WA4725411999320180703,4,train
subsetted_512x512_HLS.S30.T10TGT.2019213.v1.4,WA4770712016520190723,4,train
subsetted_512x512_HLS.S30.T10UGU.2018213.v1.4,WA4779011998320180727,4,train
subsetted_512x512_HLS.S30.T10UGU.2018245.v1.4,WA4798411942320180806,4,train
subsetted_512x512_HLS.S30.T10UGU.2020215.v1.4,WA4777911979820200712,4,train
subsetted_512x512_HLS.S30.T10UGU.2020280.v1.4,WA4792111992220200907,4,val
subsetted_512x512_HLS.S30.T10UGU.2021249.v1.4,WA4855212019420210716,4,train
subsetted_512x512_HLS.S30.T11SKB.2018222.v1.4,CA3765211988120180713,4,train
subsetted_512x512_HLS.S30.T11SKB.2020222.v1.4,CA3781211964620200725,4,train
subsetted_512x512_HLS.S30.T11SKD.2018192.v1.4,NV3881811941120180617,4,train
subsetted_512x512_HLS.S30.T11SKD.2020197.v1.4,NV3887811956320200624,4,train
subsetted_512x512_HLS.S30.T11SKD.2020217.v1.4,NV3884311963920200707,4,train
subsetted_512x512_HLS.S30.T11SKV.2019152.v1.4,CA3572011963220190507,4,train
subsetted_512x512_HLS.S30.T11SKV.2019187.v1.4,CA3533311990620190605,4,train
subsetted_512x512_HLS.S30.T11SLB.2019237.v1.4,CA3782611887220190726,4,val
subsetted_512x512_HLS.S30.T11SLC.2020247.v1.4,CA3792911898320200817,4,train
subsetted_512x512_HLS.S30.T11SLT.2018349.v1.4,CA3424011870020181108,4,val
subsetted_512x512_HLS.S30.T11SLT.2021163.v1.4,CA3408411857020210515,4,train
subsetted_512x512_HLS.S30.T11SLU.2018184.v1.4,CA3490011851020180604,4,train
subsetted_512x512_HLS.S30.T11SLU.2020229.v1.4,CA3446611833020200705,4,val
subsetted_512x512_HLS.S30.T11SLU.2020249.v1.4,CA3444111874620200817,4,train
subsetted_512x512_HLS.S30.T11SLV.2020247.v1.4,CA3546511854420200803,4,train
subsetted_512x512_HLS.S30.T11SLV.2021251.v1.4,CA3568711855020210818,4,train
subsetted_512x512_HLS.S30.T11SMT.2018154.v1.4,CA3363011706020180517,4,train
subsetted_512x512_HLS.S30.T11SMT.2018249.v1.4,CA3367611751620180806,4,train
subsetted_512x512_HLS.S30.T11SMT.2019294.v1.4,CA3352811727320190904,4,train
subsetted_512x512_HLS.S30.T11SMT.2020194.v1.4,CA3337911735120200609,4,test
subsetted_512x512_HLS.S30.T11SMT.2020249.v1.4,CA3415711791120200813,4,train
subsetted_512x512_HLS.S30.T11SMT.2020289.v1.4,CA3405311699120200905,4,test
subsetted_512x512_HLS.S30.T11SMT.2020309.v1.4,CA3375311768720201026,4,val
subsetted_512x512_HLS.S30.T11SMV.2020249.v1.4,CA3606211763420200821,4,test
subsetted_512x512_HLS.S30.T11SNB.2018224.v1.4,NV3722911623920180728,4,train
subsetted_512x512_HLS.S30.T11SNB.2020234.v1.4,NV3701011608020200727,4,test
subsetted_512x512_HLS.S30.T11SNB.2021153.v1.4,NV3700011641620210517,4,val
subsetted_512x512_HLS.S30.T11SNB.2021268.v1.4,NV3727011619820210825,4,train
subsetted_512x512_HLS.S30.T11SNS.2019246.v1.4,CA3257311670020190814,4,train
subsetted_512x512_HLS.S30.T11SNS.2020276.v1.4,CA3276011669320200905,4,train
subsetted_512x512_HLS.S30.T11SNS.2021155.v1.4,CA3298011643520210501,4,val
subsetted_512x512_HLS.S30.T11SNT.2018216.v1.4,CA3372011680020180725,4,test
subsetted_512x512_HLS.S30.T11SNT.2020281.v1.4,CA3388811668420200917,4,train
subsetted_512x512_HLS.S30.T11SPA.2020196.v1.4,NV3630611561820200628,4,train
subsetted_512x512_HLS.S30.T11SPB.2020196.v1.4,NV3746711499420200626,4,train
subsetted_512x512_HLS.S30.T11SPV.2020186.v1.4,CA3517211519520200622,4,train
subsetted_512x512_HLS.S30.T11SPV.2020236.v1.4,NV3594511544620200720,4,test
subsetted_512x512_HLS.S30.T11SPV.2020246.v1.4,CA3530111559820200815,4,train
subsetted_512x512_HLS.S30.T11SPV.2021215.v1.4,NV3599911559820210610,4,test
subsetted_512x512_HLS.S30.T11SQA.2020286.v1.4,NV3660711406220200922,4,test
subsetted_512x512_HLS.S30.T11SQC.2020196.v1.4,NV3833511422820200626,4,test
subsetted_512x512_HLS.S30.T11SQC.2020241.v1.4,NV3788911411120200713,4,test
subsetted_512x512_HLS.S30.T11SQD.2020196.v1.4,NV3934011453020200511,4,train
subsetted_512x512_HLS.S30.T11SQS.2019078.v1.4,AZ3282711447820190216,4,train
subsetted_512x512_HLS.S30.T11TKE.2018215.v1.4,NV3986111961620180727,4,train
subsetted_512x512_HLS.S30.T11TKF.2020265.v1.4,NV4083911966720200812,4,train
subsetted_512x512_HLS.S30.T11TKG.2020265.v1.4,OR4209412026920200816,4,train
subsetted_512x512_HLS.S30.T11TLE.2018182.v1.4,NV4040711826020180623,4,train
subsetted_512x512_HLS.S30.T11TLE.2018247.v1.4,NV4048111917220180723,4,val
subsetted_512x512_HLS.S30.T11TLH.2018217.v1.4,OR4241211864020180705,4,test
subsetted_512x512_HLS.S30.T11TLH.2019215.v1.4,OR4316311929120190721,4,val
subsetted_512x512_HLS.S30.T11TLH.2020247.v1.4,OR4302111828620200805,4,train
subsetted_512x512_HLS.S30.T11TLL.2018190.v1.4,WA4597011911020180622,4,train
subsetted_512x512_HLS.S30.T11TLL.2018245.v1.4,OR4531411905220180816,4,val
subsetted_512x512_HLS.S30.T11TLL.2020275.v1.4,OR4538011911420200908,4,val
subsetted_512x512_HLS.S30.T11TLM.2019305.v1.4,WA4656911899620191007,4,train
subsetted_512x512_HLS.S30.T11TLM.2020275.v1.4,WA4663311856920200908,4,test
subsetted_512x512_HLS.S30.T11TLN.2020280.v1.4,WA4770711826020200907,4,train
subsetted_512x512_HLS.S30.T11TMF.2018222.v1.4,NV4076011752020180724,4,train
subsetted_512x512_HLS.S30.T11TMF.2019227.v1.4,NV4064811732520190722,4,test
subsetted_512x512_HLS.S30.T11TMF.2019257.v1.4,NV4076611721820190808,4,train
subsetted_512x512_HLS.S30.T11TMF.2019312.v1.4,NV4125011713520190916,4,train
subsetted_512x512_HLS.S30.T11TMG.2018222.v1.4,OR4240411760120180724,4,test
subsetted_512x512_HLS.S30.T11TMH.2018182.v1.4,OR4261111754220180615,4,val
subsetted_512x512_HLS.S30.T11TMH.2020247.v1.4,OR4275611811920200817,4,train
subsetted_512x512_HLS.S30.T11TMJ.2018217.v1.4,OR4393211800020180714,4,train
subsetted_512x512_HLS.S30.T11TMJ.2020247.v1.4,OR4380511789220200816,4,train
subsetted_512x512_HLS.S30.T11TMK.2018292.v1.4,ID4458311709720180915,4,test
subsetted_512x512_HLS.S30.T11TMM.2020245.v1.4,WA4643911718420200817,4,train
subsetted_512x512_HLS.S30.T11TMM.2021224.v1.4,WA4649011720020210722,4,test
subsetted_512x512_HLS.S30.T11TMN.2018245.v1.4,WA4774811807520180802,4,train
subsetted_512x512_HLS.S30.T11TNE.2018199.v1.4,NV4056511665220180623,4,test
subsetted_512x512_HLS.S30.T11TNE.2019224.v1.4,NV4013411644020190722,4,train
subsetted_512x512_HLS.S30.T11TNF.2018199.v1.4,NV4067711610520180627,4,train
subsetted_512x512_HLS.S30.T11TNF.2018219.v1.4,NV4061211588320180724,4,train
subsetted_512x512_HLS.S30.T11TNF.2018244.v1.4,NV4064611615820180823,4,train
subsetted_512x512_HLS.S30.T11TNF.2018289.v1.4,NV4130311596620180903,4,train
subsetted_512x512_HLS.S30.T11TNF.2019314.v1.4,NV4089711609720191014,4,val
subsetted_512x512_HLS.S30.T11TNG.2018219.v1.4,NV4194911609820180721,4,train
subsetted_512x512_HLS.S30.T11TNG.2018289.v1.4,NV4181211632420180817,4,test
subsetted_512x512_HLS.S30.T11TNH.2018217.v1.4,ID4302611590820180704,4,test
subsetted_512x512_HLS.S30.T11TNH.2020217.v1.4,ID4274811621820200722,4,train
subsetted_512x512_HLS.S30.T11TNJ.2019244.v1.4,ID4345211594520190815,4,train
subsetted_512x512_HLS.S30.T11TNK.2018222.v1.4,ID4467611644820180726,4,train
subsetted_512x512_HLS.S30.T11TPE.2018244.v1.4,NV4006311484620180813,4,train
subsetted_512x512_HLS.S30.T11TPE.2019269.v1.4,NV4031211561920190804,4,val
subsetted_512x512_HLS.S30.T11TPF.2018219.v1.4,NV4127811541520180716,4,train
subsetted_512x512_HLS.S30.T11TPF.2018289.v1.4,NV4067411551020180930,4,test
subsetted_512x512_HLS.S30.T11TPF.2021183.v1.4,NV4099311562120210622,4,val
subsetted_512x512_HLS.S30.T11TPG.2018219.v1.4,NV4160011549220180725,4,train
subsetted_512x512_HLS.S30.T11TPG.2019214.v1.4,ID4229111562520190723,4,train
subsetted_512x512_HLS.S30.T11TPG.2020249.v1.4,ID4229611529420200814,4,train
subsetted_512x512_HLS.S30.T11TPH.2020174.v1.4,ID4284111556820200530,4,val
subsetted_512x512_HLS.S30.T11TPH.2020184.v1.4,ID4298311481320200606,4,train
subsetted_512x512_HLS.S30.T11TPH.2020219.v1.4,ID4295011487620200703,4,test
subsetted_512x512_HLS.S30.T11TPH.2021238.v1.4,ID4253711500720210703,4,train
subsetted_512x512_HLS.S30.T11TPH.2021263.v1.4,ID4261911561220210806,4,train
subsetted_512x512_HLS.S30.T11TPJ.2020249.v1.4,ID4345611483420200806,4,train
subsetted_512x512_HLS.S30.T11TPK.2021268.v1.4,ID4453211532920210810,4,train
subsetted_512x512_HLS.S30.T11TPL.2019244.v1.4,ID4532811445320190804,4,test
subsetted_512x512_HLS.S30.T11TPL.2021223.v1.4,ID4558511544420210705,4,train
subsetted_512x512_HLS.S30.T11TPN.2019214.v1.4,MT4743511435720190723,4,train
subsetted_512x512_HLS.S30.T11TPN.2020217.v1.4,MT4730311448320200727,4,test
subsetted_512x512_HLS.S30.T11TQG.2020186.v1.4,UT4154311335720200603,4,val
subsetted_512x512_HLS.S30.T11TQG.2020216.v1.4,UT4177211363120200720,4,train
subsetted_512x512_HLS.S30.T11TQH.2019221.v1.4,ID4291611449620170710,4,train
subsetted_512x512_HLS.S30.T11TQH.2020216.v1.4,ID4254811347120200723,4,test
subsetted_512x512_HLS.S30.T11TQH.2020251.v1.4,ID4262311348620200808,4,val
subsetted_512x512_HLS.S30.T11TQJ.2018219.v1.4,ID4346711414520180729,4,train
subsetted_512x512_HLS.S30.T11TQK.2020249.v1.4,MT4485811343720200811,4,train
subsetted_512x512_HLS.S30.T11TQL.2021223.v1.4,MT4568311385420210708,4,train
subsetted_512x512_HLS.S30.T11ULP.2018245.v1.4,WA4784011934020180811,4,test
subsetted_512x512_HLS.S30.T11ULP.2019245.v1.4,WA4793911861820190802,4,train
subsetted_512x512_HLS.S30.T11ULP.2020280.v1.4,WA4817811826620200907,4,val
subsetted_512x512_HLS.S30.T11ULP.2021249.v1.4,WA4828511853120210713,4,train
subsetted_512x512_HLS.S30.T11UQP.2018249.v1.4,MT4831111365120180811,4,test
subsetted_512x512_HLS.S30.T12RVV.2018215.v1.4,AZ3146411144720180705,4,train
subsetted_512x512_HLS.S30.T12RWV.2019225.v1.4,AZ3156211037620190714,4,val
subsetted_512x512_HLS.S30.T12RXV.2018217.v1.4,AZ3154810940620180724,4,test
subsetted_512x512_HLS.S30.T12RYV.2018152.v1.4,NM3134910867820180516,4,val
subsetted_512x512_HLS.S30.T12STC.2020218.v1.4,AZ3344911322120200711,4,train
subsetted_512x512_HLS.S30.T12STD.2020248.v1.4,AZ3479711322320200824,4,test
subsetted_512x512_HLS.S30.T12STE.2020246.v1.4,AZ3574111380520200818,4,test
subsetted_512x512_HLS.S30.T12STF.2020156.v1.4,AZ3652211386520200510,4,test
subsetted_512x512_HLS.S30.T12STF.2021190.v1.4,AZ3697611367020210624,4,val
subsetted_512x512_HLS.S30.T12STF.2021215.v1.4,AZ3697411369720210713,4,train
subsetted_512x512_HLS.S30.T12STG.2020291.v1.4,UT3732811369420200927,4,test
subsetted_512x512_HLS.S30.T12STH.2020246.v1.4,UT3869911350520200824,4,test
subsetted_512x512_HLS.S30.T12SUC.2019158.v1.4,AZ3376811242920190530,4,train
subsetted_512x512_HLS.S30.T12SUC.2020318.v1.4,AZ3427511241920201015,4,train
subsetted_512x512_HLS.S30.T12SUD.2018218.v1.4,AZ3477911297320180708,4,test
subsetted_512x512_HLS.S30.T12SUF.2018253.v1.4,AZ3636911230720180726,4,test
subsetted_512x512_HLS.S30.T12SUF.2020223.v1.4,AZ3698311211020200729,4,train
subsetted_512x512_HLS.S30.T12SUH.2018228.v1.4,UT3806611313920180720,4,val
subsetted_512x512_HLS.S30.T12SUH.2019298.v1.4,UT3800311315120190905,4,test
subsetted_512x512_HLS.S30.T12SUH.2020188.v1.4,UT3867511318120200625,4,test
subsetted_512x512_HLS.S30.T12SVA.2020230.v1.4,AZ3195511118320200712,4,train
subsetted_512x512_HLS.S30.T12SVA.2020310.v1.4,AZ3168311135220201006,4,test
subsetted_512x512_HLS.S30.T12SVB.2020155.v1.4,AZ3340211129720200531,4,train
subsetted_512x512_HLS.S30.T12SVC.2019190.v1.4,AZ3340811121020190608,4,val
subsetted_512x512_HLS.S30.T12SVC.2019245.v1.4,AZ3372911159520190804,4,train
subsetted_512x512_HLS.S30.T12SVC.2020155.v1.4,AZ3384711201720200517,4,train
subsetted_512x512_HLS.S30.T12SVC.2020250.v1.4,AZ3395611183620200829,4,val
subsetted_512x512_HLS.S30.T12SVC.2020285.v1.4,AZ3388511181620200925,4,val
subsetted_512x512_HLS.S30.T12SVD.2018168.v1.4,AZ3455711116020180427,4,test
subsetted_512x512_HLS.S30.T12SVD.2019183.v1.4,AZ3440011201020190603,4,train
subsetted_512x512_HLS.S30.T12SVE.2019183.v1.4,AZ3530911140720190516,4,test
subsetted_512x512_HLS.S30.T12SVE.2019228.v1.4,AZ3525811164320190721,4,train
subsetted_512x512_HLS.S30.T12SVF.2018253.v1.4,AZ3636511203320180806,4,val
subsetted_512x512_HLS.S30.T12SWA.2019260.v1.4,AZ3213311040720190822,4,train
subsetted_512x512_HLS.S30.T12SWA.2020230.v1.4,AZ3237811092720200606,4,val
subsetted_512x512_HLS.S30.T12SWB.2020250.v1.4,AZ3336011011920200828,4,train
subsetted_512x512_HLS.S30.T12SWC.2019225.v1.4,AZ3423611014020190726,4,test
subsetted_512x512_HLS.S30.T12SWC.2020190.v1.4,AZ3343511035820200606,4,train
subsetted_512x512_HLS.S30.T12SWC.2020250.v1.4,AZ3354411042020200801,4,train
subsetted_512x512_HLS.S30.T12SWD.2018220.v1.4,AZ3461611082220180724,4,test
subsetted_512x512_HLS.S30.T12SWJ.2018238.v1.4,UT3930510987820180721,4,val
subsetted_512x512_HLS.S30.T12SXA.2018157.v1.4,AZ3198010937020180512,4,test
subsetted_512x512_HLS.S30.T12SXB.2018217.v1.4,AZ3321510968220180730,4,test
subsetted_512x512_HLS.S30.T12SXJ.2020200.v1.4,CO3905010893820200605,4,train
subsetted_512x512_HLS.S30.T12SYG.2018225.v1.4,CO3765810847420180722,4,train
subsetted_512x512_HLS.S30.T12SYG.2020220.v1.4,CO3727110823720200614,4,test
subsetted_512x512_HLS.S30.T12TTM.2020306.v1.4,ID4209111416920200912,4,train
subsetted_512x512_HLS.S30.T12TUK.2020286.v1.4,UT4009411287320200914,4,train
subsetted_512x512_HLS.S30.T12TUM.2018196.v1.4,UT4192311225720180627,4,train
subsetted_512x512_HLS.S30.T12TUM.2018246.v1.4,UT4185411239220180803,4,train
subsetted_512x512_HLS.S30.T12TUM.2020191.v1.4,UT4180611268420200603,4,train
subsetted_512x512_HLS.S30.T12TUN.2018186.v1.4,ID4268911299220180609,4,train
subsetted_512x512_HLS.S30.T12TUN.2018216.v1.4,ID4247711313220180717,4,train
subsetted_512x512_HLS.S30.T12TUN.2018246.v1.4,ID4298011230820180816,4,test
subsetted_512x512_HLS.S30.T12TUN.2020216.v1.4,ID4284311240020200719,4,train
subsetted_512x512_HLS.S30.T12TUN.2021150.v1.4,ID4328311224320210421,4,train
subsetted_512x512_HLS.S30.T12TUN.2021205.v1.4,ID4268511284420210614,4,train
subsetted_512x512_HLS.S30.T12TUP.2020241.v1.4,ID4369611305520200702,4,train
subsetted_512x512_HLS.S30.T12TVK.2020188.v1.4,UT4020111189120200628,4,train
subsetted_512x512_HLS.S30.T12TVK.2020228.v1.4,UT3979911153620200731,4,val
subsetted_512x512_HLS.S30.T12TVN.2018246.v1.4,ID4292911199020180813,4,train
subsetted_512x512_HLS.S30.T12TVP.2018221.v1.4,ID4409311186520180726,4,val
subsetted_512x512_HLS.S30.T12TVR.2018246.v1.4,MT4515311193120180811,4,train
subsetted_512x512_HLS.S30.T12TVR.2020256.v1.4,MT4555711165420200823,4,test
subsetted_512x512_HLS.S30.T12TVS.2019216.v1.4,MT4675311196320190726,4,train
subsetted_512x512_HLS.S30.T12TVS.2020191.v1.4,MT4649511207120200613,4,train
subsetted_512x512_HLS.S30.T12TVS.2020256.v1.4,MT4609911223320200829,4,val
subsetted_512x512_HLS.S30.T12TWK.2020268.v1.4,UT4060611070920200821,4,train
subsetted_512x512_HLS.S30.T12TWQ.2020283.v1.4,WY4438911082120200822,4,test
subsetted_512x512_HLS.S30.T12TWT.2020276.v1.4,MT4712810977820200902,4,train
subsetted_512x512_HLS.S30.T12TXL.2018220.v1.4,WY4121410901620180728,4,train
subsetted_512x512_HLS.S30.T12TXL.2020250.v1.4,WY4100410927220200803,4,test
subsetted_512x512_HLS.S30.T12TXM.2018220.v1.4,WY4152710878820180728,4,train
subsetted_512x512_HLS.S30.T12TXQ.2018248.v1.4,WY4446210893620180812,4,train
subsetted_512x512_HLS.S30.T12TXR.2020283.v1.4,MT4569810891520200802,4,test
subsetted_512x512_HLS.S30.T12TXS.2020278.v1.4,MT4630410839320200902,4,train
subsetted_512x512_HLS.S30.T12TXT.2018248.v1.4,MT4715410847520180825,4,train
subsetted_512x512_HLS.S30.T12TYK.2018220.v1.4,CO4019210820120180720,4,train
subsetted_512x512_HLS.S30.T12TYL.2018290.v1.4,CO4065310857420180913,4,val
subsetted_512x512_HLS.S30.T12TYP.2018220.v1.4,WY4377310790720180728,4,train
subsetted_512x512_HLS.S30.T12TYP.2018245.v1.4,WY4381010781320180813,4,test
subsetted_512x512_HLS.S30.T12TYP.2020215.v1.4,WY4385610791920200714,4,test
subsetted_512x512_HLS.S30.T12TYQ.2018185.v1.4,WY4421310768820180614,4,val
subsetted_512x512_HLS.S30.T12TYS.2020248.v1.4,MT4637510768820200827,4,train
subsetted_512x512_HLS.S30.T12TYS.2020278.v1.4,MT4674110768520200902,4,train
subsetted_512x512_HLS.S30.T12TYT.2018213.v1.4,MT4758010779320180720,4,val
subsetted_512x512_HLS.S30.T12TYT.2019248.v1.4,MT4747210794120190812,4,test
subsetted_512x512_HLS.S30.T13REP.2018141.v1.4,TX3054610425020180430,4,train
subsetted_512x512_HLS.S30.T13REP.2019241.v1.4,TX3009510451420190718,4,train
subsetted_512x512_HLS.S30.T13SBS.2020217.v1.4,NM3250010718420200606,4,train
subsetted_512x512_HLS.S30.T13SBT.2019237.v1.4,NM3361010740620190713,4,train
subsetted_512x512_HLS.S30.T13SCR.2018214.v1.4,NM3242610655220180624,4,test
subsetted_512x512_HLS.S30.T13SDS.2018214.v1.4,NM3250810502620180615,4,val
subsetted_512x512_HLS.S30.T13SDT.2018134.v1.4,NM3358510552620180412,4,train
subsetted_512x512_HLS.S30.T13SDT.2019184.v1.4,NM3380810573920190526,4,train
subsetted_512x512_HLS.S30.T13SDT.2020249.v1.4,NM3366710562920200804,4,train
subsetted_512x512_HLS.S30.T13SDU.2018219.v1.4,NM3470710514020180721,4,test
subsetted_512x512_HLS.S30.T13SDV.2020269.v1.4,NM3583110586320200818,4,train
subsetted_512x512_HLS.S30.T13SEA.2018144.v1.4,NM3623610471320180404,4,train
subsetted_512x512_HLS.S30.T13SEA.2020214.v1.4,NM3613910422420200606,4,val
subsetted_512x512_HLS.S30.T13SEB.2018189.v1.4,NM3698710394020180607,4,train
subsetted_512x512_HLS.S30.T13SEC.2018164.v1.4,CO3846910432320180527,4,train
subsetted_512x512_HLS.S30.T13SER.2018156.v1.4,NM3221210467920180522,4,train
subsetted_512x512_HLS.S30.T13SEV.2020154.v1.4,NM3592510438120200501,4,train
subsetted_512x512_HLS.S30.T13SFA.2018134.v1.4,NM3692110306120180308,4,train
subsetted_512x512_HLS.S30.T13SFA.2018184.v1.4,NM3690210301720180609,4,val
subsetted_512x512_HLS.S30.T13SFA.2019244.v1.4,NM3655410312720190805,4,train
subsetted_512x512_HLS.S30.T13SFA.2020154.v1.4,NM3694510319920200523,4,test
subsetted_512x512_HLS.S30.T13SFB.2020189.v1.4,CO3702010334020200607,4,val
subsetted_512x512_HLS.S30.T13SFC.2019154.v1.4,CO3806310318920190404,4,val
subsetted_512x512_HLS.S30.T13SFC.2020124.v1.4,CO3805510340720200411,4,train
subsetted_512x512_HLS.S30.T13SFC.2020184.v1.4,CO3844710247720200615,4,test
subsetted_512x512_HLS.S30.T13SFR.2020216.v1.4,NM3212110384520200729,4,train
subsetted_512x512_HLS.S30.T13SFR.2020251.v1.4,TX3166310307120200827,4,val
subsetted_512x512_HLS.S30.T13SFS.2018136.v1.4,NM3316110373620180331,4,test
subsetted_512x512_HLS.S30.T13SFT.2018136.v1.4,NM3349810333820180412,4,test
subsetted_512x512_HLS.S30.T13SGB.2018136.v1.4,CO3773310232920180304,4,train
subsetted_512x512_HLS.S30.T13SGB.2019076.v1.4,CO3699510252520190213,4,train
subsetted_512x512_HLS.S30.T13TBE.2018220.v1.4,CO3991610764020180729,4,val
subsetted_512x512_HLS.S30.T13TCG.2020247.v1.4,WY4217810703820200807,4,train
subsetted_512x512_HLS.S30.T13TCG.2020277.v1.4,WY4183110664420200905,4,train
subsetted_512x512_HLS.S30.T13TCJ.2020200.v1.4,WY4389210640120200614,4,train
subsetted_512x512_HLS.S30.T13TCJ.2020230.v1.4,WY4391910664520200716,4,train
subsetted_512x512_HLS.S30.T13TCK.2020215.v1.4,WY4446910642920200723,4,train
subsetted_512x512_HLS.S30.T13TCK.2020245.v1.4,WY4498410652920200817,4,train
subsetted_512x512_HLS.S30.T13TCL.2020245.v1.4,MT4589610704320200803,4,train
subsetted_512x512_HLS.S30.T13TCL.2020280.v1.4,MT4599210727920200923,4,val
subsetted_512x512_HLS.S30.T13TCM.2020215.v1.4,MT4635510649020200715,4,train
subsetted_512x512_HLS.S30.T13TCM.2020250.v1.4,MT4675110703320200807,4,train
subsetted_512x512_HLS.S30.T13TCN.2020278.v1.4,MT4738010691520200902,4,val
subsetted_512x512_HLS.S30.T13TDE.2020247.v1.4,CO3985110606520200814,4,test
subsetted_512x512_HLS.S30.T13TDF.2018222.v1.4,WY4102310619920180610,4,train
subsetted_512x512_HLS.S30.T13TDK.2020280.v1.4,WY4466210575120200903,4,train
subsetted_512x512_HLS.S30.T13TDL.2020307.v1.4,MT4541710565520201006,4,train
subsetted_512x512_HLS.S30.T13TDM.2020250.v1.4,MT4620510572420200806,4,train
subsetted_512x512_HLS.S30.T13TEF.2019109.v1.4,CO4069910400320190319,4,train
subsetted_512x512_HLS.S30.T13TEG.2019157.v1.4,NE4230710373320190405,4,val
subsetted_512x512_HLS.S30.T13TEL.2020307.v1.4,MT4571210446620201012,4,val
subsetted_512x512_HLS.S30.T13TEN.2018245.v1.4,MT4736310474020180809,4,val
subsetted_512x512_HLS.S30.T13TFH.2020204.v1.4,SD4311610262120200616,4,val
subsetted_512x512_HLS.S30.T13TFJ.2020264.v1.4,SD4327410271120200806,4,train
subsetted_512x512_HLS.S30.T13TGH.2020304.v1.4,NE4280510153220200928,4,train
subsetted_512x512_HLS.S30.T13UCP.2020248.v1.4,MT4783310693320200821,4,train
subsetted_512x512_HLS.S30.T13UDP.2018290.v1.4,MT4835010534020180831,4,test
subsetted_512x512_HLS.S30.T13UDP.2020255.v1.4,MT4818110588720200824,4,train
subsetted_512x512_HLS.S30.T14RKU.2020158.v1.4,TX3029010150020200419,4,train
subsetted_512x512_HLS.S30.T14RKV.2018143.v1.4,TX3097610133020180413,4,train
subsetted_512x512_HLS.S30.T14RKV.2018193.v1.4,TX3086610127820180604,4,train
subsetted_512x512_HLS.S30.T14RKV.2020268.v1.4,TX3086010191020200831,4,train
subsetted_512x512_HLS.S30.T14RLT.2020273.v1.4,TX2932610087120200827,4,train
subsetted_512x512_HLS.S30.T14RLU.2019293.v1.4,TX3064710027020190914,4,test
subsetted_512x512_HLS.S30.T14RLU.2020193.v1.4,TX3065310092220200611,4,train
subsetted_512x512_HLS.S30.T14RLU.2020278.v1.4,TX3034010088120200816,4,train
subsetted_512x512_HLS.S30.T14RLV.2018043.v1.4,TX3095610045720180124,4,train
subsetted_512x512_HLS.S30.T14RMV.2020220.v1.4,TX3149009984920200712,4,val
subsetted_512x512_HLS.S30.T14RNU.2018215.v1.4,TX3065009856720180718,4,train
subsetted_512x512_HLS.S30.T14RNV.2020220.v1.4,TX3146709888420200712,4,val
subsetted_512x512_HLS.S30.T14RPQ.2018107.v1.4,TX2708809759120180311,4,train
subsetted_512x512_HLS.S30.T14SKA.2020223.v1.4,TX3159210116820200704,4,train
subsetted_512x512_HLS.S30.T14SKE.2019111.v1.4,TX3575010162220190313,4,train
subsetted_512x512_HLS.S30.T14SKE.2020216.v1.4,TX3570310164720200711,4,train
subsetted_512x512_HLS.S30.T14SKE.2020281.v1.4,TX3540410187920200820,4,val
subsetted_512x512_HLS.S30.T14SLA.2020193.v1.4,TX3206310086420200619,4,train
subsetted_512x512_HLS.S30.T14SLA.2020223.v1.4,TX3231910015220200713,4,train
subsetted_512x512_HLS.S30.T14SLC.2018038.v1.4,TX3401610055920180125,4,train
subsetted_512x512_HLS.S30.T14SLD.2018138.v1.4,TX3506710118520180402,4,train
subsetted_512x512_HLS.S30.T14SLD.2018218.v1.4,TX3455510115820180717,4,val
subsetted_512x512_HLS.S30.T14SLD.2020218.v1.4,TX3447710074220200711,4,test
subsetted_512x512_HLS.S30.T14SLE.2018098.v1.4,TX3546110085220180323,4,train
subsetted_512x512_HLS.S30.T14SLE.2018138.v1.4,TX3522410013020180413,4,train
subsetted_512x512_HLS.S30.T14SLE.2019098.v1.4,TX3573210066420190313,4,val
subsetted_512x512_HLS.S30.T14SLE.2019248.v1.4,TX3582410101520190807,4,train
subsetted_512x512_HLS.S30.T14SLE.2020323.v1.4,TX3568810093120201011,4,train
subsetted_512x512_HLS.S30.T14SLF.2020108.v1.4,OK3661710061020200307,4,train
subsetted_512x512_HLS.S30.T14SMB.2018073.v1.4,TX3272009947720180226,4,train
subsetted_512x512_HLS.S30.T14SMB.2018138.v1.4,TX3267009971820180413,4,test
subsetted_512x512_HLS.S30.T14SMB.2020268.v1.4,TX3268709915020200830,4,train
subsetted_512x512_HLS.S30.T14SMC.2019258.v1.4,TX3402609987020190820,4,train
subsetted_512x512_HLS.S30.T14SMD.2018138.v1.4,TX3482010022020180413,4,train
subsetted_512x512_HLS.S30.T14SME.2018138.v1.4,OK3566409983720180413,4,train
subsetted_512x512_HLS.S30.T14SMF.2018098.v1.4,OK3680809902720180218,4,val
subsetted_512x512_HLS.S30.T14SNB.2018215.v1.4,TX3300809836120180710,4,val
subsetted_512x512_HLS.S30.T14SND.2018215.v1.4,OK3475809868420180702,4,train
subsetted_512x512_HLS.S30.T14SNF.2018095.v1.4,OK3648509869620180306,4,val
subsetted_512x512_HLS.S30.T14SNF.2020183.v1.4,OK3632609837220200610,4,train
subsetted_512x512_HLS.S30.T14SNG.2020183.v1.4,OK3698609831720200617,4,train
subsetted_512x512_HLS.S30.T14SPB.2018035.v1.4,TX3272509755820180122,4,val
subsetted_512x512_HLS.S30.T14SQE.2020065.v1.4,OK3525609595520200222,4,train
subsetted_512x512_HLS.S30.T14SQF.2018075.v1.4,OK3642109646420180203,4,test
subsetted_512x512_HLS.S30.T14SQF.2018100.v1.4,OK3650509633420180324,4,test
subsetted_512x512_HLS.S30.T14SQJ.2020340.v1.4,KS3919209595820201118,4,train
subsetted_512x512_HLS.S30.T14TQT.2021112.v1.4,MN4771209630220210329,4,test
subsetted_512x512_HLS.S30.T14UPU.2021112.v1.4,MN4866009654320210321,4,train
subsetted_512x512_HLS.S30.T14UPV.2018136.v1.4,MN4884009637020180429,4,train
subsetted_512x512_HLS.S30.T14UQU.2021112.v1.4,MN4796109539420210307,4,train
subsetted_512x512_HLS.S30.T15RVP.2021063.v1.4,LA2991209334620210223,4,train
subsetted_512x512_HLS.S30.T15STU.2018237.v1.4,OK3434009530020180724,4,train
subsetted_512x512_HLS.S30.T15STV.2018102.v1.4,OK3535809587220180315,4,test
subsetted_512x512_HLS.S30.T15SUU.2018062.v1.4,AR3497109415320180202,4,train
subsetted_512x512_HLS.S30.T15SVA.2019092.v1.4,MO3686909295920190323,4,train
subsetted_512x512_HLS.S30.T15SXA.2018154.v1.4,MO3691709150920180412,4,train
subsetted_512x512_HLS.S30.T16RBU.2020123.v1.4,MS3041208915720200426,4,train
subsetted_512x512_HLS.S30.T16SGA.2018107.v1.4,GA3239508464820180322,4,test
subsetted_512x512_HLS.S30.T17RMJ.2018064.v1.4,FL2616308144920180212,4,train
subsetted_512x512_HLS.S30.T17RML.2018064.v1.4,FL2751908119020180204,4,train
subsetted_512x512_HLS.S30.T17RNK.2019081.v1.4,FL2634008064020190119,4,val
subsetted_512x512_HLS.S30.T17RNK.2020126.v1.4,FL2623908094820200410,4,test
subsetted_512x512_HLS.S30.T17SLB.2019287.v1.4,KY3760808261720190917,4,train
subsetted_512x512_HLS.S30.T17SNS.2021128.v1.4,SC3269708070820210406,4,test
subsetted_512x512_HLS.S30.T18TWK.2018121.v1.4,NJ3974007449020180422,4,test
subsetted_512x512_HLS.S30.T18TWK.2019093.v1.4,NJ3977007445020190330,4,train
subsetted_512x512_HLS.S30.T18TXQ.2018266.v1.4,NY4487007364020180712,4,train
subsetted_512x512_HLS.S30.T10SEH.2018190.v1.4,CA3881012220020180630,4,train
subsetted_512x512_HLS.S30.T10SFE.2021166.v1.4,CA3595912083320210530,4,train
subsetted_512x512_HLS.S30.T10SFF.2020215.v1.4,CA3667512102020200715,4,train
subsetted_512x512_HLS.S30.T10SFG.2020185.v1.4,CA3706812121320200628,4,val
subsetted_512x512_HLS.S30.T10SFG.2020215.v1.4,CA3702412151420200705,4,val
subsetted_512x512_HLS.S30.T10SGD.2018257.v1.4,CA3511712010020180819,4,test
subsetted_512x512_HLS.S30.T10SGF.2020217.v1.4,CA3609512052220200713,4,train
subsetted_512x512_HLS.S30.T10SGG.2018187.v1.4,CA3735012030020180615,4,train
subsetted_512x512_HLS.S30.T10SGG.2020247.v1.4,CA3780512029420200820,4,train
subsetted_512x512_HLS.S30.T10TFL.2018215.v1.4,CA4063012088020180727,4,test
subsetted_512x512_HLS.S30.T10TFM.2019215.v1.4,CA4172612124320190728,4,train
subsetted_512x512_HLS.S30.T10TFM.2020215.v1.4,CA4173712105820200723,4,val
subsetted_512x512_HLS.S30.T10TFQ.2018183.v1.4,OR4453912142620180621,4,train
subsetted_512x512_HLS.S30.T10TFR.2018188.v1.4,OR4527212061320180622,4,val
subsetted_512x512_HLS.S30.T10TFR.2020173.v1.4,OR4556212040420200429,4,train
subsetted_512x512_HLS.S30.T10TGK.2019245.v1.4,CA3988012002520190824,4,train
subsetted_512x512_HLS.S30.T10TGK.2020285.v1.4,CA3968112017120200814,4,train
subsetted_512x512_HLS.S30.T10TGL.2018215.v1.4,CA4129012012020180713,4,train
subsetted_512x512_HLS.S30.T10TGL.2020265.v1.4,CA4102912028120200818,4,val
subsetted_512x512_HLS.S30.T10TGM.2020215.v1.4,NV4180711966720200727,4,train
subsetted_512x512_HLS.S30.T10TGR.2018215.v1.4,OR4576612011120180727,4,train
subsetted_512x512_HLS.S30.T10TGR.2019215.v1.4,OR4572112013020190713,4,train
subsetted_512x512_HLS.S30.T10TGR.2019245.v1.4,OR4504511946220190805,4,val
subsetted_512x512_HLS.S30.T10TGS.2018245.v1.4,WA4673711934020180802,4,train
subsetted_512x512_HLS.S30.T10TGS.2020215.v1.4,WA4676511950920200706,4,train
subsetted_512x512_HLS.S30.T10TGT.2018188.v1.4,WA4696612008020180620,4,train
subsetted_512x512_HLS.S30.T10TGT.2018285.v1.4,WA4742412023220180901,4,train
subsetted_512x512_HLS.S30.T10TGT.2020218.v1.4,WA4729212017020200724,4,train
subsetted_512x512_HLS.S30.T10UGV.2020218.v1.4,WA4866711925320200728,4,test
subsetted_512x512_HLS.S30.T11SLB.2018197.v1.4,CA3756511912720180611,4,train
subsetted_512x512_HLS.S30.T11SLT.2019309.v1.4,CA3428211880320191030,4,train
subsetted_512x512_HLS.S30.T11SLU.2018274.v1.4,CA3449011860020180922,4,train
subsetted_512x512_HLS.S30.T11SLU.2021188.v1.4,CA3494811892720210627,4,test
subsetted_512x512_HLS.S30.T11SLV.2018249.v1.4,CA3540011877020180803,4,train
subsetted_512x512_HLS.S30.T11SLV.2020222.v1.4,CA3531811870820200701,4,train
subsetted_512x512_HLS.S30.T11SLV.2021186.v1.4,CA3602211875920210618,4,train
subsetted_512x512_HLS.S30.T11SLV.2021216.v1.4,CA3540811843620210720,4,train
subsetted_512x512_HLS.S30.T11SLV.2021331.v1.4,CA3604711863120210910,4,train
subsetted_512x512_HLS.S30.T11SMS.2018259.v1.4,CA3338011743020180706,4,train
subsetted_512x512_HLS.S30.T11SMT.2019309.v1.4,CA3399211705920191010,4,test
subsetted_512x512_HLS.S30.T11SMT.2021248.v1.4,CA3350411735320210828,4,train
subsetted_512x512_HLS.S30.T11SMU.2020299.v1.4,CA3424811795920200906,4,train
subsetted_512x512_HLS.S30.T11SMV.2020234.v1.4,CA3606611745820200728,4,train
subsetted_512x512_HLS.S30.T11SNT.2020221.v1.4,CA3399211696420200731,4,train
subsetted_512x512_HLS.S30.T11SPB.2019281.v1.4,NV3721011487220190823,4,train
subsetted_512x512_HLS.S30.T11SPB.2020241.v1.4,NV3731011483320200719,4,train
subsetted_512x512_HLS.S30.T11SPD.2020184.v1.4,NV3883311498820200624,4,test
subsetted_512x512_HLS.S30.T11SQA.2019226.v1.4,NV3616411427620190725,4,test
subsetted_512x512_HLS.S30.T11SQB.2020241.v1.4,NV3716311461020200708,4,test
subsetted_512x512_HLS.S30.T11TLE.2019257.v1.4,NV3974911820520190813,4,train
subsetted_512x512_HLS.S30.T11TLG.2018247.v1.4,NV4186711864020180724,4,train
subsetted_512x512_HLS.S30.T11TLH.2018152.v1.4,OR4327211882920180427,4,train
subsetted_512x512_HLS.S30.T11TLL.2018215.v1.4,OR4597411899820180729,4,val
subsetted_512x512_HLS.S30.T11TLM.2018245.v1.4,WA4646011897220180817,4,train
subsetted_512x512_HLS.S30.T11TLM.2019245.v1.4,WA4662511872120190802,4,test
subsetted_512x512_HLS.S30.T11TME.2019222.v1.4,NV4057511751220190723,4,train
subsetted_512x512_HLS.S30.T11TMF.2020217.v1.4,NV4124711727320200723,4,test
subsetted_512x512_HLS.S30.T11TMG.2019217.v1.4,NV4164111779920190723,4,val
subsetted_512x512_HLS.S30.T11TMH.2019227.v1.4,OR4245011723920190723,4,train
subsetted_512x512_HLS.S30.T11TMK.2018217.v1.4,ID4447411719020180725,4,val
subsetted_512x512_HLS.S30.T11TMK.2020247.v1.4,OR4441811785820200817,4,train
subsetted_512x512_HLS.S30.T11TNF.2019224.v1.4,NV4116511680820190722,4,train
subsetted_512x512_HLS.S30.T11TNJ.2018217.v1.4,ID4401511615420180725,4,train
subsetted_512x512_HLS.S30.T11TNJ.2019217.v1.4,ID4414411669220190714,4,test
subsetted_512x512_HLS.S30.T11TPE.2020219.v1.4,NV4061811574920200719,4,train
subsetted_512x512_HLS.S30.T11TPH.2018219.v1.4,ID4304311477420180717,4,train
subsetted_512x512_HLS.S30.T11TPH.2018244.v1.4,ID4275711555220180822,4,train
subsetted_512x512_HLS.S30.T11TPH.2019244.v1.4,ID4286811517820190809,4,train
subsetted_512x512_HLS.S30.T11TPH.2020249.v1.4,ID4292211511120200819,4,train
subsetted_512x512_HLS.S30.T11TPM.2021223.v1.4,ID4645911452820210707,4,train
subsetted_512x512_HLS.S30.T11TQG.2018221.v1.4,ID4218811351720180726,4,test
subsetted_512x512_HLS.S30.T11TQG.2018291.v1.4,ID4223511346220180922,4,train
subsetted_512x512_HLS.S30.T11TQG.2020306.v1.4,ID4235511352920201010,4,train
subsetted_512x512_HLS.S30.T11TQH.2018219.v1.4,ID4316911383020180716,4,train
subsetted_512x512_HLS.S30.T11TQH.2019244.v1.4,ID4319611377420190801,4,val
subsetted_512x512_HLS.S30.T11ULP.2020215.v1.4,WA4813711903820200723,4,train
subsetted_512x512_HLS.S30.T12RVV.2020320.v1.4,AZ3160611150220201027,4,test
subsetted_512x512_HLS.S30.T12RXV.2018182.v1.4,AZ3153510989320180607,4,train
subsetted_512x512_HLS.S30.T12RXV.2019062.v1.4,NM3145210885920190207,4,train
subsetted_512x512_HLS.S30.T12STD.2018168.v1.4,AZ3495111328920180515,4,test
subsetted_512x512_HLS.S30.T12STF.2018231.v1.4,AZ3689811361420180708,4,train
subsetted_512x512_HLS.S30.T12STG.2018186.v1.4,UT3739711342320180627,4,train
subsetted_512x512_HLS.S30.T12STG.2020241.v1.4,UT3715711356620200714,4,train
subsetted_512x512_HLS.S30.T12STJ.2020241.v1.4,UT3932711339120200719,4,val
subsetted_512x512_HLS.S30.T12SUC.2019223.v1.4,AZ3424311248720190714,4,train
subsetted_512x512_HLS.S30.T12SUC.2020153.v1.4,AZ3415011213920200531,4,val
subsetted_512x512_HLS.S30.T12SUC.2020248.v1.4,AZ3417411217520200807,4,test
subsetted_512x512_HLS.S30.T12SUD.2018168.v1.4,AZ3468811236620180511,4,train
subsetted_512x512_HLS.S30.T12SUE.2020218.v1.4,AZ3563211274720200705,4,train
subsetted_512x512_HLS.S30.T12SUF.2020183.v1.4,AZ3662811235020200608,4,train
subsetted_512x512_HLS.S30.T12SUH.2020268.v1.4,UT3821211280820200822,4,train
subsetted_512x512_HLS.S30.T12SUJ.2019298.v1.4,UT3887311238420190908,4,train
subsetted_512x512_HLS.S30.T12SUJ.2019308.v1.4,UT3952611225620191026,4,val
subsetted_512x512_HLS.S30.T12SUJ.2020186.v1.4,UT3942511234720200626,4,val
subsetted_512x512_HLS.S30.T12SVB.2020185.v1.4,AZ3304411105620200630,4,test
subsetted_512x512_HLS.S30.T12SVB.2020310.v1.4,AZ3324911096720201021,4,train
subsetted_512x512_HLS.S30.T12SVC.2018215.v1.4,AZ3394811199720180727,4,train
subsetted_512x512_HLS.S30.T12SVC.2019280.v1.4,AZ3395311201220190903,4,train
subsetted_512x512_HLS.S30.T12SWA.2018225.v1.4,AZ3228010995520180726,4,train
subsetted_512x512_HLS.S30.T12SXA.2020187.v1.4,AZ3209510937320200606,4,train
subsetted_512x512_HLS.S30.T12SXA.2020247.v1.4,AZ3238810909020200813,4,train
subsetted_512x512_HLS.S30.T12SXG.2019235.v1.4,UT3783510979920190726,4,test
subsetted_512x512_HLS.S30.T12TTM.2018219.v1.4,NV4180711406520180726,4,train
subsetted_512x512_HLS.S30.T12TTM.2019244.v1.4,NV4193711416620190804,4,test
subsetted_512x512_HLS.S30.T12TUK.2018231.v1.4,UT4050711296920180727,4,train
subsetted_512x512_HLS.S30.T12TUM.2019231.v1.4,UT4177911224220190715,4,train
subsetted_512x512_HLS.S30.T12TUN.2019276.v1.4,ID4299311311120190906,4,train
subsetted_512x512_HLS.S30.T12TUN.2021215.v1.4,ID4254611249720210721,4,test
subsetted_512x512_HLS.S30.T12TUP.2019226.v1.4,ID4371511252320190722,4,test
subsetted_512x512_HLS.S30.T12TVK.2020308.v1.4,UT4032611166920201017,4,train
subsetted_512x512_HLS.S30.T12TVM.2018246.v1.4,UT4194311112320180816,4,train
subsetted_512x512_HLS.S30.T12TVN.2018291.v1.4,ID4257811155220180922,4,train
subsetted_512x512_HLS.S30.T12TVR.2020281.v1.4,MT4577311182220200929,4,val
subsetted_512x512_HLS.S30.T12TWR.2020283.v1.4,MT4572011097420200904,4,train
subsetted_512x512_HLS.S30.T12TXK.2018215.v1.4,CO3968910875820180729,4,train
subsetted_512x512_HLS.S30.T12TXT.2018293.v1.4,MT4762510936620180903,4,train
subsetted_512x512_HLS.S30.T12TXT.2020248.v1.4,MT4758110954820200807,4,val
subsetted_512x512_HLS.S30.T12TYK.2020215.v1.4,CO3976210841920200713,4,train
subsetted_512x512_HLS.S30.T12UXU.2021250.v1.4,MT4801910865120210816,4,val
subsetted_512x512_HLS.S30.T13REQ.2018156.v1.4,TX3076510415220180516,4,train
subsetted_512x512_HLS.S30.T13RGP.2020118.v1.4,TX3022610256120200301,4,train
subsetted_512x512_HLS.S30.T13SBT.2019202.v1.4,NM3349910789720190605,4,train
subsetted_512x512_HLS.S30.T13SBV.2019247.v1.4,NM3534510752720190804,4,train
subsetted_512x512_HLS.S30.T13SCA.2019227.v1.4,NM3644910620720190713,4,train
subsetted_512x512_HLS.S30.T13SDA.2018199.v1.4,NM3636510508520180629,4,train
subsetted_512x512_HLS.S30.T13SDU.2018254.v1.4,NM3436210506320180807,4,test
subsetted_512x512_HLS.S30.T13SEB.2020249.v1.4,CO3701810400020200822,4,train
subsetted_512x512_HLS.S30.T13SFA.2018159.v1.4,OK3694010296020180524,4,train
subsetted_512x512_HLS.S30.T13SFB.2019219.v1.4,CO3711310286620190718,4,train
subsetted_512x512_HLS.S30.T13SFB.2020164.v1.4,CO3735610351820200518,4,train
subsetted_512x512_HLS.S30.T13SFS.2018196.v1.4,NM3317010361120180518,4,val
subsetted_512x512_HLS.S30.T13SFT.2019171.v1.4,NM3418210345020190410,4,test
subsetted_512x512_HLS.S30.T13TBF.2018190.v1.4,CO4078210783620180629,4,train
subsetted_512x512_HLS.S30.T13TCH.2020280.v1.4,WY4301310696720200814,4,train
subsetted_512x512_HLS.S30.T13TDH.2018292.v1.4,WY4326210530420180917,4,train
subsetted_512x512_HLS.S30.T13TDK.2020217.v1.4,MT4504710573520200722,4,train
subsetted_512x512_HLS.S30.T13TDL.2020187.v1.4,MT4529310571720200614,4,train
subsetted_512x512_HLS.S30.T13TDL.2020245.v1.4,MT4564010610720200825,4,val
subsetted_512x512_HLS.S30.T13TDL.2020280.v1.4,MT4590510631720200902,4,test
subsetted_512x512_HLS.S30.T13TEE.2020214.v1.4,CO4014010460020200719,4,train
subsetted_512x512_HLS.S30.T13TEE.2020249.v1.4,CO3991410379420200820,4,train
subsetted_512x512_HLS.S30.T13TFG.2020274.v1.4,NE4165010345220200827,4,test
subsetted_512x512_HLS.S30.T13TGE.2018136.v1.4,CO4037010225020180404,4,train
subsetted_512x512_HLS.S30.T13TGJ.2020309.v1.4,SD4334810247820200914,4,test
subsetted_512x512_HLS.S30.T14RKV.2018213.v1.4,TX3096410129920180702,4,train
subsetted_512x512_HLS.S30.T14RKV.2020278.v1.4,TX3111910137620200901,4,train
subsetted_512x512_HLS.S30.T14RLV.2019223.v1.4,TX3095710045720190723,4,train
subsetted_512x512_HLS.S30.T14RLV.2019348.v1.4,TX3068710057220191007,4,test
subsetted_512x512_HLS.S30.T14RMV.2020280.v1.4,TX3112609904920200802,4,test
subsetted_512x512_HLS.S30.T14RNQ.2021051.v1.4,TX2691709832320210126,4,val
subsetted_512x512_HLS.S30.T14RNV.2018215.v1.4,TX3157209838720180723,4,test
subsetted_512x512_HLS.S30.T14RPS.2019257.v1.4,TX2846709731320190825,4,test
subsetted_512x512_HLS.S30.T14SKA.2019278.v1.4,TX3217410111820190907,4,val
subsetted_512x512_HLS.S30.T14SKB.2019268.v1.4,TX3332410108120190809,4,val
subsetted_512x512_HLS.S30.T14SKD.2018156.v1.4,TX3481010130620180508,4,train
subsetted_512x512_HLS.S30.T14SKE.2018156.v1.4,TX3565810161920180413,4,train
subsetted_512x512_HLS.S30.T14SKF.2019246.v1.4,OK3671910126720190819,4,train
subsetted_512x512_HLS.S30.T14SLC.2019258.v1.4,TX3362710093720190817,4,train
subsetted_512x512_HLS.S30.T14SLD.2018163.v1.4,TX3464410105120180510,4,train
subsetted_512x512_HLS.S30.T14SMA.2020185.v1.4,TX3185709976920200614,4,test
subsetted_512x512_HLS.S30.T14SMB.2019228.v1.4,TX3312809957020190729,4,test
subsetted_512x512_HLS.S30.T14SMC.2018213.v1.4,TX3378209927320180716,4,train
subsetted_512x512_HLS.S30.T14SNA.2018215.v1.4,TX3165409878420180723,4,train
subsetted_512x512_HLS.S30.T14SNG.2020118.v1.4,KS3702809890220200325,4,val
subsetted_512x512_HLS.S30.T14SPD.2018100.v1.4,OK3434009756220180322,4,train
subsetted_512x512_HLS.S30.T14SPF.2019345.v1.4,OK3669509679920191116,4,train
subsetted_512x512_HLS.S30.T14SPJ.2019345.v1.4,KS3921209676120191113,4,train
subsetted_512x512_HLS.S30.T14SQE.2018075.v1.4,OK3529509619120180124,4,train
subsetted_512x512_HLS.S30.T14SQE.2018100.v1.4,OK3557109641620180320,4,train
subsetted_512x512_HLS.S30.T14SQG.2020085.v1.4,KS3786109647720200108,4,test
subsetted_512x512_HLS.S30.T14TKM.2019144.v1.4,NE4166810220320190321,4,val
subsetted_512x512_HLS.S30.T14UQU.2019163.v1.4,MN4823209549720190530,4,train
subsetted_512x512_HLS.S30.T15RWQ.2021098.v1.4,LA3111809256120210309,4,train
subsetted_512x512_HLS.S30.T15SXB.2019134.v1.4,MO3743109121220190409,4,train
subsetted_512x512_HLS.S30.T16RFU.2019105.v1.4,FL3011008549020190330,4,test
subsetted_512x512_HLS.S30.T16RFU.2019305.v1.4,FL3005608509020190916,4,train
subsetted_512x512_HLS.S30.T16RGU.2019277.v1.4,FL3037408463920190911,4,train
subsetted_512x512_HLS.S30.T16SFF.2021094.v1.4,TN3638708498220210309,4,train
subsetted_512x512_HLS.S30.T17RNL.2019111.v1.4,FL2783908058120190308,4,train
subsetted_512x512_HLS.S30.T17RNM.2019349.v1.4,FL2861908074420191120,4,test
subsetted_512x512_HLS.S30.T17SNA.2021348.v1.4,NC3634008046020211127,4,train
subsetted_512x512_HLS.S30.T18SVJ.2020131.v1.4,NJ3931607511120200409,4,train
subsetted_512x512_HLS.S30.T10SDH.2020248.v1.4,CA3867312307820200817,5,train
subsetted_512x512_HLS.S30.T10SEH.2018245.v1.4,CA3831012199020180810,5,test
subsetted_512x512_HLS.S30.T10SEH.2018280.v1.4,CA3873012240020180908,5,train
subsetted_512x512_HLS.S30.T10SEH.2019305.v1.4,CA3879612276720191023,5,train
subsetted_512x512_HLS.S30.T10SEH.2020190.v1.4,CA3847012204820200606,5,train
subsetted_512x512_HLS.S30.T10SEH.2020285.v1.4,CA3855412253120200927,5,train
subsetted_512x512_HLS.S30.T10SEJ.2018185.v1.4,CA3966012253020180609,5,train
subsetted_512x512_HLS.S30.T10SEJ.2018220.v1.4,CA3919012180020180731,5,train
subsetted_512x512_HLS.S30.T10SEJ.2019185.v1.4,CA3892812226620190608,5,test
subsetted_512x512_HLS.S30.T10SFE.2020267.v1.4,CA3612312160220200819,5,test
subsetted_512x512_HLS.S30.T10SFF.2018155.v1.4,CA3686012078020180502,5,train
subsetted_512x512_HLS.S30.T10SFF.2018190.v1.4,CA3641012100020180604,5,test
subsetted_512x512_HLS.S30.T10SFF.2020250.v1.4,CA3656312164020200816,5,train
subsetted_512x512_HLS.S30.T10SFF.2021189.v1.4,CA3620712156020210618,5,train
subsetted_512x512_HLS.S30.T10SFH.2018185.v1.4,CA3805012095020180629,5,train
subsetted_512x512_HLS.S30.T10SFH.2020185.v1.4,CA3852112120220200612,5,train
subsetted_512x512_HLS.S30.T10SFH.2020245.v1.4,CA3802612076120200818,5,train
subsetted_512x512_HLS.S30.T10SGD.2021306.v1.4,CA3451712013120211011,5,train
subsetted_512x512_HLS.S30.T10SGE.2018247.v1.4,CA3580012036020180806,5,val
subsetted_512x512_HLS.S30.T10SGE.2019187.v1.4,CA3566212040420190612,5,train
subsetted_512x512_HLS.S30.T10SGE.2020162.v1.4,CA3605412006420200503,5,val
subsetted_512x512_HLS.S30.T10SGE.2020187.v1.4,CA3535111995620200610,5,test
subsetted_512x512_HLS.S30.T10SGE.2020217.v1.4,CA3535112000520200728,5,train
subsetted_512x512_HLS.S30.T10SGE.2020247.v1.4,CA3607512023120200815,5,train
subsetted_512x512_HLS.S30.T10SGG.2019307.v1.4,CA3761912020720170716,5,test
subsetted_512x512_HLS.S30.T10TDN.2019213.v1.4,OR4292012329520190725,5,train
subsetted_512x512_HLS.S30.T10TEK.2018183.v1.4,CA4051012242020180624,5,train
subsetted_512x512_HLS.S30.T10TEK.2018340.v1.4,CA4022012217020181007,5,test
subsetted_512x512_HLS.S30.T10TEK.2019275.v1.4,CA4010912278920190905,5,train
subsetted_512x512_HLS.S30.T10TEK.2019350.v1.4,CA4004012260920191103,5,val
subsetted_512x512_HLS.S30.T10TEK.2020275.v1.4,CA4054112256820200927,5,val
subsetted_512x512_HLS.S30.T10TEM.2018213.v1.4,OR4209912285420180715,5,test
subsetted_512x512_HLS.S30.T10TFK.2020220.v1.4,CA4042112086320200718,5,val
subsetted_512x512_HLS.S30.T10TFL.2018245.v1.4,CA4139512105720180815,5,train
subsetted_512x512_HLS.S30.T10TFL.2020215.v1.4,CA4106412076220200720,5,val
subsetted_512x512_HLS.S30.T10TFM.2019280.v1.4,CA4174812105620190905,5,train
subsetted_512x512_HLS.S30.T10TFN.2018245.v1.4,OR4265012082720180815,5,test
subsetted_512x512_HLS.S30.T10TFN.2020235.v1.4,OR4250212055220200721,5,train
subsetted_512x512_HLS.S30.T10TFP.2018285.v1.4,OR4383912111420180907,5,train
subsetted_512x512_HLS.S30.T10TFP.2020248.v1.4,OR4403912052820200816,5,train
subsetted_512x512_HLS.S30.T10TFQ.2018245.v1.4,OR4453312109120180817,5,train
subsetted_512x512_HLS.S30.T10TFQ.2019245.v1.4,OR4494912090120190812,5,train
subsetted_512x512_HLS.S30.T10TFR.2018213.v1.4,OR4542812106020180726,5,val
subsetted_512x512_HLS.S30.T10TFS.2018193.v1.4,WA4671912050220180602,5,train
subsetted_512x512_HLS.S30.T10TFS.2018213.v1.4,WA4661012135020180730,5,train
subsetted_512x512_HLS.S30.T10TFS.2019213.v1.4,WA4682812052320190723,5,train
subsetted_512x512_HLS.S30.T10TFT.2018213.v1.4,WA4754012029720180713,5,train
subsetted_512x512_HLS.S30.T10TGK.2019280.v1.4,CA4005312066920190904,5,train
subsetted_512x512_HLS.S30.T10TGL.2019245.v1.4,CA4058912057520190828,5,train
subsetted_512x512_HLS.S30.T10TGN.2019305.v1.4,OR4261011964820190915,5,test
subsetted_512x512_HLS.S30.T10TGP.2018215.v1.4,OR4408012020420180716,5,train
subsetted_512x512_HLS.S30.T10TGQ.2018245.v1.4,OR4480012022420180817,5,train
subsetted_512x512_HLS.S30.T10TGQ.2020275.v1.4,OR4475511980220200819,5,train
subsetted_512x512_HLS.S30.T10TGR.2018245.v1.4,OR4514511998420180817,5,test
subsetted_512x512_HLS.S30.T10TGR.2020275.v1.4,WA4592711962520200907,5,train
subsetted_512x512_HLS.S30.T10TGS.2018190.v1.4,WA4619311979920180628,5,val
subsetted_512x512_HLS.S30.T10TGS.2018285.v1.4,WA4675811948720180908,5,train
subsetted_512x512_HLS.S30.T10TGS.2019195.v1.4,WA4686911989820190604,5,train
subsetted_512x512_HLS.S30.T10TGS.2020245.v1.4,WA4667012011520200817,5,test
subsetted_512x512_HLS.S30.T10TGT.2018213.v1.4,WA4725411999320180703,5,train
subsetted_512x512_HLS.S30.T10TGT.2019213.v1.4,WA4770712016520190723,5,val
subsetted_512x512_HLS.S30.T10UGU.2018213.v1.4,WA4779011998320180727,5,train
subsetted_512x512_HLS.S30.T10UGU.2018245.v1.4,WA4798411942320180806,5,train
subsetted_512x512_HLS.S30.T10UGU.2020215.v1.4,WA4777911979820200712,5,test
subsetted_512x512_HLS.S30.T10UGU.2020280.v1.4,WA4792111992220200907,5,train
subsetted_512x512_HLS.S30.T10UGU.2021249.v1.4,WA4855212019420210716,5,val
subsetted_512x512_HLS.S30.T11SKB.2018222.v1.4,CA3765211988120180713,5,train
subsetted_512x512_HLS.S30.T11SKB.2020222.v1.4,CA3781211964620200725,5,train
subsetted_512x512_HLS.S30.T11SKD.2018192.v1.4,NV3881811941120180617,5,test
subsetted_512x512_HLS.S30.T11SKD.2020197.v1.4,NV3887811956320200624,5,train
subsetted_512x512_HLS.S30.T11SKD.2020217.v1.4,NV3884311963920200707,5,train
subsetted_512x512_HLS.S30.T11SKV.2019152.v1.4,CA3572011963220190507,5,train
subsetted_512x512_HLS.S30.T11SKV.2019187.v1.4,CA3533311990620190605,5,train
subsetted_512x512_HLS.S30.T11SLB.2019237.v1.4,CA3782611887220190726,5,train
subsetted_512x512_HLS.S30.T11SLC.2020247.v1.4,CA3792911898320200817,5,train
subsetted_512x512_HLS.S30.T11SLT.2018349.v1.4,CA3424011870020181108,5,train
subsetted_512x512_HLS.S30.T11SLT.2021163.v1.4,CA3408411857020210515,5,test
subsetted_512x512_HLS.S30.T11SLU.2018184.v1.4,CA3490011851020180604,5,train
subsetted_512x512_HLS.S30.T11SLU.2020229.v1.4,CA3446611833020200705,5,train
subsetted_512x512_HLS.S30.T11SLU.2020249.v1.4,CA3444111874620200817,5,train
subsetted_512x512_HLS.S30.T11SLV.2020247.v1.4,CA3546511854420200803,5,train
subsetted_512x512_HLS.S30.T11SLV.2021251.v1.4,CA3568711855020210818,5,test
subsetted_512x512_HLS.S30.T11SMT.2018154.v1.4,CA3363011706020180517,5,train
subsetted_512x512_HLS.S30.T11SMT.2018249.v1.4,CA3367611751620180806,5,test
subsetted_512x512_HLS.S30.T11SMT.2019294.v1.4,CA3352811727320190904,5,train
subsetted_512x512_HLS.S30.T11SMT.2020194.v1.4,CA3337911735120200609,5,val
subsetted_512x512_HLS.S30.T11SMT.2020249.v1.4,CA3415711791120200813,5,train
subsetted_512x512_HLS.S30.T11SMT.2020289.v1.4,CA3405311699120200905,5,train
subsetted_512x512_HLS.S30.T11SMT.2020309.v1.4,CA3375311768720201026,5,test
subsetted_512x512_HLS.S30.T11SMV.2020249.v1.4,CA3606211763420200821,5,val
subsetted_512x512_HLS.S30.T11SNB.2018224.v1.4,NV3722911623920180728,5,train
subsetted_512x512_HLS.S30.T11SNB.2020234.v1.4,NV3701011608020200727,5,train
subsetted_512x512_HLS.S30.T11SNB.2021153.v1.4,NV3700011641620210517,5,val
subsetted_512x512_HLS.S30.T11SNB.2021268.v1.4,NV3727011619820210825,5,train
subsetted_512x512_HLS.S30.T11SNS.2019246.v1.4,CA3257311670020190814,5,test
subsetted_512x512_HLS.S30.T11SNS.2020276.v1.4,CA3276011669320200905,5,val
subsetted_512x512_HLS.S30.T11SNS.2021155.v1.4,CA3298011643520210501,5,test
subsetted_512x512_HLS.S30.T11SNT.2018216.v1.4,CA3372011680020180725,5,train
subsetted_512x512_HLS.S30.T11SNT.2020281.v1.4,CA3388811668420200917,5,train
subsetted_512x512_HLS.S30.T11SPA.2020196.v1.4,NV3630611561820200628,5,train
subsetted_512x512_HLS.S30.T11SPB.2020196.v1.4,NV3746711499420200626,5,train
subsetted_512x512_HLS.S30.T11SPV.2020186.v1.4,CA3517211519520200622,5,test
subsetted_512x512_HLS.S30.T11SPV.2020236.v1.4,NV3594511544620200720,5,val
subsetted_512x512_HLS.S30.T11SPV.2020246.v1.4,CA3530111559820200815,5,test
subsetted_512x512_HLS.S30.T11SPV.2021215.v1.4,NV3599911559820210610,5,train
subsetted_512x512_HLS.S30.T11SQA.2020286.v1.4,NV3660711406220200922,5,train
subsetted_512x512_HLS.S30.T11SQC.2020196.v1.4,NV3833511422820200626,5,val
subsetted_512x512_HLS.S30.T11SQC.2020241.v1.4,NV3788911411120200713,5,train
subsetted_512x512_HLS.S30.T11SQD.2020196.v1.4,NV3934011453020200511,5,train
subsetted_512x512_HLS.S30.T11SQS.2019078.v1.4,AZ3282711447820190216,5,train
subsetted_512x512_HLS.S30.T11TKE.2018215.v1.4,NV3986111961620180727,5,val
subsetted_512x512_HLS.S30.T11TKF.2020265.v1.4,NV4083911966720200812,5,train
subsetted_512x512_HLS.S30.T11TKG.2020265.v1.4,OR4209412026920200816,5,test
subsetted_512x512_HLS.S30.T11TLE.2018182.v1.4,NV4040711826020180623,5,val
subsetted_512x512_HLS.S30.T11TLE.2018247.v1.4,NV4048111917220180723,5,train
subsetted_512x512_HLS.S30.T11TLH.2018217.v1.4,OR4241211864020180705,5,train
subsetted_512x512_HLS.S30.T11TLH.2019215.v1.4,OR4316311929120190721,5,train
subsetted_512x512_HLS.S30.T11TLH.2020247.v1.4,OR4302111828620200805,5,test
subsetted_512x512_HLS.S30.T11TLL.2018190.v1.4,WA4597011911020180622,5,train
subsetted_512x512_HLS.S30.T11TLL.2018245.v1.4,OR4531411905220180816,5,test
subsetted_512x512_HLS.S30.T11TLL.2020275.v1.4,OR4538011911420200908,5,train
subsetted_512x512_HLS.S30.T11TLM.2019305.v1.4,WA4656911899620191007,5,val
subsetted_512x512_HLS.S30.T11TLM.2020275.v1.4,WA4663311856920200908,5,train
subsetted_512x512_HLS.S30.T11TLN.2020280.v1.4,WA4770711826020200907,5,train
subsetted_512x512_HLS.S30.T11TMF.2018222.v1.4,NV4076011752020180724,5,train
subsetted_512x512_HLS.S30.T11TMF.2019227.v1.4,NV4064811732520190722,5,val
subsetted_512x512_HLS.S30.T11TMF.2019257.v1.4,NV4076611721820190808,5,train
subsetted_512x512_HLS.S30.T11TMF.2019312.v1.4,NV4125011713520190916,5,val
subsetted_512x512_HLS.S30.T11TMG.2018222.v1.4,OR4240411760120180724,5,train
subsetted_512x512_HLS.S30.T11TMH.2018182.v1.4,OR4261111754220180615,5,train
subsetted_512x512_HLS.S30.T11TMH.2020247.v1.4,OR4275611811920200817,5,test
subsetted_512x512_HLS.S30.T11TMJ.2018217.v1.4,OR4393211800020180714,5,train
subsetted_512x512_HLS.S30.T11TMJ.2020247.v1.4,OR4380511789220200816,5,val
subsetted_512x512_HLS.S30.T11TMK.2018292.v1.4,ID4458311709720180915,5,train
subsetted_512x512_HLS.S30.T11TMM.2020245.v1.4,WA4643911718420200817,5,val
subsetted_512x512_HLS.S30.T11TMM.2021224.v1.4,WA4649011720020210722,5,val
subsetted_512x512_HLS.S30.T11TMN.2018245.v1.4,WA4774811807520180802,5,train
subsetted_512x512_HLS.S30.T11TNE.2018199.v1.4,NV4056511665220180623,5,train
subsetted_512x512_HLS.S30.T11TNE.2019224.v1.4,NV4013411644020190722,5,test
subsetted_512x512_HLS.S30.T11TNF.2018199.v1.4,NV4067711610520180627,5,train
subsetted_512x512_HLS.S30.T11TNF.2018219.v1.4,NV4061211588320180724,5,train
subsetted_512x512_HLS.S30.T11TNF.2018244.v1.4,NV4064611615820180823,5,train
subsetted_512x512_HLS.S30.T11TNF.2018289.v1.4,NV4130311596620180903,5,test
subsetted_512x512_HLS.S30.T11TNF.2019314.v1.4,NV4089711609720191014,5,test
subsetted_512x512_HLS.S30.T11TNG.2018219.v1.4,NV4194911609820180721,5,train
subsetted_512x512_HLS.S30.T11TNG.2018289.v1.4,NV4181211632420180817,5,train
subsetted_512x512_HLS.S30.T11TNH.2018217.v1.4,ID4302611590820180704,5,val
subsetted_512x512_HLS.S30.T11TNH.2020217.v1.4,ID4274811621820200722,5,val
subsetted_512x512_HLS.S30.T11TNJ.2019244.v1.4,ID4345211594520190815,5,train
subsetted_512x512_HLS.S30.T11TNK.2018222.v1.4,ID4467611644820180726,5,val
subsetted_512x512_HLS.S30.T11TPE.2018244.v1.4,NV4006311484620180813,5,train
subsetted_512x512_HLS.S30.T11TPE.2019269.v1.4,NV4031211561920190804,5,train
subsetted_512x512_HLS.S30.T11TPF.2018219.v1.4,NV4127811541520180716,5,val
subsetted_512x512_HLS.S30.T11TPF.2018289.v1.4,NV4067411551020180930,5,val
subsetted_512x512_HLS.S30.T11TPF.2021183.v1.4,NV4099311562120210622,5,train
subsetted_512x512_HLS.S30.T11TPG.2018219.v1.4,NV4160011549220180725,5,train
subsetted_512x512_HLS.S30.T11TPG.2019214.v1.4,ID4229111562520190723,5,train
subsetted_512x512_HLS.S30.T11TPG.2020249.v1.4,ID4229611529420200814,5,test
subsetted_512x512_HLS.S30.T11TPH.2020174.v1.4,ID4284111556820200530,5,test
subsetted_512x512_HLS.S30.T11TPH.2020184.v1.4,ID4298311481320200606,5,test
subsetted_512x512_HLS.S30.T11TPH.2020219.v1.4,ID4295011487620200703,5,train
subsetted_512x512_HLS.S30.T11TPH.2021238.v1.4,ID4253711500720210703,5,train
subsetted_512x512_HLS.S30.T11TPH.2021263.v1.4,ID4261911561220210806,5,test
subsetted_512x512_HLS.S30.T11TPJ.2020249.v1.4,ID4345611483420200806,5,train
subsetted_512x512_HLS.S30.T11TPK.2021268.v1.4,ID4453211532920210810,5,train
subsetted_512x512_HLS.S30.T11TPL.2019244.v1.4,ID4532811445320190804,5,train
subsetted_512x512_HLS.S30.T11TPL.2021223.v1.4,ID4558511544420210705,5,train
subsetted_512x512_HLS.S30.T11TPN.2019214.v1.4,MT4743511435720190723,5,train
subsetted_512x512_HLS.S30.T11TPN.2020217.v1.4,MT4730311448320200727,5,train
subsetted_512x512_HLS.S30.T11TQG.2020186.v1.4,UT4154311335720200603,5,test
subsetted_512x512_HLS.S30.T11TQG.2020216.v1.4,UT4177211363120200720,5,train
subsetted_512x512_HLS.S30.T11TQH.2019221.v1.4,ID4291611449620170710,5,train
subsetted_512x512_HLS.S30.T11TQH.2020216.v1.4,ID4254811347120200723,5,train
subsetted_512x512_HLS.S30.T11TQH.2020251.v1.4,ID4262311348620200808,5,train
subsetted_512x512_HLS.S30.T11TQJ.2018219.v1.4,ID4346711414520180729,5,train
subsetted_512x512_HLS.S30.T11TQK.2020249.v1.4,MT4485811343720200811,5,train
subsetted_512x512_HLS.S30.T11TQL.2021223.v1.4,MT4568311385420210708,5,train
subsetted_512x512_HLS.S30.T11ULP.2018245.v1.4,WA4784011934020180811,5,train
subsetted_512x512_HLS.S30.T11ULP.2019245.v1.4,WA4793911861820190802,5,train
subsetted_512x512_HLS.S30.T11ULP.2020280.v1.4,WA4817811826620200907,5,val
subsetted_512x512_HLS.S30.T11ULP.2021249.v1.4,WA4828511853120210713,5,train
subsetted_512x512_HLS.S30.T11UQP.2018249.v1.4,MT4831111365120180811,5,val
subsetted_512x512_HLS.S30.T12RVV.2018215.v1.4,AZ3146411144720180705,5,test
subsetted_512x512_HLS.S30.T12RWV.2019225.v1.4,AZ3156211037620190714,5,train
subsetted_512x512_HLS.S30.T12RXV.2018217.v1.4,AZ3154810940620180724,5,val
subsetted_512x512_HLS.S30.T12RYV.2018152.v1.4,NM3134910867820180516,5,train
subsetted_512x512_HLS.S30.T12STC.2020218.v1.4,AZ3344911322120200711,5,val
subsetted_512x512_HLS.S30.T12STD.2020248.v1.4,AZ3479711322320200824,5,train
subsetted_512x512_HLS.S30.T12STE.2020246.v1.4,AZ3574111380520200818,5,val
subsetted_512x512_HLS.S30.T12STF.2020156.v1.4,AZ3652211386520200510,5,train
subsetted_512x512_HLS.S30.T12STF.2021190.v1.4,AZ3697611367020210624,5,test
subsetted_512x512_HLS.S30.T12STF.2021215.v1.4,AZ3697411369720210713,5,train
subsetted_512x512_HLS.S30.T12STG.2020291.v1.4,UT3732811369420200927,5,val
subsetted_512x512_HLS.S30.T12STH.2020246.v1.4,UT3869911350520200824,5,train
subsetted_512x512_HLS.S30.T12SUC.2019158.v1.4,AZ3376811242920190530,5,test
subsetted_512x512_HLS.S30.T12SUC.2020318.v1.4,AZ3427511241920201015,5,test
subsetted_512x512_HLS.S30.T12SUD.2018218.v1.4,AZ3477911297320180708,5,train
subsetted_512x512_HLS.S30.T12SUF.2018253.v1.4,AZ3636911230720180726,5,train
subsetted_512x512_HLS.S30.T12SUF.2020223.v1.4,AZ3698311211020200729,5,train
subsetted_512x512_HLS.S30.T12SUH.2018228.v1.4,UT3806611313920180720,5,test
subsetted_512x512_HLS.S30.T12SUH.2019298.v1.4,UT3800311315120190905,5,val
subsetted_512x512_HLS.S30.T12SUH.2020188.v1.4,UT3867511318120200625,5,train
subsetted_512x512_HLS.S30.T12SVA.2020230.v1.4,AZ3195511118320200712,5,train
subsetted_512x512_HLS.S30.T12SVA.2020310.v1.4,AZ3168311135220201006,5,train
subsetted_512x512_HLS.S30.T12SVB.2020155.v1.4,AZ3340211129720200531,5,train
subsetted_512x512_HLS.S30.T12SVC.2019190.v1.4,AZ3340811121020190608,5,test
subsetted_512x512_HLS.S30.T12SVC.2019245.v1.4,AZ3372911159520190804,5,test
subsetted_512x512_HLS.S30.T12SVC.2020155.v1.4,AZ3384711201720200517,5,train
subsetted_512x512_HLS.S30.T12SVC.2020250.v1.4,AZ3395611183620200829,5,train
subsetted_512x512_HLS.S30.T12SVC.2020285.v1.4,AZ3388511181620200925,5,train
subsetted_512x512_HLS.S30.T12SVD.2018168.v1.4,AZ3455711116020180427,5,val
subsetted_512x512_HLS.S30.T12SVD.2019183.v1.4,AZ3440011201020190603,5,train
subsetted_512x512_HLS.S30.T12SVE.2019183.v1.4,AZ3530911140720190516,5,val
subsetted_512x512_HLS.S30.T12SVE.2019228.v1.4,AZ3525811164320190721,5,train
subsetted_512x512_HLS.S30.T12SVF.2018253.v1.4,AZ3636511203320180806,5,test
subsetted_512x512_HLS.S30.T12SWA.2019260.v1.4,AZ3213311040720190822,5,test
subsetted_512x512_HLS.S30.T12SWA.2020230.v1.4,AZ3237811092720200606,5,train
subsetted_512x512_HLS.S30.T12SWB.2020250.v1.4,AZ3336011011920200828,5,test
subsetted_512x512_HLS.S30.T12SWC.2019225.v1.4,AZ3423611014020190726,5,train
subsetted_512x512_HLS.S30.T12SWC.2020190.v1.4,AZ3343511035820200606,5,test
subsetted_512x512_HLS.S30.T12SWC.2020250.v1.4,AZ3354411042020200801,5,val
subsetted_512x512_HLS.S30.T12SWD.2018220.v1.4,AZ3461611082220180724,5,train
subsetted_512x512_HLS.S30.T12SWJ.2018238.v1.4,UT3930510987820180721,5,train
subsetted_512x512_HLS.S30.T12SXA.2018157.v1.4,AZ3198010937020180512,5,train
subsetted_512x512_HLS.S30.T12SXB.2018217.v1.4,AZ3321510968220180730,5,train
subsetted_512x512_HLS.S30.T12SXJ.2020200.v1.4,CO3905010893820200605,5,test
subsetted_512x512_HLS.S30.T12SYG.2018225.v1.4,CO3765810847420180722,5,train
subsetted_512x512_HLS.S30.T12SYG.2020220.v1.4,CO3727110823720200614,5,val
subsetted_512x512_HLS.S30.T12TTM.2020306.v1.4,ID4209111416920200912,5,train
subsetted_512x512_HLS.S30.T12TUK.2020286.v1.4,UT4009411287320200914,5,test
subsetted_512x512_HLS.S30.T12TUM.2018196.v1.4,UT4192311225720180627,5,train
subsetted_512x512_HLS.S30.T12TUM.2018246.v1.4,UT4185411239220180803,5,train
subsetted_512x512_HLS.S30.T12TUM.2020191.v1.4,UT4180611268420200603,5,train
subsetted_512x512_HLS.S30.T12TUN.2018186.v1.4,ID4268911299220180609,5,train
subsetted_512x512_HLS.S30.T12TUN.2018216.v1.4,ID4247711313220180717,5,train
subsetted_512x512_HLS.S30.T12TUN.2018246.v1.4,ID4298011230820180816,5,train
subsetted_512x512_HLS.S30.T12TUN.2020216.v1.4,ID4284311240020200719,5,train
subsetted_512x512_HLS.S30.T12TUN.2021150.v1.4,ID4328311224320210421,5,train
subsetted_512x512_HLS.S30.T12TUN.2021205.v1.4,ID4268511284420210614,5,val
subsetted_512x512_HLS.S30.T12TUP.2020241.v1.4,ID4369611305520200702,5,train
subsetted_512x512_HLS.S30.T12TVK.2020188.v1.4,UT4020111189120200628,5,val
subsetted_512x512_HLS.S30.T12TVK.2020228.v1.4,UT3979911153620200731,5,train
subsetted_512x512_HLS.S30.T12TVN.2018246.v1.4,ID4292911199020180813,5,train
subsetted_512x512_HLS.S30.T12TVP.2018221.v1.4,ID4409311186520180726,5,train
subsetted_512x512_HLS.S30.T12TVR.2018246.v1.4,MT4515311193120180811,5,test
subsetted_512x512_HLS.S30.T12TVR.2020256.v1.4,MT4555711165420200823,5,train
subsetted_512x512_HLS.S30.T12TVS.2019216.v1.4,MT4675311196320190726,5,val
subsetted_512x512_HLS.S30.T12TVS.2020191.v1.4,MT4649511207120200613,5,train
subsetted_512x512_HLS.S30.T12TVS.2020256.v1.4,MT4609911223320200829,5,train
subsetted_512x512_HLS.S30.T12TWK.2020268.v1.4,UT4060611070920200821,5,train
subsetted_512x512_HLS.S30.T12TWQ.2020283.v1.4,WY4438911082120200822,5,train
subsetted_512x512_HLS.S30.T12TWT.2020276.v1.4,MT4712810977820200902,5,val
subsetted_512x512_HLS.S30.T12TXL.2018220.v1.4,WY4121410901620180728,5,test
subsetted_512x512_HLS.S30.T12TXL.2020250.v1.4,WY4100410927220200803,5,train
subsetted_512x512_HLS.S30.T12TXM.2018220.v1.4,WY4152710878820180728,5,train
subsetted_512x512_HLS.S30.T12TXQ.2018248.v1.4,WY4446210893620180812,5,train
subsetted_512x512_HLS.S30.T12TXR.2020283.v1.4,MT4569810891520200802,5,val
subsetted_512x512_HLS.S30.T12TXS.2020278.v1.4,MT4630410839320200902,5,train
subsetted_512x512_HLS.S30.T12TXT.2018248.v1.4,MT4715410847520180825,5,train
subsetted_512x512_HLS.S30.T12TYK.2018220.v1.4,CO4019210820120180720,5,train
subsetted_512x512_HLS.S30.T12TYL.2018290.v1.4,CO4065310857420180913,5,val
subsetted_512x512_HLS.S30.T12TYP.2018220.v1.4,WY4377310790720180728,5,train
subsetted_512x512_HLS.S30.T12TYP.2018245.v1.4,WY4381010781320180813,5,val
subsetted_512x512_HLS.S30.T12TYP.2020215.v1.4,WY4385610791920200714,5,train
subsetted_512x512_HLS.S30.T12TYQ.2018185.v1.4,WY4421310768820180614,5,test
subsetted_512x512_HLS.S30.T12TYS.2020248.v1.4,MT4637510768820200827,5,train
subsetted_512x512_HLS.S30.T12TYS.2020278.v1.4,MT4674110768520200902,5,train
subsetted_512x512_HLS.S30.T12TYT.2018213.v1.4,MT4758010779320180720,5,train
subsetted_512x512_HLS.S30.T12TYT.2019248.v1.4,MT4747210794120190812,5,train
subsetted_512x512_HLS.S30.T13REP.2018141.v1.4,TX3054610425020180430,5,test
subsetted_512x512_HLS.S30.T13REP.2019241.v1.4,TX3009510451420190718,5,train
subsetted_512x512_HLS.S30.T13SBS.2020217.v1.4,NM3250010718420200606,5,train
subsetted_512x512_HLS.S30.T13SBT.2019237.v1.4,NM3361010740620190713,5,train
subsetted_512x512_HLS.S30.T13SCR.2018214.v1.4,NM3242610655220180624,5,val
subsetted_512x512_HLS.S30.T13SDS.2018214.v1.4,NM3250810502620180615,5,train
subsetted_512x512_HLS.S30.T13SDT.2018134.v1.4,NM3358510552620180412,5,train
subsetted_512x512_HLS.S30.T13SDT.2019184.v1.4,NM3380810573920190526,5,train
subsetted_512x512_HLS.S30.T13SDT.2020249.v1.4,NM3366710562920200804,5,train
subsetted_512x512_HLS.S30.T13SDU.2018219.v1.4,NM3470710514020180721,5,val
subsetted_512x512_HLS.S30.T13SDV.2020269.v1.4,NM3583110586320200818,5,test
subsetted_512x512_HLS.S30.T13SEA.2018144.v1.4,NM3623610471320180404,5,train
subsetted_512x512_HLS.S30.T13SEA.2020214.v1.4,NM3613910422420200606,5,train
subsetted_512x512_HLS.S30.T13SEB.2018189.v1.4,NM3698710394020180607,5,val
subsetted_512x512_HLS.S30.T13SEC.2018164.v1.4,CO3846910432320180527,5,train
subsetted_512x512_HLS.S30.T13SER.2018156.v1.4,NM3221210467920180522,5,train
subsetted_512x512_HLS.S30.T13SEV.2020154.v1.4,NM3592510438120200501,5,train
subsetted_512x512_HLS.S30.T13SFA.2018134.v1.4,NM3692110306120180308,5,train
subsetted_512x512_HLS.S30.T13SFA.2018184.v1.4,NM3690210301720180609,5,train
subsetted_512x512_HLS.S30.T13SFA.2019244.v1.4,NM3655410312720190805,5,train
subsetted_512x512_HLS.S30.T13SFA.2020154.v1.4,NM3694510319920200523,5,train
subsetted_512x512_HLS.S30.T13SFB.2020189.v1.4,CO3702010334020200607,5,train
subsetted_512x512_HLS.S30.T13SFC.2019154.v1.4,CO3806310318920190404,5,train
subsetted_512x512_HLS.S30.T13SFC.2020124.v1.4,CO3805510340720200411,5,train
subsetted_512x512_HLS.S30.T13SFC.2020184.v1.4,CO3844710247720200615,5,train
subsetted_512x512_HLS.S30.T13SFR.2020216.v1.4,NM3212110384520200729,5,test
subsetted_512x512_HLS.S30.T13SFR.2020251.v1.4,TX3166310307120200827,5,test
subsetted_512x512_HLS.S30.T13SFS.2018136.v1.4,NM3316110373620180331,5,val
subsetted_512x512_HLS.S30.T13SFT.2018136.v1.4,NM3349810333820180412,5,train
subsetted_512x512_HLS.S30.T13SGB.2018136.v1.4,CO3773310232920180304,5,train
subsetted_512x512_HLS.S30.T13SGB.2019076.v1.4,CO3699510252520190213,5,train
subsetted_512x512_HLS.S30.T13TBE.2018220.v1.4,CO3991610764020180729,5,train
subsetted_512x512_HLS.S30.T13TCG.2020247.v1.4,WY4217810703820200807,5,test
subsetted_512x512_HLS.S30.T13TCG.2020277.v1.4,WY4183110664420200905,5,test
subsetted_512x512_HLS.S30.T13TCJ.2020200.v1.4,WY4389210640120200614,5,train
subsetted_512x512_HLS.S30.T13TCJ.2020230.v1.4,WY4391910664520200716,5,test
subsetted_512x512_HLS.S30.T13TCK.2020215.v1.4,WY4446910642920200723,5,test
subsetted_512x512_HLS.S30.T13TCK.2020245.v1.4,WY4498410652920200817,5,train
subsetted_512x512_HLS.S30.T13TCL.2020245.v1.4,MT4589610704320200803,5,train
subsetted_512x512_HLS.S30.T13TCL.2020280.v1.4,MT4599210727920200923,5,train
subsetted_512x512_HLS.S30.T13TCM.2020215.v1.4,MT4635510649020200715,5,val
subsetted_512x512_HLS.S30.T13TCM.2020250.v1.4,MT4675110703320200807,5,train
subsetted_512x512_HLS.S30.T13TCN.2020278.v1.4,MT4738010691520200902,5,test
subsetted_512x512_HLS.S30.T13TDE.2020247.v1.4,CO3985110606520200814,5,train
subsetted_512x512_HLS.S30.T13TDF.2018222.v1.4,WY4102310619920180610,5,train
subsetted_512x512_HLS.S30.T13TDK.2020280.v1.4,WY4466210575120200903,5,test
subsetted_512x512_HLS.S30.T13TDL.2020307.v1.4,MT4541710565520201006,5,val
subsetted_512x512_HLS.S30.T13TDM.2020250.v1.4,MT4620510572420200806,5,train
subsetted_512x512_HLS.S30.T13TEF.2019109.v1.4,CO4069910400320190319,5,val
subsetted_512x512_HLS.S30.T13TEG.2019157.v1.4,NE4230710373320190405,5,train
subsetted_512x512_HLS.S30.T13TEL.2020307.v1.4,MT4571210446620201012,5,train
subsetted_512x512_HLS.S30.T13TEN.2018245.v1.4,MT4736310474020180809,5,train
subsetted_512x512_HLS.S30.T13TFH.2020204.v1.4,SD4311610262120200616,5,train
subsetted_512x512_HLS.S30.T13TFJ.2020264.v1.4,SD4327410271120200806,5,val
subsetted_512x512_HLS.S30.T13TGH.2020304.v1.4,NE4280510153220200928,5,test
subsetted_512x512_HLS.S30.T13UCP.2020248.v1.4,MT4783310693320200821,5,train
subsetted_512x512_HLS.S30.T13UDP.2018290.v1.4,MT4835010534020180831,5,train
subsetted_512x512_HLS.S30.T13UDP.2020255.v1.4,MT4818110588720200824,5,train
subsetted_512x512_HLS.S30.T14RKU.2020158.v1.4,TX3029010150020200419,5,train
subsetted_512x512_HLS.S30.T14RKV.2018143.v1.4,TX3097610133020180413,5,train
subsetted_512x512_HLS.S30.T14RKV.2018193.v1.4,TX3086610127820180604,5,train
subsetted_512x512_HLS.S30.T14RKV.2020268.v1.4,TX3086010191020200831,5,train
subsetted_512x512_HLS.S30.T14RLT.2020273.v1.4,TX2932610087120200827,5,val
subsetted_512x512_HLS.S30.T14RLU.2019293.v1.4,TX3064710027020190914,5,train
subsetted_512x512_HLS.S30.T14RLU.2020193.v1.4,TX3065310092220200611,5,train
subsetted_512x512_HLS.S30.T14RLU.2020278.v1.4,TX3034010088120200816,5,test
subsetted_512x512_HLS.S30.T14RLV.2018043.v1.4,TX3095610045720180124,5,val
subsetted_512x512_HLS.S30.T14RMV.2020220.v1.4,TX3149009984920200712,5,train
subsetted_512x512_HLS.S30.T14RNU.2018215.v1.4,TX3065009856720180718,5,train
subsetted_512x512_HLS.S30.T14RNV.2020220.v1.4,TX3146709888420200712,5,train
subsetted_512x512_HLS.S30.T14RPQ.2018107.v1.4,TX2708809759120180311,5,train
subsetted_512x512_HLS.S30.T14SKA.2020223.v1.4,TX3159210116820200704,5,train
subsetted_512x512_HLS.S30.T14SKE.2019111.v1.4,TX3575010162220190313,5,train
subsetted_512x512_HLS.S30.T14SKE.2020216.v1.4,TX3570310164720200711,5,train
subsetted_512x512_HLS.S30.T14SKE.2020281.v1.4,TX3540410187920200820,5,train
subsetted_512x512_HLS.S30.T14SLA.2020193.v1.4,TX3206310086420200619,5,train
subsetted_512x512_HLS.S30.T14SLA.2020223.v1.4,TX3231910015220200713,5,train
subsetted_512x512_HLS.S30.T14SLC.2018038.v1.4,TX3401610055920180125,5,test
subsetted_512x512_HLS.S30.T14SLD.2018138.v1.4,TX3506710118520180402,5,test
subsetted_512x512_HLS.S30.T14SLD.2018218.v1.4,TX3455510115820180717,5,val
subsetted_512x512_HLS.S30.T14SLD.2020218.v1.4,TX3447710074220200711,5,train
subsetted_512x512_HLS.S30.T14SLE.2018098.v1.4,TX3546110085220180323,5,train
subsetted_512x512_HLS.S30.T14SLE.2018138.v1.4,TX3522410013020180413,5,train
subsetted_512x512_HLS.S30.T14SLE.2019098.v1.4,TX3573210066420190313,5,train
subsetted_512x512_HLS.S30.T14SLE.2019248.v1.4,TX3582410101520190807,5,train
subsetted_512x512_HLS.S30.T14SLE.2020323.v1.4,TX3568810093120201011,5,test
subsetted_512x512_HLS.S30.T14SLF.2020108.v1.4,OK3661710061020200307,5,train
subsetted_512x512_HLS.S30.T14SMB.2018073.v1.4,TX3272009947720180226,5,val
subsetted_512x512_HLS.S30.T14SMB.2018138.v1.4,TX3267009971820180413,5,train
subsetted_512x512_HLS.S30.T14SMB.2020268.v1.4,TX3268709915020200830,5,val
subsetted_512x512_HLS.S30.T14SMC.2019258.v1.4,TX3402609987020190820,5,test
subsetted_512x512_HLS.S30.T14SMD.2018138.v1.4,TX3482010022020180413,5,train
subsetted_512x512_HLS.S30.T14SME.2018138.v1.4,OK3566409983720180413,5,train
subsetted_512x512_HLS.S30.T14SMF.2018098.v1.4,OK3680809902720180218,5,train
subsetted_512x512_HLS.S30.T14SNB.2018215.v1.4,TX3300809836120180710,5,train
subsetted_512x512_HLS.S30.T14SND.2018215.v1.4,OK3475809868420180702,5,train
subsetted_512x512_HLS.S30.T14SNF.2018095.v1.4,OK3648509869620180306,5,train
subsetted_512x512_HLS.S30.T14SNF.2020183.v1.4,OK3632609837220200610,5,train
subsetted_512x512_HLS.S30.T14SNG.2020183.v1.4,OK3698609831720200617,5,train
subsetted_512x512_HLS.S30.T14SPB.2018035.v1.4,TX3272509755820180122,5,val
subsetted_512x512_HLS.S30.T14SQE.2020065.v1.4,OK3525609595520200222,5,train
subsetted_512x512_HLS.S30.T14SQF.2018075.v1.4,OK3642109646420180203,5,train
subsetted_512x512_HLS.S30.T14SQF.2018100.v1.4,OK3650509633420180324,5,train
subsetted_512x512_HLS.S30.T14SQJ.2020340.v1.4,KS3919209595820201118,5,train
subsetted_512x512_HLS.S30.T14TQT.2021112.v1.4,MN4771209630220210329,5,train
subsetted_512x512_HLS.S30.T14UPU.2021112.v1.4,MN4866009654320210321,5,test
subsetted_512x512_HLS.S30.T14UPV.2018136.v1.4,MN4884009637020180429,5,test
subsetted_512x512_HLS.S30.T14UQU.2021112.v1.4,MN4796109539420210307,5,train
subsetted_512x512_HLS.S30.T15RVP.2021063.v1.4,LA2991209334620210223,5,train
subsetted_512x512_HLS.S30.T15STU.2018237.v1.4,OK3434009530020180724,5,train
subsetted_512x512_HLS.S30.T15STV.2018102.v1.4,OK3535809587220180315,5,train
subsetted_512x512_HLS.S30.T15SUU.2018062.v1.4,AR3497109415320180202,5,train
subsetted_512x512_HLS.S30.T15SVA.2019092.v1.4,MO3686909295920190323,5,test
subsetted_512x512_HLS.S30.T15SXA.2018154.v1.4,MO3691709150920180412,5,test
subsetted_512x512_HLS.S30.T16RBU.2020123.v1.4,MS3041208915720200426,5,val
subsetted_512x512_HLS.S30.T16SGA.2018107.v1.4,GA3239508464820180322,5,train
subsetted_512x512_HLS.S30.T17RMJ.2018064.v1.4,FL2616308144920180212,5,test
subsetted_512x512_HLS.S30.T17RML.2018064.v1.4,FL2751908119020180204,5,train
subsetted_512x512_HLS.S30.T17RNK.2019081.v1.4,FL2634008064020190119,5,train
subsetted_512x512_HLS.S30.T17RNK.2020126.v1.4,FL2623908094820200410,5,val
subsetted_512x512_HLS.S30.T17SLB.2019287.v1.4,KY3760808261720190917,5,train
subsetted_512x512_HLS.S30.T17SNS.2021128.v1.4,SC3269708070820210406,5,train
subsetted_512x512_HLS.S30.T18TWK.2018121.v1.4,NJ3974007449020180422,5,train
subsetted_512x512_HLS.S30.T18TWK.2019093.v1.4,NJ3977007445020190330,5,val
subsetted_512x512_HLS.S30.T18TXQ.2018266.v1.4,NY4487007364020180712,5,val
subsetted_512x512_HLS.S30.T10SEH.2018190.v1.4,CA3881012220020180630,5,train
subsetted_512x512_HLS.S30.T10SFE.2021166.v1.4,CA3595912083320210530,5,train
subsetted_512x512_HLS.S30.T10SFF.2020215.v1.4,CA3667512102020200715,5,test
subsetted_512x512_HLS.S30.T10SFG.2020185.v1.4,CA3706812121320200628,5,train
subsetted_512x512_HLS.S30.T10SFG.2020215.v1.4,CA3702412151420200705,5,train
subsetted_512x512_HLS.S30.T10SGD.2018257.v1.4,CA3511712010020180819,5,train
subsetted_512x512_HLS.S30.T10SGF.2020217.v1.4,CA3609512052220200713,5,train
subsetted_512x512_HLS.S30.T10SGG.2018187.v1.4,CA3735012030020180615,5,train
subsetted_512x512_HLS.S30.T10SGG.2020247.v1.4,CA3780512029420200820,5,val
subsetted_512x512_HLS.S30.T10TFL.2018215.v1.4,CA4063012088020180727,5,train
subsetted_512x512_HLS.S30.T10TFM.2019215.v1.4,CA4172612124320190728,5,train
subsetted_512x512_HLS.S30.T10TFM.2020215.v1.4,CA4173712105820200723,5,test
subsetted_512x512_HLS.S30.T10TFQ.2018183.v1.4,OR4453912142620180621,5,train
subsetted_512x512_HLS.S30.T10TFR.2018188.v1.4,OR4527212061320180622,5,train
subsetted_512x512_HLS.S30.T10TFR.2020173.v1.4,OR4556212040420200429,5,test
subsetted_512x512_HLS.S30.T10TGK.2019245.v1.4,CA3988012002520190824,5,train
subsetted_512x512_HLS.S30.T10TGK.2020285.v1.4,CA3968112017120200814,5,train
subsetted_512x512_HLS.S30.T10TGL.2018215.v1.4,CA4129012012020180713,5,test
subsetted_512x512_HLS.S30.T10TGL.2020265.v1.4,CA4102912028120200818,5,test
subsetted_512x512_HLS.S30.T10TGM.2020215.v1.4,NV4180711966720200727,5,val
subsetted_512x512_HLS.S30.T10TGR.2018215.v1.4,OR4576612011120180727,5,test
subsetted_512x512_HLS.S30.T10TGR.2019215.v1.4,OR4572112013020190713,5,val
subsetted_512x512_HLS.S30.T10TGR.2019245.v1.4,OR4504511946220190805,5,test
subsetted_512x512_HLS.S30.T10TGS.2018245.v1.4,WA4673711934020180802,5,train
subsetted_512x512_HLS.S30.T10TGS.2020215.v1.4,WA4676511950920200706,5,test
subsetted_512x512_HLS.S30.T10TGT.2018188.v1.4,WA4696612008020180620,5,train
subsetted_512x512_HLS.S30.T10TGT.2018285.v1.4,WA4742412023220180901,5,train
subsetted_512x512_HLS.S30.T10TGT.2020218.v1.4,WA4729212017020200724,5,train
subsetted_512x512_HLS.S30.T10UGV.2020218.v1.4,WA4866711925320200728,5,train
subsetted_512x512_HLS.S30.T11SLB.2018197.v1.4,CA3756511912720180611,5,train
subsetted_512x512_HLS.S30.T11SLT.2019309.v1.4,CA3428211880320191030,5,test
subsetted_512x512_HLS.S30.T11SLU.2018274.v1.4,CA3449011860020180922,5,train
subsetted_512x512_HLS.S30.T11SLU.2021188.v1.4,CA3494811892720210627,5,train
subsetted_512x512_HLS.S30.T11SLV.2018249.v1.4,CA3540011877020180803,5,train
subsetted_512x512_HLS.S30.T11SLV.2020222.v1.4,CA3531811870820200701,5,train
subsetted_512x512_HLS.S30.T11SLV.2021186.v1.4,CA3602211875920210618,5,train
subsetted_512x512_HLS.S30.T11SLV.2021216.v1.4,CA3540811843620210720,5,train
subsetted_512x512_HLS.S30.T11SLV.2021331.v1.4,CA3604711863120210910,5,train
subsetted_512x512_HLS.S30.T11SMS.2018259.v1.4,CA3338011743020180706,5,train
subsetted_512x512_HLS.S30.T11SMT.2019309.v1.4,CA3399211705920191010,5,train
subsetted_512x512_HLS.S30.T11SMT.2021248.v1.4,CA3350411735320210828,5,train
subsetted_512x512_HLS.S30.T11SMU.2020299.v1.4,CA3424811795920200906,5,train
subsetted_512x512_HLS.S30.T11SMV.2020234.v1.4,CA3606611745820200728,5,train
subsetted_512x512_HLS.S30.T11SNT.2020221.v1.4,CA3399211696420200731,5,test
subsetted_512x512_HLS.S30.T11SPB.2019281.v1.4,NV3721011487220190823,5,test
subsetted_512x512_HLS.S30.T11SPB.2020241.v1.4,NV3731011483320200719,5,train
subsetted_512x512_HLS.S30.T11SPD.2020184.v1.4,NV3883311498820200624,5,train
subsetted_512x512_HLS.S30.T11SQA.2019226.v1.4,NV3616411427620190725,5,train
subsetted_512x512_HLS.S30.T11SQB.2020241.v1.4,NV3716311461020200708,5,train
subsetted_512x512_HLS.S30.T11TLE.2019257.v1.4,NV3974911820520190813,5,train
subsetted_512x512_HLS.S30.T11TLG.2018247.v1.4,NV4186711864020180724,5,test
subsetted_512x512_HLS.S30.T11TLH.2018152.v1.4,OR4327211882920180427,5,val
subsetted_512x512_HLS.S30.T11TLL.2018215.v1.4,OR4597411899820180729,5,train
subsetted_512x512_HLS.S30.T11TLM.2018245.v1.4,WA4646011897220180817,5,train
subsetted_512x512_HLS.S30.T11TLM.2019245.v1.4,WA4662511872120190802,5,train
subsetted_512x512_HLS.S30.T11TME.2019222.v1.4,NV4057511751220190723,5,train
subsetted_512x512_HLS.S30.T11TMF.2020217.v1.4,NV4124711727320200723,5,train
subsetted_512x512_HLS.S30.T11TMG.2019217.v1.4,NV4164111779920190723,5,test
subsetted_512x512_HLS.S30.T11TMH.2019227.v1.4,OR4245011723920190723,5,train
subsetted_512x512_HLS.S30.T11TMK.2018217.v1.4,ID4447411719020180725,5,test
subsetted_512x512_HLS.S30.T11TMK.2020247.v1.4,OR4441811785820200817,5,train
subsetted_512x512_HLS.S30.T11TNF.2019224.v1.4,NV4116511680820190722,5,train
subsetted_512x512_HLS.S30.T11TNJ.2018217.v1.4,ID4401511615420180725,5,train
subsetted_512x512_HLS.S30.T11TNJ.2019217.v1.4,ID4414411669220190714,5,train
subsetted_512x512_HLS.S30.T11TPE.2020219.v1.4,NV4061811574920200719,5,train
subsetted_512x512_HLS.S30.T11TPH.2018219.v1.4,ID4304311477420180717,5,test
subsetted_512x512_HLS.S30.T11TPH.2018244.v1.4,ID4275711555220180822,5,val
subsetted_512x512_HLS.S30.T11TPH.2019244.v1.4,ID4286811517820190809,5,val
subsetted_512x512_HLS.S30.T11TPH.2020249.v1.4,ID4292211511120200819,5,val
subsetted_512x512_HLS.S30.T11TPM.2021223.v1.4,ID4645911452820210707,5,test
subsetted_512x512_HLS.S30.T11TQG.2018221.v1.4,ID4218811351720180726,5,train
subsetted_512x512_HLS.S30.T11TQG.2018291.v1.4,ID4223511346220180922,5,test
subsetted_512x512_HLS.S30.T11TQG.2020306.v1.4,ID4235511352920201010,5,test
subsetted_512x512_HLS.S30.T11TQH.2018219.v1.4,ID4316911383020180716,5,val
subsetted_512x512_HLS.S30.T11TQH.2019244.v1.4,ID4319611377420190801,5,test
subsetted_512x512_HLS.S30.T11ULP.2020215.v1.4,WA4813711903820200723,5,train
subsetted_512x512_HLS.S30.T12RVV.2020320.v1.4,AZ3160611150220201027,5,train
subsetted_512x512_HLS.S30.T12RXV.2018182.v1.4,AZ3153510989320180607,5,train
subsetted_512x512_HLS.S30.T12RXV.2019062.v1.4,NM3145210885920190207,5,train
subsetted_512x512_HLS.S30.T12STD.2018168.v1.4,AZ3495111328920180515,5,train
subsetted_512x512_HLS.S30.T12STF.2018231.v1.4,AZ3689811361420180708,5,test
subsetted_512x512_HLS.S30.T12STG.2018186.v1.4,UT3739711342320180627,5,test
subsetted_512x512_HLS.S30.T12STG.2020241.v1.4,UT3715711356620200714,5,train
subsetted_512x512_HLS.S30.T12STJ.2020241.v1.4,UT3932711339120200719,5,train
subsetted_512x512_HLS.S30.T12SUC.2019223.v1.4,AZ3424311248720190714,5,test
subsetted_512x512_HLS.S30.T12SUC.2020153.v1.4,AZ3415011213920200531,5,val
subsetted_512x512_HLS.S30.T12SUC.2020248.v1.4,AZ3417411217520200807,5,train
subsetted_512x512_HLS.S30.T12SUD.2018168.v1.4,AZ3468811236620180511,5,train
subsetted_512x512_HLS.S30.T12SUE.2020218.v1.4,AZ3563211274720200705,5,test
subsetted_512x512_HLS.S30.T12SUF.2020183.v1.4,AZ3662811235020200608,5,train
subsetted_512x512_HLS.S30.T12SUH.2020268.v1.4,UT3821211280820200822,5,test
subsetted_512x512_HLS.S30.T12SUJ.2019298.v1.4,UT3887311238420190908,5,train
subsetted_512x512_HLS.S30.T12SUJ.2019308.v1.4,UT3952611225620191026,5,val
subsetted_512x512_HLS.S30.T12SUJ.2020186.v1.4,UT3942511234720200626,5,train
subsetted_512x512_HLS.S30.T12SVB.2020185.v1.4,AZ3304411105620200630,5,val
subsetted_512x512_HLS.S30.T12SVB.2020310.v1.4,AZ3324911096720201021,5,test
subsetted_512x512_HLS.S30.T12SVC.2018215.v1.4,AZ3394811199720180727,5,val
subsetted_512x512_HLS.S30.T12SVC.2019280.v1.4,AZ3395311201220190903,5,test
subsetted_512x512_HLS.S30.T12SWA.2018225.v1.4,AZ3228010995520180726,5,val
subsetted_512x512_HLS.S30.T12SXA.2020187.v1.4,AZ3209510937320200606,5,val
subsetted_512x512_HLS.S30.T12SXA.2020247.v1.4,AZ3238810909020200813,5,train
subsetted_512x512_HLS.S30.T12SXG.2019235.v1.4,UT3783510979920190726,5,train
subsetted_512x512_HLS.S30.T12TTM.2018219.v1.4,NV4180711406520180726,5,test
subsetted_512x512_HLS.S30.T12TTM.2019244.v1.4,NV4193711416620190804,5,train
subsetted_512x512_HLS.S30.T12TUK.2018231.v1.4,UT4050711296920180727,5,val
subsetted_512x512_HLS.S30.T12TUM.2019231.v1.4,UT4177911224220190715,5,train
subsetted_512x512_HLS.S30.T12TUN.2019276.v1.4,ID4299311311120190906,5,train
subsetted_512x512_HLS.S30.T12TUN.2021215.v1.4,ID4254611249720210721,5,train
subsetted_512x512_HLS.S30.T12TUP.2019226.v1.4,ID4371511252320190722,5,train
subsetted_512x512_HLS.S30.T12TVK.2020308.v1.4,UT4032611166920201017,5,val
subsetted_512x512_HLS.S30.T12TVM.2018246.v1.4,UT4194311112320180816,5,test
subsetted_512x512_HLS.S30.T12TVN.2018291.v1.4,ID4257811155220180922,5,val
subsetted_512x512_HLS.S30.T12TVR.2020281.v1.4,MT4577311182220200929,5,train
subsetted_512x512_HLS.S30.T12TWR.2020283.v1.4,MT4572011097420200904,5,train
subsetted_512x512_HLS.S30.T12TXK.2018215.v1.4,CO3968910875820180729,5,train
subsetted_512x512_HLS.S30.T12TXT.2018293.v1.4,MT4762510936620180903,5,test
subsetted_512x512_HLS.S30.T12TXT.2020248.v1.4,MT4758110954820200807,5,test
subsetted_512x512_HLS.S30.T12TYK.2020215.v1.4,CO3976210841920200713,5,train
subsetted_512x512_HLS.S30.T12UXU.2021250.v1.4,MT4801910865120210816,5,val
subsetted_512x512_HLS.S30.T13REQ.2018156.v1.4,TX3076510415220180516,5,val
subsetted_512x512_HLS.S30.T13RGP.2020118.v1.4,TX3022610256120200301,5,test
subsetted_512x512_HLS.S30.T13SBT.2019202.v1.4,NM3349910789720190605,5,test
subsetted_512x512_HLS.S30.T13SBV.2019247.v1.4,NM3534510752720190804,5,test
subsetted_512x512_HLS.S30.T13SCA.2019227.v1.4,NM3644910620720190713,5,train
subsetted_512x512_HLS.S30.T13SDA.2018199.v1.4,NM3636510508520180629,5,test
subsetted_512x512_HLS.S30.T13SDU.2018254.v1.4,NM3436210506320180807,5,train
subsetted_512x512_HLS.S30.T13SEB.2020249.v1.4,CO3701810400020200822,5,val
subsetted_512x512_HLS.S30.T13SFA.2018159.v1.4,OK3694010296020180524,5,train
subsetted_512x512_HLS.S30.T13SFB.2019219.v1.4,CO3711310286620190718,5,train
subsetted_512x512_HLS.S30.T13SFB.2020164.v1.4,CO3735610351820200518,5,train
subsetted_512x512_HLS.S30.T13SFS.2018196.v1.4,NM3317010361120180518,5,test
subsetted_512x512_HLS.S30.T13SFT.2019171.v1.4,NM3418210345020190410,5,val
subsetted_512x512_HLS.S30.T13TBF.2018190.v1.4,CO4078210783620180629,5,test
subsetted_512x512_HLS.S30.T13TCH.2020280.v1.4,WY4301310696720200814,5,train
subsetted_512x512_HLS.S30.T13TDH.2018292.v1.4,WY4326210530420180917,5,test
subsetted_512x512_HLS.S30.T13TDK.2020217.v1.4,MT4504710573520200722,5,train
subsetted_512x512_HLS.S30.T13TDL.2020187.v1.4,MT4529310571720200614,5,train
subsetted_512x512_HLS.S30.T13TDL.2020245.v1.4,MT4564010610720200825,5,train
subsetted_512x512_HLS.S30.T13TDL.2020280.v1.4,MT4590510631720200902,5,train
subsetted_512x512_HLS.S30.T13TEE.2020214.v1.4,CO4014010460020200719,5,train
subsetted_512x512_HLS.S30.T13TEE.2020249.v1.4,CO3991410379420200820,5,train
subsetted_512x512_HLS.S30.T13TFG.2020274.v1.4,NE4165010345220200827,5,train
subsetted_512x512_HLS.S30.T13TGE.2018136.v1.4,CO4037010225020180404,5,test
subsetted_512x512_HLS.S30.T13TGJ.2020309.v1.4,SD4334810247820200914,5,train
subsetted_512x512_HLS.S30.T14RKV.2018213.v1.4,TX3096410129920180702,5,train
subsetted_512x512_HLS.S30.T14RKV.2020278.v1.4,TX3111910137620200901,5,train
subsetted_512x512_HLS.S30.T14RLV.2019223.v1.4,TX3095710045720190723,5,val
subsetted_512x512_HLS.S30.T14RLV.2019348.v1.4,TX3068710057220191007,5,train
subsetted_512x512_HLS.S30.T14RMV.2020280.v1.4,TX3112609904920200802,5,train
subsetted_512x512_HLS.S30.T14RNQ.2021051.v1.4,TX2691709832320210126,5,train
subsetted_512x512_HLS.S30.T14RNV.2018215.v1.4,TX3157209838720180723,5,train
subsetted_512x512_HLS.S30.T14RPS.2019257.v1.4,TX2846709731320190825,5,train
subsetted_512x512_HLS.S30.T14SKA.2019278.v1.4,TX3217410111820190907,5,val
subsetted_512x512_HLS.S30.T14SKB.2019268.v1.4,TX3332410108120190809,5,val
subsetted_512x512_HLS.S30.T14SKD.2018156.v1.4,TX3481010130620180508,5,train
subsetted_512x512_HLS.S30.T14SKE.2018156.v1.4,TX3565810161920180413,5,train
subsetted_512x512_HLS.S30.T14SKF.2019246.v1.4,OK3671910126720190819,5,train
subsetted_512x512_HLS.S30.T14SLC.2019258.v1.4,TX3362710093720190817,5,val
subsetted_512x512_HLS.S30.T14SLD.2018163.v1.4,TX3464410105120180510,5,train
subsetted_512x512_HLS.S30.T14SMA.2020185.v1.4,TX3185709976920200614,5,train
subsetted_512x512_HLS.S30.T14SMB.2019228.v1.4,TX3312809957020190729,5,train
subsetted_512x512_HLS.S30.T14SMC.2018213.v1.4,TX3378209927320180716,5,train
subsetted_512x512_HLS.S30.T14SNA.2018215.v1.4,TX3165409878420180723,5,test
subsetted_512x512_HLS.S30.T14SNG.2020118.v1.4,KS3702809890220200325,5,test
subsetted_512x512_HLS.S30.T14SPD.2018100.v1.4,OK3434009756220180322,5,test
subsetted_512x512_HLS.S30.T14SPF.2019345.v1.4,OK3669509679920191116,5,test
subsetted_512x512_HLS.S30.T14SPJ.2019345.v1.4,KS3921209676120191113,5,train
subsetted_512x512_HLS.S30.T14SQE.2018075.v1.4,OK3529509619120180124,5,val
subsetted_512x512_HLS.S30.T14SQE.2018100.v1.4,OK3557109641620180320,5,train
subsetted_512x512_HLS.S30.T14SQG.2020085.v1.4,KS3786109647720200108,5,train
subsetted_512x512_HLS.S30.T14TKM.2019144.v1.4,NE4166810220320190321,5,train
subsetted_512x512_HLS.S30.T14UQU.2019163.v1.4,MN4823209549720190530,5,train
subsetted_512x512_HLS.S30.T15RWQ.2021098.v1.4,LA3111809256120210309,5,train
subsetted_512x512_HLS.S30.T15SXB.2019134.v1.4,MO3743109121220190409,5,test
subsetted_512x512_HLS.S30.T16RFU.2019105.v1.4,FL3011008549020190330,5,train
subsetted_512x512_HLS.S30.T16RFU.2019305.v1.4,FL3005608509020190916,5,train
subsetted_512x512_HLS.S30.T16RGU.2019277.v1.4,FL3037408463920190911,5,train
subsetted_512x512_HLS.S30.T16SFF.2021094.v1.4,TN3638708498220210309,5,train
subsetted_512x512_HLS.S30.T17RNL.2019111.v1.4,FL2783908058120190308,5,test
subsetted_512x512_HLS.S30.T17RNM.2019349.v1.4,FL2861908074420191120,5,val
subsetted_512x512_HLS.S30.T17SNA.2021348.v1.4,NC3634008046020211127,5,val
subsetted_512x512_HLS.S30.T18SVJ.2020131.v1.4,NJ3931607511120200409,5,train
