event_id,image_id,fold,threshold,iou,dice,precision,recall,auprc,auroc,true_burn_fraction,pred_burn_fraction,n_valid
AR3497109415320180202,subsetted_512x512_HLS.S30.T15SUU.2018062.v1.4,3,0.11,0.01880424876528716,0.03691435089336635,0.018805745603037577,0.9957850368809273,0.028038972526592897,0.6188978220808767,0.018100738525390625,0.9584541320800781,262144
AZ3146411144720180705,subsetted_512x512_HLS.S30.T12RVV.2018215.v1.4,5,0.42000000000000004,0.07638146052693756,0.14192266093016015,0.07693705700611862,0.9136221160269257,0.08570973949310523,0.5435885084467201,0.07423782348632812,0.8815689086914062,262144
AZ3153510989320180607,subsetted_512x512_HLS.S30.T12RXV.2018182.v1.4,1,0.02,0.07010586808200242,0.13102604176473912,0.07072493464570451,0.8890024529844645,0.0737549591741408,0.49164498956936886,0.07464599609375,0.9382896423339844,262144
AZ3154810940620180724,subsetted_512x512_HLS.S30.T12RXV.2018217.v1.4,4,0.2,0.07172119758957707,0.13384301393102274,0.07190502344166647,0.9655817433595212,0.11553903501845975,0.6308813923181193,0.07138061267310113,0.9585396558959295,262130
AZ3156211037620190714,subsetted_512x512_HLS.S30.T12RWV.2019225.v1.4,1,0.02,0.0199578960672715,0.03913474496197277,0.019964993105301213,0.9825004860976084,0.025565844825991127,0.6047548242854073,0.0196191377192514,0.9654805410807883,262142
AZ3160611150220201027,subsetted_512x512_HLS.S30.T12RVV.2020320.v1.4,4,0.2,0.024341677341090745,0.04752648043038734,0.024348964570260735,0.9878542510121457,0.05376379171359244,0.6070947644327439,0.023555755615234375,0.9556732177734375,262144
AZ3168311135220201006,subsetted_512x512_HLS.S30.T12SVA.2020310.v1.4,4,0.2,0.03152018517257812,0.06111404435058078,0.03153091800599292,0.9893162393162394,0.05954787446903926,0.6410246218989561,0.0303497314453125,0.9522552490234375,262144
AZ3195511118320200712,subsetted_512x512_HLS.S30.T12SVA.2020230.v1.4,2,0.01,0.040370568881133925,0.07760805637658597,0.040370568881133925,1.0,0.08414214211195206,0.6756749697553821,0.039363861083984375,0.9750633239746094,262144
AZ3198010937020180512,subsetted_512x512_HLS.S30.T12SXA.2018157.v1.4,4,0.2,0.026184006824428927,0.05103179673488866,0.026184006824428927,1.0,0.030129024728502735,0.570387606368713,0.02529144287109375,0.965911865234375,262144
AZ3209510937320200606,subsetted_512x512_HLS.S30.T12SXA.2020187.v1.4,1,0.02,0.08058022193805846,0.1491425075197749,0.08066005397415422,0.9878664337021937,0.10106106163550292,0.5739077543858989,0.0785980224609375,0.9626121520996094,262144
AZ3213311040720190822,subsetted_512x512_HLS.S30.T12SWA.2019260.v1.4,5,0.42000000000000004,0.030392864238583724,0.058992769250285425,0.030464221702810067,0.9284459351541288,0.03323475799951546,0.6385273777087854,0.023883819580078125,0.7278976440429688,262144
AZ3228010995520180726,subsetted_512x512_HLS.S30.T12SWA.2018225.v1.4,1,0.02,0.032556284890497514,0.06305958399923953,0.03325750596905491,0.6069304666056725,0.03755204530590302,0.5133693050812699,0.033355712890625,0.6087226867675781,262144
AZ3237811092720200606,subsetted_512x512_HLS.S30.T12SWA.2020230.v1.4,3,0.11,0.7984598932121078,0.8879373915712209,0.8173385910187746,0.9718853954286941,0.8375576577370254,0.5293841266783396,0.8176307678222656,0.9722328186035156,262144
AZ3238810909020200813,subsetted_512x512_HLS.S30.T12SXA.2020247.v1.4,2,0.01,0.03953357421050162,0.07606021621865619,0.03955894321667815,0.9840373759003309,0.07573086446307212,0.6488017033794149,0.03919219970703125,0.97491455078125,262144
AZ3282711447820190216,subsetted_512x512_HLS.S30.T11SQS.2019078.v1.4,3,0.11,0.021712948456838476,0.042503030796728174,0.021803361699826457,0.8396440742143128,0.024609831711330403,0.5702639262336181,0.02014923095703125,0.7759437561035156,262144
AZ3304411105620200630,subsetted_512x512_HLS.S30.T12SVB.2020185.v1.4,4,0.2,0.01852422855245369,0.03637464486982441,0.01852422855245369,1.0,0.0256832560009688,0.5982299162771838,0.01787567138671875,0.9649887084960938,262144
AZ3321510968220180730,subsetted_512x512_HLS.S30.T12SXB.2018217.v1.4,4,0.2,0.031709394663808975,0.0614696247369963,0.03496016237995698,0.25429704715733803,0.03508290455250815,0.6114932339419816,0.025077088007426973,0.18240846144494424,180962
AZ3324911096720201021,subsetted_512x512_HLS.S30.T12SVB.2020310.v1.4,5,0.42000000000000004,0.0425286027967179,0.08158740716106862,0.048627220672441636,0.25323036929428855,0.0472796304260098,0.48917532727985047,0.049911655720626,0.25991917357074984,262043
AZ3336011011920200828,subsetted_512x512_HLS.S30.T12SWB.2020250.v1.4,5,0.42000000000000004,0.031095379936936826,0.06031523473383939,0.033414134379729205,0.30943817437678284,0.03511211515166617,0.5301434711531334,0.030757904052734375,0.2848396301269531,262144
AZ3340211129720200531,subsetted_512x512_HLS.S30.T12SVB.2020155.v1.4,1,0.02,0.3667030555051941,0.5366243296641264,0.3697294984734457,0.9781653547358131,0.37625122950000395,0.49424445245987303,0.3707313537597656,0.9808158874511719,262144
AZ3340811121020190608,subsetted_512x512_HLS.S30.T12SVC.2019190.v1.4,5,0.42000000000000004,0.6524306744265662,0.7896617807013,0.9726202972852279,0.66463755365062,0.9756829887834713,0.6403110328839139,0.9625511169433594,0.6577568054199219,262144
AZ3343511035820200606,subsetted_512x512_HLS.S30.T12SWC.2020190.v1.4,5,0.42000000000000004,0.4101698194514067,0.5817310990402185,0.48225410365774846,0.7329127151870389,0.4706811456660678,0.4923360646068566,0.4855079650878906,0.7378578186035156,262144
AZ3344911322120200711,subsetted_512x512_HLS.S30.T12STC.2020218.v1.4,1,0.02,0.030623795122123768,0.05942768887554164,0.030748330728796704,0.8831930629941341,0.04167472009433658,0.5761701545693068,0.02991485595703125,0.8592529296875,262144
AZ3354411042020200801,subsetted_512x512_HLS.S30.T12SWC.2020250.v1.4,2,0.01,0.36188193988635964,0.5314439222485855,0.3653240698991974,0.9746242272732027,0.38973442333499503,0.5315682779687594,0.3646965026855469,0.9729499816894531,262144
AZ3372911159520190804,subsetted_512x512_HLS.S30.T12SVC.2019245.v1.4,5,0.42000000000000004,0.06367176813273467,0.11972070715858114,0.0658960885387607,0.6535348529897589,0.07161158259497816,0.6377162889402863,0.0461883544921875,0.4580802917480469,262144
AZ3376811242920190530,subsetted_512x512_HLS.S30.T12SUC.2019158.v1.4,5,0.42000000000000004,0.034414050463898116,0.06653825022671458,0.035149311140639204,0.6219527286226952,0.04004669529975688,0.574175442911918,0.030826568603515625,0.5454635620117188,262144
AZ3384711201720200517,subsetted_512x512_HLS.S30.T12SVC.2020155.v1.4,1,0.02,0.055063317077168966,0.10437917077756112,0.05712682188472593,0.6038651685393258,0.05216314550122212,0.556734049619318,0.04894132759674986,0.5173395274357384,227313
AZ3388511181620200925,subsetted_512x512_HLS.S30.T12SVC.2020285.v1.4,3,0.11,0.22971654339869124,0.3736089339154543,0.23195219155550373,0.9597317669767209,0.32480025137701285,0.6121950771076199,0.22925186157226562,0.9485588073730469,262144
AZ3394811199720180727,subsetted_512x512_HLS.S30.T12SVC.2018215.v1.4,3,0.11,0.07451805207876332,0.1387004191034309,0.07917792067126424,0.5587267801857585,0.0752411790371386,0.5765311306121814,0.06394456817619401,0.45123113090819106,161640
AZ3395311201220190903,subsetted_512x512_HLS.S30.T12SVC.2019280.v1.4,5,0.42000000000000004,0.05580213040671401,0.1057056598005121,0.15233794128986067,0.08093162068057466,0.17761260631446096,0.5001809307252756,0.1851960226503021,0.09838792706385976,184545
AZ3395611183620200829,subsetted_512x512_HLS.S30.T12SVC.2020250.v1.4,2,0.01,0.022320991521939185,0.04366728592496122,0.022320991521939185,1.0,0.06575892403114544,0.7356399095510611,0.0217437744140625,0.9741401672363281,262144
AZ3415011213920200531,subsetted_512x512_HLS.S30.T12SUC.2020153.v1.4,3,0.11,0.07257088884869677,0.13532138454101572,0.07257788979061906,0.9986725663716814,0.09290117091199813,0.5938531223714154,0.06897025276376925,0.9490314409747389,262142
AZ3417411217520200807,subsetted_512x512_HLS.S30.T12SUC.2020248.v1.4,4,0.2,0.057006876599938854,0.10786472228697731,0.05733021894058638,0.9099715929783669,0.08122609069904993,0.6388459593968524,0.052371978759765625,0.8312721252441406,262144
AZ3423611014020190726,subsetted_512x512_HLS.S30.T12SWC.2019225.v1.4,4,0.2,0.03969071535307554,0.07635100471123608,0.039724358269048174,0.9791080755323424,0.05485759034418832,0.6302721275200576,0.03797927085598318,0.9360959476316362,262143
AZ3424311248720190714,subsetted_512x512_HLS.S30.T12SUC.2019223.v1.4,5,0.42000000000000004,0.11722418429184894,0.2098489917064431,0.12371805393041885,0.690718297369199,0.11975956737479806,0.4742071367913584,0.12905120849609375,0.7204933166503906,262144
AZ3427511241920201015,subsetted_512x512_HLS.S30.T12SUC.2020318.v1.4,5,0.42000000000000004,0.16399297611788385,0.28177657336873035,0.1682012263938003,0.8676320768447097,0.19550814163543398,0.5731860990212229,0.15799518648536784,0.8149862799503319,260932
AZ3440011201020190603,subsetted_512x512_HLS.S30.T12SVD.2019183.v1.4,2,0.01,0.043279229410017044,0.08296768149882904,0.04336025316654003,0.9586111351632176,0.06571475093928039,0.5777212734341672,0.044055938720703125,0.9739913940429688,262144
AZ3455711116020180427,subsetted_512x512_HLS.S30.T12SVD.2018168.v1.4,4,0.2,0.23345062377187772,0.37853258050652794,0.4074298566028105,0.35346294886874696,0.3946648552893626,0.5427514850441916,0.3644464841366302,0.3161730219328549,198287
AZ3461611082220180724,subsetted_512x512_HLS.S30.T12SWD.2018220.v1.4,4,0.2,0.07415240235278567,0.13806681843351998,0.07423550087873462,0.9851286835318005,0.10496350231413284,0.6139886795817935,0.06951549345204716,0.9224926852900898,262143
AZ3468811236620180511,subsetted_512x512_HLS.S30.T12SUD.2018168.v1.4,1,0.02,0.09131840168726073,0.16735427817596693,0.09304400635335887,0.8311910524997913,0.09505509677987645,0.5228270907351944,0.09140917067215991,0.816586556801709,262140
AZ3477911297320180708,subsetted_512x512_HLS.S30.T12SUD.2018218.v1.4,4,0.2,0.10847894734740969,0.19572576927509508,0.10866852759803883,0.9841724013038754,0.15727241533793948,0.6157826049147025,0.10532379150390625,0.9538803100585938,262144
AZ3479711322320200824,subsetted_512x512_HLS.S30.T12STD.2020248.v1.4,4,0.2,0.18938464339716746,0.31845819508185264,0.19085400635847605,0.9609359309098212,0.21753394012347815,0.5318993292837292,0.18993377685546875,0.9563026428222656,262144
AZ3495111328920180515,subsetted_512x512_HLS.S30.T12STD.2018168.v1.4,4,0.2,0.032643594739790005,0.06322335199883881,0.032689368055582986,0.9588691924458348,0.04625022797973307,0.5676109715271846,0.032924652099609375,0.9657707214355469,262144
AZ3525811164320190721,subsetted_512x512_HLS.S30.T12SVE.2019228.v1.4,3,0.11,0.036011842169123,0.06952013616702322,0.036030640612164794,0.9857190302225174,0.041712394109394695,0.5653271220330903,0.03445894910314415,0.942721009544591,262138
AZ3530911140720190516,subsetted_512x512_HLS.S30.T12SVE.2019183.v1.4,4,0.2,0.1481237089740647,0.25802743696744046,0.14968068451961863,0.9343829985263321,0.16868061135645787,0.5475904739847807,0.14754867553710938,0.9210739135742188,262144
AZ3563211274720200705,subsetted_512x512_HLS.S30.T12SUE.2020218.v1.4,5,0.42000000000000004,0.03755093287583101,0.07238378702383166,0.04153619888034918,0.281285140562249,0.03292008707437611,0.628266705433953,0.023746490478515625,0.1608123779296875,262144
AZ3574111380520200818,subsetted_512x512_HLS.S30.T12STE.2020246.v1.4,4,0.2,0.11339360076331557,0.2036900529796034,0.11366703546547678,0.9792263110118008,0.16358312553851503,0.5917495897059917,0.10930475732527344,0.941645868156527,262038
AZ3636511203320180806,subsetted_512x512_HLS.S30.T12SVF.2018253.v1.4,5,0.42000000000000004,0.06167443004084309,0.11618332003808446,0.07900677200902935,0.21944106925880924,0.0787396809564018,0.49885757641183104,0.0784927859121186,0.21801347443595828,262126
AZ3636911230720180726,subsetted_512x512_HLS.S30.T12SUF.2018253.v1.4,4,0.2,0.045051102192085205,0.08621798895305047,0.04508474159045872,0.9837078148778086,0.07185725928474532,0.6475715121497987,0.04261658426417628,0.9298548800585973,262128
AZ3652211386520200510,subsetted_512x512_HLS.S30.T12STF.2020156.v1.4,4,0.2,0.604249398872179,0.7533110491385928,0.6190575054998143,0.9619204784445589,0.647447288098313,0.5571379578737639,0.6148872375488281,0.9554405212402344,262144
AZ3662811235020200608,subsetted_512x512_HLS.S30.T12SUF.2020183.v1.4,2,0.01,0.48906187192727496,0.6568724660101437,0.49608920149139624,0.9718507822640727,0.47786515644223265,0.473416057334186,0.4966697692871094,0.9729881286621094,262144
AZ3689811361420180708,subsetted_512x512_HLS.S30.T12STF.2018231.v1.4,5,0.42000000000000004,0.03093099725166863,0.06000595060993752,0.033016396877783016,0.3287260399008997,0.02854074705750685,0.495669647870852,0.029254913330078125,0.2912750244140625,262144
AZ3697411369720210713,subsetted_512x512_HLS.S30.T12STF.2021215.v1.4,2,0.01,0.04144168097060882,0.07958521677754585,0.04144168097060882,1.0,0.0833116524056868,0.6509704172941855,0.040431976318359375,0.9756355285644531,262144
AZ3697611367020210624,subsetted_512x512_HLS.S30.T12STF.2021190.v1.4,5,0.42000000000000004,0.0022567250406210506,0.004503287399801856,0.002666477050520852,0.014473176379776149,0.015998962323925427,0.44536048729417754,0.01976776123046875,0.10729598999023438,262144
AZ3698311211020200729,subsetted_512x512_HLS.S30.T12SUF.2020223.v1.4,2,0.01,0.19265666139049745,0.3230714548911041,0.1944397561751049,0.9545629720980422,0.20182479421614183,0.5027249428269569,0.197967529296875,0.9718818664550781,262144
CA3257311670020190814,subsetted_512x512_HLS.S30.T11SNS.2019246.v1.4,5,0.42000000000000004,0.03202238098541074,0.06205753203692087,0.03288952917708894,0.5484424498416051,0.029942432118359508,0.549662734243105,0.028905659801445282,0.4820102711241005,262094
CA3276011669320200905,subsetted_512x512_HLS.S30.T11SNS.2020276.v1.4,3,0.11,0.27366368423485704,0.4297267600893532,0.2839030898080369,0.8835549525101764,0.2863972090667021,0.5145736530087344,0.2811549862092907,0.8750023842858397,262133
CA3298011643520210501,subsetted_512x512_HLS.S30.T11SNS.2021155.v1.4,5,0.42000000000000004,0.06278252134605726,0.11814744801512288,0.0992063492063492,0.14602803738317757,0.10152684218857308,0.550253364841197,0.09469676740087433,0.13939010154801595,262142
CA3337911735120200609,subsetted_512x512_HLS.S30.T11SMT.2020194.v1.4,4,0.2,0.40105883487964494,0.5725081986497692,0.4111862576606206,0.9421413462264864,0.4396590461590285,0.5421568628785446,0.4039796743625349,0.9256290723757497,262132
CA3338011743020180706,subsetted_512x512_HLS.S30.T11SMS.2018259.v1.4,1,0.02,0.051460640573873645,0.09788410252957656,0.05150560913206062,0.9833170511760727,0.05447685748728676,0.5341547524903214,0.050762370156746506,0.9691275372601976,262143
CA3350411735320210828,subsetted_512x512_HLS.S30.T11SMT.2021248.v1.4,2,0.01,0.02824452948680208,0.05493737856480298,0.02824452948680208,1.0,0.05124546075327363,0.6662882994331014,0.027450980392156862,0.9719043259327077,262140
CA3352811727320190904,subsetted_512x512_HLS.S30.T11SMT.2019294.v1.4,2,0.01,0.03209153993103908,0.06218739072928227,0.03209153993103908,1.0,0.04383784818086196,0.6072463349586829,0.03121411102166025,0.9726585601294198,262093
CA3363011706020180517,subsetted_512x512_HLS.S30.T11SMT.2018154.v1.4,1,0.02,0.022640018285572605,0.04427759109902224,0.022640193704600485,0.9996578857338351,0.03337599608810193,0.6348895071983223,0.022408426733720736,0.9894244185155088,260884
CA3367611751620180806,subsetted_512x512_HLS.S30.T11SMT.2018249.v1.4,5,0.42000000000000004,0.051536218092745806,0.09802081413081731,0.3502604946403976,0.05698391512329141,0.3985762254599666,0.5097307757037329,0.3915594398391693,0.06370284467400883,262139
CA3372011680020180725,subsetted_512x512_HLS.S30.T11SNT.2018216.v1.4,4,0.2,0.21853633294311262,0.3586866095576897,0.22552899051887906,0.8757500042493158,0.2629613354375785,0.5425894590662214,0.22443008422851562,0.8714828491210938,262144
CA3375311768720201026,subsetted_512x512_HLS.S30.T11SMT.2020309.v1.4,5,0.42000000000000004,0.1904371690309613,0.31994493113144445,0.25189684438718124,0.438366402704867,0.24319767092776282,0.5647489174428911,0.21443317064980558,0.3731698103127874,262063
CA3388811668420200917,subsetted_512x512_HLS.S30.T11SNT.2020281.v1.4,2,0.01,0.11245356440964527,0.20217214993476498,0.1126236554070512,0.9867479003166736,0.15225820049017288,0.5929582863984798,0.11102661015718451,0.9727554487191736,261667
CA3399211696420200731,subsetted_512x512_HLS.S30.T11SNT.2020221.v1.4,5,0.42000000000000004,0.4874623408665587,0.6554281442615552,0.54100887609787,0.8312261646668241,0.5826595604083326,0.5476085845301281,0.5332435443501617,0.8192952200720347,262096
CA3399211705920191010,subsetted_512x512_HLS.S30.T11SMT.2019309.v1.4,4,0.2,0.018588894528139173,0.03649930728284735,0.018605323476572986,0.9546514091968638,0.03533381298575871,0.6135556958910031,0.018003135956294995,0.923752770666982,262121
CA3405311699120200905,subsetted_512x512_HLS.S30.T11SMT.2020289.v1.4,4,0.2,0.34267806020647174,0.5104396509670771,0.36824809352450916,0.8315106989864118,0.38425792410923987,0.5246745253965189,0.3624969476832916,0.8185245101031683,262096
CA3408411857020210515,subsetted_512x512_HLS.S30.T11SLT.2021163.v1.4,5,0.42000000000000004,0.026052104208416832,0.05078125,0.026928388242256854,0.44462540716612375,0.028581351637925804,0.5801667244154929,0.0234222412109375,0.3867340087890625,262144
CA3415711791120200813,subsetted_512x512_HLS.S30.T11SMT.2020249.v1.4,1,0.02,0.07878339804059557,0.14605971538622228,0.07885572729934864,0.9884914926335632,0.0898810495085112,0.564747182852441,0.07690605627086314,0.9640515021459227,262125
CA3424011870020181108,subsetted_512x512_HLS.S30.T11SLT.2018349.v1.4,3,0.11,0.6970730015191205,0.8215003136519662,0.7361550899413866,0.9292293627719341,0.7301902278878977,0.5094313474508925,0.7253566196314288,0.9155987354460637,259380
CA3424811795920200906,subsetted_512x512_HLS.S30.T11SMU.2020299.v1.4,1,0.02,0.7172396989982586,0.8353402258480933,0.7629631203263086,0.9228883463959913,0.7605696703545799,0.5160870101027263,0.7629285162545042,0.9228464889408203,255037
CA3428211880320191030,subsetted_512x512_HLS.S30.T11SLT.2019309.v1.4,5,0.42000000000000004,0.027475503471367374,0.05348157377677673,0.03150287929541947,0.1768995033287541,0.031636591890718185,0.45881519215084693,0.03610247410487763,0.20272781031226753,262115
CA3444111874620200817,subsetted_512x512_HLS.S30.T11SLU.2020249.v1.4,2,0.01,0.04144316980541091,0.07958796217974022,0.04144316980541091,1.0,0.08118415532393582,0.6351565247055122,0.040378570556640625,0.9743118286132812,262144
CA3446611833020200705,subsetted_512x512_HLS.S30.T11SLU.2020229.v1.4,3,0.11,0.029154427109994566,0.05665705037457626,0.02915706775355898,0.9969031910596472,0.047244856842970695,0.6098960198006499,0.028331756591796875,0.9686851501464844,262144
CA3449011860020180922,subsetted_512x512_HLS.S30.T11SLU.2018274.v1.4,2,0.01,0.05942304370357575,0.11218000978314038,0.05942304370357575,1.0,0.08085553888188135,0.5851510598718614,0.0577392578125,0.9716644287109375,262144
CA3451712013120211011,subsetted_512x512_HLS.S30.T10SGD.2021306.v1.4,4,0.2,0.19556724618281995,0.32715390423620694,0.33020603384841796,0.32415768020225993,0.31657970699238314,0.5484407293026403,0.29573397522707245,0.29031704311801665,262141
CA3490011851020180604,subsetted_512x512_HLS.S30.T11SLU.2018184.v1.4,3,0.11,0.032315203410876174,0.06260724109090596,0.03234485738595108,0.9724119458952726,0.05050603717929834,0.6786783303912636,0.028484344482421875,0.8563499450683594,262144
CA3494811892720210627,subsetted_512x512_HLS.S30.T11SLU.2021188.v1.4,4,0.2,0.03365774374840895,0.0651235749008256,0.03373913999348301,0.9331161780673182,0.041908791087392136,0.5074714967347014,0.0351340319448842,0.97169440640271,262139
CA3511712010020180819,subsetted_512x512_HLS.S30.T10SGD.2018257.v1.4,4,0.2,0.026932803162999217,0.052452902624290455,0.026977017070776592,0.9426374926079243,0.0338784907150817,0.7066167180977551,0.01935210687337397,0.6762060257417736,262142
CA3517211519520200622,subsetted_512x512_HLS.S30.T11SPV.2020186.v1.4,5,0.42000000000000004,0.015149037085496996,0.029845936965058908,0.015276303175863029,0.6451893774488463,0.018501187626068893,0.45476337760283747,0.01752471923828125,0.7401504516601562,262144
CA3530111559820200815,subsetted_512x512_HLS.S30.T11SPV.2020246.v1.4,5,0.42000000000000004,0.5039647186578906,0.670181570625698,0.7311555526975757,0.6185945040178012,0.742367167449148,0.5587401270617716,0.7011680603027344,0.5932235717773438,262144
CA3531811870820200701,subsetted_512x512_HLS.S30.T11SLV.2020222.v1.4,1,0.02,0.05439878763003773,0.103184465437995,0.05444928560988809,0.9832370354518867,0.11415280272959055,0.6675262498555846,0.053478240966796875,0.9657020568847656,262144
CA3533311990620190605,subsetted_512x512_HLS.S30.T11SKV.2019187.v1.4,2,0.01,0.02116841136637121,0.04145919738752373,0.02116841136637121,1.0,0.028585951833831325,0.5858795561372516,0.020534515380859375,0.9700546264648438,262144
CA3535111995620200610,subsetted_512x512_HLS.S30.T10SGE.2020187.v1.4,5,0.42000000000000004,0.02880019361474699,0.05598792417321754,0.033158408024892026,0.17973568281938326,0.03220372907363576,0.5261823633659997,0.030307769775390625,0.16428375244140625,262144
CA3535112000520200728,subsetted_512x512_HLS.S30.T10SGE.2020217.v1.4,1,0.02,0.06081682908938489,0.1146603775914653,0.061078442979859766,0.93420523138833,0.06798527079886846,0.5863996011088684,0.05687713623046875,0.8699455261230469,262144
CA3540011877020180803,subsetted_512x512_HLS.S30.T11SLV.2018249.v1.4,1,0.02,0.08726984441581608,0.16053023978183753,0.08738415130286371,0.9852322563322294,0.10888172210316314,0.562536707061986,0.08524322509765625,0.9610939025878906,262144
CA3540811843620210720,subsetted_512x512_HLS.S30.T11SLV.2021216.v1.4,3,0.11,0.06536291028593748,0.12270543615676359,0.06567382316920516,0.9324622922470939,0.0773413777237845,0.6560406160538468,0.050163130171611975,0.7122354857520132,207503
CA3546511854420200803,subsetted_512x512_HLS.S30.T11SLV.2020247.v1.4,1,0.02,0.13176969952326334,0.2328560299480872,0.13222778130113766,0.9743826448188322,0.15386861535732524,0.5527063336757533,0.132232666015625,0.9744186401367188,262144
CA3566212040420190612,subsetted_512x512_HLS.S30.T10SGE.2019187.v1.4,1,0.02,0.035330183008590955,0.06824911238639662,0.03552334284837609,0.8666212997618238,0.03971221244850001,0.565249578760108,0.033634185791015625,0.8205337524414062,262144
CA3568711855020210818,subsetted_512x512_HLS.S30.T11SLV.2021251.v1.4,5,0.42000000000000004,0.3943609780808938,0.5656511968997672,0.4819846934388167,0.6844659008572614,0.47996730506312174,0.525113483670715,0.4685760716560935,0.6654243327064442,262141
CA3572011963220190507,subsetted_512x512_HLS.S30.T11SKV.2019152.v1.4,2,0.01,0.06037135903273926,0.11386833210547943,0.06037135903273926,1.0,0.0966237347836753,0.6095725390195048,0.05867854049578578,0.971959906749234,262089
CA3580012036020180806,subsetted_512x512_HLS.S30.T10SGE.2018247.v1.4,2,0.01,0.04080929832113646,0.07841839688973447,0.04080929832113646,1.0,0.054804617647180504,0.5782778742423551,0.0397796630859375,0.9747695922851562,262144
CA3595912083320210530,subsetted_512x512_HLS.S30.T10SFE.2021166.v1.4,1,0.02,0.021413600961220657,0.04192934368813766,0.021416515645295522,0.9936845904005774,0.03608081343489072,0.6947838383991636,0.02114105224609375,0.9809036254882812,262144
CA3602211875920210618,subsetted_512x512_HLS.S30.T11SLV.2021186.v1.4,3,0.11,0.024176306123567786,0.04721121935552939,0.024176306123567786,1.0,0.036008870495860275,0.6558630332643418,0.023552120606388904,0.9741819319300227,262142
CA3604711863120210910,subsetted_512x512_HLS.S30.T11SLV.2021331.v1.4,3,0.11,0.7765697537102213,0.8742350274605527,0.8754141005887975,0.8730591261878126,0.8831588524157739,0.5055661720022622,0.8763499311444517,0.8739924392411775,262143
CA3605412006420200503,subsetted_512x512_HLS.S30.T10SGE.2020162.v1.4,3,0.11,0.03700375149441398,0.07136666852186081,0.03703291126706522,0.9791643940220356,0.05152456256946623,0.5770128362102283,0.03496973003078496,0.9246130899019993,262141
CA3606211763420200821,subsetted_512x512_HLS.S30.T11SMV.2020249.v1.4,4,0.2,0.6303087040799282,0.7732384701161804,0.6494544552156963,0.9553193994701207,0.681894724014099,0.5435394680394421,0.6479263305664062,0.9530715942382812,262144
CA3606611745820200728,subsetted_512x512_HLS.S30.T11SMV.2020234.v1.4,3,0.11,0.16006028391780644,0.2759516658517846,0.16164839795914193,0.9421696515870556,0.17784036559398825,0.525669737606482,0.16032253377887548,0.9344418361026786,261554
CA3607512023120200815,subsetted_512x512_HLS.S30.T10SGE.2020247.v1.4,2,0.01,0.03519392732234438,0.06799484887508522,0.03519392732234438,1.0,0.05011569300369656,0.620083376756339,0.03424072265625,0.9729156494140625,262144
CA3609512052220200713,subsetted_512x512_HLS.S30.T10SGF.2020217.v1.4,3,0.11,0.4197336451013843,0.5912850576579958,0.43191815856777493,0.9370228329959873,0.46258093969358294,0.5252779367387781,0.4297125941298095,0.9322379815211835,262138
CA3612312160220200819,subsetted_512x512_HLS.S30.T10SFE.2020267.v1.4,5,0.42000000000000004,0.4648046395660568,0.6346302121267905,0.9428070898598516,0.47829059279127845,0.9378731346931739,0.4393647814192607,0.9486371526122036,0.48124821179926375,262135
CA3620712156020210618,subsetted_512x512_HLS.S30.T10SFF.2021189.v1.4,4,0.2,0.05649039973499159,0.10693973130122443,0.056591726316496956,0.9692783653500252,0.1046559763324216,0.636493757054376,0.053025129615711826,0.9081912551836747,262121
CA3641012100020180604,subsetted_512x512_HLS.S30.T10SFF.2018190.v1.4,5,0.42000000000000004,0.02437129162355624,0.04758292588408928,0.02446085246346343,0.8693883699909611,0.02782670502014738,0.527771366438514,0.02532196044921875,0.899993896484375,262144
CA3656312164020200816,subsetted_512x512_HLS.S30.T10SFF.2020250.v1.4,1,0.02,0.6016042266681535,0.7512520467302733,0.610032362459547,0.9775504848545437,0.6244784529781872,0.5064907556583321,0.61053466796875,0.9783554077148438,262144
CA3667512102020200715,subsetted_512x512_HLS.S30.T10SFF.2020215.v1.4,5,0.42000000000000004,0.03437043018966759,0.06645671451254702,0.03450429181022913,0.8985734664764622,0.04263250391700201,0.6797042024863285,0.02674102783203125,0.6963996887207031,262144
CA3686012078020180502,subsetted_512x512_HLS.S30.T10SFF.2018155.v1.4,3,0.11,0.03206069807726332,0.06212948160315113,0.03212520253472466,0.9410628019323671,0.04136825682355484,0.6039748476056486,0.031585693359375,0.9252586364746094,262144
CA3702412151420200705,subsetted_512x512_HLS.S30.T10SFG.2020215.v1.4,2,0.01,0.10111274456139253,0.1836555703506436,0.10119226961649377,0.9922876218248792,0.13002498785199942,0.5626730847309028,0.09942319136923382,0.9749401065112233,262132
CA3706812121320200628,subsetted_512x512_HLS.S30.T10SFG.2020185.v1.4,1,0.02,0.038129431191648175,0.07345795244024661,0.03819445815190143,0.9572573463935886,0.04258395726360967,0.526494383219566,0.03881709073451752,0.9728622179548728,260375
CA3735012030020180615,subsetted_512x512_HLS.S30.T10SGG.2018187.v1.4,2,0.01,0.0812179361660466,0.15023416362115116,0.08127873208470013,0.9908743430482561,0.11935908327921976,0.6045356417796045,0.07984161376953125,0.9733543395996094,262144
CA3756511912720180611,subsetted_512x512_HLS.S30.T11SLB.2018197.v1.4,2,0.01,0.24396442185514614,0.3922369765066394,0.24540396852468271,0.9765199619326957,0.28030037545113273,0.5689156351422437,0.24456662749347538,0.9731879855313563,262084
CA3761912020720170716,subsetted_512x512_HLS.S30.T10SGG.2019307.v1.4,5,0.42000000000000004,0.02236103117743952,0.0437439035634733,0.022410175323448394,0.9106890280864821,0.0305896902611391,0.6583160134851015,0.018878936767578125,0.7671890258789062,262144
CA3765211988120180713,subsetted_512x512_HLS.S30.T11SKB.2018222.v1.4,3,0.11,0.7950462541527593,0.8858225823579257,0.8461949320967208,0.9293441437672513,0.8446473558589767,0.5223809489348976,0.8388938903808594,0.92132568359375,262144
CA3780512029420200820,subsetted_512x512_HLS.S30.T10SGG.2020247.v1.4,3,0.11,0.05560707997987928,0.10535564043571817,0.055612106539433506,0.9983771960770479,0.08718380370387167,0.6600355165654346,0.054065704345703125,0.9706153869628906,262144
CA3781211964620200725,subsetted_512x512_HLS.S30.T11SKB.2020222.v1.4,2,0.01,0.12182576694778004,0.2171919571418632,0.1219943022169769,0.9887871781064901,0.1374319073599403,0.5444606697219802,0.12044345593480923,0.9762172720440404,262123
CA3782611887220190726,subsetted_512x512_HLS.S30.T11SLB.2019237.v1.4,3,0.11,0.11184979475815124,0.20119587247390863,0.11351192340175174,0.8842400946185689,0.11123319653819413,0.556953058659826,0.1032226558774269,0.8040883130558194,262113
CA3792911898320200817,subsetted_512x512_HLS.S30.T11SLC.2020247.v1.4,3,0.11,0.06430795109837327,0.1208446315411005,0.06435900299993617,0.9878153318638256,0.09598006495209613,0.6309426813047747,0.06230282407425068,0.9562560321051046,262139
CA3802612076120200818,subsetted_512x512_HLS.S30.T10SFH.2020245.v1.4,1,0.02,0.03145644387454838,0.0609942262930383,0.03149793747243784,0.9598049708645499,0.060324577770886186,0.6485586924873137,0.032077789306640625,0.9774742126464844,262144
CA3805012095020180629,subsetted_512x512_HLS.S30.T10SFH.2018185.v1.4,1,0.02,0.20554013706721472,0.3409926069607998,0.20799898467181974,0.9456139371265844,0.2284361749468491,0.5456990162404026,0.20495223999023438,0.9317626953125,262144
CA3831012199020180810,subsetted_512x512_HLS.S30.T10SEH.2018245.v1.4,5,0.42000000000000004,0.03235128843220679,0.06267496111975117,0.03467748007443181,0.3253607831264507,0.03313168540771963,0.4614610983789193,0.037802575107296135,0.3546819265617549,262125
CA3847012204820200606,subsetted_512x512_HLS.S30.T10SEH.2020190.v1.4,2,0.01,0.032530521860118754,0.06301125472109928,0.032530521860118754,1.0,0.05754184116929428,0.6131002139789112,0.031665611146295125,0.9734123320387312,262114
CA3852112120220200612,subsetted_512x512_HLS.S30.T10SFH.2020185.v1.4,1,0.02,0.09005789294938119,0.16523506417757425,0.0902360659370227,0.9785453765286419,0.10843224779722037,0.5596594196269994,0.08890355461627082,0.9640952475413713,262138
CA3855412253120200927,subsetted_512x512_HLS.S30.T10SEH.2020285.v1.4,3,0.11,0.5100474534459425,0.6755383114378417,0.7076720126926025,0.6461960856660716,0.7011599546245784,0.5041903560557388,0.7031821130146133,0.6420962264870846,262090
CA3867312307820200817,subsetted_512x512_HLS.S30.T10SDH.2020248.v1.4,1,0.02,0.7869144008903746,0.8807522067070195,0.7936653049888327,0.9893063041837161,0.7986206728608097,0.5106430187510127,0.7933661402304112,0.988933394369421,262140
CA3873012240020180908,subsetted_512x512_HLS.S30.T10SEH.2018280.v1.4,2,0.01,0.04356482392288019,0.08349231964165868,0.043587119124478386,0.9883949294768791,0.06620391895280787,0.6190657215467146,0.04273223876953125,0.9690093994140625,262144
CA3879612276720191023,subsetted_512x512_HLS.S30.T10SEH.2019305.v1.4,1,0.02,0.7050307692905764,0.8270006406792568,0.7632386299075411,0.9023873259759775,0.759529838074333,0.4850225108608316,0.7667053240352188,0.9064860451986022,262132
CA3881012220020180630,subsetted_512x512_HLS.S30.T10SEH.2018190.v1.4,3,0.11,0.46639082431128737,0.6361071231202431,0.8079717142305349,0.5245330877211595,0.8039472747511569,0.5413402117937269,0.7910652160644531,0.5135574340820312,262144
CA3892812226620190608,subsetted_512x512_HLS.S30.T10SEJ.2019185.v1.4,5,0.42000000000000004,0.04502080661624225,0.08616250763852018,0.04562017662502983,0.7740977409774098,0.05716230376820467,0.5541847094465735,0.042385101318359375,0.7192039489746094,262144
CA3919012180020180731,subsetted_512x512_HLS.S30.T10SEJ.2018220.v1.4,2,0.01,0.01794706765744154,0.03526129840668899,0.01794706765744154,1.0,0.02155572655405966,0.5501556901288219,0.017551422119140625,0.9779548645019531,262144
CA3966012253020180609,subsetted_512x512_HLS.S30.T10SEJ.2018185.v1.4,4,0.2,0.05635732497772863,0.10670125277716386,0.05685015555858547,0.8666855631141346,0.0764843579756155,0.6988508190373551,0.040374755859375,0.6155166625976562,262144
CA3968112017120200814,subsetted_512x512_HLS.S30.T10TGK.2020285.v1.4,1,0.02,0.6479950594700656,0.7864041287580521,0.6857108586224154,0.9217600649404805,0.6772706062124676,0.47952216395486164,0.6861000061035156,0.9222831726074219,262144
CA3988012002520190824,subsetted_512x512_HLS.S30.T10TGK.2019245.v1.4,2,0.01,0.04263301500682128,0.08177952240758914,0.04265943842526851,0.9856793256593854,0.08996276385457362,0.6506478168510303,0.042087554931640625,0.9724655151367188,262144
CA4004012260920191103,subsetted_512x512_HLS.S30.T10TEK.2019350.v1.4,4,0.2,0.07185445270706703,0.13407501834897825,0.07462160302717578,0.6595971113645002,0.08242382623567214,0.6614135274441498,0.050186745815863666,0.44361191968594654,262121
CA4005312066920190904,subsetted_512x512_HLS.S30.T10TGK.2019280.v1.4,3,0.11,0.7671687970142904,0.8682462007143358,0.8220562699698717,0.919935815088092,0.8156156410802166,0.4686094852657607,0.8226647030994857,0.9206166923558228,262108
CA4010912278920190905,subsetted_512x512_HLS.S30.T10TEK.2019275.v1.4,2,0.01,0.10706267159483918,0.19341754417679757,0.10891126903036588,0.8631573639893108,0.12090392644731189,0.5274788627599516,0.10466570618874975,0.8295098923948092,189489
CA4022012217020181007,subsetted_512x512_HLS.S30.T10TEK.2018340.v1.4,5,0.42000000000000004,0.06766992934158668,0.12676189050920922,0.07023394937750671,0.6495682799363781,0.068641948440993,0.5179803581783057,0.06717007337426216,0.6212316039697651,262081
CA4042112086320200718,subsetted_512x512_HLS.S30.T10TFK.2020220.v1.4,2,0.01,0.16755254703633934,0.28701499981589157,0.16808729200319936,0.9813666018084011,0.2045746810344131,0.56490135776471,0.16664505004882812,0.9729461669921875,262144
CA4051012242020180624,subsetted_512x512_HLS.S30.T10TEK.2018183.v1.4,1,0.02,0.023226393699329665,0.045398347506181776,0.023230873684535382,0.9917654808959157,0.02569136194143892,0.5567590142301866,0.02316293015644133,0.988864856204438,262143
CA4054112256820200927,subsetted_512x512_HLS.S30.T10TEK.2020275.v1.4,4,0.2,0.6039315289366165,0.7530639781574896,0.6372262803863354,0.920373352418441,0.6486471196969331,0.4956517952307531,0.6396102905273438,0.9238166809082031,262144
CA4058912057520190828,subsetted_512x512_HLS.S30.T10TGL.2019245.v1.4,4,0.2,0.06800048330715419,0.12734167141307826,0.06818400197186747,0.961926091825308,0.08504416999653071,0.5612344305257281,0.06472396850585938,0.9131126403808594,262144
CA4063012088020180727,subsetted_512x512_HLS.S30.T10TFL.2018215.v1.4,4,0.2,0.27492425612114635,0.4312793560890921,0.33704544538627906,0.5986566612185491,0.32683859132820436,0.5197357157567821,0.3197517395019531,0.5679397583007812,262144
CA4102912028120200818,subsetted_512x512_HLS.S30.T10TGL.2020265.v1.4,5,0.42000000000000004,0.5852825261538954,0.7383952279772718,0.8264580128495159,0.667292263152367,0.8210569156746038,0.4594437110485359,0.8353843688964844,0.67449951171875,262144
CA4106412076220200720,subsetted_512x512_HLS.S30.T10TFL.2020215.v1.4,2,0.01,0.3487598235641288,0.5171563053272494,0.35250048074847634,0.9704712924346868,0.38983101945512627,0.5633995077593414,0.35306549072265625,0.9720268249511719,262144
CA4129012012020180713,subsetted_512x512_HLS.S30.T10TGL.2018215.v1.4,5,0.42000000000000004,0.009289256198347107,0.018407520225344733,0.013375220143747918,0.029510607015332913,0.025524900107267733,0.34991418925010565,0.03632354736328125,0.08014297485351562,262144
CA4139512105720180815,subsetted_512x512_HLS.S30.T10TFL.2018245.v1.4,4,0.2,0.6077840833997493,0.7560518724809813,0.650789702773287,0.9019357292712933,0.660391494905844,0.5270522645775008,0.6418495178222656,0.8895454406738281,262144
CA4172612124320190728,subsetted_512x512_HLS.S30.T10TFM.2019215.v1.4,2,0.01,0.24603634843051628,0.3949103872297449,0.24704405106612215,0.9836913662029589,0.27256963429417064,0.5629648984192842,0.24185943603515625,0.9630470275878906,262144
CA4173712105820200723,subsetted_512x512_HLS.S30.T10TFM.2020215.v1.4,5,0.42000000000000004,0.030639253219898382,0.059456794652786533,0.031038651680013407,0.7042368278109723,0.03611935764667428,0.5690426956206245,0.0280914306640625,0.6373672485351562,262144
CA4174812105620190905,subsetted_512x512_HLS.S30.T10TFM.2019280.v1.4,1,0.02,0.0981635449265885,0.17877764269282984,0.09842252333822474,0.9738945742421317,0.13320787419358351,0.5757852462192911,0.09878912270528452,0.9775220887824083,262124
CO3699510252520190213,subsetted_512x512_HLS.S30.T13SGB.2019076.v1.4,3,0.11,0.06868428147748719,0.12853989277830338,0.06872188325650404,0.9920966725846172,0.08812140835226738,0.6049467324947049,0.06660842895507812,0.9615859985351562,262144
CO3701810400020200822,subsetted_512x512_HLS.S30.T13SEB.2020249.v1.4,3,0.11,0.029385191057014516,0.05709270215329328,0.02950212227014445,0.8811501597444089,0.03267734494166773,0.5201526756519395,0.02985649803309588,0.8917344240652912,262087
CO3702010334020200607,subsetted_512x512_HLS.S30.T13SFB.2020189.v1.4,1,0.02,0.05862122870095357,0.11075014766686356,0.05870152232614566,0.9771986970684039,0.07961618029179354,0.5815595438245335,0.05855560302734375,0.9747695922851562,262144
CO3711310286620190718,subsetted_512x512_HLS.S30.T13SFB.2019219.v1.4,2,0.01,0.03518965010291091,0.0679868661735801,0.03519627333576445,0.9946808510638298,0.0549393342523544,0.6339793847517029,0.034423828125,0.9728507995605469,262144
CO3727110823720200614,subsetted_512x512_HLS.S30.T12SYG.2020220.v1.4,4,0.2,0.05426029680502842,0.1029352940056001,0.05429147812668279,0.9895261114773309,0.07949242880547185,0.5982539333475319,0.05208245912520695,0.9492641392832892,262142
CO3735610351820200518,subsetted_512x512_HLS.S30.T13SFB.2020164.v1.4,1,0.02,0.02804230678221115,0.054554771913977,0.028196138462298157,0.8371318139410903,0.0328242870625647,0.5413724457240561,0.028621673583984375,0.8497657775878906,262144
CO3765810847420180722,subsetted_512x512_HLS.S30.T12SYG.2018225.v1.4,3,0.11,0.3386133619707768,0.5059166023447613,0.34445203070366004,0.952327563523207,0.3395850848098114,0.5311781135146041,0.3338094274268387,0.9229033083447583,261853
CO3773310232920180304,subsetted_512x512_HLS.S30.T13SGB.2018136.v1.4,1,0.02,0.17972981945003144,0.30469657795683797,0.1802606376103127,0.9838799332962757,0.18990910957644036,0.5256630366835879,0.17842864990234375,0.9738807678222656,262144
CO3805510340720200411,subsetted_512x512_HLS.S30.T13SFC.2020124.v1.4,1,0.02,0.026235950186367707,0.051130444575836924,0.026532329702183364,0.7013749420670478,0.026113389774684144,0.5293048145489228,0.024692535400390625,0.652740478515625,262144
CO3806310318920190404,subsetted_512x512_HLS.S30.T13SFC.2019154.v1.4,3,0.11,0.029827467385653315,0.05792711561942331,0.02985020448660552,0.975098814229249,0.07266277402219676,0.7060989443840706,0.02896670165060586,0.9462379543936648,262025
CO3844710247720200615,subsetted_512x512_HLS.S30.T13SFC.2020184.v1.4,4,0.2,0.02273665810015997,0.044462390039671965,0.022780498190334255,0.9219639083075922,0.025028855445594893,0.5403220301104816,0.023464202880859375,0.9496345520019531,262144
CO3846910432320180527,subsetted_512x512_HLS.S30.T13SEC.2018164.v1.4,3,0.11,0.039357983667455604,0.07573518323028201,0.03939410578831355,0.9772329246935202,0.06991234071237942,0.6538057338353056,0.03920745849609375,0.9726028442382812,262144
CO3905010893820200605,subsetted_512x512_HLS.S30.T12SXJ.2020200.v1.4,5,0.42000000000000004,0.022536713430141932,0.04408000834423165,0.022891475904367464,0.5925366695427092,0.020731954123633056,0.5862070643862688,0.0176849365234375,0.4577674865722656,262144
CO3968910875820180729,subsetted_512x512_HLS.S30.T12TXK.2018215.v1.4,3,0.11,0.09636604962026907,0.17579174337557396,0.09678144509605184,0.9573596535715679,0.12264034187316915,0.5715118550822958,0.09783737156292463,0.967804851982473,261996
CO3976210841920200713,subsetted_512x512_HLS.S30.T12TYK.2020215.v1.4,2,0.01,0.0587563640345046,0.1109912837937657,0.05880074038999612,0.9873184834746042,0.08597421597800403,0.5866157227136682,0.058093329516175206,0.9754404046187614,261975
CO3985110606520200814,subsetted_512x512_HLS.S30.T13TDE.2020247.v1.4,4,0.2,0.24285956976917034,0.39080773995130497,0.2670394844373876,0.7284162924747619,0.28570468473408794,0.5718025508369182,0.23958341281043757,0.6535230610765651,262130
CO3991410379420200820,subsetted_512x512_HLS.S30.T13TEE.2020249.v1.4,3,0.11,0.028106087011629012,0.054675460765579734,0.028106087011629012,1.0,0.06923167281447246,0.728641217903515,0.027069091796875,0.963104248046875,262144
CO3991610764020180729,subsetted_512x512_HLS.S30.T13TBE.2018220.v1.4,3,0.11,0.0978400954653938,0.1782410678376939,0.09836399918419905,0.9483729179518815,0.12300162301363043,0.563928377574667,0.09904983043597812,0.9549853350035135,261848
CO4014010460020200719,subsetted_512x512_HLS.S30.T13TEE.2020214.v1.4,1,0.02,0.04010796221322537,0.07712269047124766,0.040147472026867505,0.976050929668553,0.048935110261238826,0.5949238405412933,0.037750244140625,0.9177703857421875,262144
CO4019210820120180720,subsetted_512x512_HLS.S30.T12TYK.2018220.v1.4,2,0.01,0.11196350818992329,0.20137982472496738,0.1119972450712603,0.9973167926961006,0.1517712780455329,0.5848933393585983,0.10947036743164062,0.9748153686523438,262144
CO4037010225020180404,subsetted_512x512_HLS.S30.T13TGE.2018136.v1.4,5,0.42000000000000004,0.036202963100093105,0.06987620068520503,0.036549434360536065,0.7924910607866508,0.048523701513491606,0.6085130516869064,0.03200531005859375,0.6939620971679688,262144
CO4065310857420180913,subsetted_512x512_HLS.S30.T12TYL.2018290.v1.4,2,0.01,0.1515642151481888,0.2632318947644353,0.1517248145677171,0.9930646528473454,0.23169063422665134,0.6240753345295689,0.14850997924804688,0.9720230102539062,262144
CO4069910400320190319,subsetted_512x512_HLS.S30.T13TEF.2019109.v1.4,1,0.02,0.020151768632881602,0.03950739341438823,0.020160725225531848,0.9784298484259619,0.032994513950983774,0.6307869612448074,0.01963043212890625,0.9526939392089844,262144
CO4078210783620180629,subsetted_512x512_HLS.S30.T13TBF.2018190.v1.4,5,0.42000000000000004,0.2864969259361701,0.4453907664453832,0.31364247276127133,0.7679930278236664,0.33894560019844056,0.5493800427703692,0.2932624816894531,0.7180900573730469,262144
FL2616308144920180212,subsetted_512x512_HLS.S30.T17RMJ.2018064.v1.4,5,0.42000000000000004,0.03225656326433524,0.06249718221665623,0.03252414023233018,0.7967811981095926,0.030320135321577964,0.5282266056317868,0.02986629027028058,0.7316687966124326,262135
FL2623908094820200410,subsetted_512x512_HLS.S30.T17RNK.2020126.v1.4,4,0.2,0.010520282416694891,0.020821516598430394,0.010555372574852178,0.759879563417388,0.014385830635674356,0.5844394729548477,0.01013866735860432,0.7298810223378843,262066
FL2634008064020190119,subsetted_512x512_HLS.S30.T17RNK.2019081.v1.4,1,0.02,0.013433726819310982,0.026511307969733937,0.01344646664019522,0.9341189073379753,0.02681715113073058,0.6229535287187496,0.014245003376226029,0.9895928309559869,262127
FL2751908119020180204,subsetted_512x512_HLS.S30.T17RML.2018064.v1.4,3,0.11,0.025139241784314054,0.049045516471611705,0.0251823571798794,0.9362368792104027,0.032330844540560455,0.555246366396916,0.024356738646813935,0.9055417972014363,262063
FL2783908058120190308,subsetted_512x512_HLS.S30.T17RNL.2019111.v1.4,5,0.42000000000000004,0.02455649428689304,0.04793585209566161,0.024621859319076993,0.9024390243902439,0.0290991665691681,0.6801756482347889,0.01736976492994462,0.6366356624059663,262007
FL2861908074420191120,subsetted_512x512_HLS.S30.T17RNM.2019349.v1.4,4,0.2,0.032242223495370925,0.06247026669029784,0.03234125163589652,0.9132687849447703,0.04416563044680974,0.6240335167130586,0.027973922033135347,0.7899419006092234,262137
FL3005608509020190916,subsetted_512x512_HLS.S30.T16RFU.2019305.v1.4,1,0.02,0.014169029452217945,0.027942145817391108,0.014170771630791458,0.9913978494623656,0.014877369811509188,0.5443689903506083,0.014190673828125,0.9927902221679688,262144
FL3011008549020190330,subsetted_512x512_HLS.S30.T16RFU.2019105.v1.4,4,0.2,0.014438267902524688,0.02846554267393239,0.014522137708425328,0.7142857142857143,0.016219480950470322,0.5675471628151112,0.012470768655606123,0.6133870973894932,262133
FL3037408463920190911,subsetted_512x512_HLS.S30.T16RGU.2019277.v1.4,1,0.02,0.03985953267601829,0.07666330196241428,0.039891398381017115,0.9803530751708428,0.05373165826171725,0.5675311557428117,0.04020100502512563,0.9879618288862688,262083
GA3239508464820180322,subsetted_512x512_HLS.S30.T16SGA.2018107.v1.4,4,0.2,0.014145645826041988,0.027896675165469106,0.01419071524768248,0.8166465621230398,0.017767182145711772,0.5546545991788159,0.012773448484404913,0.7350857662335661,259601
ID4209111416920200912,subsetted_512x512_HLS.S30.T12TTM.2020306.v1.4,2,0.01,0.5176232264988005,0.682149847815616,0.5243883704716175,0.9756825094360365,0.554458600406208,0.5279833015836347,0.5204963684082031,0.9684410095214844,262144
ID4218811351720180726,subsetted_512x512_HLS.S30.T11TQG.2018221.v1.4,4,0.2,0.033726666745412096,0.06525258142289629,0.033726666745412096,1.0,0.04297940500175432,0.5466597798283417,0.03267669677734375,0.9688682556152344,262144
ID4223511346220180922,subsetted_512x512_HLS.S30.T11TQG.2018291.v1.4,5,0.42000000000000004,0.22116375412697412,0.3622180127432409,0.24436118614039673,0.6996756756756757,0.271315819887851,0.5422802383329067,0.22935867309570312,0.6567192077636719,262144
ID4229111562520190723,subsetted_512x512_HLS.S30.T11TPG.2019214.v1.4,1,0.02,0.18289335992260153,0.3092305124353196,0.18372916856749563,0.975730507510481,0.19443123469947032,0.5233108518254554,0.18107223510742188,0.9616203308105469,262144
ID4229611529420200814,subsetted_512x512_HLS.S30.T11TPG.2020249.v1.4,5,0.42000000000000004,0.08920603817856185,0.1638001168773132,0.09572437807613754,0.5671043757686357,0.10159099394519176,0.5095121404340008,0.09615707397460938,0.5696678161621094,262144
ID4235511352920201010,subsetted_512x512_HLS.S30.T11TQG.2020306.v1.4,5,0.42000000000000004,0.07892711937608904,0.14630667439656203,0.08050248864539715,0.8013204979587722,0.09079507120946538,0.5581902703755559,0.07568740844726562,0.7533912658691406,262144
ID4247711313220180717,subsetted_512x512_HLS.S30.T12TUN.2018216.v1.4,3,0.11,0.04270582323358222,0.08191346453047563,0.042739138010232366,0.9820746132848044,0.07117027441047266,0.6201050534898335,0.04192352294921875,0.9633331298828125,262144
ID4253711500720210703,subsetted_512x512_HLS.S30.T11TPH.2021238.v1.4,2,0.01,0.0976978100928885,0.1780049284868687,0.09774462669683258,0.9951213660175151,0.1295623080398757,0.5893304280060989,0.09539413452148438,0.97119140625,262144
ID4254611249720210721,subsetted_512x512_HLS.S30.T12TUN.2021215.v1.4,4,0.2,0.0282869015127808,0.05501752763973959,0.0282869015127808,1.0,0.03923280376154184,0.6396665658531704,0.027240753173828125,0.9630165100097656,262144
ID4254811347120200723,subsetted_512x512_HLS.S30.T11TQH.2020216.v1.4,4,0.2,0.04026184989979783,0.07740714494850698,0.040348944716504534,0.9491155046826223,0.038804154343702456,0.5522536625991006,0.03665924072265625,0.8623237609863281,262144
ID4257811155220180922,subsetted_512x512_HLS.S30.T12TVN.2018291.v1.4,2,0.01,0.017907109110376095,0.03518417142410261,0.017907251660769227,0.9995556542990447,0.02228128306294888,0.6239617582865626,0.017192185023204295,0.9596417180726113,261805
ID4261911561220210806,subsetted_512x512_HLS.S30.T11TPH.2021263.v1.4,5,0.42000000000000004,0.047739188709741004,0.09112800060200166,0.049420502775057135,0.5838958534233365,0.04613015838342179,0.5660773793131038,0.03956142894202744,0.46741236971814865,262124
ID4262311348620200808,subsetted_512x512_HLS.S30.T11TQH.2020251.v1.4,1,0.02,0.023248209789752478,0.0454400204512047,0.02327551283467757,0.9519665271966528,0.030843397386703005,0.565895789473839,0.022792816162109375,0.9322242736816406,262144
ID4268511284420210614,subsetted_512x512_HLS.S30.T12TUN.2021205.v1.4,3,0.11,0.07054182852108445,0.13178715047227157,0.0707083276466952,0.967697632258419,0.08763170582648029,0.5761994799291902,0.06943893432617188,0.9503250122070312,262144
ID4268911299220180609,subsetted_512x512_HLS.S30.T12TUN.2018186.v1.4,1,0.02,0.019511854673074237,0.038276856877414306,0.019573033820242138,0.8619246861924686,0.024525612879539072,0.6174577173447279,0.017322540283203125,0.7628211975097656,262144
ID4274811621820200722,subsetted_512x512_HLS.S30.T11TNH.2020217.v1.4,3,0.11,0.03434406068497964,0.06640742087741244,0.03437745686266396,0.9724920987943345,0.03995926830093695,0.5964046638230189,0.032588958740234375,0.9218978881835938,262144
ID4275711555220180822,subsetted_512x512_HLS.S30.T11TPH.2018244.v1.4,2,0.01,0.1560930938804901,0.27003550960858186,0.15715771722170563,0.9584064204531801,0.1734138313020249,0.5267157182945958,0.15875625610351562,0.9681549072265625,262144
ID4284111556820200530,subsetted_512x512_HLS.S30.T11TPH.2020174.v1.4,5,0.42000000000000004,0.05303686125421492,0.10073125301814335,0.05368851956710912,0.8137655582389003,0.07206529974157617,0.6732959838799708,0.04106903076171875,0.6224899291992188,262144
ID4284311240020200719,subsetted_512x512_HLS.S30.T12TUN.2020216.v1.4,3,0.11,0.02753402192364128,0.05359242873942992,0.02755667444127701,0.971010291346572,0.07239493236487936,0.7192123206970493,0.026317696829593007,0.9273526281457067,262143
ID4286811517820190809,subsetted_512x512_HLS.S30.T11TPH.2019244.v1.4,2,0.01,0.02701012191140082,0.05259952426005585,0.02701012191140082,1.0,0.025169414204482123,0.4973657243526632,0.02619171142578125,0.9696998596191406,262144
ID4291611449620170710,subsetted_512x512_HLS.S30.T11TQH.2019221.v1.4,1,0.02,0.109011137360783,0.19659160073037127,0.1106127724445721,0.8827470686767169,0.12438050683398574,0.5659005292462956,0.0993074828621707,0.7925250172910411,228442
ID4292211511120200819,subsetted_512x512_HLS.S30.T11TPH.2020249.v1.4,1,0.02,0.02554913615250284,0.04982527945633917,0.025556625036144483,0.9886607416487895,0.04074850352107514,0.6591978425816583,0.02489471435546875,0.9630546569824219,262144
ID4292911199020180813,subsetted_512x512_HLS.S30.T12TVN.2018246.v1.4,3,0.11,0.042462059749928414,0.08146494992846924,0.042476756537410336,0.991917502787068,0.0890772807834952,0.5819357553218164,0.0410614013671875,0.9588661193847656,262144
ID4295011487620200703,subsetted_512x512_HLS.S30.T11TPH.2020219.v1.4,4,0.2,0.019726063306900847,0.038688946015424164,0.019731666812341578,0.9858078602620087,0.018047582092888977,0.5496868646171564,0.0174713134765625,0.8728790283203125,262144
ID4298011230820180816,subsetted_512x512_HLS.S30.T12TUN.2018246.v1.4,4,0.2,0.04644600144962551,0.0887690361189867,0.04672574631400363,0.8858169753939729,0.06795305457227681,0.6241536443773609,0.041393280029296875,0.7847251892089844,262144
ID4298311481320200606,subsetted_512x512_HLS.S30.T11TPH.2020184.v1.4,5,0.42000000000000004,0.023241777392398393,0.04542773351499996,0.023704859756361902,0.5433227344992051,0.03159074274474988,0.6129044503181753,0.019195556640625,0.4399681091308594,262144
ID4299311311120190906,subsetted_512x512_HLS.S30.T12TUN.2019276.v1.4,3,0.11,0.17448737667723213,0.29712942027674777,0.1762857523062196,0.9447639642955737,0.21913479538232886,0.6078359476853987,0.1658172607421875,0.8886604309082031,262144
ID4302611590820180704,subsetted_512x512_HLS.S30.T11TNH.2018217.v1.4,4,0.2,0.04443774281101985,0.08509409606630886,0.04462873966123134,0.9121529358215749,0.04376463635506608,0.5307761860529832,0.041904449462890625,0.8564720153808594,262144
ID4304311477420180717,subsetted_512x512_HLS.S30.T11TPH.2018219.v1.4,5,0.42000000000000004,0.1896280775275013,0.3188022897402025,0.31671907040328096,0.32091309527107514,0.29858688920274395,0.5626585901374527,0.27539825439453125,0.27904510498046875,262144
ID4316911383020180716,subsetted_512x512_HLS.S30.T11TQH.2018219.v1.4,3,0.11,0.0724972889047175,0.1351934212882813,0.07256959743641098,0.9864423391048677,0.09655495287253757,0.6210977343826054,0.07006072998046875,0.9523391723632812,262144
ID4319611377420190801,subsetted_512x512_HLS.S30.T11TQH.2019244.v1.4,5,0.42000000000000004,0.09213480552012329,0.1687242363386534,0.09482932740860432,0.7642918701522551,0.1003291952051679,0.5940809730391088,0.07967376708984375,0.6421432495117188,262144
ID4328311224320210421,subsetted_512x512_HLS.S30.T12TUN.2021150.v1.4,2,0.01,0.018306457286235762,0.03595471118787181,0.018306457286235762,1.0,0.028260807950350214,0.6640988492620179,0.0178680419921875,0.9760513305664062,262144
ID4345211594520190815,subsetted_512x512_HLS.S30.T11TNJ.2019244.v1.4,3,0.11,0.02202364314957005,0.04309810892769524,0.022032427720231756,0.982218148487626,0.052622317278531915,0.7321682746623818,0.020809173583984375,0.9276847839355469,262144
ID4345611483420200806,subsetted_512x512_HLS.S30.T11TPJ.2020249.v1.4,3,0.11,0.035939577725164595,0.0693854709250222,0.03595707054318904,0.986644407345576,0.040145215731464505,0.5511434952569273,0.034275054931640625,0.94049072265625,262144
ID4346711414520180729,subsetted_512x512_HLS.S30.T11TQJ.2018219.v1.4,3,0.11,0.7572072735161268,0.8618303428723857,0.8120030574687814,0.9181725516353746,0.8075217253986072,0.505644757370763,0.8121056526615346,0.9182885611615079,262142
ID4369611305520200702,subsetted_512x512_HLS.S30.T12TUP.2020241.v1.4,1,0.02,0.11102502295684114,0.19986052638375906,0.11706434454254437,0.6827486412084421,0.12328250396804866,0.5445310238530846,0.10808563232421875,0.6303825378417969,262144
ID4371511252320190722,subsetted_512x512_HLS.S30.T12TUP.2019226.v1.4,4,0.2,0.8978130391373038,0.9461554121742426,0.9357494567709268,0.9567954080343093,0.9264595585314362,0.46757818606669815,0.9357376098632812,0.9567832946777344,262144
ID4401511615420180725,subsetted_512x512_HLS.S30.T11TNJ.2018217.v1.4,1,0.02,0.07804170571149727,0.14478420509713116,0.0781401469288598,0.9841137533709242,0.09433183644535117,0.5622445847473336,0.07780104751986511,0.9798430627558241,262143
ID4409311186520180726,subsetted_512x512_HLS.S30.T12TVP.2018221.v1.4,2,0.01,0.8134026374049476,0.8971009754005427,0.8344069798212388,0.9699814967010868,0.8519056056547879,0.5662417872792085,0.8308372497558594,0.9658317565917969,262144
ID4414411669220190714,subsetted_512x512_HLS.S30.T11TNJ.2019217.v1.4,4,0.2,0.027977373490292005,0.054431885782272454,0.02797883683035265,0.9981340605712645,0.04780801321307328,0.6297428400268691,0.026576995849609375,0.9481239318847656,262144
ID4447411719020180725,subsetted_512x512_HLS.S30.T11TMK.2018217.v1.4,5,0.42000000000000004,0.023074828792226016,0.04510878020421365,0.023123449587186193,0.9164864415238729,0.022665620973793432,0.49422609462321304,0.022930145263671875,0.9088249206542969,262144
ID4453211532920210810,subsetted_512x512_HLS.S30.T11TPK.2021268.v1.4,2,0.01,0.6451652865366673,0.7843166784716715,0.6628298697424679,0.9603309976028028,0.6774913210555727,0.5213057718244634,0.6619873046875,0.9591102600097656,262144
ID4458311709720180915,subsetted_512x512_HLS.S30.T11TMK.2018292.v1.4,4,0.2,0.031101912248425043,0.06032752316520117,0.03196922702234193,0.5341072283389181,0.03570067278920324,0.5333242442821535,0.031880231661999346,0.5326203902238026,262106
ID4467611644820180726,subsetted_512x512_HLS.S30.T11TNK.2018222.v1.4,1,0.02,0.5607990702063267,0.7186050798097836,0.5659089061695614,0.9841541236974609,0.5882876351312647,0.5379232764083945,0.5667069760699476,0.9855420215992279,262139
ID4532811445320190804,subsetted_512x512_HLS.S30.T11TPL.2019244.v1.4,4,0.2,0.0945226522749809,0.17271940800588131,0.09469929847847595,0.9806476094105743,0.14065196067095642,0.6418798046108378,0.09048285754615129,0.9369847440362877,262127
ID4558511544420210705,subsetted_512x512_HLS.S30.T11TPL.2021223.v1.4,1,0.02,0.5982923084618847,0.7486644405335978,0.6059257469535363,0.9793776769967246,0.6064388999484808,0.5159598140405707,0.6058894469293358,0.9793190040759003,262028
ID4645911452820210707,subsetted_512x512_HLS.S30.T11TPM.2021223.v1.4,5,0.42000000000000004,0.19767618364220957,0.3300995483454696,0.28668060878353363,0.38901788260214265,0.27938922924313225,0.5018269842354465,0.2809410095214844,0.3812294006347656,262144
KS3702809890220200325,subsetted_512x512_HLS.S30.T14SNG.2020118.v1.4,5,0.42000000000000004,0.10624732966746384,0.192086031429159,0.11021700339607436,0.7468309996489723,0.14606898070598684,0.6018930470898842,0.09780502319335938,0.6627273559570312,262144
KS3786109647720200108,subsetted_512x512_HLS.S30.T14SQG.2020085.v1.4,4,0.2,0.031951011226593905,0.061923503885356744,0.03197711989126945,0.9750826341215357,0.0425085319121696,0.5896697959927197,0.03000675209143171,0.9149999427788862,262141
KS3919209595820201118,subsetted_512x512_HLS.S30.T14SQJ.2020340.v1.4,2,0.01,0.04953217865479296,0.0943890614545604,0.04953217865479296,1.0,0.06131332648729311,0.5614294805498259,0.04816436767578125,0.9723854064941406,262144
KS3921209676120191113,subsetted_512x512_HLS.S30.T14SPJ.2019345.v1.4,3,0.11,0.1507832051891518,0.2620531903997815,0.15104252756853762,0.9887417559769167,0.19515880552009318,0.6128762519446331,0.1480712890625,0.9692916870117188,262144
KY3760808261720190917,subsetted_512x512_HLS.S30.T17SLB.2019287.v1.4,3,0.11,0.02400294200287589,0.046880611409041206,0.024010482110971496,0.9870858113848768,0.027768959863233765,0.605184473147091,0.022454461512633257,0.923116839510695,262086
LA2991209334620210223,subsetted_512x512_HLS.S30.T15RVP.2021063.v1.4,1,0.02,0.01592423268234765,0.03134925257231606,0.015928442350638793,0.9836744639376218,0.019453995709015792,0.606371157190976,0.015655517578125,0.9668197631835938,262144
LA3111809256120210309,subsetted_512x512_HLS.S30.T15RWQ.2021098.v1.4,1,0.02,0.04344595666626679,0.08327399495623794,0.04350960141066135,0.9674278328306765,0.046951427163421,0.5210654832316518,0.04427040615856473,0.984344183810879,262139
MN4771209630220210329,subsetted_512x512_HLS.S30.T14TQT.2021112.v1.4,4,0.2,0.18898865336038573,0.31789816130920256,0.1967196921948053,0.8278503562945368,0.21022078117993562,0.5289772114804516,0.1927207113728871,0.8110215494714677,262141
MN4796109539420210307,subsetted_512x512_HLS.S30.T14UQU.2021112.v1.4,1,0.02,0.10886865654182833,0.19635987706849142,0.10917387428249684,0.9749633354284517,0.1382221584006103,0.5564693238922845,0.10925446929292466,0.9756830788716705,262122
MN4823209549720190530,subsetted_512x512_HLS.S30.T14UQU.2019163.v1.4,2,0.01,0.011036176516450958,0.021831417654067268,0.011036176516450958,1.0,0.022788309196001978,0.5682136837879496,0.010799407958984375,0.978546142578125,262144
MN4866009654320210321,subsetted_512x512_HLS.S30.T14UPU.2021112.v1.4,5,0.42000000000000004,0.011111111111111112,0.02197802197802198,0.011174829778755696,0.6608606557377049,0.010520055971559417,0.4966042345615924,0.011169689247648185,0.6605566533657844,262138
MN4884009637020180429,subsetted_512x512_HLS.S30.T14UPV.2018136.v1.4,5,0.42000000000000004,0.048590664193993514,0.09267804082795848,0.04885732970412528,0.8990161801772502,0.04782640318439755,0.5246565263340741,0.046916961669921875,0.863311767578125,262144
MO3686909295920190323,subsetted_512x512_HLS.S30.T15SVA.2019092.v1.4,5,0.42000000000000004,0.04737230051596862,0.09045933426467653,0.04790325900132941,0.8103886327279571,0.04340739890430524,0.5492802629324192,0.040538787841796875,0.6858024597167969,262144
MO3691709150920180412,subsetted_512x512_HLS.S30.T15SXA.2018154.v1.4,5,0.42000000000000004,0.019440631667640623,0.03813980150239624,0.019565336324096617,0.7530929191892604,0.016369623955871444,0.5945437830204438,0.01449231133101141,0.5578261914480486,262139
MO3743109121220190409,subsetted_512x512_HLS.S30.T15SXB.2019134.v1.4,5,0.42000000000000004,0.0180621489228907,0.03548339154343464,0.018085836706673294,0.9323895533317061,0.04941576380598091,0.6742443569797378,0.015628814697265625,0.8057212829589844,262144
MS3041208915720200426,subsetted_512x512_HLS.S30.T16RBU.2020123.v1.4,3,0.11,0.0249497662469447,0.04868485669947158,0.024957202988741867,0.9881977671451355,0.042449561819923855,0.6535520233187937,0.02391815185546875,0.9470558166503906,262144
MT4485811343720200811,subsetted_512x512_HLS.S30.T11TQK.2020249.v1.4,3,0.11,0.2613651976433126,0.41441637700427686,0.2643098537446518,0.9591167922178065,0.2957563314078533,0.5567877155414589,0.2572479248046875,0.9334907531738281,262144
MT4504710573520200722,subsetted_512x512_HLS.S30.T13TDK.2020217.v1.4,3,0.11,0.1894541397656744,0.3185564427107671,0.1914793149909835,0.9471257424745797,0.23884859659818705,0.5497039306373898,0.18945693969726562,0.9371223449707031,262144
MT4515311193120180811,subsetted_512x512_HLS.S30.T12TVR.2018246.v1.4,5,0.42000000000000004,0.07918063779696083,0.14674213940420608,0.0799193515722393,0.895466693560587,0.09655358323046559,0.572179076881106,0.07565128158176831,0.8476445522760999,262137
MT4529310571720200614,subsetted_512x512_HLS.S30.T13TDL.2020187.v1.4,1,0.02,0.04374222443393879,0.08381806045580242,0.043758374783759456,0.9916329792234653,0.05258384383077504,0.5878126837565862,0.040576934814453125,0.9195365905761719,262144
MT4541710565520201006,subsetted_512x512_HLS.S30.T13TDL.2020307.v1.4,1,0.02,0.061248690633832044,0.11542759237187128,0.06133014577536424,0.9787758195944666,0.07975719409961692,0.574006256474388,0.060390472412109375,0.9637794494628906,262144
MT4555711165420200823,subsetted_512x512_HLS.S30.T12TVR.2020256.v1.4,4,0.2,0.03226538672653661,0.06251374334821946,0.03230258156215912,0.9655427936272694,0.03838833137156208,0.5770188783317913,0.030887721587072703,0.9232518129417913,262143
MT4564010610720200825,subsetted_512x512_HLS.S30.T13TDL.2020245.v1.4,2,0.01,0.032305525613891536,0.0625890781601311,0.03232014735342388,0.9861895040230575,0.04927083780327572,0.5796223691409949,0.031764984130859375,0.9692497253417969,262144
MT4568311385420210708,subsetted_512x512_HLS.S30.T11TQL.2021223.v1.4,1,0.02,0.8870074832009774,0.9401207902963106,0.8975275255939733,0.9869580917181758,0.8960901945057641,0.48914686707291094,0.897998344351913,0.9874758233415861,262133
MT4569810891520200802,subsetted_512x512_HLS.S30.T12TXR.2020283.v1.4,4,0.2,0.03962842878218325,0.07623575440045217,0.03975234734914676,0.9270741932338891,0.04539130874047986,0.5127064963572088,0.039127349853515625,0.9124984741210938,262144
MT4571210446620201012,subsetted_512x512_HLS.S30.T13TEL.2020307.v1.4,1,0.02,0.05795901842146697,0.10956760595121164,0.058647609076632454,0.8315476958822771,0.05993750688945297,0.5035183067928887,0.05910491943359375,0.8380317687988281,262144
MT4572011097420200904,subsetted_512x512_HLS.S30.T12TWR.2020283.v1.4,2,0.01,0.17547642303456015,0.29856221629959645,0.17867628776536934,0.9073934769759819,0.19201045516237197,0.5864887377031937,0.16182211826900503,0.8218009025380623,230018
MT4577311182220200929,subsetted_512x512_HLS.S30.T12TVR.2020281.v1.4,3,0.11,0.04338290325729719,0.0831581639336082,0.04381087582317915,0.8162115832006857,0.048361436778121734,0.6587522412268271,0.031156890796375774,0.5804635193133048,262125
MT4589610704320200803,subsetted_512x512_HLS.S30.T13TCL.2020245.v1.4,1,0.02,0.02671840020880809,0.05204620897682218,0.026965825388301806,0.744371416585093,0.023178746778965437,0.45227941465772714,0.027306295607546938,0.7537698420274858,261881
MT4590510631720200902,subsetted_512x512_HLS.S30.T13TDL.2020280.v1.4,4,0.2,0.48099690896012753,0.649558288812171,0.4953869071454886,0.9430481548394966,0.5553875947240031,0.5235349386126388,0.5004158020019531,0.9526214599609375,262144
MT4599210727920200923,subsetted_512x512_HLS.S30.T13TCL.2020280.v1.4,2,0.01,0.16248306980120922,0.2795448364318883,0.16371122830613857,0.9558668197474167,0.20526701567971023,0.5475136538243834,0.16613006591796875,0.9699897766113281,262144
MT4609911223320200829,subsetted_512x512_HLS.S30.T12TVS.2020256.v1.4,2,0.01,0.07594615089943946,0.14117091424315634,0.07602906706007115,0.9858433123604627,0.09472480960842602,0.5586280503558604,0.07541797892980556,0.9779195383384931,261317
MT4620510572420200806,subsetted_512x512_HLS.S30.T13TDM.2020250.v1.4,3,0.11,0.022089216493603004,0.043223656285862506,0.02213589888092746,0.9128486055776892,0.030549143497757267,0.519950561126829,0.022979736328125,0.9476470947265625,262144
MT4630410839320200902,subsetted_512x512_HLS.S30.T12TXS.2020278.v1.4,3,0.11,0.48940969656427685,0.6571861290996449,0.49795220627515224,0.9661340969988254,0.5330788621943239,0.5305559933162525,0.4968605041503906,0.9640159606933594,262144
MT4635510649020200715,subsetted_512x512_HLS.S30.T13TCM.2020215.v1.4,3,0.11,0.025391215094839395,0.04952493198898908,0.025406777625470552,0.9764443737068279,0.05835176246784392,0.6981458297591991,0.023967742919921875,0.9211387634277344,262144
MT4637510768820200827,subsetted_512x512_HLS.S30.T12TYS.2020248.v1.4,1,0.02,0.02172039439871591,0.042517296351901435,0.021728297409531343,0.983530254206946,0.050731327189961345,0.723002438138002,0.02130889892578125,0.9645462036132812,262144
MT4649511207120200613,subsetted_512x512_HLS.S30.T12TVS.2020191.v1.4,2,0.01,0.020955289394655345,0.04105035668521812,0.020955289394655345,1.0,0.028416676681112973,0.5827572478518137,0.02046966552734375,0.9768257141113281,262144
MT4674110768520200902,subsetted_512x512_HLS.S30.T12TYS.2020278.v1.4,1,0.02,0.05635597412104545,0.10669883164704429,0.05647015907757212,0.9653629770216228,0.06544961311076862,0.5060541915066384,0.056278228759765625,0.9620819091796875,262144
MT4675110703320200807,subsetted_512x512_HLS.S30.T13TCM.2020250.v1.4,3,0.11,0.09592128144992741,0.1750514075664659,0.095931995149349,0.9988370644183245,0.19791474333088707,0.7320052693532088,0.09184646606445312,0.956298828125,262144
MT4675311196320190726,subsetted_512x512_HLS.S30.T12TVS.2019216.v1.4,3,0.11,0.07344275262013052,0.1368359000810552,0.07346134675179797,0.9965654180530213,0.10029179328327972,0.6121323290961138,0.07108306884765625,0.9643020629882812,262144
MT4712810977820200902,subsetted_512x512_HLS.S30.T12TWT.2020276.v1.4,3,0.11,0.09264472884808583,0.16957886932883662,0.09271099490170989,0.992344009187189,0.11050534301837661,0.561773980019365,0.08968734741210938,0.9599800109863281,262144
MT4715410847520180825,subsetted_512x512_HLS.S30.T12TXT.2018248.v1.4,2,0.01,0.02913686685607916,0.05662389094093904,0.029155033409668414,0.9790624176981828,0.03613838127647575,0.5354695754026778,0.02896881103515625,0.972808837890625,262144
MT4730311448320200727,subsetted_512x512_HLS.S30.T11TPN.2020217.v1.4,4,0.2,0.0650189701897019,0.12209917759140135,0.0653251664168961,0.9327569047026624,0.09354976055988941,0.6153769784274813,0.0613250732421875,0.875640869140625,262144
MT4736310474020180809,subsetted_512x512_HLS.S30.T13TEN.2018245.v1.4,3,0.11,0.02427964395588931,0.04740823289647434,0.02427964395588931,1.0,0.03834555187387829,0.6103081703650097,0.023693084716796875,0.9758415222167969,262144
MT4738010691520200902,subsetted_512x512_HLS.S30.T13TCN.2020278.v1.4,5,0.42000000000000004,0.2730608273023605,0.42898315845752855,0.6419918236713466,0.3221093833309288,0.6316611165058515,0.5268049096749545,0.6081428527832031,0.3051261901855469,262144
MT4743511435720190723,subsetted_512x512_HLS.S30.T11TPN.2019214.v1.4,2,0.01,0.09208126761932536,0.16863446036402996,0.0923383464803341,0.9706521293601672,0.11987267295508365,0.5742149442648778,0.09306716918945312,0.9783134460449219,262144
MT4747210794120190812,subsetted_512x512_HLS.S30.T12TYT.2019248.v1.4,4,0.2,0.030637305231340402,0.0594531268678722,0.030708687347691496,0.929479192623972,0.0493790498769667,0.5585227964490468,0.03061676025390625,0.92669677734375,262144
MT4758010779320180720,subsetted_512x512_HLS.S30.T12TYT.2018213.v1.4,2,0.01,0.04042337042549673,0.07770561787547119,0.04049815971249699,0.9563111318118305,0.04484604327207129,0.5326573772092864,0.040950775146484375,0.9669990539550781,262144
MT4758110954820200807,subsetted_512x512_HLS.S30.T12TXT.2020248.v1.4,5,0.42000000000000004,0.02252821670428894,0.04406375557419753,0.027780870727090526,0.10646468956688714,0.022778845137891225,0.5704429319178157,0.017879486083984375,0.06851959228515625,262144
MT4762510936620180903,subsetted_512x512_HLS.S30.T12TXT.2018293.v1.4,5,0.42000000000000004,0.02848473041342708,0.055391644758744994,0.028525483750820292,0.9522399842115651,0.059853326247078904,0.7926785113834758,0.01933165209893594,0.6453307593405797,262109
MT4783310693320200821,subsetted_512x512_HLS.S30.T13UCP.2020248.v1.4,3,0.11,0.05702037065527895,0.10788887752452735,0.05714988247453615,0.9617758451395708,0.10416624198760674,0.6877879917882288,0.05438995361328125,0.9153289794921875,262144
MT4801910865120210816,subsetted_512x512_HLS.S30.T12UXU.2021250.v1.4,3,0.11,0.19153970324834707,0.3214994896538925,0.19300356506238858,0.9619100499722376,0.22823676412955246,0.539772657810712,0.19545175836041911,0.9741115952488184,184291
MT4818110588720200824,subsetted_512x512_HLS.S30.T13UDP.2020255.v1.4,2,0.01,0.04225274918865169,0.08107965984554824,0.04236303547457747,0.9419619479839414,0.043642254594060424,0.5115575005664993,0.04370880126953125,0.9718856811523438,262144
MT4831111365120180811,subsetted_512x512_HLS.S30.T11UQP.2018249.v1.4,4,0.2,0.021853471939362813,0.04277222231850401,0.022018806987491747,0.744270205066345,0.019318902284602223,0.5339895210680685,0.0189980749839582,0.6421647263727198,261816
MT4835010534020180831,subsetted_512x512_HLS.S30.T13UDP.2018290.v1.4,4,0.2,0.13513926842323434,0.23810165357234025,0.13550902142462237,0.9802084245555653,0.1914522240923792,0.5909074514251759,0.13068008422851562,0.9452781677246094,262144
NC3634008046020211127,subsetted_512x512_HLS.S30.T17SNA.2021348.v1.4,3,0.11,0.021198034721066135,0.041516011587030215,0.021198034721066135,1.0,0.043397649042131885,0.7498371679334851,0.018947255967279166,0.8938213479030584,262096
NE4165010345220200827,subsetted_512x512_HLS.S30.T13TFG.2020274.v1.4,4,0.2,0.05866531054950556,0.11082881429080742,0.05882493546228129,0.9557900187714415,0.11043007003478902,0.6107361657837433,0.058933258056640625,0.957550048828125,262144
NE4166810220320190321,subsetted_512x512_HLS.S30.T14TKM.2019144.v1.4,1,0.02,0.10562333694688085,0.19106567927293214,0.10592272234916468,0.9739376976482135,0.10747665823959256,0.5259663339371405,0.1049661571802483,0.9651422771982571,262094
NE4230710373320190405,subsetted_512x512_HLS.S30.T13TEG.2019157.v1.4,1,0.02,0.02577813531450745,0.050260644923190476,0.025786371920191238,0.9877606527651859,0.03778279579813101,0.6156920162624413,0.02524566650390625,0.9670486450195312,262144
NE4280510153220200928,subsetted_512x512_HLS.S30.T13TGH.2020304.v1.4,5,0.42000000000000004,0.06933618482145369,0.12968079787374018,0.07763808803604626,0.3933588761174968,0.07926288631269426,0.5190427141077412,0.07169946660358498,0.36327042969316353,262094
NJ3931607511120200409,subsetted_512x512_HLS.S30.T18SVJ.2020131.v1.4,3,0.11,0.02542827422553067,0.049595422448704636,0.02548616343236474,0.9179991198474402,0.05143932601837564,0.5743952736993018,0.026004791259765625,0.9366798400878906,262144
NJ3974007449020180422,subsetted_512x512_HLS.S30.T18TWK.2018121.v1.4,4,0.2,0.015519649744605441,0.0305649422903998,0.015519649744605441,1.0,0.014401223964260728,0.5225565340259776,0.014198357385091342,0.9148632616548983,262143
NJ3977007445020190330,subsetted_512x512_HLS.S30.T18TWK.2019093.v1.4,1,0.02,0.14079758615115806,0.2468406102193524,0.14090061776894516,0.9948333061402077,0.1676359223709708,0.5636783060821582,0.14028167724609375,0.9904632568359375,262144
NM3134910867820180516,subsetted_512x512_HLS.S30.T12RYV.2018152.v1.4,3,0.11,0.5809252608041885,0.7349180574275626,0.5944275037369208,0.9623704487667626,0.6111549435702064,0.5304282397385066,0.5911178588867188,0.9570121765136719,262144
NM3145210885920190207,subsetted_512x512_HLS.S30.T12RXV.2019062.v1.4,3,0.11,0.02701030513649786,0.05259987168854742,0.02701030513649786,1.0,0.05113868195153808,0.69538546884155,0.025646209716796875,0.9494972229003906,262144
NM3212110384520200729,subsetted_512x512_HLS.S30.T13SFR.2020216.v1.4,5,0.42000000000000004,0.04633811215098644,0.08857196658110425,0.04670889648468124,0.853744745892243,0.0797615675567748,0.6790598999697697,0.0399322509765625,0.7298812866210938,262144
NM3221210467920180522,subsetted_512x512_HLS.S30.T13SER.2018156.v1.4,1,0.02,0.08888951031071979,0.16326635433443518,0.08904674243636945,0.9805226281232098,0.11896327954281023,0.5870268577434012,0.08656692504882812,0.953216552734375,262144
NM3242610655220180624,subsetted_512x512_HLS.S30.T13SCR.2018214.v1.4,4,0.2,0.0864832090291593,0.15919842720153488,0.08652435591432808,0.9945312856036094,0.14279361964179843,0.6216467402894513,0.08370590209960938,0.9621353149414062,262144
NM3250010718420200606,subsetted_512x512_HLS.S30.T13SBS.2020217.v1.4,3,0.11,0.0210826073509979,0.041294616516273176,0.02110430730508972,0.9534968210717529,0.02766546539910691,0.5316230845775834,0.020999908447265625,0.9487800598144531,262144
NM3250810502620180615,subsetted_512x512_HLS.S30.T13SDS.2018214.v1.4,2,0.01,0.11292526034754641,0.2029341311064894,0.11329673083851564,0.9717846226193275,0.17565099303514228,0.5987804982137794,0.11356735229492188,0.9741058349609375,262144
NM3316110373620180331,subsetted_512x512_HLS.S30.T13SFS.2018136.v1.4,4,0.2,0.07786257739222162,0.14447588964560243,0.07803858140360566,0.971849668386146,0.12634305195782497,0.6106990323265009,0.07764816284179688,0.9669876098632812,262144
NM3317010361120180518,subsetted_512x512_HLS.S30.T13SFS.2018196.v1.4,5,0.42000000000000004,0.06905250555840602,0.12918449786025676,0.06991125815528276,0.8489786722739562,0.09319497740189905,0.678359780431026,0.05079670256310487,0.6168579744643191,262143
NM3349810333820180412,subsetted_512x512_HLS.S30.T13SFT.2018136.v1.4,4,0.2,0.424128479760505,0.5956323264201984,0.4353641456582633,0.9426418123439172,0.4518012884049467,0.5364314575644826,0.427703857421875,0.926055908203125,262144
NM3349910789720190605,subsetted_512x512_HLS.S30.T13SBT.2019202.v1.4,5,0.42000000000000004,0.07780746782926658,0.1443810145163921,0.08604422094922108,0.44836901465523066,0.07975801437272466,0.6134560111098177,0.056484222412109375,0.29433441162109375,262144
NM3358510552620180412,subsetted_512x512_HLS.S30.T13SDT.2018134.v1.4,1,0.02,0.0643519862833755,0.1209223773952582,0.06498396578125509,0.8687157789945247,0.07240954240244847,0.5580380746671999,0.061309814453125,0.8195991516113281,262144
NM3361010740620190713,subsetted_512x512_HLS.S30.T13SBT.2019237.v1.4,3,0.11,0.07520728208172554,0.13989355045310994,0.07522871858212293,0.9962254259501966,0.11256464010201732,0.6394488427033111,0.07276535034179688,0.9636039733886719,262144
NM3366710562920200804,subsetted_512x512_HLS.S30.T13SDT.2020249.v1.4,1,0.02,0.03468610571929811,0.06704662511184463,0.034726765741346546,0.9673464959861141,0.043184158809073156,0.5504561307878495,0.03516387939453125,0.979522705078125,262144
NM3380810573920190526,subsetted_512x512_HLS.S30.T13SDT.2019184.v1.4,2,0.01,0.05927534986208675,0.11191679268247703,0.05934583460458276,0.9803566813130008,0.08977614449718026,0.617967967822096,0.0590362548828125,0.9752426147460938,262144
NM3418210345020190410,subsetted_512x512_HLS.S30.T13SFT.2019171.v1.4,4,0.2,0.03364369707428663,0.06509728094799905,0.03365896160316715,0.9866996233521658,0.03937749374960499,0.5714303375261183,0.03240966796875,0.9500770568847656,262144
NM3436210506320180807,subsetted_512x512_HLS.S30.T13SDU.2018254.v1.4,4,0.2,0.04286595882715952,0.08220799320243984,0.042968626082542906,0.9472027972027972,0.10516587683239267,0.6135529903735137,0.04364013671875,0.962005615234375,262144
NM3470710514020180721,subsetted_512x512_HLS.S30.T13SDU.2018219.v1.4,4,0.2,0.04605796394368857,0.0880600607829567,0.04616331069730024,0.9527917955396387,0.10735772432743208,0.6595349119393743,0.04686737060546875,0.9673233032226562,262144
NM3534510752720190804,subsetted_512x512_HLS.S30.T13SBV.2019247.v1.4,5,0.42000000000000004,0.1224930314773268,0.2182517450751783,0.14873133635322403,0.4098029738720041,0.13967682138596318,0.5336379930396585,0.13417434692382812,0.3696937561035156,262144
NM3583110586320200818,subsetted_512x512_HLS.S30.T13SDV.2020269.v1.4,5,0.42000000000000004,0.0764198508271178,0.14198892888940504,0.07663475641095284,0.9646031662546679,0.08083532892697805,0.5523544781779455,0.07252883911132812,0.9129219055175781,262144
NM3592510438120200501,subsetted_512x512_HLS.S30.T13SEV.2020154.v1.4,2,0.01,0.11618890977443609,0.20818861172508157,0.11637165191266047,0.9866648930863623,0.14067569069605254,0.5664912307511025,0.11471176147460938,0.9725914001464844,262144
NM3613910422420200606,subsetted_512x512_HLS.S30.T13SEA.2020214.v1.4,2,0.01,0.023071289540571555,0.0451020173793209,0.023071289540571555,1.0,0.0264525549295691,0.5742196828170598,0.022472381591796875,0.9740409851074219,262144
NM3623610471320180404,subsetted_512x512_HLS.S30.T13SEA.2018144.v1.4,1,0.02,0.021603719878829683,0.042293737695849536,0.021603719878829683,1.0,0.035898728906780954,0.6975466151204329,0.019832611083984375,0.9180183410644531,262144
NM3636510508520180629,subsetted_512x512_HLS.S30.T13SDA.2018199.v1.4,5,0.42000000000000004,0.0284196896877126,0.05526866117536597,0.029308588887631548,0.48375046694060514,0.03484644402345642,0.49537287317654677,0.030654660798601435,0.5059679444849475,261983
NM3644910620720190713,subsetted_512x512_HLS.S30.T13SCA.2019227.v1.4,1,0.02,0.033883429039228266,0.06554593697418211,0.033898104871892806,0.9873838742975112,0.049928025862950094,0.634749783057637,0.033290697008457264,0.9696913002806361,261905
NM3655410312720190805,subsetted_512x512_HLS.S30.T13SFA.2019244.v1.4,3,0.11,0.03513238289205703,0.06787998032464339,0.03517097495633757,0.9697134764135527,0.06464348048535658,0.6443351979524365,0.035015106201171875,0.9654159545898438,262144
NM3690210301720180609,subsetted_512x512_HLS.S30.T13SFA.2018184.v1.4,3,0.11,0.06725963336322292,0.12604174515861652,0.0673332769773892,0.9839990587681628,0.10438804130094653,0.6264543305455142,0.06484603881835938,0.9476509094238281,262144
NM3692110306120180308,subsetted_512x512_HLS.S30.T13SFA.2018134.v1.4,1,0.02,0.44146441825437494,0.6125221166249694,0.4491074954584946,0.9628811162759193,0.45840529353119736,0.5012813270048866,0.4505424499511719,0.9659576416015625,262144
NM3694510319920200523,subsetted_512x512_HLS.S30.T13SFA.2020154.v1.4,4,0.2,0.021758064198309328,0.04258946410250476,0.021758064198309328,1.0,0.04923493603799824,0.7261360238723461,0.021060943603515625,0.9679603576660156,262144
NM3698710394020180607,subsetted_512x512_HLS.S30.T13SEB.2018189.v1.4,2,0.01,0.021452778060405887,0.042004444103900085,0.021503604854589815,0.9007558330594808,0.020623045560118645,0.4758572522506144,0.02321970202781328,0.9726407355830679,262105
NV3594511544620200720,subsetted_512x512_HLS.S30.T11SPV.2020236.v1.4,4,0.2,0.05071644968476214,0.09653689099466974,0.05073929961089494,0.991198591774684,0.07185963764042365,0.6157854721517546,0.04767608642578125,0.9313583374023438,262144
NV3599911559820210610,subsetted_512x512_HLS.S30.T11SPV.2021215.v1.4,4,0.2,0.019207029693989026,0.03769014367916169,0.019207029693989026,1.0,0.04553508129999168,0.6254761556319943,0.01857757568359375,0.9672279357910156,262144
NV3616411427620190725,subsetted_512x512_HLS.S30.T11SQA.2019226.v1.4,4,0.2,0.07063256314666773,0.1319454789214956,0.0708378985756444,0.96057911289448,0.12049917034585338,0.6069955792544188,0.07035064697265625,0.9539718627929688,262144
NV3630611561820200628,subsetted_512x512_HLS.S30.T11SPA.2020196.v1.4,3,0.11,0.0524364406779661,0.0996477101157524,0.052535117056856186,0.9654183397525199,0.08973414449225682,0.636013545741611,0.04655110588917457,0.85545238840018,262142
NV3660711406220200922,subsetted_512x512_HLS.S30.T11SQA.2020286.v1.4,4,0.2,0.02856364951520225,0.055540849666747,0.028576539510755332,0.9844537815126051,0.04172879034180774,0.6220632319641058,0.02723714627949737,0.9383120598759451,262142
NV3700011641620210517,subsetted_512x512_HLS.S30.T11SNB.2021153.v1.4,1,0.02,0.42727052497388834,0.5987239524640294,0.43889822626176916,0.9416151025302164,0.41301314081950213,0.48111009915501524,0.4358634948730469,0.9351043701171875,262144
NV3701011608020200727,subsetted_512x512_HLS.S30.T11SNB.2020234.v1.4,4,0.2,0.05324705082924439,0.10111027756939235,0.05325378323916393,0.9976313841598816,0.0953153886453491,0.6450713981729106,0.05153656005859375,0.9654617309570312,262144
NV3716311461020200708,subsetted_512x512_HLS.S30.T11SQB.2020241.v1.4,4,0.2,0.675486598009908,0.8063169216778342,0.7016047076780945,0.9477682398775868,0.7201488474203085,0.5187608692232348,0.7030258178710938,0.9496879577636719,262144
NV3721011487220190823,subsetted_512x512_HLS.S30.T11SPB.2019281.v1.4,5,0.42000000000000004,0.0678134896184103,0.12701373466005542,0.07030484000356538,0.6567899521199084,0.10079899826870116,0.6230441894912742,0.0549740217134225,0.5135689816969429,262142
NV3722911623920180728,subsetted_512x512_HLS.S30.T11SNB.2018224.v1.4,1,0.02,0.03490077231400919,0.067447572265256,0.034903502082477854,0.9977641140301845,0.048744533583982765,0.629582524288627,0.034122467041015625,0.9754371643066406,262144
NV3727011619820210825,subsetted_512x512_HLS.S30.T11SNB.2021268.v1.4,2,0.01,0.2427699963568998,0.39069175642888776,0.24466074023153717,0.9691493641117678,0.2877153137718995,0.5438212923921582,0.2465657270816405,0.9766953921041288,262137
NV3731011483320200719,subsetted_512x512_HLS.S30.T11SPB.2020241.v1.4,1,0.02,0.21294994049734942,0.3511273357415442,0.21401915975131933,0.977077313099438,0.2360948174222775,0.5438530384598625,0.21517562866210938,0.9823570251464844,262144
NV3746711499420200626,subsetted_512x512_HLS.S30.T11SPB.2020196.v1.4,1,0.02,0.3679881398226691,0.5379990207669066,0.3811157309691691,0.9144077859078316,0.4023602473561961,0.5380169371161382,0.3758888244628906,0.9018669128417969,262144
NV3788911411120200713,subsetted_512x512_HLS.S30.T11SQC.2020241.v1.4,4,0.2,0.11928024520899046,0.21313740811483475,0.12035183475369116,0.9305388843262367,0.11520601989226525,0.48841510556159057,0.12076568603515625,0.9337387084960938,262144
NV3833511422820200626,subsetted_512x512_HLS.S30.T11SQC.2020196.v1.4,4,0.2,0.08840617932180904,0.16245071187834553,0.08845248137916145,0.9941136823185801,0.11039281327704265,0.5865037954501646,0.08489608764648438,0.9541435241699219,262144
NV3881811941120180617,subsetted_512x512_HLS.S30.T11SKD.2018192.v1.4,5,0.42000000000000004,0.02547623262210482,0.04968663692373061,0.02685633083095296,0.33144375553587246,0.03128071951787625,0.5669707699373395,0.021533966064453125,0.2657585144042969,262144
NV3883311498820200624,subsetted_512x512_HLS.S30.T11SPD.2020184.v1.4,4,0.2,0.14364156112280144,0.2512003166127985,0.14467896218568047,0.9524549164143741,0.21078416826979382,0.5859259696290992,0.14490127563476562,0.95391845703125,262144
NV3884311963920200707,subsetted_512x512_HLS.S30.T11SKD.2020217.v1.4,1,0.02,0.3223809413740764,0.48757650883729875,0.32337256841665957,0.9905775399803501,0.31727472284259467,0.5090286191142537,0.3222618103027344,0.9871749877929688,262144
NV3887811956320200624,subsetted_512x512_HLS.S30.T11SKD.2020197.v1.4,2,0.01,0.04178751829945563,0.0802227278892087,0.04179293127541648,0.9969101123595505,0.06373192696975588,0.5799760307757621,0.040740966796875,0.9718170166015625,262144
NV3934011453020200511,subsetted_512x512_HLS.S30.T11SQD.2020196.v1.4,3,0.11,0.019011190927196102,0.037313016964804595,0.019039688020473657,0.9270174050632911,0.04610275342821518,0.7093273620383594,0.019287256525089454,0.939071190423511,262142
NV3974911820520190813,subsetted_512x512_HLS.S30.T11TLE.2019257.v1.4,2,0.01,0.02248015710342512,0.04397182076786498,0.02248015710342512,1.0,0.04472780489885418,0.6755619190727926,0.02196502685546875,0.9770851135253906,262144
NV3986111961620180727,subsetted_512x512_HLS.S30.T11TKE.2018215.v1.4,3,0.11,0.6400707427993937,0.7805404073081308,0.6647652727147949,0.9451465895263678,0.6643751820462569,0.5149571867298026,0.6646270751953125,0.9449501037597656,262144
NV4006311484620180813,subsetted_512x512_HLS.S30.T11TPE.2018244.v1.4,1,0.02,0.38713943398982303,0.5581838775591514,0.4025093989591371,0.9102207124426872,0.38462389745736725,0.46063787389311606,0.41100311279296875,0.9294281005859375,262144
NV4013411644020190722,subsetted_512x512_HLS.S30.T11TNE.2019224.v1.4,5,0.42000000000000004,0.030630555439636106,0.05944041786451796,0.0346397980131669,0.20926585887384178,0.03391830481336615,0.594320737558653,0.026760101318359375,0.16166305541992188,262144
NV4031211561920190804,subsetted_512x512_HLS.S30.T11TPE.2019269.v1.4,2,0.01,0.2838360762739522,0.44216871845153793,0.28636946270446983,0.9697742025407192,0.3285503080823642,0.5576946933894,0.2873747816069153,0.9731786588947975,262142
NV4040711826020180623,subsetted_512x512_HLS.S30.T11TLE.2018182.v1.4,3,0.11,0.02895847336623858,0.056286962235707935,0.02897057185147459,0.9857839155158408,0.06884914991557588,0.7091718623983441,0.02817535400390625,0.9587249755859375,262144
NV4048111917220180723,subsetted_512x512_HLS.S30.T11TLE.2018247.v1.4,1,0.02,0.06761914429274729,0.12667278336890844,0.06920643495696349,0.7467212195942159,0.0692919586065925,0.5164867122364258,0.06806182861328125,0.7343711853027344,262144
NV4056511665220180623,subsetted_512x512_HLS.S30.T11TNE.2018199.v1.4,4,0.2,0.02022786054419028,0.03965361332791035,0.02022786054419028,1.0,0.021356333015232806,0.5739189121150308,0.019153594970703125,0.9468917846679688,262144
NV4057511751220190723,subsetted_512x512_HLS.S30.T11TME.2019222.v1.4,1,0.02,0.028888697463526944,0.056155145905956494,0.028900579343410802,0.9859681945743686,0.05434827076069087,0.701134783188589,0.02859960175350759,0.975700084464947,261647
NV4061211588320180724,subsetted_512x512_HLS.S30.T11TNF.2018219.v1.4,3,0.11,0.04452606951061328,0.08525602339724246,0.04454100812482315,0.9925238695730499,0.06622386207783633,0.6153119596477027,0.04235076904296875,0.9437179565429688,262144
NV4061811574920200719,subsetted_512x512_HLS.S30.T11TPE.2020219.v1.4,3,0.11,0.10932813875204912,0.19710694236069592,0.10982702557741947,0.9601084288801788,0.12037888989912732,0.5528203482812633,0.10413742065429688,0.910369873046875,262144
NV4064611615820180823,subsetted_512x512_HLS.S30.T11TNF.2018244.v1.4,2,0.01,0.2204670088748056,0.3612830289907835,0.2221266669808209,0.9672206832871653,0.2659161254767637,0.5447432839848236,0.22309112548828125,0.9714202880859375,262144
NV4064811732520190722,subsetted_512x512_HLS.S30.T11TMF.2019227.v1.4,4,0.2,0.1150851029081972,0.20641492314451973,0.11542763998977244,0.9748625029523906,0.173232035266827,0.6451488113082644,0.11305618286132812,0.954833984375,262144
NV4067411551020180930,subsetted_512x512_HLS.S30.T11TPF.2018289.v1.4,4,0.2,0.16263237828566282,0.2797657820702865,0.1641395152827242,0.9465583378999786,0.17294610343965933,0.5281374486823155,0.1613847147669071,0.9306719780980359,260068
NV4067711610520180627,subsetted_512x512_HLS.S30.T11TNF.2018199.v1.4,2,0.01,0.02764307258412002,0.05379897616515531,0.02764307258412002,1.0,0.06161984669940286,0.6461271066957297,0.026920318603515625,0.9738540649414062,262144
NV4076011752020180724,subsetted_512x512_HLS.S30.T11TMF.2018222.v1.4,1,0.02,0.17171330479793764,0.29309781513072375,0.1745431814606602,0.9137265950069348,0.17754190772740386,0.4863286292086447,0.176025390625,0.9214859008789062,262144
NV4076611721820190808,subsetted_512x512_HLS.S30.T11TMF.2019257.v1.4,1,0.02,0.028845680733463448,0.05607387244489258,0.02892823659062125,0.9099728366317423,0.04728642317117139,0.606914618716323,0.029491424560546875,0.9276885986328125,262144
NV4083911966720200812,subsetted_512x512_HLS.S30.T11TKF.2020265.v1.4,1,0.02,0.23644273948244707,0.382456432364054,0.24022180496719345,0.9376162961512094,0.262404183746599,0.559225394821893,0.23371124267578125,0.9122047424316406,262144
NV4089711609720191014,subsetted_512x512_HLS.S30.T11TNF.2019314.v1.4,5,0.42000000000000004,0.037101991503955725,0.07154935928751269,0.04117290891791368,0.27285755230725134,0.03951724529284129,0.6370706202806238,0.02661895751953125,0.1764068603515625,262144
NV4099311562120210622,subsetted_512x512_HLS.S30.T11TPF.2021183.v1.4,3,0.11,0.028244581052222082,0.05493747610771529,0.028245725655791185,0.998567335243553,0.047544623323173434,0.6722881761778559,0.0266265869140625,0.9413261413574219,262144
NV4116511680820190722,subsetted_512x512_HLS.S30.T11TNF.2019224.v1.4,3,0.11,0.028822881387167716,0.056030793849191345,0.028822881387167716,1.0,0.04717964949937656,0.7116655887892208,0.02684783935546875,0.9314765930175781,262144
NV4124711727320200723,subsetted_512x512_HLS.S30.T11TMF.2020217.v1.4,4,0.2,0.020935468426654637,0.041012324625997985,0.020935468426654637,1.0,0.034384573830129155,0.6611752891687328,0.020183563232421875,0.9640846252441406,262144
NV4125011713520190916,subsetted_512x512_HLS.S30.T11TMF.2019312.v1.4,2,0.01,0.02679390641313633,0.052189453493612085,0.02679390641313633,1.0,0.046071969200820496,0.5879390655861015,0.025844968337529563,0.9645838101777676,262140
NV4127811541520180716,subsetted_512x512_HLS.S30.T11TPF.2018219.v1.4,2,0.01,0.07228130508348153,0.13481780338948302,0.07233014476242855,0.9907447266465778,0.09649780967876014,0.6139864294674199,0.070892333984375,0.9710502624511719,262144
NV4130311596620180903,subsetted_512x512_HLS.S30.T11TNF.2018289.v1.4,5,0.42000000000000004,0.1182171116972409,0.21143856673380684,0.1256902486864597,0.6653600767274092,0.12893861805345283,0.6292830097513221,0.0915043403605838,0.48439187255556615,262075
NV4160011549220180725,subsetted_512x512_HLS.S30.T11TPG.2018219.v1.4,3,0.11,0.019354134140126357,0.03797332740785417,0.019354134140126357,1.0,0.02815023207280391,0.646603082773555,0.018253326416015625,0.9431228637695312,262144
NV4164111779920190723,subsetted_512x512_HLS.S30.T11TMG.2019217.v1.4,5,0.42000000000000004,0.0221816412092745,0.04340058618746642,0.02221824686940966,0.9308600337268128,0.05496140112605161,0.6800146156336843,0.020359039306640625,0.85296630859375,262144
NV4180711406520180726,subsetted_512x512_HLS.S30.T12TTM.2018219.v1.4,5,0.42000000000000004,0.2795210727969349,0.4369151532392089,0.7705123635259482,0.30490499798868437,0.7617225794085674,0.5537670282900827,0.7301979064941406,0.2889518737792969,262144
NV4180711966720200727,subsetted_512x512_HLS.S30.T10TGM.2020215.v1.4,1,0.02,0.03363374414707863,0.06507864964263936,0.03363374414707863,1.0,0.05311908006507448,0.6768105363675392,0.032772064208984375,0.9743804931640625,262144
NV4181211632420180817,subsetted_512x512_HLS.S30.T11TNG.2018289.v1.4,4,0.2,0.809829945277312,0.8949237992116718,0.9099640117146873,0.880372682836465,0.9172110690153047,0.537342944213285,0.9070533873061941,0.8775567096922019,261860
NV4186711864020180724,subsetted_512x512_HLS.S30.T11TLG.2018247.v1.4,5,0.42000000000000004,0.045520665645183186,0.08707750528698104,0.0457531629529992,0.8995783825220391,0.1165644331370864,0.7126423558266786,0.0398101806640625,0.7827301025390625,262144
NV4193711416620190804,subsetted_512x512_HLS.S30.T12TTM.2019244.v1.4,4,0.2,0.11910310986388896,0.21285457758825257,0.11948720191822111,0.9737200259235256,0.16143366163995349,0.6054475872096963,0.1177215576171875,0.9593315124511719,262144
NV4194911609820180721,subsetted_512x512_HLS.S30.T11TNG.2018219.v1.4,1,0.02,0.09232482699804119,0.16904280616191975,0.0924443473954698,0.986189683860233,0.12658916205540305,0.5965356807024245,0.091705322265625,0.9783058166503906,262144
NY4487007364020180712,subsetted_512x512_HLS.S30.T18TXQ.2018266.v1.4,2,0.01,0.011240504620627697,0.022231120231570693,0.01125441308130205,0.900946585530764,0.016368548430307706,0.5669494315012473,0.011347028022325796,0.9083606651706082,260685
OK3434009530020180724,subsetted_512x512_HLS.S30.T15STU.2018237.v1.4,3,0.11,0.023272662565458336,0.045486727862173476,0.02333078491335372,0.903305377405032,0.023261408527411116,0.5073805233847389,0.0231983245018712,0.8981768657655905,262131
OK3434009756220180322,subsetted_512x512_HLS.S30.T14SPD.2018100.v1.4,5,0.42000000000000004,0.022950577912142608,0.04487133280472861,0.02345781361872103,0.5148883374689827,0.0344758259671641,0.6018981318414419,0.0184478759765625,0.4049224853515625,262144
OK3475809868420180702,subsetted_512x512_HLS.S30.T14SND.2018215.v1.4,3,0.11,0.07215225323921155,0.13459329684048785,0.0722307888942946,0.9851543609064837,0.10991289006257787,0.6373278341201991,0.06783986693726825,0.9252666595455724,262132
OK3525609595520200222,subsetted_512x512_HLS.S30.T14SQE.2020065.v1.4,2,0.01,0.02127742931356686,0.04166826506264434,0.02129828978380138,0.9559936630874846,0.046200237752854624,0.6512700152441045,0.021671377835761396,0.9727400693514608,262143
OK3529509619120180124,subsetted_512x512_HLS.S30.T14SQE.2018075.v1.4,2,0.01,0.019880957519019724,0.038986819731162525,0.019880957519019724,1.0,0.02989973836925601,0.6478071907983567,0.019329071044921875,0.9722404479980469,262144
OK3535809587220180315,subsetted_512x512_HLS.S30.T15STV.2018102.v1.4,4,0.2,0.03340302751526303,0.06464666083972678,0.033441763688809065,0.9664851784633999,0.05565874200833433,0.6062231292823765,0.031528472900390625,0.9111900329589844,262144
OK3557109641620180320,subsetted_512x512_HLS.S30.T14SQE.2018100.v1.4,2,0.01,0.020494621881103684,0.04016605563942204,0.020494621881103684,1.0,0.03488395322969844,0.622959805195482,0.019893646240234375,0.9706764221191406,262144
OK3566409983720180413,subsetted_512x512_HLS.S30.T14SME.2018138.v1.4,1,0.02,0.03726591467325834,0.07185411984736279,0.0372829757511964,0.9878693623639191,0.04454925850646822,0.5767049428243941,0.036792755126953125,0.9748802185058594,262144
OK3632609837220200610,subsetted_512x512_HLS.S30.T14SNF.2020183.v1.4,2,0.01,0.0712045389099456,0.1329429372702306,0.07133834445761338,0.9743343982960596,0.0988484107959036,0.5874476601625054,0.07164028793444799,0.9784583223660368,262143
OK3642109646420180203,subsetted_512x512_HLS.S30.T14SQF.2018075.v1.4,4,0.2,0.11794233510378285,0.21099896014374267,0.11936377015240582,0.9082914175445257,0.1578541908525809,0.5501080191364278,0.12058639526367188,0.9175949096679688,262144
OK3648509869620180306,subsetted_512x512_HLS.S30.T14SNF.2018095.v1.4,2,0.01,0.024944981627348862,0.04867574762450693,0.024946844796765375,0.9970149253731343,0.050307605798904906,0.6748768467036674,0.023596423674374048,0.9430445725877646,212956
OK3650509633420180324,subsetted_512x512_HLS.S30.T14SQF.2018100.v1.4,4,0.2,0.5070903026046987,0.6729395069801675,0.5274847053549935,0.9291557914592152,0.5558247123327084,0.5338719753109169,0.5217923725742276,0.919128839177059,262133
OK3661710061020200307,subsetted_512x512_HLS.S30.T14SLF.2020108.v1.4,3,0.11,0.30524671245684404,0.46772262981958906,0.3109928083660476,0.9429246580480608,0.34060887728560535,0.5654572890443922,0.30510711669921875,0.925079345703125,262144
OK3669509679920191116,subsetted_512x512_HLS.S30.T14SPF.2019345.v1.4,5,0.42000000000000004,0.020356932193857254,0.03990159041716521,0.020659028580179026,0.5819607843137254,0.02058708222655603,0.5198271391546301,0.0194549560546875,0.5480422973632812,262144
OK3671910126720190819,subsetted_512x512_HLS.S30.T14SKF.2019246.v1.4,3,0.11,0.021146048870336925,0.04141630649940851,0.02114950595328288,0.9923292797006548,0.04898177470193305,0.6791154584977122,0.020389556884765625,0.9566726684570312,262144
OK3680809902720180218,subsetted_512x512_HLS.S30.T14SMF.2018098.v1.4,1,0.02,0.04564330093868174,0.0873018569481723,0.045652311239557174,0.995694480323775,0.05268440629971238,0.5836016514820739,0.044300079345703125,0.9662017822265625,262144
OK3694010296020180524,subsetted_512x512_HLS.S30.T13SFA.2018159.v1.4,1,0.02,0.022753667843852955,0.044494913211744806,0.022756184862396195,0.995162404975812,0.02916463045526488,0.6212563735362697,0.0220794677734375,0.9655685424804688,262144
OK3698609831720200617,subsetted_512x512_HLS.S30.T14SNG.2020183.v1.4,3,0.11,0.027211788907226492,0.052981846978557505,0.02727226405258475,0.9246511627906977,0.031413202308002194,0.5298326104305489,0.028705596923828125,0.9732475280761719,262144
OR4209412026920200816,subsetted_512x512_HLS.S30.T11TKG.2020265.v1.4,5,0.42000000000000004,0.051774045171932494,0.09845088954152513,0.05182891733650888,0.9799609726808766,0.05189030209662819,0.5354611692227258,0.050829159243590084,0.9610579362384744,262133
OR4209912285420180715,subsetted_512x512_HLS.S30.T10TEM.2018213.v1.4,5,0.42000000000000004,0.024753945125639193,0.048311978194149334,0.02553920511918674,0.44600752922528236,0.029377446881037113,0.5734375758714726,0.019252777099609375,0.3362236022949219,262144
OR4240411760120180724,subsetted_512x512_HLS.S30.T11TMG.2018222.v1.4,4,0.2,0.09163563065439399,0.16788684443995644,0.09175592199406322,0.9858952094540218,0.14326706526133615,0.6435966156463521,0.09006118774414062,0.9676856994628906,262144
OR4241211864020180705,subsetted_512x512_HLS.S30.T11TLH.2018217.v1.4,4,0.2,0.02205735630991244,0.043162658482395616,0.022058060550912733,0.9985546522131888,0.02078195830941704,0.5234412809173613,0.021134262706331116,0.9567348995979336,261897
OR4245011723920190723,subsetted_512x512_HLS.S30.T11TMH.2019227.v1.4,1,0.02,0.042458166857866214,0.08145778546844108,0.04252141323381429,0.9661535691781439,0.0775135594307906,0.6487045557756896,0.042377471923828125,0.9628829956054688,262144
OR4250212055220200721,subsetted_512x512_HLS.S30.T10TFN.2020235.v1.4,3,0.11,0.021738282164541354,0.04255156637272911,0.021738282164541354,1.0,0.028490746333496474,0.6362548008216686,0.021251759535825865,0.9776190857661657,262143
OR4261011964820190915,subsetted_512x512_HLS.S30.T10TGN.2019305.v1.4,5,0.42000000000000004,0.21613721526159235,0.3554487315234425,0.32816853218632386,0.38767567817260057,0.3293143559074937,0.5036980088363974,0.3303260803222656,0.3902244567871094,262144
OR4261111754220180615,subsetted_512x512_HLS.S30.T11TMH.2018182.v1.4,2,0.01,0.03722201281568036,0.07177250840374308,0.03728789559389234,0.9546827794561934,0.05383637353338355,0.6020202867893376,0.03787994384765625,0.9698410034179688,262144
OR4265012082720180815,subsetted_512x512_HLS.S30.T10TFN.2018245.v1.4,5,0.42000000000000004,0.37737524498042396,0.5479628682970666,0.7609238226144831,0.4281389444334203,0.7545253590552382,0.5098395947806212,0.7497367858886719,0.421844482421875,262144
OR4275611811920200817,subsetted_512x512_HLS.S30.T11TMH.2020247.v1.4,5,0.42000000000000004,0.0790447010571031,0.14650866823156763,0.08176084746939728,0.7040882896596716,0.0882940926029401,0.5843353638728348,0.07016754150390625,0.6042518615722656,262144
OR4292012329520190725,subsetted_512x512_HLS.S30.T10TDN.2019213.v1.4,2,0.01,0.22675946403018082,0.36968855049257165,0.23505535552948476,0.8653196981731534,0.2659082149482008,0.552351605509094,0.2313204311611955,0.8515701555609995,261248
OR4302111828620200805,subsetted_512x512_HLS.S30.T11TLH.2020247.v1.4,5,0.42000000000000004,0.05460263762983323,0.10355111144525474,0.06410674113722753,0.26916813236922676,0.059872391290369545,0.5169437176343328,0.058559417724609375,0.24587631225585938,262144
OR4316311929120190721,subsetted_512x512_HLS.S30.T11TLH.2019215.v1.4,1,0.02,0.022019296896300545,0.04308978697989249,0.02205717500214009,0.9276530087433568,0.029779651232111473,0.4823950198112946,0.022251129150390625,0.9358100891113281,262144
OR4327211882920180427,subsetted_512x512_HLS.S30.T11TLH.2018152.v1.4,1,0.02,0.016024530384959424,0.031543589560555044,0.016068362255307972,0.8545337344220025,0.02059954155188387,0.5111721654637462,0.01775360107421875,0.9441566467285156,262144
OR4380511789220200816,subsetted_512x512_HLS.S30.T11TMJ.2020247.v1.4,1,0.02,0.5395685682196661,0.700934767515571,0.5499863808083878,0.9660848883249082,0.5342123891310189,0.49264577938794024,0.5501289367675781,0.9663352966308594,262144
OR4383912111420180907,subsetted_512x512_HLS.S30.T10TFP.2018285.v1.4,3,0.11,0.04246746500821272,0.08147489765136824,0.04355682906284423,0.6293560803079163,0.05034773559494792,0.5758057696840878,0.036670684814453125,0.5298576354980469,262144
OR4393211800020180714,subsetted_512x512_HLS.S30.T11TMJ.2018217.v1.4,3,0.11,0.05708114651477087,0.1079976626259378,0.05724061094343701,0.9534658264663112,0.06845986573559248,0.5547805282578462,0.055088043212890625,0.9176101684570312,262144
OR4403912052820200816,subsetted_512x512_HLS.S30.T10TFP.2020248.v1.4,2,0.01,0.06911070283163306,0.12928633610829512,0.06928321579461826,0.9652242417421641,0.09544377690943082,0.6060452661528013,0.06779098510742188,0.9444351196289062,262144
OR4408012020420180716,subsetted_512x512_HLS.S30.T10TGP.2018215.v1.4,1,0.02,0.02682470864325206,0.05224788304655361,0.02683367419208518,0.9876977152899824,0.03630894623464839,0.6115807973028368,0.0260467529296875,0.9587326049804688,262144
OR4441811785820200817,subsetted_512x512_HLS.S30.T11TMK.2020247.v1.4,2,0.01,0.06667946678369631,0.12502249993571446,0.06668861273420569,0.9979474548440066,0.08036135037595303,0.5779747983081788,0.0650482177734375,0.9734001159667969,262144
OR4453312109120180817,subsetted_512x512_HLS.S30.T10TFQ.2018245.v1.4,3,0.11,0.03304882556537518,0.06398308530535902,0.03306424161942503,0.9860884822659481,0.04407432643697974,0.5733790858312298,0.030437469482421875,0.9077491760253906,262144
OR4453912142620180621,subsetted_512x512_HLS.S30.T10TFQ.2018183.v1.4,1,0.02,0.0420278509240149,0.08066550406833528,0.04214803677128338,0.9364626281847975,0.04732105331279893,0.6300886256454894,0.03608831507743021,0.801825208788777,262107
OR4475511980220200819,subsetted_512x512_HLS.S30.T10TGQ.2020275.v1.4,2,0.01,0.02473184125792624,0.04826987951807229,0.024732232103701537,0.9993614303959132,0.03461690407565467,0.585895174671015,0.02389544597965988,0.9655492061554425,262142
OR4480012022420180817,subsetted_512x512_HLS.S30.T10TGQ.2018245.v1.4,4,0.2,0.7174263989081693,0.8354668349854916,0.754066781699175,0.9365674870828985,0.7750857798039087,0.5379937446080613,0.7493782043457031,0.9307441711425781,262144
OR4494912090120190812,subsetted_512x512_HLS.S30.T10TFQ.2019245.v1.4,3,0.11,0.03703096903096903,0.07141728672880775,0.03703733308820297,0.9953813104189044,0.09099292505122294,0.6686394932522902,0.03551483154296875,0.9544639587402344,262144
OR4504511946220190805,subsetted_512x512_HLS.S30.T10TGR.2019245.v1.4,5,0.42000000000000004,0.03530268321701916,0.06819780106687708,0.0355377588687981,0.8421944503283203,0.02907135789104154,0.4277646384489444,0.03601837158203125,0.8535842895507812,262144
OR4514511998420180817,subsetted_512x512_HLS.S30.T10TGR.2018245.v1.4,5,0.42000000000000004,0.08651601392475312,0.15925400604494874,0.08784029207141593,0.8516027088036118,0.09656898386321042,0.5483299562737376,0.08449554443359375,0.8191757202148438,262144
OR4527212061320180622,subsetted_512x512_HLS.S30.T10TFR.2018188.v1.4,2,0.01,0.27840224257676466,0.4355471749104779,0.27994315153668503,0.9806120614550634,0.317175219311928,0.5472060416575658,0.2758522033691406,0.9662818908691406,262144
OR4531411905220180816,subsetted_512x512_HLS.S30.T11TLL.2018245.v1.4,5,0.42000000000000004,0.04799284174563794,0.09159001824038498,0.06594757726485218,0.14986029972059944,0.06506323680015956,0.5583230840082685,0.060074540037613346,0.13651431863005023,262141
OR4538011911420200908,subsetted_512x512_HLS.S30.T11TLL.2020275.v1.4,3,0.11,0.19307901885931977,0.32366509813225774,0.19505830579562786,0.9500696432716862,0.2336892442963992,0.535058855603661,0.1971893310546875,0.96044921875,262144
OR4542812106020180726,subsetted_512x512_HLS.S30.T10TFR.2018213.v1.4,2,0.01,0.5195858525492266,0.6838519214660755,0.5283970495956809,0.9689044555566009,0.5418304126328498,0.5160889879601034,0.5271415710449219,0.9666023254394531,262144
OR4556212040420200429,subsetted_512x512_HLS.S30.T10TFR.2020173.v1.4,5,0.42000000000000004,0.0183404427447231,0.0360202580097679,0.01839633733073295,0.8578800258009031,0.022267839218769944,0.5550185572278371,0.017742156982421875,0.8273735046386719,262144
OR4572112013020190713,subsetted_512x512_HLS.S30.T10TGR.2019215.v1.4,1,0.02,0.02227495887796487,0.04357919302339864,0.022314278286974534,0.9266933658366707,0.019235683399513186,0.4765531124477355,0.021907806396484375,0.9098129272460938,262144
OR4576612011120180727,subsetted_512x512_HLS.S30.T10TGR.2018215.v1.4,5,0.42000000000000004,0.03268426520337764,0.06329962855963682,0.034781376231308905,0.3515255694026644,0.0363796854237328,0.5488092690166633,0.026630401611328125,0.2691459655761719,262144
OR4597411899820180729,subsetted_512x512_HLS.S30.T11TLL.2018215.v1.4,3,0.11,0.2078760825424939,0.3442010079459963,0.2093038200929418,0.9682280150870478,0.22576403917493723,0.5467027394510473,0.2053116047348203,0.9497602453622641,262143
SC3269708070820210406,subsetted_512x512_HLS.S30.T17SNS.2021128.v1.4,4,0.2,0.023307382679746438,0.04555304315055587,0.02340021875695715,0.8545422410745847,0.02967111546103766,0.5895777736294597,0.02158553334350679,0.7882725469250725,262120
SD4311610262120200616,subsetted_512x512_HLS.S30.T13TFH.2020204.v1.4,2,0.01,0.028937496573706426,0.056247336053096265,0.028937496573706426,1.0,0.05325016463171562,0.6263395689755756,0.02819061279296875,0.9741897583007812,262144
SD4327410271120200806,subsetted_512x512_HLS.S30.T13TFJ.2020264.v1.4,2,0.01,0.023732806025178438,0.04636523492360318,0.02377729455825536,0.926923076923077,0.027278181334460742,0.5367334902622999,0.0247955322265625,0.9666175842285156,262144
SD4334810247820200914,subsetted_512x512_HLS.S30.T13TGJ.2020309.v1.4,4,0.2,0.04140213750199394,0.07951229599221879,0.04141766334484932,0.9910271095838106,0.0857130184862853,0.6596298795695145,0.0399627685546875,0.9562149047851562,262144
TN3638708498220210309,subsetted_512x512_HLS.S30.T16SFF.2021094.v1.4,1,0.02,0.013260262113371182,0.026173457322236377,0.013260262113371182,1.0,0.016240174763646233,0.5654139302238049,0.013088226318359375,0.9870262145996094,262144
TX2691709832320210126,subsetted_512x512_HLS.S30.T14RNQ.2021051.v1.4,3,0.11,0.039298907172364124,0.07562580293533694,0.03931083607871071,0.9923375561912546,0.06550455848348181,0.6716867860899642,0.0373382568359375,0.9425430297851562,262144
TX2708809759120180311,subsetted_512x512_HLS.S30.T14RPQ.2018107.v1.4,3,0.11,0.11430385051009613,0.20515741816340513,0.11541329445868731,0.9224253381545466,0.1723684555375333,0.5450484258233976,0.1139373779296875,0.9106292724609375,262144
TX2846709731320190825,subsetted_512x512_HLS.S30.T14RPS.2019257.v1.4,4,0.2,0.019641488868024304,0.038526264539960414,0.019733489466436806,0.8081705150976909,0.03293788029251474,0.631082613984485,0.017181396484375,0.7036514282226562,262144
TX2932610087120200827,subsetted_512x512_HLS.S30.T14RLT.2020273.v1.4,2,0.01,0.018931154788642095,0.037158849642926074,0.018931750508399906,0.9983405932379175,0.04599067866606528,0.5078028699855668,0.018390655517578125,0.9698066711425781,262144
TX3009510451420190718,subsetted_512x512_HLS.S30.T13REP.2019241.v1.4,2,0.01,0.02333033021269928,0.04559687038270442,0.02333033021269928,1.0,0.04223727670333309,0.6379396778068129,0.0227203369140625,0.9738540649414062,262144
TX3022610256120200301,subsetted_512x512_HLS.S30.T13RGP.2020118.v1.4,5,0.42000000000000004,0.11404636358071653,0.2047425803970204,0.1286700868192581,0.5008640884826606,0.12921424236301884,0.5930635549120636,0.09933090209960938,0.38665771484375,262144
TX3029010150020200419,subsetted_512x512_HLS.S30.T14RKU.2020158.v1.4,2,0.01,0.43731875629991473,0.6085202108204627,0.4422237816519588,0.9752643455556228,0.47917094852077774,0.5339330553913094,0.44133886359907354,0.9733127792637929,262073
TX3034010088120200816,subsetted_512x512_HLS.S30.T14RLU.2020278.v1.4,5,0.42000000000000004,0.05071816323491586,0.09653999523291096,0.05187118390629543,0.6952769787510439,0.05422476317404446,0.5908088151052308,0.041110992431640625,0.5510482788085938,262144
TX3054610425020180430,subsetted_512x512_HLS.S30.T13REP.2018141.v1.4,5,0.42000000000000004,0.3138236954593112,0.47772573526252143,0.3195607897243849,0.9458881299073827,0.3460319008903945,0.5401688674005526,0.3140552652372573,0.9295919808529887,261973
TX3064710027020190914,subsetted_512x512_HLS.S30.T14RLU.2019293.v1.4,4,0.2,0.025713586134091172,0.05013794587825542,0.02571957393674896,0.9910272277227723,0.07083084945774437,0.636537809096629,0.02465839125359538,0.9501377116219454,262142
TX3065009856720180718,subsetted_512x512_HLS.S30.T14RNU.2018215.v1.4,1,0.02,0.01888949373979314,0.03707859165464551,0.018896473928856215,0.9808197052291541,0.03674168713921037,0.5993454958131842,0.018894195556640625,0.9807014465332031,262144
TX3065310092220200611,subsetted_512x512_HLS.S30.T14RLU.2020193.v1.4,2,0.01,0.08519235592901486,0.1570087652452788,0.08521807311575028,0.9964701567800495,0.11977031930253154,0.6107104922557833,0.08321380615234375,0.9730339050292969,262144
TX3068710057220191007,subsetted_512x512_HLS.S30.T14RLV.2019348.v1.4,4,0.2,0.0322328154188168,0.062452607468672074,0.03224218160391636,0.9910681056940827,0.040159107891717616,0.6102835228700734,0.030750274658203125,0.9452095031738281,262144
TX3076510415220180516,subsetted_512x512_HLS.S30.T13REQ.2018156.v1.4,3,0.11,0.03940216293927132,0.07581697314896477,0.039402640304010535,0.9996926229508196,0.09149649775525774,0.7183984610865541,0.0372314453125,0.9446067810058594,262144
TX3086010191020200831,subsetted_512x512_HLS.S30.T14RKV.2020268.v1.4,2,0.01,0.14524725799596838,0.253652225721338,0.146054772500049,0.9633307473493664,0.2007651474854489,0.5750288759569402,0.14751434326171875,0.9729576110839844,262144
TX3086610127820180604,subsetted_512x512_HLS.S30.T14RKV.2018193.v1.4,2,0.01,0.03386959870478945,0.0655200592941713,0.03386959870478945,1.0,0.05318863082064787,0.6426103503490143,0.032881258941344776,0.9708192656175488,262125
TX3095610045720180124,subsetted_512x512_HLS.S30.T14RLV.2018043.v1.4,2,0.01,0.019609540712523268,0.03846480427952789,0.019609695052123302,0.9995987963891675,0.04756659765959045,0.722891526589615,0.019016265869140625,0.9693489074707031,262144
TX3095710045720190723,subsetted_512x512_HLS.S30.T14RLV.2019223.v1.4,3,0.11,0.019896569257671526,0.039016837309597346,0.019897227286444833,0.9983405932379175,0.02937817560109873,0.639064939576283,0.018390655517578125,0.9227485656738281,262144
TX3096410129920180702,subsetted_512x512_HLS.S30.T14RKV.2018213.v1.4,3,0.11,0.02273857713040208,0.04446605934079838,0.022739496681885643,0.9982247470264513,0.02760789394924134,0.5720523737130836,0.021488189697265625,0.9432945251464844,262144
TX3097610133020180413,subsetted_512x512_HLS.S30.T14RKV.2018143.v1.4,2,0.01,0.06931293291249643,0.12964012830876032,0.06935117789778508,0.9921065890387952,0.10300356224505375,0.6258955709396868,0.068142717087369,0.9748188951747342,262141
TX3111910137620200901,subsetted_512x512_HLS.S30.T14RKV.2020278.v1.4,1,0.02,0.01801192765701187,0.0353864766564512,0.01801192765701187,1.0,0.023400169378189152,0.5896952045907102,0.0176849365234375,0.9818458557128906,262144
TX3112609904920200802,subsetted_512x512_HLS.S30.T14RMV.2020280.v1.4,4,0.2,0.17255145995134843,0.2943179311865902,0.17327192679908296,0.9764697811621047,0.22887466363096315,0.5994694427758365,0.16682052612304688,0.9401130676269531,262144
TX3146709888420200712,subsetted_512x512_HLS.S30.T14RNV.2020220.v1.4,3,0.11,0.06456580082810162,0.12129978396427415,0.06456580082810162,1.0,0.09919288452740273,0.6338348259502402,0.062221527099609375,0.9636917114257812,262144
TX3149009984920200712,subsetted_512x512_HLS.S30.T14RMV.2020220.v1.4,1,0.02,0.02034624587523263,0.039881061860094415,0.0203538853861919,0.9818867924528302,0.024579694296365896,0.5212749858000583,0.0202178955078125,0.9753265380859375,262144
TX3157209838720180723,subsetted_512x512_HLS.S30.T14RNV.2018215.v1.4,4,0.2,0.026997118722565362,0.05257486750526786,0.026997893287209713,0.9989384288747346,0.03867580243050202,0.6318764607046974,0.02515641690828628,0.9308026857927667,262120
TX3159210116820200704,subsetted_512x512_HLS.S30.T14SKA.2020223.v1.4,3,0.11,0.09488025227615103,0.17331621805928837,0.09572233742755357,0.91514869101076,0.15620668670137614,0.6244287089119229,0.09004974365234375,0.8609161376953125,262144
TX3165409878420180723,subsetted_512x512_HLS.S30.T14SNA.2018215.v1.4,5,0.42000000000000004,0.027175340786362707,0.0529127593066212,0.029571514785757393,0.25114647963312653,0.03210845089982928,0.5446877182440357,0.02828216552734375,0.24019622802734375,262144
TX3166310307120200827,subsetted_512x512_HLS.S30.T13SFR.2020251.v1.4,5,0.42000000000000004,0.021552647415824314,0.042195862289320235,0.02238584595825829,0.36671294689343975,0.028001991236638907,0.5263454596997179,0.02198028564453125,0.36006927490234375,262144
TX3185709976920200614,subsetted_512x512_HLS.S30.T14SMA.2020185.v1.4,4,0.2,0.017685540444090427,0.03475639525422153,0.01768581940353243,0.9991089329472043,0.02902937204092316,0.6078984868112789,0.017124241349187275,0.9673842139595564,262143
TX3206310086420200619,subsetted_512x512_HLS.S30.T14SLA.2020193.v1.4,2,0.01,0.07911257485498374,0.14662524874314484,0.07942292136243334,0.9529328621908127,0.10101568086978062,0.5683713829383521,0.08096694946289062,0.9714584350585938,262144
TX3217410111820190907,subsetted_512x512_HLS.S30.T14SKA.2019278.v1.4,3,0.11,0.040424358299083016,0.07770744307672683,0.04048884033348149,0.9620965353864377,0.07245269685110373,0.6073498758326648,0.038646697998046875,0.9183235168457031,262144
TX3231910015220200713,subsetted_512x512_HLS.S30.T14SLA.2020223.v1.4,2,0.01,0.053291866739076925,0.10119107233603745,0.053291866739076925,1.0,0.09682315104853072,0.5833153782852425,0.052032470703125,0.9763679504394531,262144
TX3267009971820180413,subsetted_512x512_HLS.S30.T14SMB.2018138.v1.4,4,0.2,0.04304199208966648,0.08253165724120974,0.043110056872684654,0.9646160754378087,0.0781222198099579,0.6172448500769618,0.042476654052734375,0.9504432678222656,262144
TX3268709915020200830,subsetted_512x512_HLS.S30.T14SMB.2020268.v1.4,1,0.02,0.07610449395517219,0.14144443106162236,0.0763388894368281,0.9612193056731584,0.08000940325236951,0.4761904866877091,0.07583963011323501,0.9549328938073934,233585
TX3272009947720180226,subsetted_512x512_HLS.S30.T14SMB.2018073.v1.4,2,0.01,0.06982450630128381,0.13053450522027926,0.07003126501232487,0.9594324863785941,0.09040792770236916,0.5577309455757267,0.07071304321289062,0.9687728881835938,262144
TX3272509755820180122,subsetted_512x512_HLS.S30.T14SPB.2018035.v1.4,1,0.02,0.0370774128297382,0.07150365511976563,0.037354101852045185,0.8334886321282147,0.05887921617334761,0.5370265934681505,0.040939487226437477,0.9134899654005638,262143
TX3300809836120180710,subsetted_512x512_HLS.S30.T14SNB.2018215.v1.4,3,0.11,0.023556214943592734,0.046028180181370684,0.0235890185986269,0.94425618434429,0.05170220177202396,0.6599559699356656,0.02251434326171875,0.9012374877929688,262144
TX3312809957020190729,subsetted_512x512_HLS.S30.T14SMB.2019228.v1.4,4,0.2,0.04476870166789257,0.08570069451051279,0.04476870166789257,1.0,0.07595837460359156,0.6774416460757492,0.04295447436083284,0.9594755434160633,262138
TX3332410108120190809,subsetted_512x512_HLS.S30.T14SKB.2019268.v1.4,2,0.01,0.03422339225272659,0.06618181818181817,0.03422339225272659,1.0,0.04288990858440739,0.5363142832872971,0.0333251953125,0.9737548828125,262144
TX3362710093720190817,subsetted_512x512_HLS.S30.T14SLC.2019258.v1.4,3,0.11,0.030970332472716328,0.06007996835066237,0.030970332472716328,1.0,0.06493005652252644,0.6726950874023906,0.029837934349677242,0.9634360359535473,262116
TX3378209927320180716,subsetted_512x512_HLS.S30.T14SMC.2018213.v1.4,2,0.01,0.07409325205356933,0.13796428180124903,0.07417851069595371,0.98472446692039,0.12487473837336413,0.61148483559227,0.07316970825195312,0.9713325500488281,262144
TX3401610055920180125,subsetted_512x512_HLS.S30.T14SLC.2018038.v1.4,5,0.42000000000000004,0.10312013281530799,0.1869608390740396,0.10439362895645356,0.894215427998961,0.10584905700440247,0.5100911350586721,0.10280990600585938,0.8806495666503906,262144
TX3402609987020190820,subsetted_512x512_HLS.S30.T14SMC.2019258.v1.4,5,0.42000000000000004,0.179569832430594,0.30446664113234667,0.19489270268036693,0.6954897565962801,0.22302927805402872,0.5172755670059814,0.19402313232421875,0.6923866271972656,262144
TX3447710074220200711,subsetted_512x512_HLS.S30.T14SLD.2020218.v1.4,4,0.2,0.018485448139388967,0.03629987678892996,0.018485745543471266,0.9991304347826087,0.025616524899348913,0.6240188527515433,0.017547607421875,0.94842529296875,262144
TX3455510115820180717,subsetted_512x512_HLS.S30.T14SLD.2018218.v1.4,2,0.01,0.04408581527248815,0.08444864325827954,0.04408581527248815,1.0,0.09933563966576556,0.6324259060869726,0.042964935302734375,0.9745750427246094,262144
TX3464410105120180510,subsetted_512x512_HLS.S30.T14SLD.2018163.v1.4,3,0.11,0.06286202715327886,0.11828821718590446,0.06299375719595712,0.967805116905374,0.13355100264373676,0.6542417955189275,0.06232452392578125,0.9575233459472656,262144
TX3481010130620180508,subsetted_512x512_HLS.S30.T14SKD.2018156.v1.4,2,0.01,0.6143064356645159,0.7610778500200203,0.6266336470458952,0.9689703722584325,0.647917160710559,0.5328347972203779,0.6285781860351562,0.9719772338867188,262144
TX3482010022020180413,subsetted_512x512_HLS.S30.T14SMD.2018138.v1.4,1,0.02,0.2285759938891552,0.3720990724645037,0.22948824797611642,0.9829062693770844,0.24282070620796384,0.536631282129634,0.22762680053710938,0.9749336242675781,262144
TX3506710118520180402,subsetted_512x512_HLS.S30.T14SLD.2018138.v1.4,5,0.42000000000000004,0.2105656495069493,0.3478797694164054,0.22856089338390223,0.7278491629483007,0.2327592763855279,0.5132319310403007,0.22740936279296875,0.72418212890625,262144
TX3522410013020180413,subsetted_512x512_HLS.S30.T14SLE.2018138.v1.4,3,0.11,0.19907440608520627,0.33204679388521624,0.21129040442482366,0.7749385840839723,0.22321482242684332,0.5304884748369458,0.2049713134765625,0.7517623901367188,262144
TX3540410187920200820,subsetted_512x512_HLS.S30.T14SKE.2020281.v1.4,1,0.02,0.046321066798167214,0.0885408279887046,0.04652756279280953,0.9125647668393783,0.058068464607230454,0.5457814120259974,0.047119140625,0.9241676330566406,262144
TX3546110085220180323,subsetted_512x512_HLS.S30.T14SLE.2018098.v1.4,1,0.02,0.12530076778913005,0.22269738255898913,0.1261749379048361,0.9476042428675933,0.1685650039971095,0.5802584269165878,0.125152587890625,0.9399261474609375,262144
TX3565810161920180413,subsetted_512x512_HLS.S30.T14SKE.2018156.v1.4,1,0.02,0.025849842155831085,0.050396931585050396,0.025940873174382355,0.8804737416238118,0.02760054758937094,0.569642625183926,0.024478912353515625,0.8308525085449219,262144
TX3568810093120201011,subsetted_512x512_HLS.S30.T14SLE.2020323.v1.4,5,0.42000000000000004,0.16334735857877514,0.28082301880726573,0.18587790030475523,0.574037130049053,0.1907829508332767,0.5602829387300773,0.16253280639648438,0.5019416809082031,262144
TX3570310164720200711,subsetted_512x512_HLS.S30.T14SKE.2020216.v1.4,3,0.11,0.07345454846947236,0.13685637379654983,0.07381594131051519,0.9375132275132275,0.11270200530811406,0.5898115186473645,0.0721707353396034,0.9166179800594931,261879
TX3573210066420190313,subsetted_512x512_HLS.S30.T14SLE.2019098.v1.4,1,0.02,0.04058174316658071,0.07799818406017184,0.04064429219593226,0.9634636105397199,0.054465002289180164,0.6154174712021246,0.038944244384765625,0.9231643676757812,262144
TX3575010162220190313,subsetted_512x512_HLS.S30.T14SKE.2019111.v1.4,2,0.01,0.0456415601514071,0.08729867268244058,0.04566786508219667,0.9875370919881306,0.07201722451335649,0.6368401631627463,0.044994354248046875,0.9729728698730469,262144
TX3582410101520190807,subsetted_512x512_HLS.S30.T14SLE.2019248.v1.4,2,0.01,0.0288994690334842,0.056175496058194004,0.0288994690334842,1.0,0.04794032380577649,0.6536682113694088,0.028133392333984375,0.9734916687011719,262144
UT3715711356620200714,subsetted_512x512_HLS.S30.T12STG.2020241.v1.4,1,0.02,0.20869499281884762,0.34532283836494,0.21536939010356732,0.8707036120363995,0.23126046919400342,0.5510191294666633,0.20499038696289062,0.8287429809570312,262144
UT3732811369420200927,subsetted_512x512_HLS.S30.T12STG.2020291.v1.4,4,0.2,0.043904784230831884,0.08411645371121032,0.043919617164024864,0.9923664122137404,0.0589328661669971,0.5904013699369154,0.042483298550569815,0.9599127060735665,262103
UT3739711342320180627,subsetted_512x512_HLS.S30.T12STG.2018186.v1.4,5,0.42000000000000004,0.19865682971081572,0.331465728616827,0.20896401637787915,0.8010937325021464,0.21883501699282687,0.5288621060884343,0.20438385009765625,0.7835350036621094,262144
UT3783510979920190726,subsetted_512x512_HLS.S30.T12SXG.2019235.v1.4,4,0.2,0.025175114785302703,0.04911378441052971,0.025177220230983673,0.9966892637553209,0.04207301393509464,0.6752861068813967,0.02420179481700803,0.9580751503311865,262088
UT3800311315120190905,subsetted_512x512_HLS.S30.T12SUH.2019298.v1.4,4,0.2,0.30899625370376965,0.4721117464308596,0.31316504823228475,0.9586984804968456,0.33053051657808463,0.5205416207171594,0.31079864501953125,0.9514541625976562,262144
UT3806611313920180720,subsetted_512x512_HLS.S30.T12SUH.2018228.v1.4,5,0.42000000000000004,0.030072073564741942,0.05838829017210873,0.03085226186175977,0.5432098765432098,0.03204670810819026,0.653660459036561,0.02039337158203125,0.35906219482421875,262144
UT3821211280820200822,subsetted_512x512_HLS.S30.T12SUH.2020268.v1.4,5,0.42000000000000004,0.021956320203522842,0.04296919500267925,0.02196228628607905,0.9877788554801163,0.035045294613886176,0.7077265611450858,0.019664764404296875,0.8844451904296875,262144
UT3867511318120200625,subsetted_512x512_HLS.S30.T12SUH.2020188.v1.4,4,0.2,0.21051796081277213,0.3478146836771015,0.40181508628152596,0.3066091226370432,0.40418769370634605,0.4717465274766003,0.42352617516634883,0.32317599168139366,214459
UT3869911350520200824,subsetted_512x512_HLS.S30.T12STH.2020246.v1.4,4,0.2,0.10892306715805092,0.19644837479519486,0.1090238401550166,0.991585409895269,0.14147929168336829,0.5996307772707798,0.10562896728515625,0.9607086181640625,262144
UT3887311238420190908,subsetted_512x512_HLS.S30.T12SUJ.2019298.v1.4,1,0.02,0.07209929089030935,0.1345011446289374,0.0721732843003864,0.9859798194370685,0.10148948744629244,0.6048463412502033,0.0720291329727414,0.9840105270405705,261422
UT3930510987820180721,subsetted_512x512_HLS.S30.T12SWJ.2018238.v1.4,1,0.02,0.15795056956483164,0.27281055636803375,0.15822584260110828,0.9891054907360437,0.16566050267905064,0.5258946479993888,0.15792184209723198,0.9872051149021882,262136
UT3932711339120200719,subsetted_512x512_HLS.S30.T12STJ.2020241.v1.4,3,0.11,0.027619384228715047,0.053754112957775546,0.027619384228715047,1.0,0.05353666464216521,0.6938891959633502,0.026828765869140625,0.97137451171875,262144
UT3942511234720200626,subsetted_512x512_HLS.S30.T12SUJ.2020186.v1.4,2,0.01,0.7515424538412077,0.8581492868677466,0.7684934777248551,0.971487235305759,0.790020473413941,0.5276847438097787,0.771026611328125,0.9746894836425781,262144
UT3952611225620191026,subsetted_512x512_HLS.S30.T12SUJ.2019308.v1.4,1,0.02,0.05846786074890093,0.1104764025759516,0.05848164638291685,0.9959844732967474,0.11660879349453361,0.6491335800439091,0.05700159842522689,0.9707781927494822,262133
UT3979911153620200731,subsetted_512x512_HLS.S30.T12TVK.2020228.v1.4,2,0.01,0.026781164998314663,0.052165282946846074,0.026781164998314663,1.0,0.05014235039714809,0.6831453337050707,0.026065826416015625,0.9732894897460938,262144
UT4009411287320200914,subsetted_512x512_HLS.S30.T12TUK.2020286.v1.4,5,0.42000000000000004,0.20105393059966428,0.33479584134790974,0.24060697687440505,0.5501656450554551,0.2562586200415736,0.51820693749192,0.23835372924804688,0.545013427734375,262144
UT4020111189120200628,subsetted_512x512_HLS.S30.T12TVK.2020188.v1.4,1,0.02,0.222173969178042,0.3635717578365089,0.22338090442773076,0.9762584238756705,0.22486582392882162,0.49789846399850707,0.221893310546875,0.969757080078125,262144
UT4032611166920201017,subsetted_512x512_HLS.S30.T12TVK.2020308.v1.4,2,0.01,0.058773011452050695,0.11102098526566453,0.05881193505024185,0.988864585404653,0.07339351287070595,0.5728321480906893,0.057554313617029396,0.9677189234554714,262135
UT4050711296920180727,subsetted_512x512_HLS.S30.T12TUK.2018231.v1.4,1,0.02,0.21585467226243335,0.35506656706064404,0.2212473608086316,0.8985382485990142,0.23604938528261304,0.5127329972904198,0.2259979248046875,0.9178314208984375,262144
UT4060611070920200821,subsetted_512x512_HLS.S30.T12TWK.2020268.v1.4,2,0.01,0.8073125987916174,0.893384574789544,0.8318604761753796,0.964736106770594,0.8498284489493378,0.544342846102107,0.8300671796378174,0.962656361465363,262133
UT4154311335720200603,subsetted_512x512_HLS.S30.T11TQG.2020186.v1.4,5,0.42000000000000004,0.11611105730059881,0.20806362689645314,0.12142354945958507,0.7263169149618647,0.15372569472196917,0.5839384193184456,0.10703277587890625,0.6402359008789062,262144
UT4177211363120200720,subsetted_512x512_HLS.S30.T11TQG.2020216.v1.4,3,0.11,0.05188037682634781,0.0986431118391566,0.0520733004464024,0.9333483449673496,0.06402049901429983,0.5789023995958003,0.050823211669921875,0.9109420776367188,262144
UT4177911224220190715,subsetted_512x512_HLS.S30.T12TUM.2019231.v1.4,3,0.11,0.045900130650210764,0.08777153631614094,0.0459588542373718,0.9729164852390491,0.06135600380676297,0.6212095643905444,0.04380533842990497,0.9273280765401298,262137
UT4180611268420200603,subsetted_512x512_HLS.S30.T12TUM.2020191.v1.4,2,0.01,0.025815804568348432,0.050332241818425535,0.025815804568348432,1.0,0.046871411292826105,0.6759056356307833,0.025066375732421875,0.9709701538085938,262144
UT4185411239220180803,subsetted_512x512_HLS.S30.T12TUM.2018246.v1.4,1,0.02,0.24793282056882537,0.3973496272913378,0.2496710565075824,0.9726863753213367,0.2808937998261889,0.5446836763771941,0.249298095703125,0.9712333679199219,262144
UT4192311225720180627,subsetted_512x512_HLS.S30.T12TUM.2018196.v1.4,3,0.11,0.07086374565512749,0.13234876228212364,0.07128198937711251,0.9235323688767245,0.09248823680282268,0.5663256435986641,0.06829452514648438,0.88482666015625,262144
UT4194311112320180816,subsetted_512x512_HLS.S30.T12TVM.2018246.v1.4,5,0.42000000000000004,0.12994582516494868,0.23000363782215713,0.1392132065671507,0.6612496647894878,0.16046268240375652,0.6076250685112736,0.11672019080887186,0.5544099511083567,159741
WA4592711962520200907,subsetted_512x512_HLS.S30.T10TGR.2020275.v1.4,1,0.02,0.02415595150269794,0.04717240859120137,0.024156138107910806,0.9996803069053708,0.026989741627841134,0.5593930936161848,0.02386474609375,0.9876213073730469,262144
WA4597011911020180622,subsetted_512x512_HLS.S30.T11TLL.2018190.v1.4,3,0.11,0.02286350063546371,0.044704890967875076,0.022916813597573877,0.9076466480446927,0.045667389528980244,0.5831739043189985,0.0218505859375,0.86541748046875,262144
WA4619311979920180628,subsetted_512x512_HLS.S30.T10TGS.2018190.v1.4,1,0.02,0.02901305823638712,0.05639006814182173,0.02922348771368676,0.8011612750325868,0.03360017557212375,0.4716271207429441,0.032192230224609375,0.8825492858886719,262144
WA4643911718420200817,subsetted_512x512_HLS.S30.T11TMM.2020245.v1.4,1,0.02,0.024844550574312837,0.048484524917247585,0.024844550574312837,1.0,0.04666972433641122,0.6986590664824694,0.024250030517578125,0.9760704040527344,262144
WA4646011897220180817,subsetted_512x512_HLS.S30.T11TLM.2018245.v1.4,2,0.01,0.030350690253099357,0.058913320562038726,0.030350690253099357,1.0,0.03472526487125847,0.5631296312397682,0.029447108506815294,0.9702286261449428,262131
WA4649011720020210722,subsetted_512x512_HLS.S30.T11TMM.2021224.v1.4,4,0.2,0.045599388316009175,0.08722152829383212,0.04585676463131294,0.8904043257202808,0.052491179298065196,0.4979899962000161,0.047267913818359375,0.9178047180175781,262144
WA4656911899620191007,subsetted_512x512_HLS.S30.T11TLM.2019305.v1.4,1,0.02,0.14995620414812114,0.26080333078285806,0.15075446963991856,0.9658931352275918,0.1876476916958965,0.5711710022476494,0.14943006683553575,0.9574076052125614,262136
WA4661012135020180730,subsetted_512x512_HLS.S30.T10TFS.2018213.v1.4,4,0.2,0.10183665156695508,0.1848489091774722,0.10796610723983381,0.6420622568093385,0.1081354307020078,0.5408794718723253,0.09804968868270053,0.5830904346233671,262112
WA4662511872120190802,subsetted_512x512_HLS.S30.T11TLM.2019245.v1.4,4,0.2,0.019609050330921963,0.038463860877966306,0.019685404369727124,0.8348623853211009,0.02421578363013538,0.5007285265797958,0.020374298095703125,0.8640785217285156,262144
WA4663311856920200908,subsetted_512x512_HLS.S30.T11TLM.2020275.v1.4,4,0.2,0.24908895097224926,0.3988330066939856,0.2528684159566228,0.9433925346177002,0.2643092828992297,0.5050057081545063,0.253448486328125,0.945556640625,262144
WA4667012011520200817,subsetted_512x512_HLS.S30.T10TGS.2020245.v1.4,5,0.42000000000000004,0.32722352239561214,0.4930948206900073,0.35744884563374163,0.7946523594790604,0.3437814524123179,0.5125445647393588,0.3476829528808594,0.7729415893554688,262144
WA4671912050220180602,subsetted_512x512_HLS.S30.T10TFS.2018193.v1.4,1,0.02,0.031871542090497314,0.06177424377055281,0.031905170959783166,0.9679876234678091,0.04458488763473976,0.6177032771709241,0.03205563481830181,0.9725526249532689,262138
WA4673711934020180802,subsetted_512x512_HLS.S30.T10TGS.2018245.v1.4,1,0.02,0.03223254268398816,0.062452095533004265,0.03224006742399962,0.992811014987206,0.027683559671379955,0.4790281302912889,0.031315343640775956,0.9643347731192479,262076
WA4675811948720180908,subsetted_512x512_HLS.S30.T10TGS.2018285.v1.4,2,0.01,0.1922338709360882,0.32247678181656564,0.19334107076592688,0.9710716764151879,0.2396133966639496,0.5827926432271032,0.19239425659179688,0.9663162231445312,262144
WA4676511950920200706,subsetted_512x512_HLS.S30.T10TGS.2020215.v1.4,5,0.42000000000000004,0.15038157469361366,0.26144642438951693,0.15376024200172286,0.8725097337084718,0.18801415899827434,0.607212966132454,0.13442363673871685,0.7627845141770004,261762
WA4682812052320190723,subsetted_512x512_HLS.S30.T10TFS.2019213.v1.4,2,0.01,0.10504455935746507,0.19011823273179837,0.10511188264020226,0.9939396192742416,0.11840321422205458,0.5610304827397865,0.10260009765625,0.9701881408691406,262144
WA4686911989820190604,subsetted_512x512_HLS.S30.T10TGS.2019195.v1.4,4,0.2,0.24389543578393252,0.3921478104471439,0.2465024606715759,0.9584391161259991,0.2631310877446874,0.5386142368705175,0.24341583251953125,0.9464378356933594,262144
WA4696612008020180620,subsetted_512x512_HLS.S30.T10TGT.2018188.v1.4,2,0.01,0.12912339043956564,0.22871440186762607,0.1293956456160024,0.9839663714157033,0.16541583525003178,0.5631248610838744,0.12704849243164062,0.9661178588867188,262144
WA4725411999320180703,subsetted_512x512_HLS.S30.T10TGT.2018213.v1.4,3,0.11,0.03294167293059567,0.06378225178414125,0.03413127835164235,0.4858976852752383,0.02984877366186273,0.6530381098826726,0.019622212298520222,0.27934457765105974,261999
WA4729212017020200724,subsetted_512x512_HLS.S30.T10TGT.2020218.v1.4,3,0.11,0.04957013795572584,0.09445798077349045,0.04994401735227842,0.8687963491158015,0.06273509979398524,0.5563042791819308,0.04683409030189688,0.8146979122934239,262010
WA4742412023220180901,subsetted_512x512_HLS.S30.T10TGT.2018285.v1.4,3,0.11,0.053287040957461826,0.10118237267786508,0.05398526686646382,0.804688832054561,0.059027122535541175,0.6050782379962328,0.04479424434057373,0.667690098677176,261864
WA4754012029720180713,subsetted_512x512_HLS.S30.T10TFT.2018213.v1.4,2,0.01,0.05753972141135905,0.1088180807706558,0.05762280897950535,0.9755530459044709,0.09107520117432441,0.597271083391775,0.057423514152742806,0.9721789883268482,262140
WA4770711826020200907,subsetted_512x512_HLS.S30.T11TLN.2020280.v1.4,3,0.11,0.8569129053449249,0.922943561734525,0.9191934593226905,0.9267243886428411,0.9261609015015712,0.5370705340731599,0.9181747436523438,0.9256973266601562,262144
WA4770712016520190723,subsetted_512x512_HLS.S30.T10TGT.2019213.v1.4,2,0.01,0.026513288127855677,0.051656979864742596,0.026517462479187907,0.9940976833407112,0.0375289662754106,0.6402495014195949,0.02589477786735852,0.9707542231375591,261713
WA4774811807520180802,subsetted_512x512_HLS.S30.T11TMN.2018245.v1.4,1,0.02,0.08377290280174185,0.15459493882006883,0.08404670543674035,0.9625678546141138,0.08015149286158993,0.5150287705061477,0.08081436157226562,0.9255485534667969,262144
WA4777911979820200712,subsetted_512x512_HLS.S30.T10UGU.2020215.v1.4,5,0.42000000000000004,0.1716027586571714,0.29293676101250105,0.1891986469147323,0.6485243771397157,0.1925680491386224,0.5918671909403321,0.15265274047851562,0.52325439453125,262144
WA4779011998320180727,subsetted_512x512_HLS.S30.T10UGU.2018213.v1.4,2,0.01,0.030197272151056786,0.058624251815392096,0.03026999043032176,0.9263082093134901,0.02905629397445252,0.46296828463634676,0.031805532757942796,0.9732981635091443,261967
WA4784011934020180811,subsetted_512x512_HLS.S30.T11ULP.2018245.v1.4,4,0.2,0.7146674537583628,0.8335930704136131,0.7892673513471226,0.8831937513982511,0.7891860254193589,0.5257126715774872,0.7843970548964254,0.8777438675466371,262130
WA4792111992220200907,subsetted_512x512_HLS.S30.T10UGU.2020280.v1.4,3,0.11,0.11277603525124129,0.2026931416181673,0.11818562902141873,0.7113051139321613,0.1251398066710471,0.6010223871902984,0.09526443692464988,0.5733529678814907,262123
WA4793911861820190802,subsetted_512x512_HLS.S30.T11ULP.2019245.v1.4,3,0.11,0.6134739128320664,0.76043858900112,0.6805260886763278,0.8616160351480247,0.6787659916204833,0.5195859594034831,0.6702957153320312,0.848663330078125,262144
WA4798411942320180806,subsetted_512x512_HLS.S30.T10UGU.2018245.v1.4,2,0.01,0.03196330880965856,0.06194659933506232,0.03196343442838784,0.9998770592574379,0.041063251319393826,0.5730074392465005,0.031041773205003932,0.9710457421555981,262034
WA4813711903820200723,subsetted_512x512_HLS.S30.T11ULP.2020215.v1.4,1,0.02,0.09505933884765048,0.17361495487118175,0.09523905914740294,0.9805351783927976,0.10220410745951648,0.5337227566560336,0.091522216796875,0.9422683715820312,262144
WA4817811826620200907,subsetted_512x512_HLS.S30.T11ULP.2020280.v1.4,3,0.11,0.2008466379538426,0.3345083903404535,0.20694386099764933,0.8720715630885122,0.22417094358912937,0.5444365330129103,0.20256274295131246,0.8536093171232276,262141
WA4828511853120210713,subsetted_512x512_HLS.S30.T11ULP.2021249.v1.4,2,0.01,0.7223239848536157,0.8387782916638739,0.733627765184085,0.979114287204632,0.7210683911847241,0.47855814698477467,0.7342313186750057,0.9799198017640548,261103
WA4855212019420210716,subsetted_512x512_HLS.S30.T10UGU.2021249.v1.4,2,0.01,0.00953104326946636,0.018882120233963545,0.009576091772930924,0.6695352839931153,0.007490406709598439,0.50007077217973,0.008382386888273315,0.5860745614035088,138624
WA4866711925320200728,subsetted_512x512_HLS.S30.T10UGV.2020218.v1.4,4,0.2,0.04812614063008867,0.09183272654788915,0.048542245140817133,0.8488132654167119,0.059885157716638826,0.6792616532353175,0.035198211669921875,0.615478515625,262144
WY4100410927220200803,subsetted_512x512_HLS.S30.T12TXL.2020250.v1.4,4,0.2,0.13796412459185284,0.2424753498118153,0.13903087388801674,0.9473158765474357,0.1786865357985155,0.5733257076908449,0.13373565673828125,0.9112358093261719,262144
WY4102310619920180610,subsetted_512x512_HLS.S30.T13TDF.2018222.v1.4,2,0.01,0.34523646788184614,0.5132725377649644,0.3480160948683827,0.977388073729254,0.38824618878701456,0.5570772352715072,0.3449974060058594,0.9689102172851562,262144
WY4121410901620180728,subsetted_512x512_HLS.S30.T12TXL.2018220.v1.4,5,0.42000000000000004,0.16733587487497645,0.2866970483416324,0.21185344234316072,0.44330946026381984,0.2166174219611452,0.534144193283629,0.19867324829101562,0.4157295227050781,262144
WY4152710878820180728,subsetted_512x512_HLS.S30.T12TXM.2018220.v1.4,2,0.01,0.05437586977936922,0.10314323636929876,0.05440309131584299,0.9908818920074085,0.07329401277642558,0.5841157643789905,0.05355072021484375,0.9753570556640625,262144
WY4183110664420200905,subsetted_512x512_HLS.S30.T13TCG.2020277.v1.4,5,0.42000000000000004,0.21711141558469801,0.3567650632549496,0.2886956689383935,0.46683709257556155,0.29793963076449587,0.5640309959385558,0.24472427368164062,0.3957328796386719,262144
WY4217810703820200807,subsetted_512x512_HLS.S30.T13TCG.2020247.v1.4,5,0.42000000000000004,0.03955538080961976,0.07610057441829314,0.040805117328443594,0.563608776844071,0.036061994433196555,0.5767454973452821,0.032684326171875,0.4514427185058594,262144
WY4301310696720200814,subsetted_512x512_HLS.S30.T13TCH.2020280.v1.4,3,0.11,0.04071865555528402,0.07825103420205001,0.04072213871678622,0.9979037732082252,0.07467067643863325,0.7011880481264152,0.03821563720703125,0.9364814758300781,262144
WY4326210530420180917,subsetted_512x512_HLS.S30.T13TDH.2018292.v1.4,5,0.42000000000000004,0.08179825690855923,0.15122645352066483,0.08340091837865907,0.8097665986857013,0.11421931399363204,0.6526155184633093,0.0673370361328125,0.6537971496582031,262144
WY4377310790720180728,subsetted_512x512_HLS.S30.T12TYP.2018220.v1.4,3,0.11,0.06423275209402377,0.12071184986110797,0.0643420339867183,0.9742390181663527,0.1016347052367122,0.6282706479014002,0.06278610229492188,0.9506797790527344,262144
WY4381010781320180813,subsetted_512x512_HLS.S30.T12TYP.2018245.v1.4,4,0.2,0.12262805394959402,0.21846604228028674,0.12305174123737109,0.972688740877657,0.15023537324313083,0.5882465339169436,0.11970138549804688,0.9462051391601562,262144
WY4385610791920200714,subsetted_512x512_HLS.S30.T12TYP.2020215.v1.4,4,0.2,0.29515399559845046,0.4557820870746246,0.2983294876252489,0.965191936494139,0.3410802986930837,0.5558148893516932,0.2984199523925781,0.965484619140625,262144
WY4389210640120200614,subsetted_512x512_HLS.S30.T13TCJ.2020200.v1.4,1,0.02,0.1854172470137246,0.31283035147467847,0.1883722501943027,0.9219954929810416,0.22568801269175823,0.5647630371167307,0.18451309204101562,0.903106689453125,262144
WY4391910664520200716,subsetted_512x512_HLS.S30.T13TCJ.2020230.v1.4,5,0.42000000000000004,0.041659464131374245,0.07998672419515433,0.042629620306557724,0.6467127670554237,0.04711407312200009,0.5714144436753386,0.036960601806640625,0.5607109069824219,262144
WY4421310768820180614,subsetted_512x512_HLS.S30.T12TYQ.2018185.v1.4,5,0.42000000000000004,0.019933801007805552,0.0390884212055896,0.025019376840799877,0.08930942895086322,0.035080452776497566,0.5426009684258682,0.0344696044921875,0.12304306030273438,262144
WY4438911082120200822,subsetted_512x512_HLS.S30.T12TWQ.2020283.v1.4,4,0.2,0.05300256402978438,0.10066939215598185,0.05820078335220721,0.3724238798032177,0.0571112198888342,0.5207593009223757,0.05738198963904508,0.3671844600935385,262138
WY4446210893620180812,subsetted_512x512_HLS.S30.T12TXQ.2018248.v1.4,1,0.02,0.028202516146191407,0.05485790144124006,0.028579419766584454,0.6813773035887488,0.02823942619854217,0.46029268459378514,0.031463623046875,0.7501411437988281,262144
WY4446910642920200723,subsetted_512x512_HLS.S30.T13TCK.2020215.v1.4,5,0.42000000000000004,0.027346613026695117,0.053237364449235845,0.028963756490538048,0.3287644409633836,0.024942103753739467,0.6004948309272943,0.019481658935546875,0.22113418579101562,262144
WY4466210575120200903,subsetted_512x512_HLS.S30.T13TDK.2020280.v1.4,5,0.42000000000000004,0.05370994940978078,0.10194446667200129,0.057333857004925784,0.4593850390087196,0.0717487692990188,0.4862681484147904,0.058185577392578125,0.46620941162109375,262144
WY4498410652920200817,subsetted_512x512_HLS.S30.T13TCK.2020245.v1.4,2,0.01,0.42327763346644437,0.5947927846453068,0.42837804433039445,0.9726406941833635,0.48074415008403903,0.5334235476745897,0.4281883239746094,0.9722099304199219,262144
